asset_type,building_key,tier,band,band_alt,legal_kind,n,n_1,n_low,n_mid,n_high,n_top,max_floor,addr1,addr2,addr3,addr4,place
apartment,000360708616c49fc9dcaf3a5c58d26a88b794955cd568145ddc18ded5663019,metro,le15,le20,dong,93,8,17,44,21,3,15.0,경기도,성남시,중원구,도촌동,도촌동
apartment,00051a4c2f907027e3a75f104cacbb014e9e28ebedc0908a63f00c669b61da57,nonurban,le15,le20,myeon,190,12,53,65,48,12,15.0,경상남도,창원시,마산합포구,진동면,진동면
apartment,000a0a26aee0e31653f909cab10a30d3e3cef6f416ccf704ddd2bc7d32928e76,metro,m16_25,le20,dong,98,5,28,45,18,2,20.0,서울특별시,중랑구,면목동,,면목동
apartment,0013cb624d4130123560ea95f642680419c5c8ef4859b67b0c6bedd931d3cfab,other_urban,le15,le20,dong,295,14,55,120,91,15,15.0,전남광주통합특별시,북구,일곡동,,일곡동
apartment,001bcd8066d28c75d038d5666ff50f0e03ca41a6373eb4ca2ba92cba678a3340,metro,m16_25,le20,dong,129,10,31,48,30,10,18.0,서울특별시,서대문구,홍제동,,홍제동
apartment,00205129a8c89c9c1d6b904bf260a2cbc3a22a05fca8e09f5f0533214ef0848a,metro,le15,le20,dong,69,5,7,37,14,6,13.0,인천광역시,미추홀구,학익동,,학익동
apartment,002e95f4bb9d8f4774e309e1cc75351465512b28f5f0b7984b63efd8bfe265c5,metro_city,le15,le20,dong,208,15,49,82,51,11,15.0,대전광역시,서구,둔산동,,둔산동
apartment,003d9e40092963298832634be4b3ac26f6c0bc3b1696c1202b09d2e5c09e8ddd,other_urban,m16_25,le20,dong,97,6,24,43,21,3,19.0,전북특별자치도,전주시,덕진구,송천동1가,송천동1가
apartment,00520ec5728dfa789fa28009b41b56781acc51052ebe8d0309a133083bb0497f,metro,m16_25,m21_30,dong,149,12,52,75,9,1,21.0,경기도,고양시,일산서구,일산동,일산동
apartment,005ba81ea81f2f3ca6ff15d080090619172df3895ec7b8b77faf932909163ca7,metro,m16_25,le20,dong,73,5,22,28,12,6,19.0,경기도,성남시,분당구,대장동,대장동
apartment,006bf058b8c4350b106d312866563efe6a8a7d7e839833388d133a499f3a2f24,metro,m16_25,le20,dong,369,19,80,177,81,12,20.0,인천광역시,영종구,운서동,,운서동
apartment,006ebda8ec8cb38944112a8e1530fd40f141d2e2703ee831dac988d6b760b6a3,other_urban,le15,le20,dong,460,29,93,181,131,26,15.0,전북특별자치도,전주시,덕진구,인후동1가,인후동1가
apartment,007010d81b20bab34f0fe1a4957b22c8c21aece4682d947989a2e3a222a49834,metro,m16_25,le20,dong,77,8,12,27,28,2,17.0,경기도,용인시,처인구,삼가동,삼가동
apartment,0083174a7bd51c6baa8308384706e701f313ebe7ed57cc37de8606ac75d8c62d,nonurban,ge26,m21_30,myeon,702,10,173,336,180,3,29.0,전남광주통합특별시,순천시,해룡면,,해룡면
apartment,00869775d4ec9035bff541f25e6d0ba54360b549f970c4930dedd8a1eb81df09,metro,m16_25,le20,dong,84,7,20,43,12,2,20.0,서울특별시,마포구,상수동,,상수동
apartment,0089e13f3dccae626711b278f9c191fad4c370d5fcd10eab860b42f78f7914d3,other_urban,m16_25,le20,dong,84,5,17,37,20,5,19.0,전남광주통합특별시,북구,연제동,,연제동
apartment,008a54fc62ff57864cb254daa70aaa5dbfc42400c66cfaabdd1ff723c6c98745,metro,m16_25,m21_30,dong,198,11,59,78,48,2,25.0,서울특별시,금천구,가산동,,가산동
apartment,009bf16cc0e75297cb4f4ba3adb6c34c207cbeb50a1c47a846221ad99f92dd40,metro,m16_25,m21_30,dong,311,15,121,157,17,1,25.0,경기도,성남시,분당구,정자동,정자동
apartment,009cb368351d2c83d04e51e3055e0ca68ed99b7b666975eb464fa119a272103c,other_urban,le15,le20,dong,56,5,0,24,10,17,5.0,전북특별자치도,전주시,덕진구,호성동1가,호성동1가
apartment,009f215e7359d61337d35533c6eb8ceddd510a132e7a55328d8817fe20863ba8,metro_city,m16_25,le20,dong,369,20,103,168,76,2,18.0,울산광역시,북구,천곡동,,천곡동
apartment,00b68369e2627982695a094d75b534709b9b92f55351eac26e342acc5da9b3ed,nonurban,le15,le20,eup,65,5,13,27,17,3,15.0,경상북도,포항시,북구,흥해읍,흥해읍
apartment,00bc0d0bcf308d900d1cdcce4e7add43b13da9462066aecd931af1a7a02d2c5c,metro,le15,le20,dong,65,8,19,22,11,5,15.0,경기도,여주시,오학동,,오학동
apartment,00bfbd200f8c2837c096f49ea2c6f24653af91ca931cd817063651fb8be3c7b9,other_urban,le15,le20,dong,116,9,27,42,31,7,15.0,강원특별자치도,동해시,이도동,,이도동
apartment,00c1ba78eeb0ad8cb2bca0ccf66545173a994f651c1f9ccbfcef3a4064344463,metro,m16_25,m21_30,dong,121,6,59,52,3,1,24.0,경기도,안양시,동안구,평촌동,평촌동
apartment,00c9c988ed5eb970c36025329a5f6b58d311e4961562f8a570568051e7ebc02c,metro,m16_25,le20,dong,217,8,59,95,50,5,20.0,경기도,용인시,기흥구,상하동,상하동
apartment,00d1cd6db9b1c8295b6bad427132c145925e6de57758633e81f52842dc0b4ad1,metro_city,m16_25,le20,dong,145,5,54,61,24,1,20.0,부산광역시,북구,금곡동,,금곡동
apartment,00d4996a49b3213ecb8e750b4612206b037f399a2ca2f55217495bc69aef4ed5,metro,le15,le20,dong,57,12,0,22,10,13,5.0,경기도,고양시,일산동구,중산동,중산동
apartment,00d75021707d927a04c1acaf791d2e91143518e767e4c4a655a6377b4a281b19,metro,m16_25,m21_30,dong,65,5,16,23,19,2,21.0,서울특별시,마포구,창전동,,창전동
apartment,00de3798e400fa2b476587e5242d9d69dc516d68f18e30bc3a4e1a3189418852,metro,m16_25,le20,dong,89,7,28,24,26,4,18.0,서울특별시,송파구,풍납동,,풍납동
apartment,00e196024acb1374758e94ace8e141e2d9f167660ea5a9c76fdf4ba8499002fb,nonurban,le15,le20,eup,178,18,41,71,45,3,15.0,강원특별자치도,강릉시,주문진읍,,주문진읍
apartment,00e24f2b20b4873c7fe9f752b3f8176d474b7ce894030ae5ec184e53d3fc55d0,other_urban,le15,le20,dong,106,6,18,60,19,3,15.0,충청북도,청주시,흥덕구,가경동,가경동
apartment,00eef161d1f13554a640873d31630ff6aa9f242db712d46a9688b34af9930bfa,metro,ge26,m21_30,dong,210,5,71,90,41,3,29.0,서울특별시,영등포구,신길동,,신길동
apartment,00f04040233199d5063c215d76ca69fe0dcc916dc1af315d4c55d63d98b328d1,nonurban,m16_25,le20,eup,63,7,12,25,17,2,19.0,경상북도,칠곡군,왜관읍,,왜관읍
apartment,010b64edb339b1558858088763c49642bc73992ac865612e65b50b5d95d497f0,metro,le15,le20,dong,149,5,38,66,35,5,15.0,서울특별시,강서구,내발산동,,내발산동
apartment,0117e632639bce07fd8aece4255be99f85c8646c835755964eb6b841cd4e83b2,other_urban,m16_25,le20,dong,256,20,58,112,53,13,20.0,전북특별자치도,전주시,덕진구,인후동1가,인후동1가
apartment,012b4e3cb48328f09b5540613710bcf18cf77510aa1f83d0c4c7e6f0dbe29f4c,other_urban,le15,le20,dong,58,10,0,17,19,12,5.0,경상북도,포항시,남구,청림동,청림동
apartment,0138503b7f92ff8b44b3339fd4975dba32cbfa949bed59c70b0c67f0538c23cf,other_urban,le15,le20,dong,135,14,33,47,37,4,15.0,전북특별자치도,전주시,완산구,효자동1가,효자동1가
apartment,013af9c529fc9492480a9cbd9230c5c5fcd9c25c18c4ed9c57485db8bf86ebef,other_urban,le15,le20,dong,74,7,10,28,26,3,14.0,전남광주통합특별시,남구,봉선동,,봉선동
apartment,01426d727a5272ef21db544498f18f1417ef5bb9ab3e0eab0f431e98274fc384,other_urban,le15,le20,dong,99,12,0,41,30,16,5.0,충청남도,천안시,서북구,성정동,성정동
apartment,014fd563d28cf9c26bf1159af319c968c49992338106b5c229cec9733de83978,metro,le15,le20,dong,66,7,16,32,10,1,15.0,경기도,부천시,오정구,여월동,여월동
apartment,01541d6bfa61357b452e63964fd88a00c16de3fd62041549c8b7508b5e883ba3,other_urban,le15,le20,dong,57,12,0,20,13,12,5.0,경상남도,창원시,성산구,용호동,용호동
apartment,015acb22e4ecd90663b1a34185d57cf487b0db17394602c6903baaccbfaf0607,metro,m16_25,m21_30,dong,234,11,66,86,64,7,25.0,경기도,하남시,신장동,,신장동
apartment,015e491029d87d4d01dd1d5bb7b91c68de376987521ffa390d2c8232685eefb4,metro,m16_25,m21_30,dong,82,7,25,44,5,1,23.0,경기도,고양시,일산서구,주엽동,주엽동
apartment,0168b323577ead784711e58387c0ea1c11e9b7277598ad265f17800e64165832,other_urban,le15,le20,dong,99,15,0,32,36,16,5.0,충청남도,보령시,동대동,,동대동
apartment,017709e88b2ebeeff3a6f332214703cabfc4bcfa4194fcde6d8e1f39c39c5091,metro_city,le15,le20,dong,122,5,13,61,28,15,13.0,부산광역시,해운대구,재송동,,재송동
apartment,017a4475f49f5590f2bca5a8bb4e6f799a60fb982cf8627984ce4e29a509f8a5,metro_city,m16_25,m21_30,dong,106,8,33,41,23,1,25.0,부산광역시,부산진구,당감동,,당감동
apartment,017b1e87bcb590de90007db64da729666fc7d74bd3b49c537e50b33845291a51,other_urban,le15,le20,dong,349,21,72,116,111,29,15.0,경상남도,김해시,외동,,외동
apartment,01a3e12e0b3bafe410e8568cf80c84f5701234233ca052ed32e25598bb3640a8,other_urban,le15,le20,dong,310,16,69,127,79,19,15.0,충청남도,천안시,서북구,쌍용동,쌍용동
apartment,01a4f51e52d7c855a6bfc81cd4cf01438b40db8a792d24230a66598a5396f4cc,other_urban,le15,le20,dong,176,8,25,74,58,11,15.0,경상북도,구미시,옥계동,,옥계동
apartment,01abbe12539163a4d41d85f3e1875665ea7a9135372cfd278403ae1af3cd18eb,other_urban,le15,le20,dong,66,7,12,26,15,6,15.0,충청북도,청주시,상당구,용암동,용암동
apartment,01ac7dee5ca1c7c45e066e5026134744634f69014d70fd21f1297d101e9d077b,other_urban,m16_25,le20,dong,90,9,27,35,18,1,17.0,전남광주통합특별시,나주시,죽림동,,죽림동
apartment,01b360a6249a5d05450df052fe954935a0f7d12f27293cf20c15631604685910,metro_city,m16_25,le20,dong,87,10,17,34,24,2,20.0,부산광역시,부산진구,연지동,,연지동
apartment,01ba2fe92f4e6ee822d89e96e0eafcd53044b12ae988400967b1f62d78554468,metro_city,m16_25,m21_30,dong,273,11,92,130,38,2,25.0,부산광역시,강서구,지사동,,지사동
apartment,01c22fbe60c537b09102e78a0b3e27ecfa0d640dc8e048d959710cc2ed9a716e,nonurban,le15,le20,eup,125,17,13,60,25,10,13.0,충청북도,청주시,청원구,내수읍,내수읍
apartment,01c752f197249ae52fab23b18c8720088bc242d5f3a28671fe6161c12133c7cb,other_urban,m16_25,m21_30,dong,183,7,43,79,51,3,25.0,경상북도,김천시,율곡동,,율곡동
apartment,01d66ceb8b33e00056ac89962ad456b965256614290fbcca4e79dc305203c81d,metro_city,le15,le20,dong,138,13,32,62,28,3,15.0,대전광역시,서구,둔산동,,둔산동
apartment,01d85a15304de353d15c502874e5c9ea656198511572f1961f7aee35868d6f5d,metro,le15,le20,dong,127,7,27,59,28,6,15.0,경기도,이천시,송정동,,송정동
apartment,01e0f2e26e9caab9eaf02d4890d93b50fd26971bd6b93249b5c9a4d9c75fd797,metro_city,m16_25,le20,dong,152,6,46,61,36,3,20.0,대구광역시,달서구,대곡동,,대곡동
apartment,01e761a35b2c3a97b9b87b9c1ac3b471b21fd61534ea3820daad1ed7fcabfb79,metro_city,ge26,m21_30,dong,213,7,59,106,38,3,29.0,부산광역시,사하구,구평동,,구평동
apartment,02060be7885888ddb2ca35a136259d0b02b988b0ab32a361d07c25f0396e57cf,other_urban,m16_25,le20,dong,65,5,14,19,22,5,18.0,경상북도,상주시,냉림동,,냉림동
apartment,020ad7a45b2ba533ef6688448ec84b7248f6c09a8ea1a3649d61f06cb1dff231,metro,m16_25,m21_30,dong,165,13,54,89,8,1,22.0,경기도,성남시,분당구,금곡동,금곡동
apartment,0210cb605676acb498ef4f217ead5a31b36ae7635fab03bc2162ca88422033a8,metro_city,m16_25,m21_30,dong,197,8,59,97,29,4,25.0,대전광역시,서구,도안동,,도안동
apartment,02195f67e17cae5da4b1f6c40c3803326e58190d26da9d88c291d4c15fa793b0,metro,ge26,m21_30,dong,179,5,51,73,45,5,28.0,경기도,하남시,풍산동,,풍산동
apartment,021c89694e307fd27ab57847b78a63fe6845c44ebdb0e2183d936a36b17d1387,other_urban,m16_25,m21_30,dong,192,11,48,90,41,2,25.0,경상남도,창원시,마산회원구,양덕동,양덕동
apartment,022a9a9f0c84e4ca7837b3e1ff0ab3bf80144f51d07826652123d6e6734ffca9,metro,m16_25,le20,dong,181,6,39,82,48,6,20.0,서울특별시,양천구,신월동,,신월동
apartment,0232f649b72540bdc589e91100777f2fd6c30f466934125735403332c34ceb2a,metro,le15,le20,eup,161,9,31,63,46,12,15.0,경기도,평택시,청북읍,,청북읍
apartment,0250a856e5cd41769a2ba856f4cdc388e4e80055a4c55ba73266789ee5b63243,metro,m16_25,le20,dong,213,6,55,86,56,10,20.0,경기도,고양시,덕양구,향동동,향동동
apartment,0251612caba758f9bc138f39e61374930a91bed4632f7cb67c37037bb1d7224e,metro,m16_25,le20,dong,349,16,104,125,90,14,20.0,경기도,오산시,부산동,,부산동
apartment,0251a087615383af85b83b17521b32d2a7e598bee8a115c787dfc2e35bae4458,metro,m16_25,le20,dong,100,8,25,46,20,1,19.0,경기도,남양주시,평내동,,평내동
apartment,025d16a4eaf00611361c478e95e16c9a1544c1958c820d6a1f78594c1a118292,other_urban,le15,le20,dong,87,10,22,41,9,5,15.0,강원특별자치도,강릉시,교동,,교동
apartment,028af900140ca6b23335733597a188f6a07a55f05e08fbc67200c3b8b9c35dd0,metro,m16_25,le20,eup,225,9,57,82,59,18,19.0,경기도,용인시,처인구,포곡읍,포곡읍
apartment,0291cb981703209de3387d9731651dbbdeba66ce1caf0b80811dc8b085c90c19,metro,m16_25,m21_30,dong,298,14,74,156,51,3,21.0,서울특별시,송파구,장지동,,장지동
apartment,029c65d833d044cda9dadc407563b9f2814ad55ef2c69879e2c430c1003d9c7e,other_urban,m16_25,le20,dong,66,5,19,27,13,2,19.0,충청남도,논산시,내동,,내동
apartment,029e9691b1e1984670560594f87aaf124b01c2841b1b2021707309c8777a91d2,nonurban,m16_25,m21_30,eup,429,8,110,206,99,6,25.0,경상북도,구미시,산동읍,,산동읍
apartment,02a919b7dd3363abdfe666a3a096ec706a81fd71f4cf8bebd2abb73a72730dea,other_urban,le15,le20,dong,1506,92,301,612,395,106,15.0,충청남도,천안시,동남구,신방동,신방동
apartment,02aeac95599f2a9bb9b5c07f05716f6301124322e7c88aee2c3f49ead0afee3d,metro,ge26,m21_30,dong,432,8,99,185,128,12,27.0,경기도,평택시,동삭동,,동삭동
apartment,02b086c3f4e6661320978aa62aecd679c64d9626c331d6579e359b46cd742858,metro,m16_25,le20,dong,209,12,43,81,62,11,18.0,경기도,용인시,수지구,죽전동,죽전동
apartment,02b0b4c9f753d41742f8fa9c1a0ef34278a8171fb11cfa25961ed468db0a2d82,metro_city,m16_25,m21_30,dong,134,9,50,54,20,1,25.0,대전광역시,유성구,관평동,,관평동
apartment,02b8c35e4547100153ae87b4ec1cfdfa2152b162b897ca6e22695abf3a0f6c7d,metro,le15,le20,dong,86,5,17,36,23,5,12.0,인천광역시,남동구,간석동,,간석동
apartment,02b9e4a1db1a5c6e5455d857cadd33019149647333d71709783db67aed3028b1,metro_city,m16_25,m21_30,dong,198,8,60,96,29,5,25.0,대전광역시,중구,태평동,,태평동
apartment,02ba92efa963cc6c61c0e555ebdd1b8380d7cb339f1daf0fd0b736aa88559da3,metro,m16_25,le20,dong,147,5,39,51,45,7,20.0,경기도,용인시,수지구,풍덕천동,풍덕천동
apartment,02c6390269863b267e4b801e3fd7d53062a0c625705288d18346e7dc56aa01ad,other_urban,le15,le20,dong,159,11,32,62,45,9,15.0,전남광주통합특별시,북구,문흥동,,문흥동
apartment,02c885001fa81afa92a7a73033fc7ceb8194c6b482bfb8ca6d28f61b45bf33de,metro,m16_25,m21_30,dong,161,6,48,57,45,5,25.0,경기도,시흥시,능곡동,,능곡동
apartment,02cf579fd122d0a2f51c40755ba8f2d2a470db7c9642ce52bae6d5404fc5cf3c,other_urban,m16_25,le20,dong,236,6,67,79,72,12,20.0,충청북도,청주시,서원구,성화동,성화동
apartment,02d5506edfadb4f2451ab61833c45da9ba03464513cc829fe29b19e38297ef7e,other_urban,le15,le20,dong,197,10,41,89,41,16,15.0,강원특별자치도,춘천시,석사동,,석사동
apartment,02d654a800e2018e69f948bf5c8a67d0ad4c41052dbb01af63939e8c32d58a2d,other_urban,le15,le20,dong,110,10,0,58,17,25,6.0,충청남도,천안시,서북구,불당동,불당동
apartment,02e25b650934c4492ba06b3c13b68f4af949aed02fad9b5cb0625815c53eeaaf,other_urban,le15,le20,dong,251,39,0,88,59,65,5.0,강원특별자치도,동해시,천곡동,,천곡동
apartment,03090d83fa997d573ac436bdfa19ee1af599ee7a565157f4dfd76d3b6245edda,metro,ge26,m21_30,dong,306,5,89,116,84,12,29.0,경기도,의정부시,신곡동,,신곡동
apartment,0330173ddbb199bbeac1c089a23caf455aafc41190fc2f93f83c776ee27cd137,metro,le15,le20,dong,316,20,69,121,85,21,15.0,서울특별시,강남구,수서동,,수서동
apartment,0343501fda666edabae5fd86c1b44273369867686c008b6fb3ed894058cec6a2,metro,le15,le20,dong,219,13,40,95,58,13,15.0,인천광역시,연수구,연수동,,연수동
apartment,034b800ca63c91e57064b3f7cc89e83e9b519d4cdc628c95dd4e0dd71fb2a302,metro,le15,le20,dong,325,18,58,139,86,24,15.0,인천광역시,부평구,갈산동,,갈산동
apartment,035ec386ed0e1580889ce747c31624661da5f7a12f5bb103e8ec002b79783402,other_urban,le15,le20,dong,54,7,11,25,8,3,13.0,전북특별자치도,군산시,나운동,,나운동
apartment,03627e783d1adb71b36a1e8d5a87e00c45b462fd7971b358f8f72d39b255bc23,metro_city,m16_25,m21_30,dong,332,14,70,127,110,11,25.0,부산광역시,연제구,연산동,,연산동
apartment,037dba22ae6bedb8c1efafe8abfea71f6e4a4db0ed045a64cdb106e93893c3d7,metro,le15,le20,dong,291,17,71,121,63,19,15.0,경기도,성남시,수정구,고등동,고등동
apartment,037f5388219478db1b7f05055264a4272c142a13bfbc2746db0a460fe70c2b0d,other_urban,m16_25,m21_30,dong,198,13,47,91,46,1,23.0,경상남도,진주시,망경동,,망경동
apartment,03805caa5f2b05e06f0aaf3a6be10745c39743d044b5417d3895200dc85289f7,other_urban,ge26,m21_30,dong,195,11,44,82,53,5,28.0,경상남도,창원시,성산구,용호동,용호동
apartment,038817d5cc590c19f50a6fdafb875c80a64a6b9e4117da24916d3e518f2778e0,metro,m16_25,m21_30,dong,116,7,24,64,20,1,23.0,경기도,부천시,원미구,상동,상동
apartment,038d1b340f4fc2cf5232fbf8e59f05f8c9bda12a3b53d43d7483776fe9e817c0,metro,m16_25,le20,dong,70,5,16,31,16,2,20.0,서울특별시,성북구,동소문동7가,,동소문동7가
apartment,03908b5007b4a404ebde58693a97a97b9bebd32f69f6dd802ed56f73c21f7d74,other_urban,le15,le20,dong,249,18,48,87,76,20,15.0,경상남도,창원시,성산구,반림동,반림동
apartment,039323568630f9cdd3cd1d7aafcc8d6db7be791b8a08dfb89716e7419d805c76,other_urban,m16_25,le20,dong,81,5,16,36,21,3,17.0,경상남도,거제시,장승포동,,장승포동
apartment,03ac2567030758303e68e7a76d1e2d16f31e649b8f2f20c55f21691dc5da8a85,other_urban,ge26,m21_30,dong,73,8,21,28,14,2,26.0,경상남도,양산시,덕계동,,덕계동
apartment,03b870eb7aa7dc652cf69dd063538e307509ae1d74ea9509ca1c5f041586cc43,metro_city,m16_25,le20,dong,95,5,21,41,25,3,20.0,대구광역시,남구,봉덕동,,봉덕동
apartment,03bd0cdee73edfcc9b258110f5896bc5d5571d879c641e7a85672596ffc8975b,metro,m16_25,le20,eup,85,5,33,27,16,4,20.0,경기도,남양주시,진접읍,,진접읍
apartment,03c737736fc4c4c047f1e892956242e44abd547eb50be8b276316f8f97f21b95,other_urban,le15,le20,dong,210,16,41,85,57,11,15.0,충청북도,청주시,서원구,수곡동,수곡동
apartment,03c8b7b607b4a8cf8495839c71beab77505199ec0f9ed6570341fa37a5b57718,nonurban,m16_25,le20,eup,133,6,28,56,37,6,20.0,경상남도,창원시,마산회원구,내서읍,내서읍
apartment,03cb7892a5b09d0c0f03d8fd80d3a1f50acdbe25169ddfec5950e1a5048479bb,other_urban,m16_25,le20,dong,122,8,28,59,24,3,20.0,경상남도,김해시,삼계동,,삼계동
apartment,03dd19ad13b7453813aa5e3aea5199bb93fc9682a9e5ef2644ad3fddb7ec826f,metro,ge26,m21_30,dong,291,5,79,125,74,8,30.0,경기도,남양주시,다산동,,다산동
apartment,03f59df26c7aa1f5c1b69c962e3cda1f278099a969c631e0bb1e3ec4c46f9551,nonurban,le15,le20,eup,107,8,35,43,16,5,15.0,충청남도,예산군,예산읍,,예산읍
apartment,03fc5ad99e35f0a32beff0242d714338adaf726ca2f08336f6ee9ab4e94d66b3,metro_city,m16_25,m21_30,dong,241,9,50,91,85,6,25.0,부산광역시,동래구,안락동,,안락동
apartment,041212999cf2461626dcaf7850b96e785985524ea008cfba8782b22913001dd0,metro_city,m16_25,le20,dong,138,7,37,60,33,1,20.0,대구광역시,수성구,수성동4가,,수성동4가
apartment,0419462041ee5d31f5a058be4461e28ab832bfe34bb21e99cd566b91b9a0c04a,other_urban,m16_25,m21_30,dong,150,7,37,80,25,1,25.0,전북특별자치도,군산시,미장동,,미장동
apartment,043edc01da710ac2f8540bc6e905de74be279c18d6868c6760be1ef5f61a7d88,metro_city,le15,le20,dong,273,14,45,124,64,26,15.0,대구광역시,달서구,신당동,,신당동
apartment,044f438a7254b4cd8dc0858732fd60b4a8c777a7e8b1e78af8129bd81cce53c6,other_urban,le15,le20,dong,109,9,28,41,19,12,15.0,전남광주통합특별시,목포시,용해동,,용해동
apartment,0455c7215826efd2db711324a41ff6f302780e0e61882dfdb13c211fb6ad0eed,metro_city,le15,le20,dong,71,15,0,28,14,14,5.0,대전광역시,동구,용운동,,용운동
apartment,045ae283e3b54245f9cf73617948b4ffb8cc35e76d936e5a7408934c20701733,metro,m16_25,le20,dong,91,5,26,35,21,4,20.0,경기도,용인시,기흥구,상하동,상하동
apartment,045c0d15562ba6a8baec26e9490dc80e7502bfc72841a45ec3ecd2896ef8d018,metro,le15,le20,dong,73,9,15,29,16,4,15.0,서울특별시,구로구,구로동,,구로동
apartment,045e45dae3202256deb2ad97b8fbfe182c0e7b023287dde6abe61d2735497e6c,metro,ge26,ge31,dong,491,19,149,219,103,1,38.0,인천광역시,연수구,송도동,,송도동
apartment,04732a0ab29b93596b0b2ac09280db5ec77535352065668249e6360a5834dcda,metro,le15,le20,dong,169,15,36,69,43,6,15.0,경기도,성남시,중원구,중앙동,중앙동
apartment,0477f91a2107765d89f068e5397fb58d4678c3680bb1c87420c658b463597763,metro,ge26,m21_30,dong,186,5,55,74,51,1,30.0,경기도,고양시,일산동구,식사동,식사동
apartment,048b8f4a233e056432d422882ad93617c0397b9f8b465b14048b3daea35974e4,other_urban,le15,le20,dong,88,7,19,39,21,2,15.0,충청북도,청주시,상당구,금천동,금천동
apartment,049451ec5b6c12113e72bdbcea84ec794f80720275b549f5f307df5b8a073e53,metro,le15,le20,dong,217,11,35,98,58,15,15.0,경기도,수원시,영통구,매탄동,매탄동
apartment,049588719118c6d6637af65a72b4b2f2ce90100babdf08601ad9f6bc6cfae430,metro,m16_25,le20,dong,171,9,34,87,38,3,19.0,경기도,고양시,일산동구,풍동,풍동
apartment,04a0766c90a4315ad8435c52965003f01e55c08de508939fc63c56dcca2af8d7,metro,m16_25,m21_30,dong,110,7,38,42,22,1,25.0,서울특별시,동대문구,휘경동,,휘경동
apartment,04a5a487c58b3de99fd5ce02691f156f9e4b981cb223a2c352085f676c4d121c,metro,le15,le20,dong,88,6,18,37,20,7,15.0,인천광역시,부평구,부평동,,부평동
apartment,04aefd237f6ebc88acc7ab545f153472243ad5f41967c651010f1a2772cda575,other_urban,m16_25,le20,dong,164,11,40,72,38,3,18.0,강원특별자치도,원주시,무실동,,무실동
apartment,04b14922ddd693648b92372fd86a40a4b6d609600bddcc5334f358f50e82c724,other_urban,le15,le20,dong,147,22,0,58,38,29,5.0,경상남도,창원시,성산구,사파동,사파동
apartment,04b637e0bd55d265e827c0dbbb5d252246e41ade23de4bc03d59f417403b25dc,nonurban,le15,le20,eup,51,5,9,22,12,3,15.0,전남광주통합특별시,보성군,벌교읍,,벌교읍
apartment,04b6a3e63099618b66814aeb722ffc7bcb29449f5cd67e71602cc9e1e849cb0b,nonurban,m16_25,le20,eup,228,12,64,105,44,3,20.0,경상북도,포항시,북구,흥해읍,흥해읍
apartment,04d4cf5bf978bb23c3b91ea9d02813e373b105a5cce10adb82ca30fea5415765,nonurban,le15,le20,eup,261,22,59,110,55,15,15.0,충청남도,태안군,태안읍,,태안읍
apartment,04de920c8af7c1bb66657d8fbc822345663fa7fa596382bbc9055bed494a0a2c,metro_city,le15,le20,eup,87,9,15,28,28,7,15.0,부산광역시,기장군,기장읍,,기장읍
apartment,04e0a0cb7650b42be5aad4b419b689857545b5d81dd9f81268e1382eb9cd8495,metro,m16_25,m21_30,dong,172,7,46,71,45,3,25.0,인천광역시,제물포구,송림동,,송림동
apartment,04e747070ecc82aaeb4136b722db4ab2af5374b4e1435e157fadab52d8811a01,metro,m16_25,m21_30,dong,134,6,27,55,40,6,25.0,인천광역시,계양구,효성동,,효성동
apartment,04eb7a1f4501d346da5430eb08ce1deaa912c444c5b6c9bb5c3c57cd4efe0e7e,metro,m16_25,le20,dong,135,7,42,58,23,5,20.0,경기도,용인시,기흥구,상갈동,상갈동
apartment,04ed79fe1c5d2ca7005c31dd75a40446bfc2f3a4e384f77888f1a4380b549c22,metro,m16_25,le20,dong,124,5,32,56,27,4,18.0,경기도,군포시,산본동,,산본동
apartment,04f42b52c51faf2b0c0f8d7a7b2ca81c03df97ada360acd43ef605351d636c0c,metro,ge26,m21_30,dong,264,16,69,123,53,3,27.0,서울특별시,관악구,봉천동,,봉천동
apartment,04f4fc89a2daca624f86a5f8816151c2e90973fd13b79008c6fa98a394cc17f5,other_urban,le15,le20,dong,85,12,30,26,15,2,14.0,전북특별자치도,전주시,완산구,효자동1가,효자동1가
apartment,04f6351c6b916f2467794eb1618d6d3f5d25042ae827ba6723c529f771c78031,nonurban,m16_25,le20,myeon,123,8,34,44,24,13,20.0,충청북도,진천군,광혜원면,,광혜원면
apartment,04f6ad66437a90e4418ec077038e94ecfb0e4970779db9d4b6cb744a1af415fd,nonurban,m16_25,le20,myeon,106,6,13,62,20,5,16.0,충청남도,당진시,송산면,,송산면
apartment,04f6cf3434aa1eff648dcabcb1e6910027fb6f82bd925c6d27db229636795f01,metro,m16_25,le20,dong,53,8,11,30,3,1,19.0,경기도,고양시,일산동구,마두동,마두동
apartment,050801ca9f45f694579e44dbb7750a65b101768dc99d588b4c10a1399a311aaf,other_urban,le15,le20,dong,60,8,3,25,18,6,15.0,경상남도,김해시,부곡동,,부곡동
apartment,050928b5cf0f9c34e2e393f8132fad22673284b4a82812fd7fc05f482a191081,metro,ge26,ge31,dong,203,6,47,93,53,4,32.0,경기도,고양시,일산동구,식사동,식사동
apartment,050bcf7e6dd4b038dff5db685cbd8d4ded04bb7033d28ff5b88b21bf6ecf00c2,other_urban,le15,le20,dong,135,9,27,57,33,9,15.0,전남광주통합특별시,여수시,신월동,,신월동
apartment,050d4902d15c06b8898e19014021084cec6ed8b4dbb8ffcfc09d0a6248031279,metro,le15,le20,dong,62,15,0,22,16,9,5.0,경기도,평택시,이충동,,이충동
apartment,050fdb92d0d8ba2754bb009d02c56082970faf99a07c05245011666f9131de9b,metro,ge26,m21_30,dong,219,7,72,102,35,3,27.0,서울특별시,구로구,신도림동,,신도림동
apartment,051f4669e7fa038b96cc5fd6a0abc48d9409b2dea8b0f0336b7799a5d1b66bbf,metro,le15,le20,dong,95,6,18,42,19,10,15.0,경기도,안산시,단원구,고잔동,고잔동
apartment,051ff1b1bb7633bf39ad198b16dc0b9c38562231cb6eec81bd2b92d41c94f4d7,metro,m16_25,m21_30,dong,217,9,66,88,48,6,25.0,경기도,수원시,영통구,망포동,망포동
apartment,052887b33e75f4c4a3b4bb8801405ca62554467d52c0f4166508d4daf8199900,other_urban,le15,le20,dong,79,7,12,34,21,5,15.0,경상남도,김해시,삼계동,,삼계동
apartment,052ef9b702c73480e99dcb453a308ef17bdc2b2e6e1dc9b410365c4cbc246157,metro,le15,le20,eup,233,8,44,101,68,12,15.0,경기도,화성시,만세구,향남읍,향남읍
apartment,052fd47dc387ab5cdd0053c0f54960fbc852c867d57ca15e77ac2df93935ff0e,metro,m16_25,le20,dong,307,10,73,124,85,15,20.0,경기도,화성시,동탄구,여울동,여울동
apartment,05300ffbd76260c7525248c3bed9314a984f652e68215e8c13867fd16b0bc288,metro,m16_25,le20,dong,203,7,41,87,58,10,20.0,경기도,평택시,고덕동,,고덕동
apartment,054208b38f9eca63c45269e87b53a16065d091c4345c0201c2140d3e9d1b9c36,other_urban,m16_25,le20,dong,97,6,31,54,3,3,20.0,강원특별자치도,원주시,단구동,,단구동
apartment,056e1ebd2781cc04c80e8db5e72c15f71b7c531c8d95dd2c357e2abe8bea042e,other_urban,ge26,ge31,dong,490,8,131,206,128,17,35.0,경상북도,경산시,중산동,,중산동
apartment,057110738a24752ec9cdb318dda370a2934744aa234c515e8c8f9c6c8b1422fb,metro,le15,le20,dong,72,17,0,29,14,12,5.0,경기도,안산시,단원구,선부동,선부동
apartment,05721a3b4ca9800f07ab33acf45ff63eb921e166100f003ee5516a5f75615979,other_urban,le15,le20,dong,129,13,8,50,40,18,9.0,전남광주통합특별시,목포시,연산동,,연산동
apartment,05779c0798fc13eb40934ae5f98c374ae7060e0df5dc750be189963376d889f2,other_urban,le15,le20,dong,345,19,53,149,97,27,15.0,전북특별자치도,전주시,덕진구,인후동1가,인후동1가
apartment,057f6347ee814262acf8714d45f1a88ca23ebdc0095124f3d202437684a12728,metro_city,m16_25,m21_30,dong,291,7,77,132,72,3,21.0,대전광역시,유성구,지족동,,지족동
apartment,05804e70d9dd7717af86b61cd8a862d8587a2dda62b4e0f8057f1281b9865653,other_urban,m16_25,le20,dong,428,13,87,194,109,25,20.0,강원특별자치도,속초시,조양동,,조양동
apartment,0593941ba9fce7aa9db7a70f51219f86ad7ccffa2903ef695f6c413a52146fdf,metro,le15,le20,dong,141,16,29,59,30,7,10.0,경기도,시흥시,정왕동,,정왕동
apartment,059e6fc8c16fa95f0a8bf3f71a80334f9f9d09682a369ff15dd1d04979a2997d,nonurban,le15,le20,myeon,233,14,42,96,64,17,15.0,충청남도,아산시,음봉면,,음봉면
apartment,059ff0298330edd7945f0013bb03b58841186be6122ebbbe6541c2f4b56aff60,other_urban,m16_25,m21_30,dong,238,9,62,113,50,4,25.0,충청북도,청주시,흥덕구,송절동,송절동
apartment,05a144d9b4e35e98e2e5dfe4c057ee45efa40674d675bad4c3ce63b7aff132db,metro,m16_25,m21_30,dong,276,17,76,132,49,2,23.0,서울특별시,성북구,길음동,,길음동
apartment,05a74fa874f85fd4b512e8865f308effdbf0619a27d1b1c526398a26b18ea46c,metro,le15,le20,dong,112,5,30,46,24,7,15.0,서울특별시,송파구,거여동,,거여동
apartment,05b327c947b9dea49f91f75e36b38429a16c265b5398dfce1cd192a61c9f6934,metro_city,ge26,m21_30,dong,240,7,65,94,67,7,30.0,대구광역시,서구,내당동,,내당동
apartment,05be202b0937913768aae1aa3ff8eb445302ed70e82115b86fc975b4f13c9d5e,nonurban,le15,le20,eup,202,11,58,81,37,15,15.0,충청북도,증평군,증평읍,,증평읍
apartment,05c588229183f5737c0f488381754c48b54553c7e64291379d04c79436bb4734,metro_city,le15,le20,dong,171,7,26,84,38,16,15.0,대구광역시,북구,구암동,,구암동
apartment,05cbd533ead26998f4698a3bf1ad63ea3354cfd41690c8d5ea59ed335e732845,metro_city,m16_25,le20,dong,153,5,42,67,35,4,20.0,대전광역시,대덕구,송촌동,,송촌동
apartment,05d0c863d40b5f72fa1e50a48afd46d900402b7d3358b3910257252dcb550f1b,metro_city,m16_25,m21_30,dong,249,9,50,116,70,4,25.0,부산광역시,해운대구,좌동,,좌동
apartment,05fd2046e5bee093f23534dac943b9825ce856a43a05a5e690bdb322e620efb7,other_urban,le15,le20,dong,51,6,0,20,13,12,5.0,강원특별자치도,원주시,우산동,,우산동
apartment,060a85f708268ae7cc270c20cfab6f6af4151114b58a0ceab4b62234d1d7f5b9,other_urban,le15,le20,dong,205,10,41,88,50,16,15.0,경상북도,구미시,구평동,,구평동
apartment,0618fdc419e113296c87790d9f0d77070146a30bbc9127e00ab5bb518618ce9f,other_urban,ge26,m21_30,dong,186,9,59,85,32,1,27.0,경상남도,진주시,초전동,,초전동
apartment,0633f67f584152feab5cbf9ae0824ee1bfde152b330a3353e2837f5724b8da11,metro,le15,le20,dong,118,7,21,48,35,7,15.0,경기도,이천시,송정동,,송정동
apartment,064b9e7ceb3ea81c6ae3931e9491a3b1447ff812f41d5e10ae438a951998bf34,metro_city,le15,le20,dong,163,6,36,64,47,10,15.0,대전광역시,서구,둔산동,,둔산동
apartment,065f504aff9c0015b1687c8728c67a0e1884f57073f818840413d0c8d943b581,other_urban,m16_25,m21_30,dong,204,7,55,96,45,1,25.0,충청북도,청주시,서원구,분평동,분평동
apartment,0666c6d292962b8f9eb785f91f65543ebc84f98586b7364a7ce1c15ffdac2d3e,metro,le15,le20,dong,54,8,10,21,10,5,15.0,경기도,파주시,동패동,,동패동
apartment,0681413a10deddccbd53f94b156d4ee3a8aa789b88f19b1fe225cf24c34c242e,metro,le15,le20,dong,67,7,11,29,14,6,12.0,경기도,광주시,송정동,,송정동
apartment,068f49d57069e68afea59f0584c8605fe39bc0bc62c5f865b933cf6031f80c7b,metro,m16_25,m21_30,dong,139,6,40,69,21,3,23.0,서울특별시,마포구,아현동,,아현동
apartment,06acc698d016fc9f118c85b8ef0007da67e313e56ca75409e08369221af30352,other_urban,le15,le20,dong,64,8,7,33,15,1,12.0,충청북도,청주시,상당구,금천동,금천동
apartment,06c048fbd6394b5904b90726c82419ad200585c90d33523a432a7e69da924585,metro,le15,le20,dong,62,9,0,18,17,18,5.0,경기도,구리시,교문동,,교문동
apartment,06d1242475086c4658be2a2e2dae06afa32717ecbc48845bf51128b781c8455c,metro,m16_25,le20,dong,133,5,29,62,36,1,19.0,경기도,용인시,수지구,죽전동,죽전동
apartment,06e531e6ec34dbaeca915f83d4d2f151cbbb539375e865b31b9128c856ba4828,metro,m16_25,le20,dong,128,5,30,54,33,6,20.0,서울특별시,성북구,정릉동,,정릉동
apartment,06e5da3ca2422bb2c989aa722790dbfd1f80f4ea6b6a01565ebcf9e495326cf7,other_urban,le15,le20,dong,53,6,12,18,13,4,15.0,전남광주통합특별시,서구,금호동,,금호동
apartment,0702ece6341b2abbe7feebf4cc11f8ce30663de19dee8837a865e27afb2207d2,metro_city,ge26,ge31,dong,620,14,194,273,134,5,38.0,부산광역시,금정구,장전동,,장전동
apartment,072af2c9c86dc0359f3f356b2c1e06445affb269d1837c0442a0b42082db17d5,other_urban,le15,le20,dong,207,19,39,90,39,20,10.0,충청남도,서산시,동문동,,동문동
apartment,072ea4b52eb5147034542f6923b17aec720fcde61d90200fe039ca45a4058f35,other_urban,ge26,m21_30,dong,362,18,104,148,87,5,30.0,전남광주통합특별시,서구,화정동,,화정동
apartment,073b33cd6eddc0ea5a3b86284edca0d5782d7545cfe6adc320ae8877ace4e87c,other_urban,m16_25,m21_30,dong,486,9,128,256,83,10,25.0,경상남도,김해시,관동동,,관동동
apartment,074ab0b4d2dbf3602e49908ceb6e9d1aaae435a0ba954d9e095920a9d86a6d9a,other_urban,m16_25,le20,dong,72,5,10,36,18,3,18.0,전남광주통합특별시,순천시,연향동,,연향동
apartment,0763d0872536b5a512df6e7df5a218284dc0e56ff8ea2dbf1b75c944968af292,nonurban,le15,le20,eup,86,12,12,39,16,7,10.0,충청북도,보은군,보은읍,,보은읍
apartment,076bdbef02505857dd0926e67f53af8c291e13b9a6e6f5f4e23842e9170c54d5,metro,ge26,ge31,dong,210,6,52,97,53,2,38.0,경기도,안산시,단원구,원곡동,원곡동
apartment,076fe55078fb38123b39ca9df178568aad742edf46efeba27c0490d2d8eaf4a9,metro_city,m16_25,m21_30,dong,401,10,90,176,110,15,23.0,대전광역시,서구,관저동,,관저동
apartment,0781fe25a07928a7326fe9583d049e4d6763e34051c3e3842b21dc019ee79fe5,metro,le15,le20,dong,80,6,15,32,21,6,11.0,경기도,수원시,권선구,권선동,권선동
apartment,07820c54ba53377e1911b5fdffc8132e6a026d428849a40f37d2b564bdd61337,metro,m16_25,le20,dong,75,6,11,29,28,1,18.0,인천광역시,계양구,작전동,,작전동
apartment,07832038c0e1590a645e83e55405b1b3318aa504c8e249cdda9a0f9c371eaddb,metro,m16_25,le20,dong,136,9,44,60,19,4,18.0,경기도,화성시,동탄구,청계동,청계동
apartment,0791d6c43fb144a2b6620648cd7da7e351b83db91b2f9fa71b08ae037ba57fe2,other_urban,le15,le20,dong,232,15,46,88,68,15,15.0,충청남도,천안시,서북구,쌍용동,쌍용동
apartment,079c03132a576f9c5c4620057c89b135ad9e161f267bb94a0a9a60322d617bee,other_urban,le15,le20,dong,117,10,23,47,24,13,15.0,전북특별자치도,전주시,덕진구,인후동1가,인후동1가
apartment,079e8b1802c556248596695c3d0397806309385ab796acd96f84635e151df4e6,metro_city,le15,le20,dong,97,8,20,41,21,7,11.0,대구광역시,동구,효목동,,효목동
apartment,079f5a6cdfcd44a9eb54e093fffa1ad2c50c8e859125b1a3bacb8705ef7353e3,metro,le15,le20,dong,103,12,14,49,21,7,13.0,경기도,수원시,권선구,권선동,권선동
apartment,07a0b7a297801286e7e7b86bb1eaf867c3d64026867a7b84b3e2089459b29b71,metro,m16_25,le20,dong,97,6,28,43,15,5,20.0,인천광역시,남동구,만수동,,만수동
apartment,07b1fb7917ffcd7eb55fa2d92a996fad9e7f73af93aadbb5553245b4eaff50ba,other_urban,le15,le20,dong,80,13,0,34,15,18,5.0,충청북도,제천시,고암동,,고암동
apartment,07b466f467655d0975d528ec74b42310f0179c2a7898099514208ef77f01e4d9,nonurban,m16_25,le20,eup,79,5,11,36,17,10,18.0,강원특별자치도,정선군,정선읍,,정선읍
apartment,07becb5a55596418bbcda9d58793bfec8211c6f656a2644cde58e7b10b06368b,other_urban,m16_25,m21_30,dong,313,15,60,149,78,11,23.0,충청남도,천안시,서북구,두정동,두정동
apartment,07c706a0f86ee56ec4c5b7411880ff1f69cd85b81442177b19d03a9a025ca4c6,metro,m16_25,le20,dong,120,9,34,47,29,1,19.0,경기도,의왕시,오전동,,오전동
apartment,07cbaa9e44f00fcc9a2627a19bdb2bea02845aba4815321916bb14c7b32c7920,metro,m16_25,le20,dong,69,6,14,26,21,2,18.0,경기도,수원시,영통구,영통동,영통동
apartment,07cd8dc2edd288935256c7d1d23b1aaa2e4e7a7d1b9cba45141ee4928eff37a3,metro,m16_25,le20,dong,87,7,24,23,28,5,17.0,경기도,안성시,봉산동,,봉산동
apartment,07d76b1d5a5f98853d26fedb9ba0b53d2cc79c8de452785fa5d59ae20a6f9418,other_urban,le15,le20,dong,170,18,27,65,44,16,12.0,충청남도,논산시,내동,,내동
apartment,07dda34d2815983f7c9a076401fa8ba2fc0abaad2200c81332c6e89f30a1e442,other_urban,le15,le20,dong,144,7,31,66,34,6,15.0,전남광주통합특별시,순천시,조례동,,조례동
apartment,07e5a23586434998164036dd6c9c2adc85a12941fc216cc3933b6989a5f33872,metro,m16_25,le20,dong,142,5,35,63,35,4,20.0,경기도,화성시,만세구,새솔동,새솔동
apartment,07fde6e44792f8535d247fdfd7b708d65984c3530e5a8248e9f96427aaf1e454,metro,m16_25,le20,dong,56,6,11,19,18,2,17.0,경기도,평택시,비전동,,비전동
apartment,0801ecd14388498e68dc3eb08df5ee45f3f21f609ba7799a64077abc3cec3562,other_urban,le15,le20,dong,123,24,0,44,30,25,5.0,전북특별자치도,전주시,완산구,삼천동1가,삼천동1가
apartment,08053504c5642215b3b9b5134e2ea4137d78ef51dfb12bc54c1fdc808382d1b2,nonurban,le15,le20,eup,111,16,17,29,31,18,7.0,충청북도,음성군,금왕읍,,금왕읍
apartment,080eec320d093a6683d757495cbcd72ec364cb98962b697dfe56edbaa3089b6f,metro,le15,le20,dong,222,12,51,84,65,10,15.0,경기도,수원시,권선구,서둔동,서둔동
apartment,084535b97e9fb1acfb1eabe58934c9966016b96fd0c08502347ce3c698b85e02,metro_city,ge26,m21_30,dong,289,7,67,141,68,6,29.0,대구광역시,달서구,월성동,,월성동
apartment,08453844e8132d1e23b904f8b505565473490dc89db2af963621b92e8f1bcd26,metro,m16_25,m21_30,dong,78,5,23,34,14,2,22.0,서울특별시,성북구,정릉동,,정릉동
apartment,084792f958fc42f35f345681375879a8384122f4f94dc8db56883b955884b576,other_urban,le15,le20,dong,164,13,28,68,49,6,15.0,강원특별자치도,원주시,태장동,,태장동
apartment,08494ded7c3bca9eec605ccaad96fad9282a1eba88ecc1babc0dbf85ab9d3a4b,other_urban,m16_25,m21_30,dong,148,8,50,55,30,5,25.0,경상북도,김천시,율곡동,,율곡동
apartment,084a9420cc7fbdb573e9866f4819443b7a45df13ce3cf41c450f8132375246bd,metro_city,le15,le20,dong,71,5,14,32,17,3,15.0,대전광역시,동구,자양동,,자양동
apartment,08586c2089ac5ce5a46a6986d5acd6b4feaff4e8b20edce0f56478a60bb40d60,metro,le15,le20,dong,208,14,43,80,58,13,15.0,경기도,양주시,삼숭동,,삼숭동
apartment,08744f96b2f2f4c60807c8a6ea6ec511e9e7ce8e6d2fffc4801517417d5cd00b,metro,m16_25,m21_30,dong,146,5,26,80,34,1,22.0,서울특별시,성북구,정릉동,,정릉동
apartment,08782bfbe5fe5bff9c767334d00995715bd501d73d03b3153991fedaf2136106,nonurban,m16_25,m21_30,myeon,231,6,55,119,49,2,22.0,충청남도,아산시,둔포면,,둔포면
apartment,0879466fef369c9122774b8a058eae90e5f229281b09df8e9101d1236dd13c29,other_urban,m16_25,le20,dong,218,11,58,105,38,6,20.0,경상남도,김해시,대청동,,대청동
apartment,087e1d4d2a43af90da3a820f3f667997a065c6c2626ba52740bed7094b950962,nonurban,le15,le20,eup,382,36,72,159,79,36,12.0,충청남도,천안시,서북구,직산읍,직산읍
apartment,0886f8fb1737828970c6d1a986f5106066a62f0741e657eddf6e63cec275eae3,metro,m16_25,m21_30,dong,244,17,68,114,43,2,25.0,서울특별시,강북구,미아동,,미아동
apartment,088cb8d83394149b72531b8e02ff04edbf802a1c8edd7a53b4097b7720381fff,other_urban,le15,le20,dong,119,29,0,37,19,34,5.0,충청남도,보령시,동대동,,동대동
apartment,08a94f3840a40d7367dc26ae43ff45019ecb5506be3f7aae81181a16f3efc95c,nonurban,m16_25,le20,myeon,158,8,46,57,43,4,20.0,충청북도,음성군,맹동면,,맹동면
apartment,08af8082e8d27b3e4ea4ec82fef7f1d62401b5c141c0a8676f195af7013b4258,metro,le15,le20,dong,65,7,13,28,14,3,15.0,경기도,의왕시,포일동,,포일동
apartment,08b30bd53c5d0954acb8d8600d94a7c97f50a374da325e242a2e0f46eea4609c,metro,m16_25,le20,dong,99,5,29,40,20,5,17.0,서울특별시,동작구,상도동,,상도동
apartment,08b5bc149c4aef0c993df5e25ae6f29e803fb1c769bea7e3bb095a9be4c648ab,metro_city,m16_25,m21_30,dong,94,7,25,47,14,1,25.0,울산광역시,남구,달동,,달동
apartment,08bf784132b76602b729a0821ed3d64611605d627d4ed7d5e5294f3895ec4a21,nonurban,le15,le20,eup,113,12,20,39,32,10,15.0,강원특별자치도,영월군,영월읍,,영월읍
apartment,08c5660d99e5a577864f3025dddf17c4aac065655c07e287f82c2c3a681b75c2,other_urban,le15,le20,dong,216,17,42,94,49,14,15.0,충청남도,천안시,서북구,백석동,백석동
apartment,08d044551ee68ee248269d66d8a43b64f7d56f0af673f643b081378a4482ead9,metro,m16_25,le20,dong,190,8,57,74,46,5,19.0,인천광역시,부평구,산곡동,,산곡동
apartment,08e0f0832f0d1c51a22d51cebbbf0c0280c6c8b1bdf244eda18b9e4504dfdeaa,other_urban,m16_25,m21_30,dong,68,6,21,31,9,1,25.0,충청북도,청주시,상당구,용정동,용정동
apartment,08ee482c45c372f0681df1c2c935da8ef3812647bae3895b88c70208c86a8af4,other_urban,m16_25,le20,dong,158,14,40,77,24,3,19.0,전북특별자치도,전주시,완산구,삼천동1가,삼천동1가
apartment,08f1e1fed2f7229da174675e9909167235f661cd9bea47812577220e0df0db81,other_urban,le15,le20,dong,93,5,22,40,20,6,15.0,전남광주통합특별시,여수시,봉계동,,봉계동
apartment,08f506a86caee9b065c1b6cc6614e3c60420f55d51d7852cc712f72b2792f3e8,other_urban,ge26,m21_30,dong,273,6,87,118,60,2,27.0,경상남도,진주시,이현동,,이현동
apartment,08f7f3e6254417b5c962cbd9bf4a167227822c07c9a34dd4b44983ef31202522,metro,le15,le20,dong,298,19,60,120,77,22,15.0,경기도,수원시,권선구,구운동,구운동
apartment,091470e82a6f1e7a588f960c57696b8641248a416dd61a491ac0900b9a792a97,other_urban,m16_25,le20,dong,97,6,24,38,26,3,18.0,충청남도,천안시,서북구,성정동,성정동
apartment,091b543b6140561b37e77cd13951b700847f02fce8d2577c25b9bb80999211b1,other_urban,le15,le20,dong,140,13,24,58,37,8,12.0,제주특별자치도,서귀포시,강정동,,강정동
apartment,091ba9d9efbafd81d202210ecb1b1ad9fa28c3eee01e0301d98eebbf6cae8bd8,metro,le15,le20,dong,157,11,30,62,45,9,15.0,경기도,파주시,동패동,,동패동
apartment,093048212519ce9668608d30aa94071fe7c2221730ad6bdb92c7fdc8a62b12d0,other_urban,m16_25,le20,dong,93,8,26,45,13,1,20.0,전남광주통합특별시,남구,봉선동,,봉선동
apartment,093d338979764beedc68985c64f463978cb49ea39b28bd55feeedeb1f625312d,metro_city,le15,le20,dong,79,20,0,23,19,17,5.0,울산광역시,동구,서부동,,서부동
apartment,095c4ea46d4cf65ecc69a22cd38358fe7a9bd6a1fbd66863c7c895ef23df3d0a,other_urban,le15,le20,dong,192,22,23,89,47,11,15.0,강원특별자치도,춘천시,우두동,,우두동
apartment,0969fbe333c32b45b885894ebd5b5feea27cca73b00e9480e776f0149bffe3ec,metro,m16_25,m21_30,dong,274,10,50,132,77,5,22.0,서울특별시,용산구,이촌동,,이촌동
apartment,096cfabb556f0167f80a92d0b536daa89b5068b22af0f434f5dc1d927da5820d,nonurban,le15,le20,eup,131,11,30,43,39,8,15.0,경상남도,김해시,진영읍,,진영읍
apartment,0976530437c5d3218951352409dc69b737fa1a4fe979852763b903e9c6952f15,metro,m16_25,le20,dong,186,8,43,90,41,4,19.0,인천광역시,부평구,산곡동,,산곡동
apartment,09767b7a66cb0317e3de043c03e624cf74ec607488d7bc8674eedc556957a992,nonurban,m16_25,le20,eup,443,21,104,185,115,18,20.0,경상북도,칠곡군,석적읍,,석적읍
apartment,097880ec826050c8a4770fdae824e1968360f62674febf1adab7291159978396,metro,le15,le20,dong,252,10,52,106,71,13,15.0,서울특별시,노원구,중계동,,중계동
apartment,09832a661f959522a3b4513a314384c3b3f6a00a2f83bcace7653a4cd2a52101,metro,ge26,m21_30,dong,192,5,60,86,39,2,29.0,인천광역시,영종구,중산동,,중산동
apartment,099607cef4ef92f58869518414cc668a8a30b54f1852631413f4815aded9f13e,other_urban,le15,le20,dong,129,7,22,50,46,4,15.0,전북특별자치도,군산시,지곡동,,지곡동
apartment,0997b547f3a75d941c0428a0a52ba57f74e23c1f3c6205ca90ff24c4540a4d6f,other_urban,m16_25,le20,dong,71,5,22,24,19,1,17.0,충청남도,당진시,채운동,,채운동
apartment,099e6919cbb989bf77fb19c53e0e61bb4005388f2f3072e554a4fd54ffd3e4bf,metro_city,ge26,ge31,dong,137,5,59,47,25,1,34.0,대구광역시,서구,평리동,,평리동
apartment,09a4f960c7d9c3eda35192c4cc1f94bd3ecc115f9fae3d74c082c6740ae266b0,metro,m16_25,m21_30,dong,223,10,66,95,50,2,24.0,서울특별시,도봉구,창동,,창동
apartment,09a6bff80cbb0ba68009aa059ae1788c0fcdec1fc6b12a301675c94c9c9003c4,other_urban,le15,le20,dong,85,7,16,35,26,1,15.0,충청남도,보령시,동대동,,동대동
apartment,09affeed677a55b71423e6979e8e585f42dcca646e0f918c1df1146ce95bf22c,metro,le15,le20,dong,121,9,39,61,8,4,15.0,경기도,성남시,분당구,야탑동,야탑동
apartment,09b063f3c5e6a928f973f8fd850b204ca25d2e0aa53ed255c0b3f356e82ccf9d,metro,m16_25,le20,dong,174,12,29,70,54,9,19.0,경기도,군포시,당동,,당동
apartment,09b8a2eaab4daa3086446ed0c71c75be507fbe5491b8ce7377a6e9ea51ae2e36,metro,m16_25,le20,dong,311,17,75,134,80,5,18.0,경기도,동두천시,송내동,,송내동
apartment,09bb3d2149813df6501ba6491072af85909a23f95d3b1f1fcf1e205927ed7f44,metro_city,le15,le20,eup,125,8,25,60,23,9,15.0,부산광역시,기장군,정관읍,,정관읍
apartment,09dac4c64acc92a7aa7b231d7e2136b4ef2acddb01892498c36077787c640bff,metro_city,m16_25,m21_30,dong,81,6,22,31,21,1,22.0,부산광역시,해운대구,좌동,,좌동
apartment,09df1607d371d37b050c1397ac1b7af89a28b1991435fc03a35d1a7b3b9a1a4f,metro_city,le15,le20,dong,160,9,35,68,45,3,15.0,대구광역시,동구,신암동,,신암동
apartment,09ea3ff941eb59a70bc58165fac119df9397560a5b6edd3e160659aebef9adf1,other_urban,le15,le20,dong,64,8,12,23,17,4,15.0,경상남도,거제시,장평동,,장평동
apartment,09fbf23a7b45d92f1e3496929b976f818c45011dfe05820dfb8358bdfe07715b,metro,ge26,ge31,dong,205,14,57,90,43,1,36.0,경기도,수원시,영통구,하동,하동
apartment,0a040ad513b1804dfdb37d8917629ec6ec2041d4ac660a200887927355007b39,other_urban,le15,le20,dong,241,19,51,81,71,19,15.0,전북특별자치도,익산시,모현동1가,,모현동1가
apartment,0a056baf6bb73912753fee969b147a3ac064e780e779c3d68f7c2d0edafcdff6,metro,ge26,ge31,dong,375,12,132,163,67,1,34.0,경기도,광명시,철산동,,철산동
apartment,0a12d5c570ebd95e8cba3b580c491cbabbb37fafaf565f5a0ceb8d9a1f8ceb1c,metro,m16_25,m21_30,dong,98,5,18,54,18,3,25.0,서울특별시,노원구,중계동,,중계동
apartment,0a186b2325aa146d8e9a00b9f864e627cc7e4321e055d6600400076f06a0aef4,metro,m16_25,le20,dong,171,8,48,58,46,11,20.0,경기도,파주시,와동동,,와동동
apartment,0a1f011becb5674867b5f0b29865587734b1f811fbdeb1c30332f337773a3959,metro_city,m16_25,m21_30,dong,145,6,45,67,26,1,24.0,부산광역시,해운대구,좌동,,좌동
apartment,0a20374c4e64c119d2124123a85497eaff53752bd76c057edeac738d207808c5,metro_city,le15,le20,dong,78,10,19,43,5,1,15.0,대구광역시,동구,율하동,,율하동
apartment,0a27b0641e31adce65eee41657a47c20935b5b66ce425e24b672d88521aeb547,metro,m16_25,m21_30,dong,168,15,58,75,18,2,24.0,경기도,화성시,동탄구,청계동,청계동
apartment,0a34fb2fbeabaeb04bbf373df080051e4610306e2655699ba0fdc4aabdfda470,metro,m16_25,m21_30,dong,87,5,31,40,10,1,25.0,경기도,용인시,기흥구,동백동,동백동
apartment,0a3999219c6a62e1b781a728fb400f38a21872d48e31f19036b425f1f26109ba,metro,m16_25,m21_30,dong,233,10,47,114,54,8,23.0,서울특별시,동대문구,이문동,,이문동
apartment,0a49afbd7001001e2c3ddc4187e0a65c88b9fdadd73254df451ca82f374965ab,other_urban,le15,le20,dong,157,15,36,60,36,10,15.0,전남광주통합특별시,순천시,연향동,,연향동
apartment,0a4a2bf4bc131208757c3baae6d122510cb522201c38c4d280ff4bbb06c7f5b2,other_urban,le15,le20,dong,122,8,29,44,32,9,15.0,경상남도,진주시,평거동,,평거동
apartment,0a4ba692682d9048a03500084c8079fd5a4ef8e50615aa9fc0251a8548f481c6,other_urban,m16_25,le20,dong,143,9,35,61,30,8,20.0,전남광주통합특별시,서구,치평동,,치평동
apartment,0a552cae2d771396e3a8d37ab9888e2a4260035e07770ebaf3bad806a27fce80,metro,m16_25,le20,dong,227,9,56,99,52,11,20.0,경기도,구리시,인창동,,인창동
apartment,0a595ca412a5ab5b1828ba7156d149ad776d98b2aa3c2d1e3ee399cf9a8213e4,metro,m16_25,m21_30,dong,144,8,37,79,18,2,23.0,경기도,평택시,용이동,,용이동
apartment,0a63e6134490a36db7d7dbc529dd7cff751e5ef113a366b4a09e3ee2e6bf8729,metro,le15,le20,dong,65,6,15,23,18,3,15.0,서울특별시,강서구,염창동,,염창동
apartment,0a780b90e242eed00fa882c30009f8a73ca6d228dfc24e31832fbbf246e524b6,other_urban,le15,le20,dong,96,7,19,43,23,4,15.0,강원특별자치도,강릉시,홍제동,,홍제동
apartment,0a8322c18c6ae00923c73bc2d3125070c669ec14caa1fee22f95999376fc5660,other_urban,m16_25,m21_30,dong,152,8,40,77,26,1,22.0,경상남도,창원시,진해구,안골동,안골동
apartment,0a88a56c6fbe1cf075468e829667cf98b73c5f35a5ff8899bf18d2ee064cd74d,metro_city,ge26,ge31,dong,383,9,119,179,74,2,34.0,대구광역시,중구,남산동,,남산동
apartment,0a9bd9bd711c902d1a8adf31b026659996922ab1e4314dcd4826d9b38cbb7cc7,metro_city,m16_25,le20,dong,177,11,51,73,41,1,20.0,대구광역시,달서구,도원동,,도원동
apartment,0aa250b173350d1fe5a6f6637df8c7585db07fbd8efc847f7983b75e896285f7,metro,m16_25,le20,dong,54,5,12,20,10,7,18.0,경기도,의왕시,오전동,,오전동
apartment,0aa40e6dd1e264f6770af19ccec8c56f552b0ac3d3e2800217acb331a1f5738c,other_urban,le15,le20,dong,128,10,27,48,34,9,15.0,전남광주통합특별시,순천시,조례동,,조례동
apartment,0aa6649180b3bbf80e9cacd42135887648686b3e5346b0af55b3cb09172239e3,other_urban,le15,le20,dong,182,7,46,77,47,5,15.0,강원특별자치도,원주시,단구동,,단구동
apartment,0ab7a2adb75ac65743d6ba9f583aa76cead2dd420f0b81eeef38c4c77e49eadc,nonurban,le15,le20,eup,160,11,33,67,38,11,15.0,경상남도,사천시,사천읍,,사천읍
apartment,0ac2e41d003c21232d5970c2339cdb904a30211f24058664a9f2be493b4489ff,metro_city,le15,le20,dong,97,7,19,39,24,8,15.0,대전광역시,동구,대성동,,대성동
apartment,0ac3179df7b669df7da53586fd9847c9547c0527c86c1f6c47042ae855bf10b7,other_urban,le15,le20,dong,95,7,21,34,27,6,15.0,충청북도,청주시,상당구,용암동,용암동
apartment,0acbb5e705dadb914a0057f6186f01a7d0537b2eb488e9055a1e1a30bffbc1b3,metro,le15,le20,dong,136,12,22,54,36,12,15.0,경기도,용인시,기흥구,서천동,서천동
apartment,0acc3e75987a149f10dad59f268da792fd0e0a950d165cbffa2a0c33b19a7693,metro,m16_25,m21_30,dong,149,6,66,59,16,2,25.0,경기도,성남시,분당구,구미동,구미동
apartment,0ad148c77c74f43a5dadaf34f6717935af1b5ea494ad2fd760c48d9f63393afc,metro,le15,le20,dong,59,8,11,24,15,1,15.0,경기도,안양시,만안구,석수동,석수동
apartment,0adeeaae89029d2d4bff48c53607a4d5f02c51b5c2d99dd7a09e7337f4e3de41,nonurban,le15,le20,myeon,73,12,12,26,11,12,10.0,충청남도,예산군,덕산면,,덕산면
apartment,0ae3fd539515668b7c52b96a6bcbab3f8abcfe50e0ab1348b05edc3112c284f3,nonurban,m16_25,le20,eup,532,25,116,206,163,22,18.0,충청북도,증평군,증평읍,,증평읍
apartment,0af3d7f04178eea471990558b6360f5861ff37975b9f4450d9b9c07664a58d2e,metro_city,ge26,m21_30,dong,100,7,23,43,25,2,29.0,부산광역시,동래구,명륜동,,명륜동
apartment,0afd3d25177713b12736509ec65b5e44c028c5bf10513dacd32f67a52d515316,other_urban,m16_25,le20,dong,165,17,40,64,41,3,18.0,전남광주통합특별시,북구,일곡동,,일곡동
apartment,0afdea005bc4a1c3d46015bd9e81415b1ef32bf599cd0864fb9ad80cd3ffea3d,metro,m16_25,le20,dong,104,7,22,46,27,2,20.0,경기도,남양주시,평내동,,평내동
apartment,0b08314e3ef2a2d2586535f24d92eeb170fc74934f7700b0a76e837d5d8605c0,other_urban,le15,le20,dong,67,14,17,19,16,1,7.0,전북특별자치도,전주시,완산구,평화동1가,평화동1가
apartment,0b16409c45305a475a0c81858c7d5835b5c1fa8c453621a7a0633515b045511b,other_urban,le15,le20,dong,225,10,54,89,70,2,15.0,경상남도,양산시,중부동,,중부동
apartment,0b1b380b8db0d63773d5b61a1d3be12a99f5fa5fea2d33c240ff6d587c34f7e3,metro,ge26,ge31,dong,487,11,157,208,102,9,31.0,경기도,수원시,영통구,이의동,이의동
apartment,0b1d34d93544696067ab43450cc43e1dc63596c3d089c0fac65cb1554dc75d8a,metro,ge26,m21_30,dong,784,10,201,370,182,21,29.0,경기도,파주시,목동동,,목동동
apartment,0b1d7ba752afc17079fca50ae1de0e7eae259ddf9ef71295b5c7fbfb80e0986d,metro,m16_25,m21_30,dong,167,7,51,68,39,2,24.0,서울특별시,금천구,독산동,,독산동
apartment,0b25c83f74eea6057226054751b1b4d8fef19fb79a82073e124b6bae44d88fee,other_urban,le15,le20,dong,183,18,40,88,30,7,15.0,충청북도,청주시,흥덕구,복대동,복대동
apartment,0b27e42e6e3ea508ca4bcd762c648010d43c0869aea313647d706e767c5cff53,other_urban,le15,le20,dong,302,22,83,127,69,1,14.0,전북특별자치도,전주시,덕진구,반월동,반월동
apartment,0b2b9004fa07aeeff64ac4c67fb771a69d18078b54d24074cc7251c0d7534ab6,metro,ge26,m21_30,dong,285,14,87,146,37,1,30.0,서울특별시,강동구,암사동,,암사동
apartment,0b342c6319ef4a7074ee024905287cc275c6ac454be09f3a9a3dd940801acddf,other_urban,m16_25,m21_30,dong,135,11,37,55,29,3,25.0,충청북도,청주시,서원구,사창동,사창동
apartment,0b3da4e375ebfbac3a9c09cc9516aec2f33bb882d573d6e96b8d53144cea2619,other_urban,le15,le20,dong,168,5,43,62,45,13,15.0,경상북도,김천시,부곡동,,부곡동
apartment,0b412fa9f23a85d1c6941d98b3b526d61495190f8c19818b1ad991d769d99893,metro,le15,le20,dong,98,9,26,32,27,4,15.0,인천광역시,계양구,박촌동,,박촌동
apartment,0b595f3a40b0d48e9d8f32ab8a68a2cd4bdb9950cbb21858c7df5544c8f4fbb8,metro,le15,le20,dong,61,6,13,22,14,6,15.0,경기도,광주시,양벌동,,양벌동
apartment,0b5c4bfbc8e9aaa43e6a3eca54f35a440ff04230fa804e05448dba2dd9256ce2,metro,m16_25,le20,dong,230,6,60,93,61,10,20.0,경기도,수원시,영통구,영통동,영통동
apartment,0b8ad18425c1ca62d32b186b5448edbab1e9bf6353eb25a61bfdecc89e668814,metro,le15,le20,dong,55,5,3,22,21,4,12.0,서울특별시,서초구,방배동,,방배동
apartment,0b8b58f993d66a4a4f548137f992edf2f2048ad891c03cf26cc962811c4020c9,other_urban,m16_25,le20,dong,92,6,22,40,22,2,20.0,충청남도,당진시,읍내동,,읍내동
apartment,0b8d07923b9ed2bcc8679c29946cd02cb14cb96d785ffa4ac5439c03bf21bb7d,other_urban,le15,le20,dong,69,5,18,31,11,4,13.0,경상북도,포항시,북구,득량동,득량동
apartment,0b8e4d15a187be4dd6b9a27386b170724873767809e995be1f757a32676c8d17,nonurban,m16_25,m21_30,myeon,333,8,85,142,94,4,25.0,경상남도,창원시,의창구,북면,북면
apartment,0b9625b3a0fc67420836f51e6fa2469bd891d1b69984bde9b410b9d86589dbd1,other_urban,m16_25,le20,dong,71,5,18,31,15,2,17.0,전남광주통합특별시,나주시,빛가람동,,빛가람동
apartment,0ba036de51096b3d522f0e874657e74d4d1cc6a25e5460a553d2c4dc430c4379,metro_city,m16_25,le20,dong,176,12,56,56,47,5,20.0,대구광역시,달서구,도원동,,도원동
apartment,0bb7981ef79520c221f43dfdfdac2e015dba84f1a0db525a8b512ec335c2ebc6,sejong,m16_25,le20,dong,104,5,25,54,19,1,19.0,세종특별자치시,,아름동,,아름동
apartment,0bba81d7dd912f1fafc495caa2d077addf3f9b895f25904e5084c3d05114de62,metro,le15,le20,dong,271,25,56,108,68,14,15.0,서울특별시,관악구,봉천동,,봉천동
apartment,0bbcccc87793db89d4b530304f20da6e1f06c2ee862e05eb69ee66bbaa196b17,other_urban,le15,le20,dong,84,7,12,43,19,3,15.0,전북특별자치도,익산시,송학동,,송학동
apartment,0bbeeedbc125b9dfa5319c1873cfe7ea6b0f7d53a92de35e70dafc7a55667211,other_urban,le15,le20,dong,73,6,13,28,19,7,15.0,충청북도,청주시,청원구,율량동,율량동
apartment,0bc56f24882a6781786fdd1fa3d1c44bf1e47e7f53202ff1d62863f85081ca5e,metro,le15,le20,dong,310,16,69,118,83,24,15.0,서울특별시,노원구,중계동,,중계동
apartment,0bd199b38dcf4054fbb40245e97697f14a1a8bde556eef2b0b6f89577fee95d9,nonurban,m16_25,le20,eup,236,6,55,104,62,9,20.0,전남광주통합특별시,무안군,일로읍,,일로읍
apartment,0be36d331ebb1bd9d0b5a164de8f94b48f731a23f3917ad0e8b61b2a38ddaabb,metro,m16_25,m21_30,dong,84,5,19,35,24,1,21.0,경기도,구리시,토평동,,토평동
apartment,0be93b012da923b80cf72241ca57aab20a89734d4b0dadd66ae6029be5dcf9ea,other_urban,m16_25,le20,dong,503,23,122,246,97,15,20.0,전북특별자치도,군산시,미룡동,,미룡동
apartment,0be9867a9ad01ccc54cf5d029087685bf731f05096273788ae4502da165b4df0,metro,ge26,m21_30,dong,261,5,91,124,39,2,29.0,경기도,화성시,동탄구,청계동,청계동
apartment,0beede2ca2371c6c2641b0bdf542c96185bdb07e324f38db2c85a57a41598b27,other_urban,le15,le20,dong,248,25,52,109,45,17,15.0,충청북도,충주시,연수동,,연수동
apartment,0c042328036659b00bcdd5314590ce5d51e2f3aa3d369ef283ecda0b3b054750,other_urban,le15,le20,dong,67,5,16,28,16,2,15.0,충청남도,천안시,서북구,두정동,두정동
apartment,0c0854cdef4fa76988b25ae70882d02ba3b7b216b508c3f30d837820620d750b,metro_city,m16_25,m21_30,dong,108,8,26,64,9,1,25.0,울산광역시,남구,삼산동,,삼산동
apartment,0c0880e0940333bf485d49116bf966f69cf75ac2a51b47c9fd7f46ae0676da8d,metro,le15,le20,dong,179,7,41,68,53,10,15.0,경기도,오산시,원동,,원동
apartment,0c0c5f21376874132e2ccd1d2ae5b43ae8e544a9363ea48afaa9273d2a3a67f0,nonurban,le15,le20,eup,135,32,0,49,26,28,5.0,전남광주통합특별시,광양시,광양읍,,광양읍
apartment,0c11722842e241739b68bf88c43c9605837d4e320538688dc646eb88e35ca309,metro_city,m16_25,le20,eup,428,12,113,177,109,17,20.0,부산광역시,기장군,정관읍,,정관읍
apartment,0c1ad0b150b37fb57d34828b4a3c5825da9f232517ae219d0466a204b1cbf8b1,metro_city,m16_25,le20,eup,90,5,16,38,29,2,18.0,대구광역시,달성군,옥포읍,,옥포읍
apartment,0c1f2e1a3b90116f415f882bf95ca77e313b9002c72c1c7edb026aad120d8e80,other_urban,le15,le20,dong,118,10,29,38,29,12,14.0,충청북도,충주시,연수동,,연수동
apartment,0c207253d19105a9a5117595130bcbc01ed685f61e4d0a5643a71cf498b583a0,other_urban,le15,le20,dong,357,20,65,141,102,29,15.0,경상북도,영천시,망정동,,망정동
apartment,0c2997663cdb2e6be69dbb9995134da4cfd14baa31814987f26f40bbde414eff,metro,m16_25,m21_30,dong,127,8,35,64,16,4,21.0,경기도,성남시,중원구,하대원동,하대원동
apartment,0c3a7e4b8b58d2951858003897e2c83ba10760b6487d43e115fca14c47885017,other_urban,m16_25,le20,dong,57,5,18,23,9,2,20.0,강원특별자치도,동해시,동회동,,동회동
apartment,0c3dbc09f372b5e4d8305af3964b7f87326db403f75f307c7a3005fd67d410a2,metro,m16_25,m21_30,dong,76,5,21,23,24,3,21.0,서울특별시,도봉구,창동,,창동
apartment,0c3fb85b394ceb25fe1bfbf1b8e569d3c2d0c9130e3db734e20e4b7a1b073cab,nonurban,m16_25,m21_30,eup,81,7,22,35,16,1,23.0,충청남도,홍성군,홍북읍,,홍북읍
apartment,0c56802f35be2e4eeaca14fc38239334415bbe504d4887b6a099ab68ff6f5647,other_urban,le15,le20,dong,136,5,21,56,41,13,15.0,강원특별자치도,강릉시,입암동,,입암동
apartment,0c7381842f76f7c286d3b0b17841c73331855b91671d584f0e002b930a41a528,metro,m16_25,m21_30,dong,207,9,46,92,53,7,23.0,서울특별시,서대문구,현저동,,현저동
apartment,0c75a51bba24ae0c65aff9fe73608269b004fef495231b7a1b364df0603124be,metro,m16_25,m21_30,dong,65,5,12,33,14,1,23.0,서울특별시,관악구,신림동,,신림동
apartment,0c7d4e174a81e7fd57d1c7bf8a7e0adba6627df6b48921d5953156f54967d1fb,metro,ge26,m21_30,dong,1017,23,328,434,226,6,28.0,경기도,성남시,수정구,신흥동,신흥동
apartment,0c80aa60cba8d08bf8d6262e6d9c0333be994a5d58316ed4ba0307435780a756,metro_city,m16_25,m21_30,dong,357,18,107,172,54,6,23.0,대구광역시,서구,평리동,,평리동
apartment,0c86a1585e7881df4511d061dc85d60263f1819b981f24f17b01d7e9ef1642c4,metro_city,le15,le20,dong,84,18,0,36,18,12,5.0,대구광역시,수성구,지산동,,지산동
apartment,0c8ab8c06fb24ee7825f6be2398ece20a80e1e3187d6ddd26a175f5ad103c6ae,metro,m16_25,m21_30,dong,256,10,80,120,40,6,25.0,서울특별시,송파구,장지동,,장지동
apartment,0c924b18a646f3194aa03c1118a437515d9fb3d0a3e84de133e80fa875ac7546,metro_city,le15,le20,eup,129,8,32,59,28,2,15.0,부산광역시,기장군,정관읍,,정관읍
apartment,0c93211b457582bfcd525d06a75a27e2de4d235e1542c2a70b2d023c89b59dee,metro,m16_25,m21_30,dong,89,5,13,43,26,2,23.0,경기도,군포시,당동,,당동
apartment,0c9ad4febce18bb856b928e9c028fcc7dce04b6409b87a79787a72407a443382,metro_city,le15,le20,dong,265,21,53,104,76,11,15.0,대구광역시,달서구,본동,,본동
apartment,0c9b10260f10be4262ec6815d9ff8c727c626f7c48490f1cf73fef1b62239a1a,other_urban,le15,le20,dong,78,8,11,36,21,2,11.0,경상남도,김해시,외동,,외동
apartment,0ca92ff4c4e854ebde97c79903435d13bac17da9a5e2b13f6d1043233c3fe5d1,metro,le15,le20,dong,156,8,33,60,42,13,15.0,서울특별시,양천구,신정동,,신정동
apartment,0cacc46717861263d1d8ddc36fb6dafb5e3a32d548a34f2aa91e47caca2fa949,other_urban,ge26,m21_30,dong,438,12,109,227,88,2,26.0,충청남도,천안시,서북구,차암동,차암동
apartment,0cc9129d421cead75bc60350ab0375a02d601fa35590858e9a61a3756a40d0e5,nonurban,le15,le20,eup,179,7,44,70,46,12,15.0,충청남도,아산시,배방읍,,배방읍
apartment,0ccbecfd9365d87968e3766c6c368dc12e2ae9e5668097a1a1561734ba5a0f35,nonurban,le15,le20,eup,84,9,15,37,16,7,15.0,경상남도,함안군,가야읍,,가야읍
apartment,0cd057e5f0e5473e21712563ffadae3c1cd6a6f10be6049d106531c040bdca44,nonurban,le15,le20,myeon,99,5,25,29,35,5,15.0,충청남도,계룡시,엄사면,,엄사면
apartment,0cf3c85b6698ecba00a2a61af142814074b84e2a0c5862629a1cb14faf05a932,metro,le15,le20,dong,214,19,41,84,56,14,15.0,인천광역시,연수구,연수동,,연수동
apartment,0cfcc469bc87164c1b884e7b6c8d0e3c64873ef1064db74e2319ec4ad3865c22,metro_city,le15,le20,eup,61,8,13,22,15,3,15.0,울산광역시,울주군,온산읍,,온산읍
apartment,0cfe4bf04371a1c1f57d9b952b5b34e09deb90ea2fc1427d49cd8ee780c92cef,metro,m16_25,m21_30,dong,202,12,56,85,47,2,25.0,경기도,고양시,덕양구,도내동,도내동
apartment,0d08eda07e17d24e113f5cad86027dbf8a868af93acf6254bb4d69abbc0bb669,other_urban,m16_25,le20,dong,59,6,18,25,8,2,20.0,전남광주통합특별시,서구,화정동,,화정동
apartment,0d14df83aef621b7c81c242a0e9293eec4eba057290ee9e7ecdda68f09b6cd3c,metro,le15,le20,dong,53,6,11,24,11,1,15.0,경기도,군포시,금정동,,금정동
apartment,0d213d1068a6094f80d8319ea7b0de06e9b6673e0f2de4ab33f90f578b4498d8,metro_city,ge26,m21_30,dong,304,10,84,121,78,11,29.0,부산광역시,북구,만덕동,,만덕동
apartment,0d25fd27bb94245e788dc44f8ba1fe9953eb166c950af220d76605959307862c,nonurban,le15,le20,eup,53,11,0,16,11,15,5.0,충청북도,옥천군,옥천읍,,옥천읍
apartment,0d27c888bf934e0f143975865e708351f2e30e27d1b35bd6b71467b03e890b24,nonurban,le15,le20,eup,88,8,23,29,24,4,15.0,강원특별자치도,영월군,영월읍,,영월읍
apartment,0d30ffa7ddb4901a5abe241e6482a95af034b5f26129e0d6e43a00ee4e6ec95f,other_urban,le15,le20,dong,50,8,0,20,12,10,5.0,강원특별자치도,원주시,개운동,,개운동
apartment,0d3831a32c4a63e33b3a01ac9d094570fc16013dc880c0ecd6547f1c8702a173,other_urban,m16_25,le20,dong,335,18,93,160,58,6,20.0,경상북도,구미시,봉곡동,,봉곡동
apartment,0d3b2b93406fff5dff56ad38940f78509af45bed531b182b6f6d7259078424ac,metro,m16_25,m21_30,dong,188,6,54,92,33,3,25.0,경기도,양주시,고암동,,고암동
apartment,0d51381456c11218abce8c05c6a9b24942329ce931cf7da78a7ac12191d96832,metro_city,m16_25,m21_30,dong,227,8,49,91,68,11,25.0,부산광역시,사상구,괘법동,,괘법동
apartment,0d56237b1d2b629a6ab8af3fdd2750d2ed8b55dfd286ec9aca7bedf8a0f78bc1,metro_city,m16_25,le20,dong,89,5,24,35,20,5,17.0,대구광역시,달서구,용산동,,용산동
apartment,0d6487c38676d298eb89229a68ee3d051a9ecd0db64e460c87502376a7c6ad6a,metro,le15,le20,dong,61,7,11,21,17,5,15.0,서울특별시,서초구,반포동,,반포동
apartment,0d73f0ab0afc478d6606f31ac6df3884f6def9fb4cff27afaf5ef2973dccf800,metro_city,m16_25,m21_30,eup,324,14,108,142,54,6,25.0,대구광역시,달성군,논공읍,,논공읍
apartment,0d779f60d90fdcaff4f6b314929c4f9cabf82825452403b8f769f88baea628e5,metro,le15,le20,dong,206,16,37,81,63,9,15.0,서울특별시,성동구,금호동3가,,금호동3가
apartment,0d7e605f8d27ad856ef79080ef2b61e57f5a1e9ea1b9c1d06a6c3ff698db518b,other_urban,le15,le20,dong,245,17,43,107,69,9,15.0,충청남도,천안시,서북구,불당동,불당동
apartment,0d7f347b52d34ab750b5608f86f78e7383c941fd4a499ff1451da510ab35cd89,other_urban,le15,le20,dong,385,26,69,157,107,26,15.0,경상남도,창원시,성산구,반림동,반림동
apartment,0d8620be01335dded9f6776bb1a44abd452d5d2f8bf3c69a25577fcfd2ce0e0b,other_urban,le15,le20,dong,112,10,25,51,19,7,15.0,전북특별자치도,전주시,덕진구,여의동,여의동
apartment,0d8756ffde130e0f42f5385a0d44994c843236ec5b902a31022ceba76d1863bd,other_urban,le15,le20,dong,150,11,29,61,40,9,15.0,충청북도,청주시,흥덕구,운천동,운천동
apartment,0d98e13ab7be9126ce1f6379ba494225197af8b68f7bb8a6984f573b05eae453,metro,le15,le20,dong,96,6,17,44,22,7,15.0,인천광역시,검단구,왕길동,,왕길동
apartment,0da6d5714c66fcda52e8579985975d4e3f27dab9254d4107f7a4ebde284d8cd8,metro,le15,le20,dong,70,7,17,31,13,2,10.0,서울특별시,용산구,서계동,,서계동
apartment,0da9039e4934e7bd901c5326f68d74294b71b15710db31b1802311a7600c9e42,other_urban,le15,le20,dong,52,11,0,22,9,10,5.0,전북특별자치도,군산시,나운동,,나운동
apartment,0dacaba18f6e3c32a2b3fce0660db7aaac461c96d8d744b7737e544d26f121ea,other_urban,le15,le20,dong,96,10,14,32,30,10,11.0,경상북도,구미시,인의동,,인의동
apartment,0db28df2995a76bf32269bebd0f2a6440151127aed602beaef2e22f3bdae3009,nonurban,le15,le20,myeon,175,8,44,79,43,1,15.0,전북특별자치도,완주군,이서면,,이서면
apartment,0dc9c43d92745e38c3aa480f33206dc2249ac320e6df9be644065cfedb895a3a,sejong,m16_25,le20,dong,86,6,27,41,9,3,16.0,세종특별자치시,,고운동,,고운동
apartment,0dce23962126030d0eb09fc16c039dc1578d3a9f5e48d4d92b02d162cd87d5c1,other_urban,le15,le20,dong,81,12,0,37,10,22,5.0,전북특별자치도,익산시,동산동,,동산동
apartment,0dd6643f47165088aa9a3e2176e889a9a4b02ecf944369db7e4584de5c3b748c,other_urban,le15,le20,dong,57,9,15,24,8,1,10.0,강원특별자치도,강릉시,내곡동,,내곡동
apartment,0de1fcb7a10d22eafdf4f0417d7d79f0ccc79d4ca1f2d2f482af4357ecb4536c,metro_city,m16_25,m21_30,dong,156,8,46,61,37,4,24.0,부산광역시,사하구,신평동,,신평동
apartment,0de991bf7ece78f22c38a00fbe3fabeb8a510bfb9928ec0362faa30b09df0de1,other_urban,m16_25,le20,dong,199,19,49,78,48,5,17.0,전남광주통합특별시,광양시,중동,,중동
apartment,0df28f6c36e773b4c51a29e6cf60158308bc0db83aebfe54320afda7f8d78e07,metro,m16_25,le20,dong,72,8,22,32,8,2,18.0,경기도,김포시,풍무동,,풍무동
apartment,0df5855bba159f43874a6dc59ea83ae5eaf597ecc24befbbaf237754eef80c55,other_urban,le15,le20,dong,235,10,50,91,58,26,15.0,강원특별자치도,춘천시,후평동,,후평동
apartment,0df5e8cca9c7e28f0dc089fa664b725bb99379c76878f57a707da706964dd7c6,metro,ge26,m21_30,dong,227,8,67,81,65,6,27.0,서울특별시,구로구,구로동,,구로동
apartment,0e01b8135c5e3df022a705dd833e8170eface4e816fb685400c4410d8898e9d5,nonurban,m16_25,m21_30,eup,353,17,76,160,85,15,25.0,경상북도,구미시,산동읍,,산동읍
apartment,0e08aeb35073d92e690059f89ab50bb3958cc1b0fa16a169482e965d0fec3170,other_urban,le15,le20,dong,97,6,17,35,32,7,15.0,경상남도,진주시,신안동,,신안동
apartment,0e0d11b93b1e8aa96c6bdeb09298f563854646adf6cc5d67a8e7d0791d7dd91d,other_urban,le15,le20,dong,82,24,0,22,17,19,5.0,강원특별자치도,원주시,태장동,,태장동
apartment,0e15b045228d4f6d1507f465c7531d19f47a8a457ad88a3d41e3cb7fa83c1a36,metro_city,m16_25,le20,dong,88,11,25,31,19,2,17.0,대전광역시,서구,만년동,,만년동
apartment,0e164713ceb7f139e2b7cbcc202af9bc49e4f25aebb84da42e49dccfc65111ec,other_urban,m16_25,le20,dong,85,6,18,35,22,4,20.0,강원특별자치도,원주시,반곡동,,반곡동
apartment,0e1a5c033d61c22a7ed056bad2d59719155ea0c081ba3b0fac96f2ae5cd401bb,metro,m16_25,le20,dong,246,15,55,95,67,14,20.0,경기도,시흥시,은행동,,은행동
apartment,0e1a70c4867a4fba2e96a2307698e7353cd75d2e810bab4b1e3fe2f90425a615,metro,ge26,ge31,dong,863,11,379,430,41,2,33.0,서울특별시,강동구,고덕동,,고덕동
apartment,0e22c9055c5c2de220ae79406c4fbe8dd433db9543a0e6f91afdb6eda7f816b4,other_urban,le15,le20,dong,90,21,0,30,20,19,5.0,충청남도,논산시,부창동,,부창동
apartment,0e46206b7bf037673b9c90f3569930f7d4a9193ffcea6c7bfee27929a5eebdc7,metro_city,m16_25,le20,dong,232,7,67,105,46,7,20.0,울산광역시,남구,무거동,,무거동
apartment,0e5f49e46ae2ab0aa8a35279d244deba0927b5e9d128d590d4b68f28e8b60c74,metro_city,m16_25,le20,dong,155,9,47,64,31,4,20.0,부산광역시,북구,금곡동,,금곡동
apartment,0e65f7d1965973d267e8554d00bd7ab513e66ac3ed9c09c3938e0d907d434105,metro,m16_25,le20,eup,90,7,19,42,18,4,18.0,경기도,남양주시,오남읍,,오남읍
apartment,0e6a885acbc426408102665ee6c4db4928bab9a480ebd165962990d30dae76fd,nonurban,m16_25,le20,eup,398,13,117,161,91,16,20.0,경상남도,함안군,칠원읍,,칠원읍
apartment,0e6c2ca18b5971e77baace8c3fd5cd38e77964cafce63c6d681831e584427ee4,metro,m16_25,le20,dong,184,12,45,84,40,3,19.0,인천광역시,계양구,용종동,,용종동
apartment,0e755d43cb7113d5d23969d4f66494e4fc88fb5ecbc6f0acb00b255734783826,other_urban,le15,le20,dong,76,19,0,21,15,21,5.0,경상북도,김천시,부곡동,,부곡동
apartment,0ea554c49394e2e31db5484ffee6fc75144a333cf07aab71ea2c93fcf9d7e0c2,other_urban,le15,le20,dong,79,16,0,36,17,10,5.0,경상북도,구미시,구포동,,구포동
apartment,0eb449b005abdccbf422b45053ad5630cc7d61873f1b50ebc477d79094b0945a,metro_city,m16_25,m21_30,myeon,209,5,49,102,52,1,22.0,대구광역시,달성군,구지면,,구지면
apartment,0eb7ed02a5bfd56a95fd3fe0b1ba9953ec4be2c551aa637ff13755c37c093e86,metro,le15,le20,dong,109,10,26,48,22,3,10.0,경기도,용인시,기흥구,보정동,보정동
apartment,0ebdefc1ce9bdc046fd0df817b11fc2c92bca99e6286b15baa0e1488ac360717,metro,le15,le20,dong,72,8,11,31,17,5,15.0,서울특별시,구로구,구로동,,구로동
apartment,0ed2b811043a138cd298e82212b41be36f8b6eb660252f75a043d570167cbd30,metro,le15,le20,dong,165,10,25,74,46,10,15.0,인천광역시,남동구,간석동,,간석동
apartment,0ed339520f3010bb9d63493ed23037e8eba3353c8d29c8b2642ae359019123a5,other_urban,le15,le20,dong,111,10,21,40,31,9,15.0,경상북도,경주시,용강동,,용강동
apartment,0ee2d886ff888d644ff56e6cf58caa76c6909a1e5ada21113346a1ef908db2b7,other_urban,m16_25,le20,dong,183,21,60,83,18,1,20.0,전남광주통합특별시,광산구,월곡동,,월곡동
apartment,0ee3fe725a4f462f42cea05d1de216e921cb47713758913f719185df1288415e,metro,le15,le20,dong,144,10,24,65,38,7,15.0,서울특별시,구로구,구로동,,구로동
apartment,0eeb0c561655906fa79b887c613ce8c71d15c1483d8766c15d8cf2ecef900531,metro,m16_25,m21_30,dong,208,5,55,100,45,3,22.0,인천광역시,부평구,산곡동,,산곡동
apartment,0eebd0c5a956368ea0618734609512d5d8e173df48b1c95e71706d669064f7da,other_urban,le15,le20,dong,162,12,32,78,35,5,15.0,충청북도,청주시,상당구,금천동,금천동
apartment,0eec9b414ef94affa0c262b7ed89d45b6514f645a4d23f455e0954eb5bef4e13,metro,m16_25,le20,eup,429,15,70,201,116,27,16.0,경기도,김포시,고촌읍,,고촌읍
apartment,0efbcb5eca4ca80f7776fb6e41b9d56132ebe55e00678008021fb6e1643e2aec,metro,le15,le20,dong,59,19,0,20,8,12,5.0,경기도,구리시,교문동,,교문동
apartment,0efefb298bfea1c06e06d88ec57a93c679b10abfdcfde8b770e5ef589bd12b21,metro,m16_25,le20,myeon,135,5,40,45,43,2,20.0,경기도,양평군,강상면,,강상면
apartment,0f069c15b53ca39be9fdd4407458260e93c249985bdef1678d75b857dc38a36c,other_urban,le15,le20,dong,117,7,24,49,31,6,15.0,경상남도,거제시,장평동,,장평동
apartment,0f136bbb13399c6e7db45d0296acc8dc709201d9f97fbd84e030cdb828cc25d0,metro_city,le15,le20,dong,54,7,14,18,12,3,15.0,대전광역시,대덕구,비래동,,비래동
apartment,0f1d53f9e001acf64fb8dd61c8ff96bbe6be1b9f06770efb59f12846280aad3f,other_urban,le15,le20,dong,155,8,21,74,39,13,12.0,전남광주통합특별시,북구,두암동,,두암동
apartment,0f2039527192bcb92ab949bbe2cf211f89f6c25039f330c4fa458763ea9ae6b8,nonurban,m16_25,le20,eup,57,6,11,26,13,1,20.0,충청남도,태안군,태안읍,,태안읍
apartment,0f28c30eb5c5db6c6171635e784a59f6678d277bface76eb75e28f7f36dd6e7b,nonurban,le15,le20,eup,198,15,46,71,49,17,15.0,충청북도,음성군,음성읍,,음성읍
apartment,0f2c21fab31ed382e0f3d5f8342464de62dfdf1d439e01c09839b49abe3439bc,other_urban,m16_25,le20,dong,74,7,16,34,12,5,18.0,전북특별자치도,정읍시,시기동,,시기동
apartment,0f3144a00ee7a3e6f2bee21620a44e94047678e8d3be9669d3c2c1ff3f45566d,other_urban,m16_25,le20,dong,595,28,176,249,131,11,20.0,경상남도,진주시,가좌동,,가좌동
apartment,0f58c68eeb8bbb8d840eef10df9695e760fc85ff5cb10fea8f90ed63afea6164,metro,ge26,m21_30,dong,419,7,109,202,96,5,26.0,인천광역시,남동구,간석동,,간석동
apartment,0f58f9ae539c7685e507b98f07eb52d276a8e3c078a881e983e3f980e439347b,other_urban,m16_25,le20,dong,180,11,48,84,31,6,20.0,강원특별자치도,원주시,무실동,,무실동
apartment,0f5c8c065a699a5d394642aa4941ed9a55555869a4dea9bd40074cfdb00d6bf8,other_urban,m16_25,le20,dong,136,5,44,68,17,2,20.0,충청남도,당진시,대덕동,,대덕동
apartment,0f5e331412cda6c6331339e057dc338f8579d6173cd8bc254e45584d3be3f591,metro,le15,le20,myeon,80,10,20,37,12,1,15.0,경기도,이천시,신둔면,,신둔면
apartment,0f63d68c2c4eeab0a4ea72454746c9dd61cf3d7b1fe9b6abb3a64f7c2b706be1,metro_city,m16_25,le20,eup,119,15,34,41,28,1,20.0,대구광역시,달성군,다사읍,,다사읍
apartment,0f6a3850797e1d21b7aa4dbdf34e7c3df900a495bc4331a891f7e02cad80bce6,metro_city,m16_25,m21_30,dong,136,6,42,65,22,1,25.0,대전광역시,중구,태평동,,태평동
apartment,0f6b2e8fb6f2b7342b2727aafc05b5d9e56dac8a3a1f93ec6837ce8f120044ba,other_urban,le15,le20,dong,60,6,4,27,19,4,15.0,경상남도,사천시,죽림동,,죽림동
apartment,0f74cb9c1755b9373c3ab53c9eb6fc6601b2324d67cb3cfde1b6666e22e60375,metro,m16_25,m21_30,dong,168,7,58,77,25,1,24.0,경기도,구리시,인창동,,인창동
apartment,0f8d550b646b3ad5e93f9e1557c4ee5c97886a7af6ab72b011737c2988c6641f,metro,m16_25,le20,eup,98,5,20,44,23,6,18.0,경기도,남양주시,화도읍,,화도읍
apartment,0f9dda2f1cbefbec542c78d6d0e907ee9b64f0f7fc2f13a43541aa3b180bce40,sejong,ge26,m21_30,dong,165,5,48,70,40,2,28.0,세종특별자치시,,종촌동,,종촌동
apartment,0faac8502b76610de7b6d809223cac73644c934a69daca2be19a76336b570a34,other_urban,le15,le20,dong,85,18,0,38,15,14,5.0,강원특별자치도,춘천시,후평동,,후평동
apartment,0fab0d96151eb8806f6f5df945bfea4a07e5f6161a2e336210fe02ad5a9165be,other_urban,le15,le20,dong,206,11,35,81,58,21,15.0,전남광주통합특별시,북구,운암동,,운암동
apartment,0fabce2eb126442ca0fe351e4a1efc2e51c6a1c7883138fd855a63b34e8a372e,metro,ge26,ge31,dong,194,6,77,65,41,5,35.0,경기도,화성시,동탄구,능동,능동
apartment,0fc6f0b6fba1ea8eda01b21835f3d90187a6ce4249bd466f3f3bcf6f036fc296,other_urban,le15,le20,dong,319,12,71,123,90,23,15.0,경상북도,포항시,남구,지곡동,지곡동
apartment,0fc8032658350949603f1078050fd9a71538dabe5480e634aa9d20eb4aa3e064,metro,le15,le20,dong,90,10,12,44,21,3,13.0,경기도,광주시,양벌동,,양벌동
apartment,0fd0149caeabbf16c916cbb16cd2db1418f97c286185e175e63f644143296379,metro,m16_25,le20,dong,86,5,22,36,21,2,20.0,경기도,시흥시,하중동,,하중동
apartment,0fe73d95a48d2172250fa34caa742809d873048b5d8ba5232250828d8550e7df,metro_city,m16_25,le20,dong,193,13,45,77,52,6,20.0,울산광역시,중구,태화동,,태화동
apartment,0fea395c54c154cd07fcd19abc1501a98306e24c9d0074032d873227338ba1dc,other_urban,le15,le20,dong,127,21,0,46,30,30,5.0,충청북도,제천시,하소동,,하소동
apartment,0ff1adcd72954e026be55cae99c2aa03a2b81a5e6c1a21df9873ed9566ff2dc3,other_urban,le15,le20,dong,128,7,27,47,37,10,15.0,전남광주통합특별시,남구,주월동,,주월동
apartment,0ff7011051fcaec9682ff36780a9d9b5fda981c7ff87c7911e9d227bda794677,other_urban,le15,le20,dong,131,7,21,51,40,12,15.0,전남광주통합특별시,광산구,산정동,,산정동
apartment,0ff919b8b9be16aa6babe80c5af6e761d7a5af0343d508a291abadb5fbaa3c03,other_urban,le15,le20,dong,60,7,0,19,10,24,5.0,전북특별자치도,익산시,동산동,,동산동
apartment,100353a6397479862ea85afb578fc89f1521e3e71cfdaad2299f27c0f7fb5482,other_urban,ge26,m21_30,dong,202,9,57,103,30,3,26.0,전남광주통합특별시,동구,용산동,,용산동
apartment,102289df904b86945306ad3922864b7d842c2c41ff53e8c1bba54bff96815e45,other_urban,le15,le20,dong,131,6,24,46,48,7,15.0,전남광주통합특별시,목포시,연산동,,연산동
apartment,1027ca8ee9ba103902d178a7b4f1adf9fb0094184e48c3403282e0526d88704c,nonurban,m16_25,le20,eup,287,9,68,118,73,19,20.0,경상북도,포항시,북구,흥해읍,흥해읍
apartment,102c26bf5f61993e86ef447649ce05bd1e0cae3c2a15bb01c2623547aca0fc27,other_urban,m16_25,le20,dong,201,8,47,89,50,7,18.0,전북특별자치도,전주시,완산구,서신동,서신동
apartment,102f0e87c3429d5759ed41b1fe520b45e1e5db4e3cb58d07f222555026bce75a,metro,m16_25,le20,dong,125,8,22,60,32,3,20.0,서울특별시,동작구,신대방동,,신대방동
apartment,103299bf865749d3ac254138f194ae94426371382fc446ac8acc4e90cc533530,nonurban,m16_25,m21_30,myeon,130,6,39,61,22,2,22.0,충청남도,아산시,둔포면,,둔포면
apartment,10349c0933650bd2a9daee0d51d5869024b13968f4dd4051f9edf3c7e65d9716,metro,m16_25,le20,dong,266,15,73,105,62,11,20.0,인천광역시,남동구,논현동,,논현동
apartment,1039c2d5bfde1b2ccf04638d199cf952a0222d40b88c2697439a8fd34e7e0530,metro,m16_25,m21_30,dong,122,8,36,56,19,3,25.0,서울특별시,중랑구,신내동,,신내동
apartment,104105c8239555e9c7595b59f0e4a65cddab5330970bdee9da369a59fcbc8b90,nonurban,le15,le20,myeon,117,9,14,40,41,13,14.0,충청남도,아산시,둔포면,,둔포면
apartment,1042f9fd2d3da71eb8a2fd783944ed85ed62e65276a5e7ff1598ff8493f23c87,other_urban,le15,le20,dong,54,12,0,19,9,14,5.0,전남광주통합특별시,여수시,국동,,국동
apartment,1043813d3b7515e4b2871f74b6f7115b7bbb067d8eb224be256eab18c4f1a90a,metro_city,le15,le20,dong,186,16,57,71,38,4,15.0,대전광역시,유성구,송강동,,송강동
apartment,1050c7a2a9298c43300ff5cb6ba7733eee5535fe2b7d2b528701fd49133b701a,metro_city,m16_25,m21_30,dong,157,5,58,70,22,2,25.0,대전광역시,유성구,관평동,,관평동
apartment,1055f5c575d2080a9430508919feb57584539db00a812619a08d91621bf87b6c,metro,m16_25,le20,dong,229,13,54,90,67,5,20.0,인천광역시,계양구,작전동,,작전동
apartment,10591ded0d25fdf2d03ec844e31a6cdfe93da25fa1a326577c2651042a8987dd,metro,m16_25,m21_30,dong,83,6,20,38,17,2,23.0,경기도,용인시,수지구,죽전동,죽전동
apartment,10664c1dd1c6094a8ecfe33bacce6cd486d312cacc2a571accb78de80834e400,other_urban,le15,le20,dong,107,5,19,44,29,10,15.0,충청북도,제천시,왕암동,,왕암동
apartment,10696d9e965e089d66e6c07f0fa8c27dba8cc3002deec93af47138d0e72653ed,metro_city,m16_25,le20,dong,91,7,21,33,22,8,20.0,부산광역시,영도구,동삼동,,동삼동
apartment,106b0a3dbfe119548321c7d3bcbf743077681e8201dbb66b7569aafc5e03da62,other_urban,m16_25,le20,dong,345,15,96,151,78,5,20.0,전북특별자치도,전주시,덕진구,만성동,만성동
apartment,106cfdeb9e09d4d18561347426f588c2c39c4a026606c0e1adc3d90f7701592e,metro_city,m16_25,m21_30,dong,261,7,82,129,42,1,25.0,부산광역시,금정구,장전동,,장전동
apartment,1071b3982de88da4040d4f991b62cdf079b4c7a180ca65e1706b644e72e966c4,metro_city,m16_25,le20,dong,101,6,26,40,26,3,20.0,대구광역시,북구,침산동,,침산동
apartment,10775838ec49fff79ac589d98edb131e70cc2d155463c73602735dadb831c741,metro,m16_25,m21_30,dong,187,6,49,80,49,3,25.0,경기도,오산시,부산동,,부산동
apartment,1081f55a22cf1a5f7858189536b3da639c9838c8f0eece991565b0344ff20427,other_urban,le15,le20,dong,73,6,17,27,19,4,15.0,충청북도,충주시,연수동,,연수동
apartment,1085a500522184f620b4e5bb292305059ae799b02e0645521f0048285e6ab4de,metro,le15,le20,dong,81,7,18,41,10,5,13.0,인천광역시,부평구,부개동,,부개동
apartment,1087ea434f28bff9465e6f3d3ca9e75df14a88e8b0b7714b9580ea1209587cee,metro,m16_25,m21_30,dong,101,6,24,55,13,3,22.0,서울특별시,용산구,이촌동,,이촌동
apartment,1088cc40bfc44542655c494c3f0a33c04d725790f6686ec9ef5c74404da94156,metro_city,le15,le20,dong,110,6,18,50,27,9,15.0,대전광역시,유성구,원신흥동,,원신흥동
apartment,108c2089f5a6f144da28ba48e307cfb8d64471cb2ad6c5d91d92f4f97b51d943,metro_city,m16_25,le20,dong,67,6,19,21,17,4,17.0,대전광역시,대덕구,석봉동,,석봉동
apartment,10992e891bdb6d2168dedd5379a1b5232a466e0f2b8009b2959e226867165ee1,other_urban,le15,le20,dong,758,72,168,277,189,52,15.0,전북특별자치도,전주시,덕진구,송천동2가,송천동2가
apartment,109da3c14da42de678880282f614330c85c19ca5625eb62ad85e2d6a3ed3052a,metro,le15,le20,dong,137,7,26,58,33,13,15.0,경기도,파주시,다율동,,다율동
apartment,109ffaf65a0e5d19b3a6b7c5e3341e87051e2d61cbf46d7a4aa0294e560b3d71,other_urban,m16_25,le20,dong,209,7,55,98,39,10,20.0,경상남도,김해시,관동동,,관동동
apartment,10b0a9741a9514e710e458986e027f3c99c6563beba1fbfdc5f0e35a64c8bb82,other_urban,le15,le20,dong,52,13,0,21,9,9,5.0,전남광주통합특별시,광양시,광영동,,광영동
apartment,10c8ed4e2735a8056782423a19e06cd89e61b767fd594518523b3f95d2a74059,other_urban,le15,le20,dong,79,7,10,41,15,6,13.0,제주특별자치도,서귀포시,서호동,,서호동
apartment,10ce974df03818c67be6d74f16040794008a443c389cf3c19fa0084ba686fe1a,metro_city,ge26,m21_30,dong,217,9,56,96,54,2,29.0,대구광역시,달서구,용산동,,용산동
apartment,10d8b298a69744732920e1d745cf64f78cc4cbe7d130cfa5d4c3c934b796c232,metro,le15,le20,dong,96,8,19,34,30,5,15.0,인천광역시,연수구,동춘동,,동춘동
apartment,10e9da664ab4c8ad237e58889a73a74da3470b6258b0bf39f8dae5eb9ec941fd,metro,m16_25,le20,dong,117,8,34,46,28,1,19.0,경기도,남양주시,평내동,,평내동
apartment,10ecdd76b55db05ee4cbbd5aba8f13612c7c6999e1ae6ab0fca8a943e7c8ae2a,nonurban,le15,le20,eup,58,7,11,24,15,1,15.0,충청남도,서천군,서천읍,,서천읍
apartment,10ef6fce9362f1df05ccfce1e15214117f09dde7d6d3c1f369c78bfdf7809421,other_urban,le15,le20,dong,112,8,24,44,33,3,14.0,충청북도,청주시,서원구,산남동,산남동
apartment,1108297e8ac1e28ef9cc81d5a7e81b6bc31115291ccc403c19b3c124cb994584,metro_city,m16_25,le20,dong,114,6,25,37,41,5,17.0,대전광역시,유성구,하기동,,하기동
apartment,1108b6572f4cc02ec09dccedff335a8360296f2ca7dabfd7c01370bd6105e541,metro,le15,le20,dong,84,5,27,39,12,1,15.0,인천광역시,제물포구,항동7가,,항동7가
apartment,110a41d850fd8e131427f300079474d7fdde739b9fe6c359b358a8ae629fc2c8,metro,le15,le20,eup,54,7,7,25,13,2,7.0,경기도,이천시,부발읍,,부발읍
apartment,1128e517a9ede5cb5df7e322599dab13e5d8be81cd5637ccbbaebf96be17ec18,other_urban,le15,le20,dong,70,5,15,29,14,7,15.0,강원특별자치도,속초시,금호동,,금호동
apartment,112ee2f511a470c6f405101919c4bb9b902acfc413a290e438dce0d01920fc48,nonurban,le15,le20,eup,131,7,28,54,31,11,15.0,경상북도,포항시,남구,오천읍,오천읍
apartment,1139fc0cd6f644059726fa3a031be0fee0f98c711edc7c5f504e6ec83d83499b,nonurban,le15,le20,eup,103,5,20,48,22,8,15.0,전남광주통합특별시,고흥군,고흥읍,,고흥읍
apartment,113ba4ee7c33e27e6780797b28abdf5f905c8485e908e37896138e498e4c602d,metro,m16_25,le20,dong,88,7,25,39,16,1,20.0,경기도,고양시,덕양구,화정동,화정동
apartment,11674e482d1fe36eb8341f85e841e4203b61d43463cea92f5d075a4676ad7e33,metro,le15,le20,dong,281,13,69,116,70,13,15.0,경기도,광명시,하안동,,하안동
apartment,1167dac9a81cb8866421729e37fa21c28a648363b1aa1f2c3802995e84186ac3,other_urban,le15,le20,dong,194,10,41,92,43,8,15.0,강원특별자치도,삼척시,정상동,,정상동
apartment,116c1cdaa4588a1744621513eeabb7e8ac84c7d8f04155f50a4284002d87cbd2,nonurban,le15,le20,eup,121,12,24,42,34,9,15.0,경상남도,창원시,마산회원구,내서읍,내서읍
apartment,1173ec35b85477454400961522f4fd4e72f1f22a867cb45256df9f1647c2ffa4,nonurban,le15,le20,eup,88,8,10,36,27,7,11.0,충청북도,청주시,청원구,내수읍,내수읍
apartment,11741c83a12b4505effea8e96d4ef3b4251b71e6eb4c57dff612597ba0e74d3b,metro_city,ge26,m21_30,dong,234,6,74,111,38,5,30.0,대구광역시,수성구,황금동,,황금동
apartment,117e510981283bf613a9b505be8d3d11942c8cc8f1b7a2e1e56c0f55de06223e,other_urban,m16_25,m21_30,dong,434,10,101,199,120,4,25.0,충청남도,천안시,동남구,청당동,청당동
apartment,118d63398e4468af5e397bbbf802f3bc4d6c6c0b7b1726d68215fe28546ed8b5,other_urban,le15,le20,dong,244,23,38,100,64,19,15.0,강원특별자치도,원주시,단구동,,단구동
apartment,119a35210fc5e39f081d7ef198af83962d08d6ebfe00da64757b16834a6ee185,other_urban,le15,le20,dong,123,20,0,52,29,22,5.0,경상북도,포항시,남구,지곡동,지곡동
apartment,119a7bf75611ef8e4c6df9e5c62407a6ae5ecee897718c052018681868198ecf,other_urban,m16_25,le20,dong,505,24,182,246,50,3,20.0,전북특별자치도,전주시,완산구,서신동,서신동
apartment,11a75b2d72b895794c1fbd14562e686011934a7f6683cf565f058326232bfdb8,other_urban,m16_25,le20,dong,136,6,25,49,47,9,18.0,경상남도,창원시,성산구,대방동,대방동
apartment,11c7fc32458b31b339cbd30bce0c2c63df18ae0035c94064623a449582423c49,metro,le15,le20,dong,189,13,32,81,51,12,15.0,서울특별시,중랑구,면목동,,면목동
apartment,11c9955ce0beeea1b522da0fd6a5f6cc201aa773d7a4487a68606e1f0cebb6d4,metro_city,le15,le20,dong,70,8,10,23,20,9,12.0,대구광역시,달서구,송현동,,송현동
apartment,11d1ca333a4973b6cd16a07b0278fc1c41237dc14dc06e15d082cf9a336acb91,metro,m16_25,le20,dong,172,14,40,58,59,1,17.0,경기도,평택시,비전동,,비전동
apartment,11d70f49a676f75f6e0e9322c3563c0fa3a7fd2e4f53fc7ac30e6db029653d00,metro,le15,le20,dong,259,18,52,111,65,13,15.0,경기도,수원시,영통구,매탄동,매탄동
apartment,11db6a67071f785635f1b087fac06e1795be9c495782023d74aa80f3c6f3a902,metro_city,m16_25,m21_30,eup,300,11,83,134,66,6,22.0,대구광역시,달성군,유가읍,,유가읍
apartment,11efb334759d9d37562a8ef644fe13e53a1097b6ed00e03567897a9ff368c1c4,metro,le15,le20,dong,301,22,50,128,79,22,15.0,경기도,광명시,하안동,,하안동
apartment,1202bb7b379f7582ec8c0ef388dcedf13c1fa32d09de433c94198def7f1c240e,nonurban,le15,le20,eup,67,14,0,29,9,15,5.0,충청북도,증평군,증평읍,,증평읍
apartment,1204c03e98a870acde46ba0bb07ed0b83921332b393c1a6b6d37293322c05ed8,other_urban,ge26,ge31,dong,235,11,83,104,34,3,31.0,충청북도,청주시,상당구,탑동,탑동
apartment,12095058e9868a0039b7368da12395974e6a6a8b1924e68dce6e873baa880563,other_urban,m16_25,m21_30,dong,371,20,115,170,61,5,25.0,경상남도,진주시,충무공동,,충무공동
apartment,122d5486ebcbce54c6885e9e00c1e2f96682844b33ace53d658775d3e0f6570a,other_urban,le15,le20,dong,132,8,32,61,24,7,15.0,충청북도,청주시,상당구,용암동,용암동
apartment,1231c3879a26207eddac8114a679a6ee3cb0a963c213b660547db5b6a79a93cb,metro,m16_25,le20,dong,154,8,40,61,38,7,20.0,경기도,여주시,오학동,,오학동
apartment,12393cd65708dd9d047d76c1e176196e25982449fd59dd645a836b0dc3ef6aaf,sejong,m16_25,le20,dong,68,5,17,23,19,4,17.0,세종특별자치시,,고운동,,고운동
apartment,123d19a687571c9e8adf74d6b5fde43e523b1ceba679c5b49efdd3e1728b4f5d,metro,ge26,ge31,dong,133,6,38,67,20,2,36.0,경기도,평택시,고덕동,,고덕동
apartment,12400707da88f36dedca0a22bb4146f4a2fed7ad00b897e8693b8a6c56c337d6,other_urban,le15,le20,dong,182,12,45,81,34,10,15.0,경상남도,진주시,신안동,,신안동
apartment,12412d23f07a2f7aff4a97893d4eb808e05b57d5016abc648712443daf286130,metro,le15,le20,dong,234,20,43,101,58,12,15.0,서울특별시,노원구,상계동,,상계동
apartment,124172870ff490acdfed740d05baae144bafca454159b152a04a209400d8322b,other_urban,le15,le20,dong,95,10,19,34,23,9,15.0,전북특별자치도,전주시,덕진구,송천동1가,송천동1가
apartment,12424d644fe539b5b27612b52ff1825a7698c03eb3b3f9ae4521d13f78d97e1b,other_urban,le15,le20,dong,110,7,29,42,25,7,15.0,전북특별자치도,전주시,완산구,평화동2가,평화동2가
apartment,12466ead5c6d72b095da6bb121c4e431ba24ac08baa6b93a9ab9f080600390b2,other_urban,le15,le20,dong,84,6,16,34,21,7,15.0,전북특별자치도,전주시,완산구,효자동1가,효자동1가
apartment,1257230abe6dabbed5e3a50ddf85eb6ada08e36833b75e8f9b9f762727afdb9b,other_urban,m16_25,m21_30,dong,227,5,71,109,38,4,25.0,충청북도,충주시,호암동,,호암동
apartment,1265cf803373eb6d515e1480c15168a062571d1f339e8010266e746562964991,metro,m16_25,m21_30,dong,155,7,45,62,33,8,25.0,경기도,부천시,소사구,범박동,범박동
apartment,1279575bd6a3d45e25b6ae65ffa0e080b5b40a28a06c6d26f693355233904e60,metro,m16_25,le20,eup,90,5,26,41,14,4,20.0,경기도,남양주시,진접읍,,진접읍
apartment,12826938444479af7e76a9c7988f39a026a818577fee54049720a967a736bc71,nonurban,m16_25,le20,eup,370,13,90,153,107,7,20.0,충청남도,아산시,배방읍,,배방읍
apartment,128577ae38be71d249681b2711949f0356445f6411e2c5125d1be73c44557a77,other_urban,le15,le20,dong,85,6,25,37,12,5,15.0,강원특별자치도,원주시,단계동,,단계동
apartment,12889b13de5932ea94fc88b7f10b4b034dccba2db1fbb56086f839500038550a,other_urban,le15,le20,dong,287,20,65,107,71,24,15.0,경상남도,김해시,외동,,외동
apartment,12a5ac962c39c86970b22d7702f3863896a8767feae07c10a82dd10206126725,metro,m16_25,le20,dong,66,9,23,15,17,2,17.0,서울특별시,성동구,성수동1가,,성수동1가
apartment,12ab55e79708f3be257f83e0235d17c79a52afaf9bdf365d09a092950f9ee438,other_urban,le15,le20,dong,101,6,20,44,28,3,15.0,충청남도,공주시,신관동,,신관동
apartment,12af3131ea0e8b3d89d36b2860866e48cfd60ca539715e685f1d1219cc2f139e,metro_city,le15,le20,eup,191,9,46,62,56,18,15.0,울산광역시,울주군,온양읍,,온양읍
apartment,12b2c3e1f0b9b120ba59f49329c324681235c4503d25c5a83853e07c0b5af4ca,metro,ge26,m21_30,dong,212,11,75,87,35,4,27.0,경기도,오산시,원동,,원동
apartment,12b47410e3e0043ba287fede654bae324403c887247b022b13d376f4d10440d7,other_urban,le15,le20,dong,199,12,40,86,40,21,10.0,제주특별자치도,제주시,노형동,,노형동
apartment,12e1504e1949ca942202cbeeaee66bcdcabaa9d2d5736dc4014a9258b4fa5639,metro,le15,le20,dong,117,11,31,44,26,5,15.0,경기도,이천시,송정동,,송정동
apartment,12e5c7961c7f1ecb43c711267a2f35846b90ecf0e9bc6b005cb9750b8a7558f9,other_urban,m16_25,le20,dong,196,9,65,79,42,1,20.0,강원특별자치도,원주시,반곡동,,반곡동
apartment,12edd2d29a0551be641876fb75c74ad85c5c9f5b690812b1e49f34004adcc497,metro,le15,le20,dong,489,32,119,237,86,15,15.0,서울특별시,노원구,중계동,,중계동
apartment,12ef2b5b7461ae177a175931b4e8115fa220c219e9453a573c99ee21b44b1e59,other_urban,le15,le20,dong,459,40,105,175,118,21,15.0,충청북도,청주시,흥덕구,복대동,복대동
apartment,12f2902caa9dbcdd87a7fbb5d778c69350bd4ca616932d7c3a804ee8bc707de6,metro,le15,le20,dong,360,25,69,145,98,23,15.0,서울특별시,도봉구,창동,,창동
apartment,12ff26e51dc1afd853f28cc624fbfd1269c460f236bba64e8626635ddf41e1ad,other_urban,le15,le20,dong,98,6,19,41,27,5,15.0,전남광주통합특별시,북구,문흥동,,문흥동
apartment,12ff46718c9bf1eefa7f162f1a99bea4840ab750e461ed9d2a1ce83f045c3290,metro_city,m16_25,m21_30,dong,136,6,37,66,26,1,23.0,울산광역시,남구,신정동,,신정동
apartment,130bba34b5e814ce5493faeacd00a93fd670d2e3923f7a948c8356a6bc20490f,other_urban,le15,le20,dong,81,19,0,29,16,17,5.0,경상남도,통영시,봉평동,,봉평동
apartment,130f9219ae6a351921c46c85ce91f83228690d96892cd8a6dd49fb022674fecc,nonurban,le15,le20,eup,93,6,24,39,19,5,15.0,전남광주통합특별시,영암군,삼호읍,,삼호읍
apartment,131173e60bf583ff0c5a996f3ea50963f71185551ed1b5ecd2324bf870b3f8d4,metro_city,m16_25,m21_30,dong,205,9,54,95,46,1,24.0,대구광역시,달서구,상인동,,상인동
apartment,132355b37b802edcee5dcb0f6c0ba5d9f82c1209c17b97b243923d8a8c13ae7c,other_urban,m16_25,le20,dong,361,22,76,140,94,29,18.0,전북특별자치도,김제시,신풍동,,신풍동
apartment,132c468a618ce97fa5f26135204dc1ebc7c6c969e5d4090acf60be8bdfccf1a1,metro,ge26,m21_30,dong,149,7,34,63,44,1,26.0,경기도,안양시,만안구,석수동,석수동
apartment,132caa5698b5b9d4880ede32ea9384931632d146515717e62f83445cc87ffc74,metro_city,le15,le20,eup,310,26,64,117,87,16,15.0,울산광역시,울주군,온양읍,,온양읍
apartment,1335180246085dade26c75c00bc991dfad684326859f2aef251ed308fbd734c8,other_urban,le15,le20,dong,126,9,28,41,38,10,15.0,충청남도,아산시,권곡동,,권곡동
apartment,1339427091ffb7dbf0adab501e3f8c223b985804a9e05494a446114575ae4293,metro,m16_25,le20,dong,179,12,37,77,50,3,20.0,경기도,화성시,동탄구,장지동,장지동
apartment,133c18f6334b4f38a6c3201d6153a7c58acb357f82875e8f3e5bbd73b7f49abe,metro,ge26,ge31,dong,401,6,109,201,84,1,36.0,인천광역시,영종구,중산동,,중산동
apartment,1350b761b8fbd47d2f6814c59a700333e384818a25c11efe0361682c5396696f,other_urban,le15,le20,dong,95,7,20,42,22,4,15.0,경상남도,거제시,아주동,,아주동
apartment,135be9f1f79d70f696617df7f12b26cd50edbf31c7f81530adebed7c968979e3,metro_city,le15,le20,dong,183,10,29,84,50,10,15.0,대구광역시,달서구,이곡동,,이곡동
apartment,135ef0c44b6c7b03d0149d8c8737772f9dfbf3b1bee94d3c2009bff0f7165b4e,nonurban,m16_25,le20,myeon,81,7,26,31,15,2,18.0,강원특별자치도,춘천시,동내면,,동내면
apartment,13690fe3ad84959d29554606a7c3e7f5e70a1d31650f73561bab16e5b5d15160,metro,le15,le20,dong,64,10,0,26,15,13,5.0,인천광역시,미추홀구,도화동,,도화동
apartment,137922619d82bb1eb7fdaccc5e1ad618d10bb590f0021f6d8801e1185782108e,other_urban,le15,le20,dong,97,9,21,32,27,8,15.0,충청남도,천안시,서북구,두정동,두정동
apartment,137c3b39d942e5ee45b95e41de1e7c2076dc9d81b91cf1f7598e19eb64d81dbc,metro_city,le15,le20,dong,51,6,8,25,9,3,11.0,울산광역시,남구,신정동,,신정동
apartment,138e6cffe21ce7570205f8854128e313cd07c93924bb57d99def63383fecba49,metro,le15,le20,dong,215,7,42,88,70,8,15.0,경기도,수원시,권선구,세류동,세류동
apartment,139f74ee3388e69a6ad889fdfdfd6c9700144e5fe17e9f1880e62d70376ab602,other_urban,le15,le20,dong,165,10,36,74,34,11,15.0,전북특별자치도,군산시,소룡동,,소룡동
apartment,13a86d135a41181015e8faebfba53c7ce6fa314fc6fd8ca434de1ea3ab8bf8c5,nonurban,m16_25,le20,myeon,95,5,19,41,27,3,18.0,경상북도,경주시,강동면,,강동면
apartment,13c2177775a11030aad5bf8b0da530a6487638e428f109ad5fdae6850c5725b6,metro,le15,le20,dong,271,15,66,153,36,1,15.0,경기도,안산시,상록구,사동,사동
apartment,13cc635f33c6c91fab96600046bb0b2670494d6ffdf3d359f873389c18f41664,metro,m16_25,m21_30,dong,162,7,44,80,30,1,23.0,인천광역시,연수구,옥련동,,옥련동
apartment,13d2fbbb34662d5507b7fcf2d161426456b643fbd1bbfe6b8e54af661cc3c69f,other_urban,m16_25,le20,dong,71,8,10,29,22,2,18.0,경상북도,구미시,남통동,,남통동
apartment,13d9e59a6d88e7b3c204ec5fa3b5eff11d9e1c15abf67d61428632ddcc8e4bfd,metro_city,le15,le20,dong,123,12,32,48,22,9,15.0,대전광역시,서구,둔산동,,둔산동
apartment,13dc907760e9ca9f2d1225ede9677dcaed1a403a0d31c2746efe073e1007834d,metro,m16_25,m21_30,dong,254,12,100,104,36,2,25.0,서울특별시,성동구,하왕십리동,,하왕십리동
apartment,13e5e12e0973fb230e4777731c69cf13993177f2fb78b169db8b5eaad11a579c,metro_city,m16_25,m21_30,dong,631,27,137,279,169,19,22.0,부산광역시,사하구,다대동,,다대동
apartment,13f049dc78d5f29c0c016c5602e550fd4d9eebc923942b5bd82138083084bb9e,metro,le15,le20,dong,112,6,25,52,24,5,15.0,서울특별시,양천구,신정동,,신정동
apartment,13f8df4476a78ab34880fd4d4b0a552c2fbbe87c6fb7e185c4617f23a0e6e70c,metro_city,m16_25,m21_30,eup,352,13,80,136,111,12,25.0,대구광역시,달성군,다사읍,,다사읍
apartment,1404525580ac34ecc7875d947517e8070e112e45afa6d4e4f6f9b2c452d08652,metro,m16_25,le20,dong,160,7,31,71,48,3,18.0,서울특별시,동작구,노량진동,,노량진동
apartment,14048f8020b318c305535b54734e97323ca1a2d6d281ef85277d1445a5062e56,metro,le15,le20,myeon,56,9,0,34,6,7,6.0,경기도,평택시,진위면,,진위면
apartment,140622c5310e7383799e927e3e987b3aef6113b105f545f8208a11081e28b556,metro_city,m16_25,le20,dong,66,5,11,29,18,3,16.0,대구광역시,북구,읍내동,,읍내동
apartment,14082065b0b963ad5abcb92baa6d87f7ff45db4d133d3834d205acc6f908b600,metro,m16_25,m21_30,dong,393,21,95,167,104,6,23.0,경기도,수원시,영통구,망포동,망포동
apartment,140a0dee92d3dbda4e8b0c60cb75876348b9c16d2542f03a91e9492e11528184,other_urban,m16_25,m21_30,dong,158,5,43,64,39,7,22.0,충청남도,천안시,동남구,신방동,신방동
apartment,140ff17150f80f41cba03cfae0ac64b52b527c5ea1b88d611caddfb0c0fae04b,other_urban,m16_25,m21_30,dong,98,8,22,32,32,4,24.0,전남광주통합특별시,광산구,신가동,,신가동
apartment,14129ba128b4c4e0bc15abb71f4857b70475ad84fa54c836ae112240d40eb68c,metro,m16_25,le20,dong,173,18,41,70,42,2,19.0,인천광역시,계양구,계산동,,계산동
apartment,14265185425abc4dee3730525e15c7970d4b6dc9ccd166815345bff466b5f71c,metro,m16_25,m21_30,dong,187,13,101,55,17,1,25.0,경기도,성남시,분당구,구미동,구미동
apartment,143781629f8bd2c5054aa93aafbfb4beb68f9bc2b21a6930e739c9e06b31c631,metro_city,ge26,m21_30,dong,244,12,64,102,63,3,30.0,부산광역시,연제구,거제동,,거제동
apartment,143b09c9cfb8011ae33f78ba2051eecead65d4def5e2221c7079f6e9496ef7de,metro,m16_25,le20,dong,492,27,137,208,109,11,20.0,경기도,고양시,일산서구,탄현동,탄현동
apartment,143d76b3cc964cd317d000deddbafb59fcb7ee15f251c42d4c07e3a0c798ebfd,other_urban,m16_25,m21_30,dong,216,8,47,91,59,11,21.0,경상북도,포항시,북구,양덕동,양덕동
apartment,1441314cfbe9ffa88814851798a6440863ee56519bd86799b3b87bc8f402bd1a,sejong,ge26,m21_30,dong,122,5,49,60,7,1,29.0,세종특별자치시,,아름동,,아름동
apartment,14518e6d55cf89a0684385b3ffce77bd5476449d590ef70f0f867709534f1219,other_urban,le15,le20,dong,135,6,26,58,34,11,15.0,강원특별자치도,동해시,천곡동,,천곡동
apartment,14544e12266c8d4bdf53040483cbc3b73759b379a8fc6c354533f0ee200ae24b,metro,m16_25,le20,dong,123,9,18,52,39,5,16.0,인천광역시,검단구,왕길동,,왕길동
apartment,1454becd3e1927e5b5462094b15fcd90a39f607cd25f1b8fa8e2205f809c0fb9,metro,m16_25,le20,dong,177,7,29,80,53,8,16.0,경기도,시흥시,배곧동,,배곧동
apartment,1462fa681ca1dd8e1dadfd355b4f19ffff028b07cc0cec93a60f9a100ec74b77,metro,m16_25,m21_30,dong,72,5,23,31,12,1,24.0,서울특별시,마포구,염리동,,염리동
apartment,1468eddb13bdc9387109f67b55b0c8c8113b511d872db66b045fe75baa2a1233,other_urban,m16_25,le20,dong,72,7,20,25,14,6,17.0,경상남도,김해시,안동,,안동
apartment,146c5dc83c6a01591259def69fedbf18db0cc0e818010f7ea9f90fca1d3ba242,metro,ge26,m21_30,dong,235,7,74,132,19,3,29.0,경기도,부천시,소사구,옥길동,옥길동
apartment,1475445c40b78f790c34739c08c9f7bc6aefcd0469f4d21eebb36ef48fd6fa34,other_urban,le15,le20,dong,93,6,20,44,16,7,15.0,전남광주통합특별시,순천시,조례동,,조례동
apartment,147c1972f889e9d429e28758fb4d301c4af630a525fc8a5dcc99577bee838d00,metro,m16_25,le20,dong,129,12,31,49,33,4,17.0,서울특별시,종로구,무악동,,무악동
apartment,1482c51d5c1846eb81e15f3f9fc14738daab6c42d806e02b758e609952ae2987,other_urban,m16_25,le20,dong,91,8,27,34,21,1,20.0,강원특별자치도,동해시,발한동,,발한동
apartment,1483c5a11d211538873abd53ee620c0c6212da2f454e4cd95c11209ecbd6c8fd,nonurban,le15,le20,eup,118,12,17,57,26,6,15.0,경상북도,경주시,안강읍,,안강읍
apartment,14846a593b3a07b85f6232be997a0290df1660d4ee4a5d3a17df221bd6073b5c,metro,le15,le20,dong,123,7,27,49,35,5,15.0,경기도,광명시,소하동,,소하동
apartment,14a04d2c653886ba7fe3ff4f1297f5bfc42a876ff376481964ad28693902d754,nonurban,le15,le20,eup,177,9,35,69,53,11,15.0,충청남도,홍성군,홍성읍,,홍성읍
apartment,14a34d582ca36239e8ff278e3761b68976b3c545020cd99fb41ed01153389d16,metro,le15,le20,dong,123,9,24,49,27,14,15.0,서울특별시,강서구,등촌동,,등촌동
apartment,14b5d560c2632e1849a64a21719dda1265d634f2d7263007e336ad84d97ac284,metro,le15,le20,dong,126,17,15,40,35,19,7.0,경기도,수원시,영통구,이의동,이의동
apartment,14bac662d0d49c171f48562d6307a5081043b8acff8c20df1e434a88d9869ecf,nonurban,le15,le20,eup,66,7,9,41,6,3,13.0,전남광주통합특별시,화순군,화순읍,,화순읍
apartment,14be299871720d26e9f2009a7c2e004635bfd849f6aafd915a31b9f998a46bd3,other_urban,le15,le20,dong,95,6,15,44,23,7,15.0,충청남도,당진시,원당동,,원당동
apartment,14d8db6bfe45be0b0c5f166554f1368574373d3ec2dbde53940848d13c988644,other_urban,le15,le20,dong,110,9,22,33,38,8,15.0,경상남도,창원시,진해구,용원동,용원동
apartment,14ddd6e65fd19ec7e93fe8786917fb807eb17c56252fb15b39845cef712fcd5b,metro,m16_25,le20,dong,128,13,34,53,25,3,20.0,경기도,용인시,기흥구,하갈동,하갈동
apartment,14f15d476068c548ffaf743a83a52d691ac2f47c41508b111753dcc8f45ca3a5,metro,m16_25,m21_30,dong,99,6,40,38,12,3,25.0,경기도,성남시,분당구,서현동,서현동
apartment,14fa0e86c9138db24b8b666dabd02d4428faa83915900371e35d64bd2b53dbd2,other_urban,le15,le20,dong,232,11,36,100,64,21,15.0,경상남도,창원시,성산구,남양동,남양동
apartment,1502d90359002400a82452d5f1abd29ed0d45db2c32871caff5d37e05ddc0937,other_urban,le15,le20,dong,95,5,22,45,22,1,15.0,강원특별자치도,삼척시,교동,,교동
apartment,150a49d9408a067ab2b60b7b405f3cbcc522fea66109f495c7570994b025428a,metro,m16_25,le20,eup,98,5,29,32,29,3,20.0,경기도,평택시,안중읍,,안중읍
apartment,150ca56ab48d7b85b6d0f605893df37333e4c435ac0791cf7e55c6ed1804dd31,nonurban,le15,le20,eup,51,6,10,20,12,3,15.0,강원특별자치도,화천군,화천읍,,화천읍
apartment,1522042acd51c5ff40e3222c8d7dc8d6c49ca6552ffba63a08f1f278c5cc78e0,nonurban,le15,le20,eup,80,15,0,35,14,16,6.0,경상북도,포항시,남구,오천읍,오천읍
apartment,15227efe19d694fcf83fb4cf36fca2689f566914b7acfe5700230988c8ea60c9,metro,le15,le20,dong,97,19,0,49,19,10,6.0,경기도,평택시,합정동,,합정동
apartment,152e70d2154b8452ee12f40ccebb6b0fa04def0cde825a196c27aaaf6c64edeb,other_urban,le15,le20,dong,105,18,0,44,22,21,5.0,경상북도,경주시,황성동,,황성동
apartment,153dfc69c7e916c53b66186c01b515c6a7c853bea7f5af27e139c5c7b8ed3fd6,other_urban,le15,le20,dong,66,9,0,27,16,14,5.0,경상북도,경산시,사동,,사동
apartment,1549ac16c669f9f081a96edb6eeb0586a1637314196d4d336eb0da205057b877,nonurban,le15,le20,eup,78,5,26,28,16,3,14.0,충청북도,청주시,청원구,내수읍,내수읍
apartment,154a2a364b248bd53e19f3004170615131f583c60983a74e8f0ac6b09128c90d,other_urban,m16_25,le20,dong,195,10,44,82,52,7,18.0,전북특별자치도,군산시,산북동,,산북동
apartment,154ec83c0e3a7a0f0d67b7816345d9222816750c20d2505fd3ac1af5e9d62bec,metro,m16_25,m21_30,dong,281,14,95,124,47,1,21.0,서울특별시,강서구,내발산동,,내발산동
apartment,155802e2a500d02d9fae786047543efa28a34160bca3f38ad06a705209df81e0,other_urban,m16_25,le20,dong,116,7,30,51,26,2,20.0,전남광주통합특별시,나주시,송월동,,송월동
apartment,1579f010a024c25627e064157f56afdb6c6ec2b15a308ed59904639824c7d7e5,metro,ge26,m21_30,dong,424,14,136,215,58,1,27.0,인천광역시,서해구,가좌동,,가좌동
apartment,157e661124200e69a4eeb851cca0fa427c6b0b41bc68a03a7939bd629f9fbfaf,metro_city,m16_25,m21_30,dong,124,7,24,63,26,4,24.0,부산광역시,북구,금곡동,,금곡동
apartment,1583a7dc49f81ea88eaf7dcae1dd1873e7137d5267bbf4618abb75065e938b5f,nonurban,le15,le20,eup,624,47,149,258,109,61,10.0,충청남도,천안시,동남구,목천읍,목천읍
apartment,158760d04a3ce760151aec5c1674f4a0b2d5935fdf874c2b872aef4c7c42eb86,metro,m16_25,le20,dong,284,19,90,128,45,2,20.0,경기도,고양시,덕양구,화정동,화정동
apartment,1592027410aaab7088a1a58c318ae76945cc64039f198e407d3256eeeda8b5a1,metro,m16_25,m21_30,dong,133,5,33,63,26,6,22.0,서울특별시,강남구,삼성동,,삼성동
apartment,159af19283d03ce21de5c98e07833f9e6e3d287e310c5bd73e5eb8cad9f4fc65,nonurban,le15,le20,eup,83,13,12,34,17,7,9.0,충청북도,음성군,대소읍,,대소읍
apartment,159dd62b2a625e1cc2e276d76edbbc8e70ac0e867ad74d7bd93141dcd1454a31,other_urban,m16_25,le20,dong,318,25,73,123,88,9,20.0,전남광주통합특별시,서구,풍암동,,풍암동
apartment,15a09df66042d317ca82c4b8fce7899380115436aae6e03c480825732a4b1283,other_urban,m16_25,le20,dong,449,24,115,223,78,9,20.0,경상남도,김해시,무계동,,무계동
apartment,15a4ca6e6eb00f94ab848be96242ed5ec5e6d198fd741d250d70beb2d91733f2,metro,le15,le20,dong,53,6,18,21,4,4,15.0,경기도,광주시,태전동,,태전동
apartment,15aab5164bad67278ceed1e52d5575cd9b0c553ec4ed50ca781d17c48c28faa2,metro,le15,le20,dong,97,6,18,42,27,4,15.0,인천광역시,검단구,당하동,,당하동
apartment,15b7e430043e2c748ad1e781cf85ab9230aeb51adb087a95f9c6ed839d397664,metro_city,le15,le20,dong,72,10,18,26,14,4,15.0,대전광역시,중구,대흥동,,대흥동
apartment,15d0f74d3c5f04ad568b6fbeaf059389cb580d89e2953b96284316fb5981ce1e,other_urban,le15,le20,dong,165,11,38,68,44,4,15.0,충청북도,청주시,상당구,금천동,금천동
apartment,15e123ac686feb1693412893fae91d3eb9780c0fafb91cf7285c5aa8759671b8,sejong,le15,le20,eup,74,14,0,29,15,16,5.0,세종특별자치시,,조치원읍,,조치원읍
apartment,15e2c6568a2dffbe15a72e17c0461a904379fb0a460952f984e1a007bf28af10,metro,le15,le20,dong,179,15,33,83,42,6,13.0,서울특별시,영등포구,여의도동,,여의도동
apartment,15fb9b8db87ff5aac0a0015f3f7d05f5dc2b8709d710669ce13cad2a853af41d,metro,m16_25,le20,dong,256,13,77,104,56,6,20.0,경기도,수원시,영통구,영통동,영통동
apartment,1601c97237a31accebf9930de9be882047afa8e92a457dfd20a123479fda4219,metro,m16_25,m21_30,dong,69,5,20,23,16,5,24.0,경기도,수원시,팔달구,화서동,화서동
apartment,16020ea0af4fbf7f466d8228ec2139533413c5974af4def816f1a0d1f8aadab3,metro,ge26,m21_30,dong,208,11,53,86,49,9,29.0,경기도,양주시,덕계동,,덕계동
apartment,1609bfef407ebf513def3cab1ec98cc4ecfa1f6eced2c6a2efa0f04491805921,other_urban,le15,le20,dong,331,17,63,129,99,23,15.0,충청북도,충주시,용산동,,용산동
apartment,161a2826b1587403893a3eacb660c8deef25623a770b5fa6875695bb2cc771d2,other_urban,le15,le20,dong,100,11,20,28,32,9,14.0,충청남도,아산시,좌부동,,좌부동
apartment,162e319ecf691ae3fe4cd90c11bd47012d1d7cd732715a5fcd12e4cb3a6a79b1,other_urban,le15,le20,dong,71,19,0,17,12,23,5.0,충청북도,제천시,고암동,,고암동
apartment,162f9ce159bf555233be43bf7c0ff25748028c9a6cbb8de8a3bc00425282c369,nonurban,le15,le20,eup,106,7,14,37,41,7,15.0,경상북도,포항시,남구,오천읍,오천읍
apartment,163ad2a9c576b0499a3c829979a1886d016c7178c45bcefa8f2123a0ab16fbda,metro_city,le15,le20,dong,75,9,14,34,12,6,15.0,부산광역시,북구,만덕동,,만덕동
apartment,163c7796366c8472748c298732a7a0c37a1273d6b2277540d8fc2b2c863743b7,metro,le15,le20,dong,343,17,74,140,90,22,15.0,경기도,고양시,덕양구,행신동,행신동
apartment,166364950f562ef17a78792fc2aa28a6a492f2bd9f4237732afbd50e06afc509,metro,le15,le20,dong,136,7,31,58,30,10,15.0,서울특별시,강남구,세곡동,,세곡동
apartment,1665b62c00c58a2a0ec3b69e76b3b2f6ce44023eb65e1a5784662ab33a078390,metro,m16_25,le20,dong,86,8,18,37,19,4,20.0,경기도,용인시,기흥구,언남동,언남동
apartment,16701cd4f9a6f1edb5ce36e69d89b1a1cbcef03b33d36c7ee464621887389912,other_urban,le15,le20,dong,110,6,24,45,25,10,15.0,전남광주통합특별시,목포시,옥암동,,옥암동
apartment,1683064208ccd8d50e0ffe04c1c0e6bf839dccb2769690c24457a5ebba568eb0,metro,le15,le20,dong,207,12,43,81,51,20,15.0,경기도,평택시,비전동,,비전동
apartment,168ed79a1fe4cceb921f5b18fe8a2a24c6bc9ce2e233e3a8f47c08ffcb83e773,metro,m16_25,le20,dong,67,7,19,27,11,3,20.0,경기도,용인시,수지구,상현동,상현동
apartment,169ee38e104cf8a01a079ec3be96f247ae68b50230eef8735e1a1867b57641c0,metro,le15,le20,dong,68,5,9,29,22,3,15.0,인천광역시,미추홀구,용현동,,용현동
apartment,169ef93fe93bb5cd68548f825a5b15495b7d53cdefb674a476106084a9b6c56d,metro,le15,le20,dong,109,7,19,44,34,5,12.0,경기도,평택시,비전동,,비전동
apartment,16a4b950eb26b06f3778840346736fef28d3946d9614522477ddefceca7cdb90,metro,le15,le20,dong,95,5,25,42,19,4,15.0,경기도,성남시,중원구,중앙동,중앙동
apartment,16ac001b1f2a377d8fc56301bc0dfede2ce8a922b1a7f10ee2e2fd9f0f7589f8,nonurban,ge26,m21_30,eup,71,6,16,27,20,2,27.0,충청북도,진천군,덕산읍,,덕산읍
apartment,16b290b3cfcc564c381c11205bbdc8517c61146df85564d1ef6e0617af0b1315,metro,m16_25,le20,dong,91,8,20,40,19,4,20.0,경기도,이천시,증포동,,증포동
apartment,16d16659bbb5e202eb9d97c211c40661225d0813228dd3a1dcb0fcd132531e41,metro_city,le15,le20,dong,188,23,49,73,35,8,10.0,부산광역시,강서구,명지동,,명지동
apartment,16f0b3749b04cb56da6551af3e1073b146b5470f24790fff5144cda986df7c1b,metro,m16_25,le20,dong,139,6,39,67,26,1,20.0,인천광역시,영종구,운남동,,운남동
apartment,16ff4a668cf3a8c4b419d945a262010e1039856b918bb0bc42969f1dc0943cc0,nonurban,m16_25,le20,eup,98,5,22,43,25,3,18.0,충청북도,진천군,진천읍,,진천읍
apartment,170475618f39c51d714439e7c75731c7078d87f3ecae924544185995c0e66bfc,metro,ge26,ge31,dong,237,8,101,98,29,1,35.0,서울특별시,강남구,개포동,,개포동
apartment,170a23094b2e0d08361c2c45a0250008f57efe65813878415035ae2221da9de9,metro,m16_25,m21_30,dong,128,5,45,50,26,2,22.0,경기도,용인시,기흥구,보정동,보정동
apartment,170f1fe5bbc375569dfc6b3135ce951c1cbbfd86ee8c398f68418a40fd28974a,metro_city,m16_25,le20,dong,177,12,45,94,24,2,16.0,울산광역시,중구,남외동,,남외동
apartment,170f7084f2a13d79ab92f6f877d197654fb2d12b0a43c635261fd30f1fdd0d07,other_urban,le15,le20,dong,133,5,31,57,34,6,15.0,충청남도,천안시,동남구,신방동,신방동
apartment,1712ab3615464e3bcceed48cfc517c8bf950ebcde3ec84b6840ee35629fe697c,other_urban,le15,le20,dong,105,20,0,42,26,17,5.0,전북특별자치도,군산시,나운동,,나운동
apartment,1715c1ed178ff6c919f3561ccf3a633dfcc36cf93ce6b5a0486a38aa5f1ae058,other_urban,le15,le20,dong,59,13,0,23,8,15,5.0,전남광주통합특별시,여수시,국동,,국동
apartment,171bd5acc1bf51a72e32f202c4432f863df2b3e124082087e014c663da053112,other_urban,m16_25,le20,dong,133,5,22,67,35,4,20.0,경상남도,거제시,아주동,,아주동
apartment,1729b29635823401c773af510b8bbcbb7c6b4143d6cf355316753819bdf16062,other_urban,le15,le20,dong,181,13,35,69,48,16,15.0,충청북도,충주시,연수동,,연수동
apartment,172bbfb1e093045d1e485d293980c763cb921d8900566226fa8f175e30998826,other_urban,m16_25,le20,dong,125,11,32,43,37,2,18.0,강원특별자치도,강릉시,내곡동,,내곡동
apartment,173975fee8e45f9a558b7d6550ad908be6c46e55cc93ff20959b4eb27830f38d,metro,le15,le20,dong,317,21,65,130,79,22,15.0,경기도,파주시,야동동,,야동동
apartment,174106c6a124455fe11914cec11285d3bca7269675137b9850a3c5c9830f5fdf,other_urban,m16_25,m21_30,dong,97,5,23,52,12,5,23.0,경상북도,포항시,북구,우현동,우현동
apartment,174124aca14d9f279d12e7bef3df0d3431096c28494a0af7020fa280f9cc8ad8,metro,le15,le20,dong,71,10,0,34,13,14,6.0,인천광역시,미추홀구,학익동,,학익동
apartment,174f40137d21b4b5c22f4a835074b079702bc9c7be79179dfae0dcb63b35c9dc,metro,m16_25,le20,dong,115,6,20,53,31,5,19.0,경기도,의정부시,민락동,,민락동
apartment,175b212af1ccf052158ffb5db479faa2f4e281c53d6d01d18f1ec4519786cd6a,other_urban,le15,le20,dong,506,33,93,215,123,42,15.0,경상북도,포항시,북구,용흥동,용흥동
apartment,175b848f5f4ebe940a9d1a8749d6a3b0bac832d0a562ddce9212a8ee0928aa47,metro,le15,le20,dong,189,18,34,88,36,13,15.0,서울특별시,강북구,번동,,번동
apartment,1760e290343a1e1d3a82d31fb933625509517a42df7d584a1db31db8456f642f,other_urban,m16_25,le20,dong,171,8,51,68,35,9,20.0,전남광주통합특별시,광양시,마동,,마동
apartment,17670e679172b6348f49b066cd492432247010207b9042fd9c2557b4127fb6d2,other_urban,ge26,m21_30,dong,174,7,33,88,44,2,29.0,충청남도,천안시,서북구,불당동,불당동
apartment,176d743ab60530ad21322e7c0688cb167ff6b80b517a667831cfd6b42731d1a2,other_urban,m16_25,le20,dong,687,39,154,275,187,32,18.0,경상남도,창원시,성산구,반림동,반림동
apartment,176ee321acc61c54774ffb0ae65d49f2e639f96503827dee497fe7ab9333333a,metro_city,le15,le20,dong,295,31,43,115,82,24,15.0,대전광역시,서구,탄방동,,탄방동
apartment,177d1fd6eceb6850c62cbe75acf1b1cac452d197a75436f6daa14443f9ae87a7,other_urban,le15,le20,dong,124,9,26,52,31,6,15.0,전북특별자치도,전주시,덕진구,여의동,여의동
apartment,178a9bfa1c3a062ff73730fbd9f777da92574656d79290ff8ba81ffa2383c228,metro,m16_25,m21_30,dong,215,10,62,105,33,5,25.0,경기도,의정부시,신곡동,,신곡동
apartment,178d28cfdd7d1a5d7662c4f259feeb508baa72973dd862488a237200d32061b9,metro,le15,le20,dong,251,14,60,110,54,13,15.0,경기도,안산시,단원구,고잔동,고잔동
apartment,178d3f4c70549cfb35bc2dd644d89e5e95ea9f0885f35e3a71e32e60198eb04c,nonurban,le15,le20,eup,53,5,0,17,15,16,5.0,전남광주통합특별시,해남군,해남읍,,해남읍
apartment,179bda5c7adc816f5bc3ef8967151ef297e228addc68fac3b9efd1deb806b2e0,metro,le15,le20,dong,122,10,18,51,38,5,15.0,인천광역시,연수구,연수동,,연수동
apartment,179c3950e3515416cb88f39adcdd93fa6e718ae27ae26420a5e39f1919363e80,metro,m16_25,le20,dong,163,7,42,73,31,10,18.0,경기도,용인시,수지구,성복동,성복동
apartment,17a22be3b6405b91d1b18a084dde6d056e33f33536ebbd9e32abdb5e1277b024,other_urban,m16_25,le20,dong,256,27,62,93,61,13,19.0,전남광주통합특별시,북구,문흥동,,문흥동
apartment,17a7b0c2cb6f6fc2ef85a5f5e5c5f07edf0f15a29e5a484ed166688ca6bf8267,metro,m16_25,le20,dong,89,9,20,43,16,1,18.0,서울특별시,은평구,수색동,,수색동
apartment,17a86484103a88def0852096a647b4e99f3b88f8f9e9b6fa286391ca2ec5befa,metro,m16_25,m21_30,dong,130,5,37,63,22,3,24.0,경기도,부천시,원미구,상동,상동
apartment,17aaee607cd1cd501dc911000eb8b5de53eafe3d3c9fa9462d8498ed18339f1e,other_urban,m16_25,m21_30,dong,140,6,42,56,35,1,24.0,충청남도,천안시,동남구,신방동,신방동
apartment,17afb3838fc11422aa3a5502af7c92a3fae962cb1ed348ac92689bc21e7fa256,metro,m16_25,m21_30,dong,100,5,23,49,20,3,23.0,경기도,의정부시,용현동,,용현동
apartment,17e49266c71af9958ba7ace1c49fd3b1d6149e487741df25898ae9bd1af44873,metro,le15,le20,dong,139,30,0,52,25,32,5.0,인천광역시,연수구,동춘동,,동춘동
apartment,17eb944fdffc228bb879dcfc0e10d0941a7f45ecb520b8c9c864441e406656f0,other_urban,le15,le20,dong,54,9,0,25,9,11,5.0,강원특별자치도,원주시,태장동,,태장동
apartment,17f39f89ed0d4ca35885f6b82187cd39d43b1be97783f9d18bab4cf273476a89,metro,ge26,m21_30,dong,266,28,132,97,7,2,28.0,경기도,성남시,분당구,서현동,서현동
apartment,17f50d0c96558478d90f19e96d8989b14ef9277ac740bfb7edb186dddcac6911,other_urban,le15,le20,dong,241,15,49,92,65,20,15.0,전남광주통합특별시,광산구,월곡동,,월곡동
apartment,1806b46ef4618459dbbabf3d561f39abd00e302b34c0bc05ea3da720f6a4ee87,metro_city,le15,le20,dong,106,15,21,39,23,8,15.0,울산광역시,동구,화정동,,화정동
apartment,1813cd2f5e0076b0af93199581d3c0fa410edb6aa01a7427473d918c060982ce,metro,m16_25,le20,dong,217,14,60,83,56,4,18.0,인천광역시,검단구,당하동,,당하동
apartment,1815db43c7c4eb8897ae52490c282e7b1de8e470a43df116c4ad4c026ff3c01d,other_urban,le15,le20,dong,150,9,24,64,39,14,15.0,충청남도,공주시,신관동,,신관동
apartment,18297b29d2758d9e160cf52bd54917f5d198ee29f1c5a0abef1ed1281907c734,other_urban,le15,le20,dong,103,13,23,40,26,1,15.0,충청남도,공주시,신관동,,신관동
apartment,1833e344cd87f3cb3dfc6a56b8217c3818b54c933e4ed8da99177bb29df49e96,other_urban,m16_25,le20,dong,217,10,70,105,27,5,20.0,경상남도,창원시,성산구,대방동,대방동
apartment,183ed4ff4571e488bce1f9b0b725e1790c8105e23522a4026dc8158a75360ea4,other_urban,m16_25,le20,dong,106,12,25,47,19,3,18.0,경상남도,김해시,삼문동,,삼문동
apartment,18408e34875594da2e0a01b0e189c2e4394e7ad90cc2711fa536fad28b7efcd0,other_urban,le15,le20,dong,59,5,10,33,10,1,15.0,충청북도,청주시,상당구,영운동,영운동
apartment,18460235b5668b222c237c8859c897a4182b890f19e31cb7cf0d3182db236e28,metro,m16_25,m21_30,dong,144,6,33,82,22,1,23.0,경기도,안성시,가사동,,가사동
apartment,185a77e86363ebd10529057fb0117360d822fd83f91cfc397334c0b662a75378,nonurban,m16_25,le20,eup,100,7,30,41,20,2,20.0,강원특별자치도,횡성군,횡성읍,,횡성읍
apartment,185f599e7e64c99c659b6a7f5924cc430a7b50ecd51dc1692b0d38d055e3c485,metro,ge26,m21_30,dong,216,14,92,96,13,1,27.0,서울특별시,강동구,성내동,,성내동
apartment,1866680541034fa914010b243d18cc242ef9801ae620f22e58af2a63b7c4688c,nonurban,le15,le20,myeon,381,34,82,178,66,21,10.0,충청남도,서산시,성연면,,성연면
apartment,18792308be291e383f89740cb14557a800f57b58259ebe50fcf2c92b4811de88,metro,ge26,m21_30,dong,303,9,73,132,82,7,28.0,경기도,화성시,병점구,반월동,반월동
apartment,187ae426bbfc3c5b53eb70485c3301368b56eaef961bc19a45adc500e3db22be,metro,m16_25,le20,dong,226,20,78,106,19,3,20.0,경기도,안산시,단원구,선부동,선부동
apartment,187b5cc587ca52226dd7117c1a13d8e0c813a3e61642e76c5a1ddc049245cae0,metro,le15,le20,eup,82,9,15,38,18,2,13.0,경기도,양주시,백석읍,,백석읍
apartment,1887b2527acff71ccfeb7335606e753a6371c5c8a6a1bbb1c86aa94403d985e5,metro,m16_25,le20,dong,99,6,25,45,22,1,20.0,인천광역시,연수구,옥련동,,옥련동
apartment,188a8507d7b49a19d3865206b5515717248257788fedb4cd5523516be7341b0e,metro,le15,le20,dong,252,11,47,115,68,11,15.0,서울특별시,노원구,상계동,,상계동
apartment,18a2a1fdf5dfcff19420c9d71e31951e4270b5a9446500d5acbea1da43c49068,metro,ge26,m21_30,dong,167,6,58,86,16,1,28.0,경기도,구리시,갈매동,,갈매동
apartment,18a9d0db8a1310a5ae82c340341a9cdb251d5eaf3600ce876a7924f9f8000540,metro,m16_25,m21_30,dong,133,8,42,73,9,1,24.0,경기도,성남시,분당구,구미동,구미동
apartment,18aee401caa2d968739901e7a1be11e2cb92cafdc977532b03ef9f5cb574b9c7,metro_city,m16_25,m21_30,dong,136,8,27,67,29,5,23.0,부산광역시,사상구,모라동,,모라동
apartment,18c857c24d880d7d2556f326b2083569ba6d3040c8343f83aa7117b92443766e,metro,m16_25,le20,dong,164,5,39,75,42,3,20.0,경기도,화성시,동탄구,장지동,장지동
apartment,18ca2dca27b310429b025fabf7ff86c4d54aca8200551e3f1f6b66a7b45c4e15,other_urban,le15,le20,dong,126,9,28,48,31,10,15.0,전남광주통합특별시,여수시,덕충동,,덕충동
apartment,18dc28197fc8c2931d7f9226c7d57f542a848fe7de4ec021fed0fa8b04a3a577,metro,le15,le20,dong,80,5,15,31,21,8,15.0,인천광역시,검단구,마전동,,마전동
apartment,18ecb409c40d180a8718567a7bd186118c51521b92230d933b99816bcb3894b6,metro,le15,le20,dong,55,6,15,21,11,2,14.0,서울특별시,용산구,산천동,,산천동
apartment,18ed0586147b7fba8d78023cd0aba1d0359f695e9c72a58ec30e8b42c9eea02d,other_urban,m16_25,le20,dong,135,8,32,60,32,3,18.0,강원특별자치도,원주시,단구동,,단구동
apartment,18f062d3c9c76c7684756f2b775ab15433e81ef1f5b310f49873ac65f373877f,nonurban,m16_25,le20,eup,130,7,35,50,33,5,17.0,강원특별자치도,원주시,문막읍,,문막읍
apartment,18fb025850092d27aeef301d086aad332939da45825aeaaf4f7d3814a12bc9a7,other_urban,le15,le20,dong,51,5,10,24,11,1,15.0,경상북도,안동시,운안동,,운안동
apartment,190594d449178a6e18b9778330c6b6bd415ba9b1f406fb36b518ebcceb9216f2,nonurban,le15,le20,eup,69,7,19,23,18,2,15.0,경상북도,포항시,남구,오천읍,오천읍
apartment,1915604ec0b9010af3cc61fa28352620632b1057ae56c757b382c8aa30897869,metro,m16_25,m21_30,dong,70,10,33,20,6,1,21.0,경기도,안산시,상록구,사동,사동
apartment,1920ab3e57cc320ea88482cedefe7b61800978e699e263b98294e81de2ac62b2,other_urban,le15,le20,dong,51,6,0,18,11,16,5.0,충청북도,충주시,안림동,,안림동
apartment,19241c2bee04d6810c4a1d343350d994bc4a08a0569bc5667eb0d6cf4ad0f131,other_urban,m16_25,m21_30,dong,77,5,16,37,17,2,23.0,전남광주통합특별시,북구,양산동,,양산동
apartment,1925fa16118798a6fa1836d8ff4119ee0149b830f464c50254b3204924bd421c,metro,ge26,m21_30,dong,507,11,140,225,120,11,28.0,경기도,의정부시,민락동,,민락동
apartment,192f23292a656d05bc58d9c4f98352af7836e88388cf81a24220f1168baaf132,other_urban,le15,le20,dong,50,11,0,24,10,5,5.0,경상남도,거제시,옥포동,,옥포동
apartment,193c2b3167e35a4f3ea652438ed4c32bf415df5a79d0364b22b4a5bf5aad3ff4,nonurban,ge26,m21_30,myeon,209,9,64,95,36,5,29.0,강원특별자치도,원주시,지정면,,지정면
apartment,1941d05226159528f41996cb9871bccde21c19ff1e1b81de4faf6cedbd0e618d,metro,m16_25,le20,dong,50,6,11,17,12,4,20.0,경기도,용인시,처인구,고림동,고림동
apartment,19482b2870f63cd770b87a7eb59d479dec707e6cbbf405d152731baf9319d829,metro,le15,le20,dong,63,16,0,26,10,11,5.0,경기도,파주시,아동동,,아동동
apartment,1949e7402c043bc588122c6c21e32d27cdaf540546eb2b1939db5df51d992c10,metro,ge26,m21_30,dong,147,5,52,67,22,1,30.0,경기도,평택시,고덕동,,고덕동
apartment,194ba1a1bc844c8751e0f499e792e8127784080b505c6c28d1b8504382317ff6,other_urban,le15,le20,dong,160,20,82,44,13,1,15.0,충청북도,청주시,흥덕구,운천동,운천동
apartment,194cced8c8d41047d4e5069e943708e57c75cd9fead77fdb4764b2cbc982da23,metro,ge26,m21_30,dong,408,16,111,188,90,3,29.0,경기도,남양주시,다산동,,다산동
apartment,1955a458d43bfe122aadf05f3f8d4f07a0232e5cec8ce6eafad27dd99ec3c4d2,other_urban,le15,le20,dong,71,6,12,25,19,9,15.0,강원특별자치도,춘천시,석사동,,석사동
apartment,19583844e7a3c1bb8ff2d95af7aa884408e9792d0b12dc450c04a02e17e2da6b,nonurban,le15,le20,myeon,264,17,58,110,61,18,15.0,경상남도,사천시,정동면,,정동면
apartment,195859a4af63f87bc5ec124556cc9de2c448df27a2bfc9ea830c06f016bdc734,other_urban,le15,le20,dong,92,7,18,35,22,10,15.0,전북특별자치도,전주시,완산구,서신동,서신동
apartment,195d424b01dddc54a8c57284da564a0bbd0586f6266285407cdcee6effa65a92,other_urban,le15,le20,dong,300,33,53,153,60,1,13.0,강원특별자치도,춘천시,효자동,,효자동
apartment,19638789ea1150e2a601b5d2b6ed503ce6be5153aeaa8710581c840ce6d14118,other_urban,m16_25,le20,dong,169,11,49,75,33,1,20.0,강원특별자치도,속초시,교동,,교동
apartment,19644b9c943c5e0d03501183063e2f753a779f2d97eb8483818d930e98673033,metro,le15,le20,dong,73,5,16,30,18,4,15.0,서울특별시,서대문구,홍은동,,홍은동
apartment,197a8564308374218b2add3d0a048c5996395ce465520cd1fcfe78ff4aaefe30,metro_city,ge26,m21_30,dong,307,5,79,131,84,8,30.0,부산광역시,강서구,명지동,,명지동
apartment,197da044ae7b003a8706c60453227ebb8e919859dbe8e2e3137a318ffc3e7087,nonurban,le15,le20,eup,151,12,31,60,34,14,15.0,충청남도,천안시,서북구,직산읍,직산읍
apartment,198be0ac06e8ee04f2a1d7b816ec5f1a22dc9e750c50a166ba29c1f5cf915017,metro,m16_25,le20,dong,244,25,63,137,16,3,20.0,서울특별시,양천구,신정동,,신정동
apartment,198d700b5fc5221f088ccfc38be9bed199a39fd6965a778f25b10c880128f7fc,metro,m16_25,m21_30,dong,144,8,34,57,42,3,24.0,서울특별시,도봉구,창동,,창동
apartment,198fe4d010eadaaff8ce20c9b09ae75ba799848341f617d8b861a29d973db47f,metro,le15,le20,dong,105,9,16,47,24,9,10.0,경기도,평택시,독곡동,,독곡동
apartment,1994ca67640646f1b219ad20c8c577315a1b546ed5d8b5352de40d0cdee8273b,other_urban,le15,le20,dong,200,18,62,91,25,4,14.0,강원특별자치도,춘천시,우두동,,우두동
apartment,199e27a646f3852f8bbf7937ec9dec5863bde1c41c8c7e6f88a2688188a293ad,other_urban,m16_25,m21_30,dong,113,7,26,46,32,2,24.0,충청남도,공주시,금흥동,,금흥동
apartment,19a1684318eb2f2d8a75dd2fcd19e56cc1396d57efe73be86eb4a8229ea39b94,metro,le15,le20,dong,255,13,44,111,67,20,15.0,경기도,광명시,하안동,,하안동
apartment,19a8c1ab0dce7afa1415d92ecaa9ec7112247a63914eae0a18adca264ac1db2b,metro,m16_25,le20,dong,80,5,23,29,22,1,18.0,인천광역시,서해구,연희동,,연희동
apartment,19af65b2f6b040439ce04d676565075a6a10d78d6baeceb7064daaa7a60413fc,metro,m16_25,le20,dong,296,17,81,140,52,6,20.0,서울특별시,중구,신당동,,신당동
apartment,19b6a0a0cedd84323d4111ef72267fdc250462b5037b85a291363701b0b4e92e,metro_city,m16_25,m21_30,dong,105,8,33,46,16,2,22.0,울산광역시,남구,신정동,,신정동
apartment,19b87a596a79c7efdc93f341dd217c32bdd7d546253a9385e43f3af539b2376a,other_urban,le15,le20,dong,136,7,32,49,41,7,15.0,충청북도,청주시,청원구,율량동,율량동
apartment,19c006a8cd7b1c9c352c8f3fa74dbc254b46d6d499ce326c33d77722cc6d121b,other_urban,le15,le20,dong,53,12,0,18,8,15,5.0,경상남도,창원시,성산구,사파동,사파동
apartment,19ca6eac7ae516621949cf2119d2a0ca6d1cddab28eb2fbbe84fe0ef1476b431,metro,le15,le20,dong,71,13,0,33,13,12,6.0,인천광역시,연수구,선학동,,선학동
apartment,19cc460da92fc99abf010a25b5aa06393fc80a9968dd45ad76fe61d99625f812,metro,ge26,m21_30,dong,211,14,61,111,21,4,29.0,경기도,용인시,처인구,역북동,역북동
apartment,19cc93a09c3a0da07652aa31d117bd25a407fe48cd85ccf3159ca1e120e12653,other_urban,le15,le20,dong,120,16,31,48,20,5,15.0,전북특별자치도,군산시,나운동,,나운동
apartment,19cc95195a1d2921e8990b0b3c9f4ccfa5a264b4c91a82cc5167c0a23afd1cc2,other_urban,le15,le20,dong,113,5,35,47,21,5,15.0,충청남도,천안시,서북구,백석동,백석동
apartment,19d5ec031c3f96143dd367ec6b20e3b9114e7a3f18ac7baf8afd967951d21940,other_urban,le15,le20,dong,65,7,15,20,17,6,15.0,경상북도,상주시,무양동,,무양동
apartment,19e2117cb4c87c94102ea7c19b485f2cc2a6c8de1cddcd061052dba726b785dc,other_urban,le15,le20,dong,134,34,0,61,19,20,5.0,전북특별자치도,익산시,마동,,마동
apartment,19e4b99bcec77ee66cbe17593d1e403ed2db5e61c83357b36e6360f19be7195d,other_urban,le15,le20,dong,77,5,16,25,23,8,15.0,전북특별자치도,전주시,덕진구,송천동1가,송천동1가
apartment,19ecdf7ee9b402da9081e77203489711b0a90f05182f693587f9d65bc7c61595,other_urban,m16_25,le20,dong,203,9,49,77,56,12,18.0,전북특별자치도,전주시,덕진구,호성동1가,호성동1가
apartment,19ef56274fc0b5c3ff85114f946be3586edca5e84e6f747977e8eed5f38d2a9a,other_urban,le15,le20,dong,62,12,0,31,6,13,5.0,강원특별자치도,춘천시,후평동,,후평동
apartment,19f6a8513bb1fa4191ac25ee4915d4e74c6330d37cdecf17e4fcfc4171c5587c,other_urban,le15,le20,dong,166,8,30,69,51,8,15.0,전북특별자치도,전주시,완산구,평화동2가,평화동2가
apartment,19fa7957f4cd6ba59c33e31af530dfdbc56bfb9ce90454101ad70394f48ca354,other_urban,m16_25,le20,dong,819,44,181,377,208,9,19.0,전남광주통합특별시,순천시,조례동,,조례동
apartment,1a05cd1e7b8a34c6292839a25c784de5bdf99ad233399b7d28ba3c055bf8eaa8,metro,le15,le20,dong,328,28,88,131,69,12,15.0,경기도,성남시,분당구,수내동,수내동
apartment,1a0dbee69e9530248fffd5268e8c3a3e2a0940db25d23ad5db719cbe82895fb4,metro,m16_25,m21_30,dong,190,16,43,81,47,3,23.0,경기도,성남시,중원구,하대원동,하대원동
apartment,1a0e6aa9e51d51306de7dd4503689c47b1bd9f14b42d2ed19159740cd088c693,metro,le15,le20,eup,137,6,42,56,26,7,15.0,경기도,평택시,포승읍,,포승읍
apartment,1a132c298db229253a51ace774d7992991cf086cc197f75301b3de4ceaafc827,other_urban,le15,le20,dong,104,20,14,47,17,6,9.0,경상남도,창원시,진해구,자은동,자은동
apartment,1a14060f38161b1a62641fba1f98dc6ed254de00b689ae296c812b0d8b70b6c9,other_urban,le15,le20,dong,115,12,18,48,29,8,15.0,전북특별자치도,전주시,덕진구,우아동2가,우아동2가
apartment,1a153e9f0c4ae550eadc48800ef9acad3f543825d56460f55dda99189a0a4592,metro_city,m16_25,le20,dong,198,10,46,81,60,1,18.0,울산광역시,남구,무거동,,무거동
apartment,1a21691e4a36cd86e56b4e04ced04fcb473f5f70850e455fd00f73aeeaa4f83b,metro,m16_25,le20,dong,141,5,45,67,20,4,20.0,경기도,성남시,분당구,야탑동,야탑동
apartment,1a2f22adcc11c10fc25d59ffe2a13d692302ff665465419499aa25d6c9521dd0,nonurban,m16_25,le20,eup,111,12,14,43,35,7,16.0,충청남도,예산군,예산읍,,예산읍
apartment,1a2f5bfe6406a8071ab09264be730101454b2ecd52c15016a0f526f1600479b1,metro_city,le15,le20,dong,88,5,16,45,17,5,13.0,울산광역시,남구,삼산동,,삼산동
apartment,1a30a9955d27fc8c5e8efbc339d3b6dba9d64d9eff6d16f30529a642811d5052,nonurban,le15,le20,eup,147,9,28,52,48,10,15.0,충청남도,아산시,배방읍,,배방읍
apartment,1a34dde49c9f79c866c5ce3fcad2a19c9580b5243629f78f9d553ffba7041783,other_urban,ge26,ge31,dong,211,7,77,97,28,2,33.0,경상남도,김해시,내동,,내동
apartment,1a37de2fb5794a905c6b1b157afd19cf7894df611eecad2d753504b5f4e0501f,other_urban,m16_25,m21_30,dong,159,5,43,77,30,4,23.0,경상남도,창원시,성산구,안민동,안민동
apartment,1a3828e2f5b15d44e9ed3678b2040faf727fb3e0c6662e9b1fda8e773e5e7216,metro,le15,le20,dong,50,9,0,23,11,7,5.0,경기도,시흥시,미산동,,미산동
apartment,1a383b421533cd33830c7f505794e31671d8d9733b0854d42c39cf6a99ca5980,other_urban,le15,le20,dong,163,13,39,68,41,2,14.0,경상남도,김해시,삼방동,,삼방동
apartment,1a39e38c84d2c1a48e64441c51473eb0fdd8486dbd8066bb10336ec14d9229a2,nonurban,le15,le20,eup,83,12,0,26,21,24,5.0,경상북도,경주시,안강읍,,안강읍
apartment,1a484fbf64f1261581209bf57bb3490c631418eea30f9ea0088fc626bcce0f4e,metro,le15,le20,dong,56,14,0,25,6,11,5.0,경기도,부천시,오정구,오정동,오정동
apartment,1a4b33acb7a79ec87d5be198f807010dbdc67e541ed2c51ea1ae52ad02f20af1,metro,m16_25,m21_30,dong,215,5,63,94,47,6,24.0,경기도,수원시,권선구,오목천동,오목천동
apartment,1a5c9c5edb7f01949a70e51233ea01ba8417c90f307c4651b020de34c0e3ace5,metro,m16_25,m21_30,dong,472,27,114,222,97,12,22.0,인천광역시,부평구,삼산동,,삼산동
apartment,1a5cff77ac3ea797f00c246db87e4dcc0f07abc4881310d1ce0d7ee33c801ecc,metro,ge26,m21_30,dong,209,8,72,100,27,2,28.0,경기도,부천시,소사구,옥길동,옥길동
apartment,1a6f0f5bf133a6038bfc65f6f2c56a283d402ed80ee02204cd4e5487307fc078,metro,ge26,m21_30,dong,184,5,71,84,22,2,30.0,경기도,화성시,동탄구,반송동,반송동
apartment,1a7ee8d841f12a916498b4974327d72ea8c23eb4f8bad1dd40f87e2f6ccaff2c,metro,m16_25,le20,dong,115,7,27,48,28,5,19.0,경기도,용인시,수지구,동천동,동천동
apartment,1a8da0433089d9333719f13c8ff2b63b0431b2703e31291722fb2560eb5d771d,other_urban,m16_25,m21_30,dong,93,7,24,49,12,1,22.0,경상남도,창원시,진해구,자은동,자은동
apartment,1a95147ed1ded61ac1eeb3679563c14c18cbf8e9f2b69165623b61002140488f,metro,le15,le20,dong,253,19,58,82,79,15,15.0,경기도,안산시,상록구,사동,사동
apartment,1aa2f6975b8a117ae3cc8a3f8395078efb1db316e1d46374057e991debf2078f,other_urban,le15,le20,dong,360,30,63,125,112,30,15.0,강원특별자치도,춘천시,석사동,,석사동
apartment,1aa8d21be64d492ea0ce70d2d3334b9b50af69bfcd00ea1cb0cd09cc9a93336d,metro,le15,le20,dong,154,9,35,55,46,9,14.0,서울특별시,노원구,월계동,,월계동
apartment,1ac2b5ebf812de703be8b83ffca532036c8dfa3497e5cf52648c1d03da50ed61,other_urban,le15,le20,dong,125,5,29,62,28,1,15.0,경상북도,상주시,신봉동,,신봉동
apartment,1ac2f857c1e98d2beaa67b1fd1200dcb00d47def2432075de2a388b6743ee62a,other_urban,le15,le20,dong,91,10,16,41,18,6,15.0,경상남도,창원시,진해구,자은동,자은동
apartment,1ac76b9e0b08d6b4b82a8dfee1271efc2a36174dc9f227b4dba22c4ccaab7927,other_urban,le15,le20,dong,87,10,15,35,20,7,11.0,경상남도,김해시,동상동,,동상동
apartment,1ac8b4547c950c7e8d12ce0dd63e08b51bbd7bb0c1ece5ab7d8417d2fd7a451d,other_urban,le15,le20,dong,89,18,0,36,15,20,5.0,충청남도,보령시,죽정동,,죽정동
apartment,1acb76537146d442e57799b3a95d4220d8b15f724182a735e667a12be27d6124,nonurban,le15,le20,eup,102,10,16,45,22,9,15.0,경상북도,칠곡군,북삼읍,,북삼읍
apartment,1ad38c70732b445e3622ebf8477d1455a9ff27513df269e710ddf61b9c056db1,metro,m16_25,m21_30,dong,329,7,94,135,92,1,25.0,경기도,양주시,옥정동,,옥정동
apartment,1ad4b426627717c3aeee625ed977ab06f8d6acc64a42f7970c007d275dab55a1,other_urban,le15,le20,dong,141,5,29,70,30,7,15.0,경상북도,영천시,봉동,,봉동
apartment,1adb7f24899bd9ca25d71b093954766e7d10cf78144cc12aee47f145bdd72e9c,other_urban,le15,le20,dong,128,8,34,52,25,9,15.0,충청북도,충주시,문화동,,문화동
apartment,1ae544115e55aedeb260c9c631083568f0e4c52b3cc449dd9f2238352dd8723d,metro_city,m16_25,m21_30,dong,279,15,71,110,74,9,25.0,부산광역시,부산진구,양정동,,양정동
apartment,1ae8ac73a4f941d2c3c20915558d39765a7f96a8705d6b8d2b9c7f6c96ea7566,other_urban,le15,le20,dong,51,5,15,21,9,1,14.0,강원특별자치도,춘천시,근화동,,근화동
apartment,1aed0903f793a4b0535b60784f592fad8ffb9fa9953ba5c3edf6256f86c9d596,metro,m16_25,le20,dong,101,6,28,42,24,1,20.0,인천광역시,서해구,연희동,,연희동
apartment,1af348b0e489ff880017570030ee12d94d1add323b9e235faa5152512d2edc58,nonurban,le15,le20,eup,258,14,51,100,63,30,15.0,충청남도,금산군,금산읍,,금산읍
apartment,1afac34fd1206ef77dcc8a7ccd47f004de174d0c8322aafdc15377f31fe720e3,nonurban,m16_25,m21_30,eup,66,7,16,25,17,1,21.0,경상남도,창녕군,남지읍,,남지읍
apartment,1b001db068dd7aa9381e504eb6109c9f61efad6975170d8a6855511640d51fee,metro,m16_25,m21_30,dong,276,13,73,133,56,1,23.0,인천광역시,제물포구,만석동,,만석동
apartment,1b058c351a83a60e7c54fd88fbfd842bb0394a8497c1b05048885601944e918a,metro,m16_25,m21_30,dong,88,6,18,39,24,1,23.0,경기도,남양주시,별내동,,별내동
apartment,1b0e1956a73d16e43b2aef323935f79b6ed45417eacf830da9bbe8150e30112c,other_urban,le15,le20,dong,108,18,0,42,28,20,5.0,강원특별자치도,태백시,황지동,,황지동
apartment,1b1d30bc04547b44f278d74db98d99c46979497656fc1e0b6f8ffef84e7613fe,metro_city,ge26,m21_30,dong,297,11,99,136,48,3,29.0,부산광역시,연제구,거제동,,거제동
apartment,1b1f407f54248db3475679655b679f5a00d0f1b619eb0638b2ee962a44fc59f9,metro,m16_25,m21_30,dong,318,5,95,147,68,3,25.0,경기도,파주시,다율동,,다율동
apartment,1b299806c5218c33528bc7e97fdbd52cd70ebe3df96cd521190f94a6a9a6b12d,other_urban,le15,le20,dong,149,12,29,63,39,6,15.0,강원특별자치도,춘천시,소양로2가,,소양로2가
apartment,1b2e510ea7916c14e08523b1c8c9b03601cc1c7c49c0db984243561d3e02c91b,other_urban,m16_25,le20,dong,70,6,13,38,11,2,19.0,경상남도,김해시,삼문동,,삼문동
apartment,1b3160ab3789678ab78ac09abff8757eaa9dfbd84939e88f0471680eab5f46f5,nonurban,le15,le20,myeon,88,12,18,38,16,4,12.0,강원특별자치도,정선군,남면,,남면
apartment,1b37135cbcf63eef1facb91d2bef6eba98dc92034cacc056d827e279bc5d9c3d,metro_city,m16_25,m21_30,dong,70,7,21,28,12,2,23.0,부산광역시,사상구,삼락동,,삼락동
apartment,1b4f6b81bea29ca91d44b54429c2e6a65b8c422a036d9af2fd01b65d010d80af,metro,m16_25,le20,dong,277,5,85,122,62,3,18.0,서울특별시,동작구,상도동,,상도동
apartment,1b4fc85ec15fa574e2e61b5a103547c817aaecf38dc62b4f91c323bd6786a698,other_urban,m16_25,m21_30,dong,264,15,78,120,50,1,21.0,전북특별자치도,전주시,완산구,중노송동,중노송동
apartment,1b595f51ca72d8cfdeef7343daf90cfa042a7d756bff9b98b20dcfd778284e91,other_urban,m16_25,le20,dong,140,6,37,63,24,10,20.0,전남광주통합특별시,북구,동림동,,동림동
apartment,1b5b869193bc41365107d79ddbff51282265b479903ae16a6d7c898d3cceb766,metro,m16_25,m21_30,dong,150,5,44,79,20,2,25.0,경기도,성남시,분당구,구미동,구미동
apartment,1b684b561f3575c7256da78a630591379576354b0acd4f19e019fae5c5f76c57,other_urban,m16_25,le20,dong,112,9,41,48,13,1,19.0,경상남도,거제시,덕포동,,덕포동
apartment,1b6f5de1fb54ae6c3f46099ec27119b34feeefcf09f1a5d287adab9356ab6cdc,other_urban,le15,le20,dong,225,14,38,113,56,4,15.0,경상남도,창원시,성산구,사파정동,사파정동
apartment,1b75789b214a6ce741a04a08d9a7b3a37b28b887a98bb478e1f7f06f624162e5,other_urban,m16_25,m21_30,dong,84,8,27,38,10,1,21.0,경상남도,양산시,어곡동,,어곡동
apartment,1b7aaf945ed5acec69cb5c1347e5a551ead3e6c40437ac67a24177a441e1576b,other_urban,le15,le20,dong,490,24,92,208,137,29,15.0,경상남도,양산시,신기동,,신기동
apartment,1b820637fd6bc6af1e6e2e5f329bf8ea94b36a8145dd21c057514412cb64185b,metro,ge26,m21_30,dong,192,5,62,68,55,2,27.0,서울특별시,양천구,신정동,,신정동
apartment,1b83d66121b903f56e4d7e3173e0e8e777bf26661b3463a7cabfe7e05d3d8dad,metro,m16_25,m21_30,dong,258,14,71,118,51,4,25.0,경기도,광명시,광명동,,광명동
apartment,1b87be97e8bdbc4893c1748145880c2816ebed41bccf98a0f0007580e20ab9cc,other_urban,m16_25,m21_30,dong,270,13,91,132,32,2,25.0,경상남도,창원시,진해구,자은동,자은동
apartment,1b8922d8e013504d9c4b3c0c8e9c7e8f28fd19e536666a6b90f9c1c65749324a,other_urban,m16_25,m21_30,dong,126,6,35,58,26,1,24.0,전북특별자치도,익산시,부송동,,부송동
apartment,1b8a1e03466ac5d75b914207b782cfc029cfab64c37d6d41eb11659295134cbe,metro_city,m16_25,le20,dong,91,5,15,38,27,6,18.0,부산광역시,북구,금곡동,,금곡동
apartment,1b8e31e4910c643d2f507e7839fd964e0913a0e296ad369ae4547d143e5bc16f,metro_city,m16_25,le20,eup,133,6,45,68,13,1,20.0,대구광역시,달성군,화원읍,,화원읍
apartment,1b925c8cdd5ffb60ff104e5564d5b76db8896b54e929da0c82fb5cb7de88706b,metro,m16_25,le20,dong,158,12,31,54,44,17,18.0,경기도,시흥시,은행동,,은행동
apartment,1bc187606d03f0993e694b2cd98b9bd7f4aaf38816164cc52726a2c1d45cc3af,other_urban,m16_25,le20,dong,120,13,24,53,29,1,20.0,전남광주통합특별시,북구,문흥동,,문흥동
apartment,1bc23525853bbc3346bfb5f5890c04cf60bdf3fbabe40614654b683cdca01744,metro,m16_25,m21_30,dong,199,6,42,95,54,2,24.0,경기도,화성시,동탄구,영천동,영천동
apartment,1bcc5607d3327c63af81138a36a6f036bed8e7dbd44a4e1a613d6ccc607b44b8,other_urban,le15,le20,dong,80,11,0,30,22,17,5.0,강원특별자치도,원주시,원동,,원동
apartment,1bd3c79dedbcd7b7517579c9f84bcf3c5692fdd3a7581f3057b7cf434a4dd62e,metro,le15,le20,dong,123,6,25,49,30,13,15.0,경기도,화성시,병점구,병점동,병점동
apartment,1bd598d866479342fbfb1685ec1ac7be99f15a21cb1f7cb3e496b75ecf517a14,metro,m16_25,le20,dong,211,5,72,110,20,4,20.0,경기도,고양시,일산동구,장항동,장항동
apartment,1bd7ceff9e3a857329043610936c39954f7841553ab869f274e7326d2d599bf7,metro,m16_25,le20,dong,231,6,66,96,53,10,20.0,경기도,남양주시,평내동,,평내동
apartment,1bdbd8a651cb996bbee993b99d542e237fe228f7c497f030934d117a7b5b9a06,other_urban,m16_25,m21_30,dong,182,6,51,90,32,3,25.0,경상북도,김천시,율곡동,,율곡동
apartment,1bdcd2b1553389d38478b26ec6cf4d598532b0835beb4be17ac428b9b269fcfa,metro,le15,le20,dong,153,12,39,64,28,10,15.0,경기도,안양시,동안구,비산동,비산동
apartment,1be7a2826b9be72bc3f2e65e9fa6c1f79c57a15849b01a748fc24d3a4572c6e6,nonurban,m16_25,le20,myeon,189,5,35,99,47,3,18.0,경상남도,진주시,금산면,,금산면
apartment,1bebaf6e2d647fde873c6d402aab5ee1293337c012d1bb2450a0cf854bf8a00c,other_urban,le15,le20,dong,78,6,8,29,24,11,13.0,전남광주통합특별시,광산구,도산동,,도산동
apartment,1bf4cdf92ded7086a7fea587dd74589c2ae6a27dd45fbcfa5aa676b6e62c1192,other_urban,le15,le20,dong,55,8,0,33,9,5,6.0,전남광주통합특별시,여수시,국동,,국동
apartment,1c0a519bfbe0be5ae59c2b8555a169f97e852ffcce5eb04fa5d09befd97f8938,metro,le15,le20,dong,132,6,32,54,36,4,15.0,인천광역시,서해구,가좌동,,가좌동
apartment,1c0c146ef04126c154b232d4fc883e1ef7e8f42448cd0e5c4c23bc798e0d4443,nonurban,ge26,m21_30,myeon,191,8,48,86,45,4,29.0,경상남도,진주시,내동면,,내동면
apartment,1c110313ee7f5dc517f165e001f75625f809257a9353f269fb61968366821332,other_urban,le15,le20,dong,202,16,31,87,64,4,15.0,충청남도,천안시,서북구,불당동,불당동
apartment,1c15d5e64358e8fd0ca993756071e6015dda0e2cfb9158221d7fbc7973f58426,metro,le15,le20,dong,143,10,23,69,36,5,13.0,서울특별시,서초구,잠원동,,잠원동
apartment,1c19d92c9b169decbe4f081bc4cc705ae5f97f10853566b86ad02a19ab734d55,sejong,ge26,m21_30,dong,290,8,96,133,49,4,30.0,세종특별자치시,,아름동,,아름동
apartment,1c3b268da77974af62ffa44ea0e7109d6b7f0ecc2b0caf938d0e4f574399ff2f,metro_city,m16_25,le20,dong,50,8,11,16,10,5,17.0,대구광역시,북구,구암동,,구암동
apartment,1c3ba93510d98b82ceb6b3fea367116333e0ad76def6c9d7f4e18512d6448ff2,metro,m16_25,m21_30,dong,57,5,13,25,13,1,23.0,경기도,하남시,신장동,,신장동
apartment,1c408527beadda5839fdf99cbb2b3f99ae37258e7f7ec9af9e0530b4575a2a16,nonurban,le15,le20,eup,51,5,15,19,11,1,14.0,전북특별자치도,부안군,부안읍,,부안읍
apartment,1c4122ec2a57918f1c414c4d07d6c8bffb75571a09561a4f4c506d560adc67ec,metro,m16_25,m21_30,dong,239,9,52,109,61,8,25.0,경기도,용인시,기흥구,서천동,서천동
apartment,1c4b77cbe5ae16496c3f68758d91c922c9f042cbd5e59edf5ab5d5b0fa458c6d,metro,le15,le20,dong,150,10,26,87,23,4,15.0,경기도,안양시,동안구,관양동,관양동
apartment,1c531f9e15da6777c37cbf0af32b917e9da14cdef164e897bb8c30ec0fb0af5f,metro,m16_25,m21_30,dong,78,5,12,32,23,6,22.0,인천광역시,미추홀구,용현동,,용현동
apartment,1c5c5c7df931284a2b1f11f2764dfb727cbc67f4ee03d93aeaad261cd551c07e,metro,m16_25,le20,myeon,101,7,30,45,18,1,20.0,경기도,남양주시,별내면,,별내면
apartment,1c608783d04c772433290bcd1d46ac41966508dd88a55527286dca979a2e4c14,metro_city,m16_25,m21_30,eup,226,6,53,112,53,2,23.0,대구광역시,달성군,다사읍,,다사읍
apartment,1c66f17849ec01f65ff95d95a0118a7e330a43c65f6f6d7c231607b074fded82,metro,ge26,m21_30,dong,169,7,48,67,43,4,27.0,서울특별시,노원구,월계동,,월계동
apartment,1c6c00952661d3c1ffdaac9bd55d667ae9cead6e35d18db5d30184b2ebf715f5,metro,m16_25,m21_30,dong,303,12,81,138,70,2,25.0,서울특별시,동대문구,전농동,,전농동
apartment,1c6c760c6cc72be3e43b4bd4413452c2cab63b8767a8186683bfb72f5e533d54,nonurban,le15,le20,myeon,197,8,30,85,60,14,15.0,강원특별자치도,원주시,판부면,,판부면
apartment,1c7898ac09f269bf47977046e0698fb4096fccf879569b64e701460014f32d20,metro,m16_25,m21_30,eup,104,5,25,63,10,1,24.0,경기도,파주시,파주읍,,파주읍
apartment,1c941bb9cf53a7e564b075b37f1fb16e15b22fc0cf22a2f4673a4e069d09eaf2,other_urban,m16_25,le20,dong,189,8,52,89,37,3,20.0,전남광주통합특별시,광산구,운남동,,운남동
apartment,1cb172b3fab8539c92ef7e4f2978cd153b73c48f8871863a85533037fe38e987,metro,ge26,m21_30,dong,158,5,48,58,46,1,30.0,인천광역시,연수구,동춘동,,동춘동
apartment,1cb24d1eb7110f8e97b3b23e6ef335d4b1181834dae83f12d83b6bb740e0c69e,metro,le15,le20,dong,59,7,11,24,13,4,15.0,경기도,과천시,별양동,,별양동
apartment,1cc0643af6aa34f689c5ecdbbf5a0eaf9a1dad66a3f72127c694909881c5d573,other_urban,m16_25,le20,dong,204,6,67,99,31,1,20.0,전북특별자치도,군산시,수송동,,수송동
apartment,1cdfb05f23bc6db3367553ffd373749540137275e2770aacc16f5d05b15d173c,nonurban,le15,le20,eup,217,21,51,84,51,10,15.0,강원특별자치도,양양군,양양읍,,양양읍
apartment,1cdff6d59273bf24a5dc62a19512dc8b1f3c466662416c71c913115634b7f7f4,other_urban,le15,le20,dong,53,5,14,17,12,5,15.0,경상북도,경주시,황성동,,황성동
apartment,1ce30af903e9ea55fbf1bb1a45e9431d517487377201f75e09fc66feca3b1be7,metro,ge26,m21_30,dong,280,6,72,122,78,2,29.0,경기도,남양주시,다산동,,다산동
apartment,1cef8dd0ff7d5d43bbb6a7afdfdd2513ee28c316a0cfc261f8ab35c36200238a,other_urban,le15,le20,dong,60,9,0,27,14,10,5.0,전남광주통합특별시,여수시,신기동,,신기동
apartment,1cf0fa7e7f6ca02cc343d781e4676eeb28d8b1a91f2148f7988835d2a066fc24,other_urban,le15,le20,dong,113,8,18,49,32,6,15.0,전남광주통합특별시,북구,신용동,,신용동
apartment,1d3044522ba59e2bd3f4387ae31f0870e32449e0acb83d136ec39d102caec45f,metro_city,m16_25,le20,dong,81,5,23,36,14,3,20.0,대구광역시,달서구,이곡동,,이곡동
apartment,1d38b5c817fe6dc41e93102b076d2c51e5c2d1879495ee78b171b984f618bd43,metro,le15,le20,dong,72,7,19,25,20,1,14.0,경기도,수원시,권선구,권선동,권선동
apartment,1d427dfd348df168c369d66d16c5de288b7eb4c44ea00369e0fa4a4fdb4849be,metro,m16_25,le20,dong,319,19,78,144,67,11,19.0,서울특별시,성북구,길음동,,길음동
apartment,1d438a065fd692fa3e554f938bbf1589f4086c2ac226459316b7c9ae8ced39ad,metro,le15,le20,dong,82,7,17,32,21,5,15.0,경기도,광주시,양벌동,,양벌동
apartment,1d46ab317db6724cf3bf96d7dc80fd200f8f44d5e22106f77f90fc224e35d5b1,metro,m16_25,le20,dong,147,7,39,64,35,2,20.0,서울특별시,서대문구,홍제동,,홍제동
apartment,1d4c4831d10860f409f74f98ec89ad9a079a811e461f4828cf25bf465a63d568,metro_city,le15,le20,dong,65,5,10,29,20,1,15.0,부산광역시,해운대구,우동,,우동
apartment,1d55b2f0011803c8318299a62d1e536266a48aeb576239b5a6ec0002055bea47,metro,ge26,m21_30,dong,244,9,83,97,52,3,30.0,경기도,남양주시,다산동,,다산동
apartment,1d641685c2bc59d234dc1a23cc9d77069d00b381af10c3c7dcd5f3d9618219c3,other_urban,le15,le20,dong,92,10,20,40,19,3,15.0,전북특별자치도,남원시,조산동,,조산동
apartment,1d6835f0168ff48dc758f86e3695206e166b4570919568091d47ea9c7e0f4863,other_urban,le15,le20,dong,97,12,19,39,21,6,15.0,충청남도,보령시,궁촌동,,궁촌동
apartment,1d6c28b892c37d1b28ee4e408156fb2710eb72655307a79ebafdfb1a6e28a7c2,other_urban,le15,le20,dong,119,8,19,45,33,14,10.0,충청북도,청주시,청원구,율량동,율량동
apartment,1d7beb847317471b88d7c76d969b08b596741758c2b6dddfdeeb4b9e9069e8ba,metro,m16_25,m21_30,dong,119,7,29,59,18,6,25.0,경기도,용인시,기흥구,보라동,보라동
apartment,1d8980f8e9ffee0d42daa9b3c78f564dac9c565440f899c9f32f66e1d3f49f0b,other_urban,le15,le20,dong,93,5,25,23,31,9,15.0,전남광주통합특별시,목포시,옥암동,,옥암동
apartment,1d98ff4b67e5f24c092da1b55344269ff17ed2df7f749383f3ccf3abd50e4cb9,metro,ge26,m21_30,dong,230,6,83,110,28,3,29.0,서울특별시,마포구,아현동,,아현동
apartment,1d9947dc6177ca27378189296630d9cf3a04dfe2adaa824795ea7dfff439e1c6,other_urban,le15,le20,dong,433,20,78,179,132,24,15.0,전북특별자치도,익산시,영등동,,영등동
apartment,1d9c52d7396d7a6c8d50c3e27454ae4e1d67e7f0f40dfc6fc7d837267261a96e,metro,m16_25,le20,dong,299,20,69,142,63,5,20.0,경기도,오산시,세교동,,세교동
apartment,1d9f9cf93f279c3c7b15e14f9e3a428221fa6d197d79d596a4a117e4ef27f5ce,metro,le15,le20,dong,73,5,20,37,9,2,15.0,서울특별시,강북구,미아동,,미아동
apartment,1db22a11368284e783144b7d15b4e370dc64c70ea7179f76ca47a7afe3f788d3,metro,m16_25,le20,dong,89,6,22,51,9,1,20.0,경기도,이천시,송정동,,송정동
apartment,1dc268e5c2e61377c4d0a99e9e2a7a8b3df47cba84b41a84f553222dca713e16,metro,m16_25,m21_30,dong,138,7,33,62,33,3,23.0,경기도,의왕시,포일동,,포일동
apartment,1dc40a0070fff0026c04d51d7b5ecf03aa03ed654694a26675d6faf62dd7fed2,metro_city,le15,le20,dong,135,6,34,54,36,5,14.0,울산광역시,중구,서동,,서동
apartment,1dc4b16b11b1f8f6ad36448824832bf94d1f35e17f3107330ac3e2f078c97389,metro_city,ge26,m21_30,eup,171,9,66,70,25,1,30.0,울산광역시,울주군,범서읍,,범서읍
apartment,1dcac8ea86bff5822a4474dfd2fb214166cbcb3ffd62ffe521e655a6c753481d,metro,le15,le20,eup,150,8,33,64,39,6,15.0,경기도,김포시,고촌읍,,고촌읍
apartment,1dd871c54d1afb051f103c3cd28815f389858d743550794b90e2465f1d95fac6,other_urban,le15,le20,dong,59,7,3,28,14,7,8.0,경상북도,경주시,충효동,,충효동
apartment,1dd8e53d878d3936337718d4b33761ad6d946a2be4b7904262b0efb2ff602c26,other_urban,m16_25,le20,dong,135,11,32,55,33,4,18.0,경상북도,안동시,용상동,,용상동
apartment,1ddd6e541b56bb3ed53fe826ff04c32a9278142aa08b6be2a14fc28c211da6e0,other_urban,le15,le20,dong,93,12,19,37,21,4,15.0,전남광주통합특별시,북구,우산동,,우산동
apartment,1df747873a25f6f4326f690ee492a221df1bb73e3a292ecfba4db63725656792,other_urban,m16_25,m21_30,dong,262,9,62,118,71,2,23.0,충청남도,아산시,풍기동,,풍기동
apartment,1dfcdaf62b146d437459fe90c9145d30b630a53924865a555a2c73dd94aace2e,other_urban,m16_25,m21_30,dong,65,5,22,23,13,2,22.0,전북특별자치도,전주시,완산구,효자동1가,효자동1가
apartment,1e07855f54be2f825b8acbd7332fc0ac8c82f7c482a2b8ef9fc369cb62380100,nonurban,m16_25,le20,eup,160,13,47,52,45,3,17.0,강원특별자치도,춘천시,신북읍,,신북읍
apartment,1e1da3e466dbb99e71ebae6cef7b7726b5e47d68f32c0b6e6c74ff5db5bcd8ec,metro,m16_25,le20,dong,86,9,24,29,20,4,17.0,경기도,의정부시,신곡동,,신곡동
apartment,1e27bde6aaefa8b707e3afee02dbb476b6531156215ce2d970f60460120d935e,other_urban,le15,le20,dong,112,5,24,46,35,2,15.0,충청남도,서산시,동문동,,동문동
apartment,1e2d8787c30bbfbaf691ff210329c91b765dd01da369524bd68b797830a63111,metro,m16_25,m21_30,dong,109,5,32,45,25,2,25.0,인천광역시,검단구,당하동,,당하동
apartment,1e32b0efadac8bdd5c51d354b9e2e26416bd2809c564924d80923f07992d6c9c,nonurban,le15,le20,eup,73,7,20,32,12,2,14.0,충청북도,옥천군,옥천읍,,옥천읍
apartment,1e4346afb9af4bada65acd98dd761631f5d9f006781ecb2c5078afac422d14a9,metro,m16_25,m21_30,dong,74,5,25,38,5,1,22.0,경기도,부천시,원미구,중동,중동
apartment,1e47e3aaa65e972ea4fadeaaf0f227c0d89de2d8752ec5decada329447af2630,other_urban,le15,le20,dong,112,7,24,43,27,11,15.0,경상북도,구미시,원평동,,원평동
apartment,1e52568c6523ff80e3cf3036fd3d9a973a19dff6779982586699246408c10090,metro_city,m16_25,le20,dong,153,10,43,64,31,5,20.0,대구광역시,북구,팔달동,,팔달동
apartment,1e55228b5af060a120ed699c2590ffc91585b2b3d08b9a9ccb0f93f1b50d4fb3,metro_city,ge26,ge31,dong,137,5,40,84,7,1,32.0,부산광역시,영도구,동삼동,,동삼동
apartment,1e617153101148aa754ded7d06628dce01cc1e35fd2bd51078c62066a6db3f20,metro,m16_25,m21_30,dong,220,8,57,100,54,1,25.0,경기도,안양시,만안구,안양동,안양동
apartment,1e85eccfc756a24f725c8009d0aa1c0abf2f67c0ec4ef2bb6575bad68faf2852,metro_city,le15,le20,eup,138,5,29,59,30,15,15.0,부산광역시,기장군,정관읍,,정관읍
apartment,1e953c1a0b11e5574be9788ccaeb872eccf73ee8db62f01e56a92f1a631f29dc,metro_city,m16_25,le20,eup,133,9,30,62,30,2,18.0,대구광역시,달성군,옥포읍,,옥포읍
apartment,1ea75177e16d15fe69839f00b370bbfddc6217f1517c132503265bfd5087b573,metro,m16_25,m21_30,dong,160,5,53,54,45,3,24.0,인천광역시,남동구,논현동,,논현동
apartment,1eb5bee43090c80fdabbd370e3e0986cc566c07a8a7465246a5a0fa756f87d25,metro,m16_25,le20,dong,154,9,34,69,38,4,20.0,경기도,시흥시,장곡동,,장곡동
apartment,1eb96bc5a2766a2adf669308e0a9535874aa721efde24e4d9dd63078c5d3fd38,metro_city,le15,le20,myeon,110,7,14,64,18,7,13.0,울산광역시,울주군,상북면,,상북면
apartment,1ed66ce976507626c54715aa52fa4428911fe2cf368df8386b6f772111eac4a6,metro,le15,le20,dong,346,26,79,127,88,26,15.0,경기도,광명시,철산동,,철산동
apartment,1ed772c91e98bcfaa15ff798d38225b2009b66785a2bbdf908c7e837e699b822,metro,m16_25,le20,dong,196,7,41,95,43,10,19.0,경기도,수원시,권선구,권선동,권선동
apartment,1ededff6b75b19d327ab9dca6ee22aa0bd32de33c3b058b9e87672eb71d5c94f,other_urban,m16_25,le20,dong,145,8,51,51,29,6,20.0,전북특별자치도,전주시,완산구,효자동1가,효자동1가
apartment,1ee26ea9540e822b43c6301d4e12e285a110a9d138e70ef743a2c3c8940375eb,metro,le15,le20,dong,121,13,44,42,17,5,15.0,경기도,안산시,상록구,본오동,본오동
apartment,1f030f531869ffa8a19242f904fe09bab69fb66e9496e03353f35fb9858465f2,other_urban,ge26,m21_30,dong,182,9,52,73,47,1,29.0,경상북도,구미시,옥계동,,옥계동
apartment,1f0a1a0ecd74ef6b2cec1cec339a47b3668c1e2d7627373046c96b19b8b9cd66,other_urban,le15,le20,dong,106,19,0,39,25,23,5.0,전북특별자치도,남원시,향교동,,향교동
apartment,1f10021a980e3de49a8776d49338e838e32ee019619c613faf7778d49c5465dc,metro,le15,le20,dong,224,8,48,101,56,11,15.0,인천광역시,부평구,산곡동,,산곡동
apartment,1f115796a78d8847739bddd5046bae88dc22ad27d1bbf8635871e92a99970cf4,metro,le15,le20,dong,232,13,48,107,52,12,12.0,서울특별시,송파구,거여동,,거여동
apartment,1f144ecb6b988805f1710d814b4662caa39ec26a20dbf129bb6b90155f1952c3,metro_city,m16_25,le20,dong,149,5,47,47,49,1,17.0,대구광역시,동구,신암동,,신암동
apartment,1f20e7739b1d388f4aa31796bb4fbd10e6ddaa65b4b222019a82f79b04ae62a3,metro_city,m16_25,le20,dong,122,5,39,53,22,3,18.0,대전광역시,유성구,신성동,,신성동
apartment,1f24ae275e4523233d6135b9eefcd05de5bd05cf2527bbf37e7f6473f6b1b867,metro,m16_25,m21_30,dong,247,7,86,91,57,6,21.0,서울특별시,성동구,금호동1가,,금호동1가
apartment,1f257b02df7991f9bc920a8cd98edd217cc419392e8f3aa409c038ef24a1a6d4,nonurban,ge26,m21_30,eup,134,6,39,67,20,2,26.0,경상북도,구미시,고아읍,,고아읍
apartment,1f2e23d44cbb7fa13e56c96533591a98120774f2dcd86d65c5c0e5242ae1be83,other_urban,m16_25,m21_30,dong,178,10,58,76,33,1,24.0,강원특별자치도,원주시,태장동,,태장동
apartment,1f30d3b03b194ec23e9c983e37641a36faae629be31f0f5281fcda9006731689,other_urban,ge26,m21_30,dong,218,9,68,110,27,4,30.0,전북특별자치도,전주시,덕진구,송천동2가,송천동2가
apartment,1f35c012be4ba76a7a5174168fcf8becfe073cc3280ad2248c291ad427617133,nonurban,m16_25,le20,eup,129,7,35,49,28,10,18.0,충청남도,금산군,금산읍,,금산읍
apartment,1f375bdad68d773b280a769caa09a2c9fcd4b79572df5160ed41cefef0f1850f,other_urban,le15,le20,dong,99,8,24,32,32,3,15.0,경상북도,안동시,옥동,,옥동
apartment,1f63e217732b2fbbcacf2f77a511f3a7260b38bcd7342490c9574e4980ad7dca,metro_city,ge26,ge31,dong,226,12,83,104,26,1,33.0,부산광역시,수영구,광안동,,광안동
apartment,1f6557d431cc4b5cd4227405a5b0396d22958322c72af3475e3e9c13ae7c1cea,other_urban,m16_25,le20,dong,173,8,42,87,35,1,19.0,전남광주통합특별시,광산구,흑석동,,흑석동
apartment,1f679e73e398b098afdda77829996eee0214dd186607b2aab71f4e8dedfa49d8,metro_city,le15,le20,dong,118,11,25,58,20,4,13.0,대전광역시,중구,문화동,,문화동
apartment,1f69194d945808f7e14644e5132933f50ae823c318d67ca170a2dcffe342c19f,other_urban,le15,le20,dong,206,12,42,84,57,11,15.0,전남광주통합특별시,광산구,도천동,,도천동
apartment,1f865ea286530de02a6240acc6425c5296a679b19e479d0e3b6c3463d701ff6d,metro,m16_25,le20,dong,273,16,61,112,73,11,18.0,서울특별시,도봉구,도봉동,,도봉동
apartment,1f9799a492029b7fafdf3c3bef95ecf57af97e9f838df80649be7acdcc449ff1,metro_city,m16_25,m21_30,eup,251,10,71,126,43,1,25.0,울산광역시,울주군,청량읍,,청량읍
apartment,1f9b0d9c7d0cf2079093119085ce31405b75744e445e7356f460636cc0997479,metro,m16_25,m21_30,dong,135,10,54,53,15,3,24.0,서울특별시,송파구,방이동,,방이동
apartment,1fa61d19b5bbd673975d8fec165e850240658f196a35555c9e719dc09c7db847,nonurban,le15,le20,eup,248,14,43,99,69,23,15.0,경상남도,창원시,마산회원구,내서읍,내서읍
apartment,1fa7164e08bc46f25d6a8e0bb9f0f7c0bf5b8e994048f54c7589a8951797f946,other_urban,le15,le20,dong,156,14,31,52,43,16,15.0,강원특별자치도,원주시,태장동,,태장동
apartment,1fa756d98ecfcc6dad9f44bf170f86482a785ac7a6998d296aacb71a79874951,metro,le15,le20,dong,90,10,16,38,22,4,15.0,서울특별시,성동구,옥수동,,옥수동
apartment,1fa8d011bed46944c0e5dc220699ffb91442434ed01874df9ca32bb952d6a03a,other_urban,le15,le20,dong,53,7,6,22,14,4,13.0,경상북도,구미시,옥계동,,옥계동
apartment,1fb319d5036252d74b7aa4aa69faea7875ff631266cc7f7588d0a24474f28a32,metro,le15,le20,dong,220,15,30,91,65,19,15.0,경기도,군포시,당동,,당동
apartment,1fb8295941c54c6440f22445fa289ddb015e71141220ff9ae74a9b109b7ae00f,other_urban,le15,le20,dong,291,11,57,121,77,25,15.0,경상남도,창원시,진해구,청안동,청안동
apartment,1fbcff8fdf5a2e20002cef5654bf3121adc431ee82be3da3e353263983498f2f,metro,le15,le20,dong,84,9,12,43,19,1,13.0,인천광역시,미추홀구,용현동,,용현동
apartment,1fc12cb04e3c940468b6a2ec0849c71ad37d0e4d3bf690b29fd1b8d5acfc8dcc,metro,m16_25,m21_30,dong,218,13,64,100,39,2,24.0,인천광역시,연수구,송도동,,송도동
apartment,1fcffc7f7b58e8c87014a123a8aa406f9e4e2fbafb81771b360330aad0935af9,metro,m16_25,le20,dong,356,20,82,139,95,20,20.0,경기도,용인시,수지구,상현동,상현동
apartment,1fd1c528ff0da66aa8242ec13de002612e113bd205ccb99ede571a34162530c7,other_urban,m16_25,m21_30,dong,356,19,89,154,83,11,25.0,경상남도,진주시,충무공동,,충무공동
apartment,1ff69bcf33b78f7c07d4d1e9a91a05cc41e0e79ed3a42f438c7e2aaa5b7c048e,other_urban,le15,le20,dong,98,21,0,48,15,14,5.0,경상남도,창원시,진해구,풍호동,풍호동
apartment,200458897b3435cea3f0bbf9b40397cb17e12400ccbdd28089940b205384573d,metro,m16_25,le20,dong,139,11,29,59,29,11,19.0,경기도,의정부시,민락동,,민락동
apartment,200629c5bcf2531fe98b6aa19c01dda561f09d82e1b3873300e083debbfe8011,metro,m16_25,m21_30,dong,67,11,11,28,12,5,22.0,서울특별시,노원구,상계동,,상계동
apartment,200a84a4024b7ef008592ef4650ad80e726a19d2f1c825fe2ca85554cc9e8283,other_urban,m16_25,m21_30,dong,360,9,125,169,55,2,25.0,전남광주통합특별시,광산구,우산동,,우산동
apartment,200d4cf240313aa3598d3e5be69108c4e082affb5062eb3eadbf53fcd71f531e,other_urban,le15,le20,dong,57,14,0,23,15,5,5.0,충청북도,청주시,청원구,내덕동,내덕동
apartment,20141c085a50dff919f06884f50c63fbdbdb719fe8453642d338d9b8c322b368,other_urban,m16_25,le20,dong,126,5,33,57,26,5,19.0,전남광주통합특별시,서구,치평동,,치평동
apartment,20147df0666898e735763abe4fbf923f81b974002f6f353b4b82ac4f3e5ec5df,metro,le15,le20,dong,423,24,82,164,123,30,15.0,경기도,수원시,권선구,곡반정동,곡반정동
apartment,2031cf49dbf2a5a95e6dda078a6838bc1245ec05ab00df560b70d5dab9571f74,other_urban,le15,le20,dong,107,12,18,46,25,6,15.0,전남광주통합특별시,광산구,신창동,,신창동
apartment,2035b5236e5cbafb4bcb0e43e955bc60e280d1536e53460bc099dfaf74f9a4b3,metro,le15,le20,dong,160,7,29,67,53,4,14.0,경기도,평택시,신장동,,신장동
apartment,203a74763a9e5ee61ce3f859ead38506cef585d550d498f7dfb83a6cb1a265d5,nonurban,m16_25,m21_30,eup,72,8,19,26,18,1,24.0,경상북도,구미시,고아읍,,고아읍
apartment,2040c6e53cc003fc1331d4e834c7883edf7e13e809344a9bb2ea666523149cb3,other_urban,m16_25,le20,dong,128,5,27,57,34,5,18.0,경상북도,포항시,북구,장성동,장성동
apartment,20412a394336f30156f0b1029cd97057bc2d6f50ada9c14f96720888b9a3d6d8,metro,m16_25,m21_30,dong,173,14,36,76,45,2,22.0,경기도,의왕시,내손동,,내손동
apartment,2047528aab5bf70fb92d2f9595d2b30489ea2afbc885ffdfc8c8d1dcd5e54e42,metro_city,m16_25,m21_30,dong,145,5,32,61,41,6,25.0,울산광역시,남구,선암동,,선암동
apartment,204bfe855f62b21f241e4b385790ca1698ba0d864db7759f14d36e2334f8c226,other_urban,le15,le20,dong,170,14,40,53,52,11,15.0,전남광주통합특별시,목포시,산정동,,산정동
apartment,2057d5774d9e8bcd567804d18558b4399ffa940979c8fa50a7103796989385b5,metro_city,m16_25,m21_30,dong,107,10,33,43,20,1,21.0,대구광역시,북구,태전동,,태전동
apartment,20724dd03c44d0559216848fe26a5dbe2caaf1e3da6b8ba519f200455d6d894a,metro,m16_25,le20,dong,159,5,37,65,42,10,20.0,경기도,평택시,고덕동,,고덕동
apartment,2073a2246a86855ae4b4cd280d08dbb49722878633df2c6bf289bd0adccbf3d8,other_urban,le15,le20,dong,292,18,65,121,70,18,15.0,전남광주통합특별시,나주시,송월동,,송월동
apartment,2074104923e4a3b3cb6c677e27dad873d353086fb13a2f83fd44eaf978fda0e7,nonurban,m16_25,le20,eup,239,20,63,96,51,9,20.0,경상북도,경산시,진량읍,,진량읍
apartment,20808d0821387c706a7d66fd7bb1ab22597bdd40e530677f62902d2bfde9c956,metro,le15,le20,dong,96,6,20,38,28,4,15.0,서울특별시,양천구,목동,,목동
apartment,2089d2d86e6db9cb3e8a58ed1ca7c5846e32db266745165a553d55b74f3883f1,metro_city,m16_25,le20,dong,95,6,30,38,17,4,20.0,대전광역시,서구,도마동,,도마동
apartment,209601bfe8b36704481992c72101ee2e881490b00641eba4b364e841d06a5666,metro_city,le15,le20,dong,92,8,22,37,22,3,15.0,부산광역시,해운대구,우동,,우동
apartment,20a3a1baed3ac69b6ab198b8834a279050973e856626c66513a590e3f3c15beb,other_urban,le15,le20,dong,97,8,18,38,27,6,15.0,전북특별자치도,군산시,조촌동,,조촌동
apartment,20a841363b6799b0ae68afeacb531d8ceaee17127326d775323c615a68ff81d6,other_urban,le15,le20,dong,101,7,18,41,29,6,15.0,전남광주통합특별시,북구,문흥동,,문흥동
apartment,20c15ddfcadd4b1e4c6263a3d27d0113946879cdb473a0e6a2074a2e759c87e7,nonurban,le15,le20,myeon,62,5,14,24,14,5,15.0,경상남도,창원시,의창구,북면,북면
apartment,20c385a05264217e23e0f6de350f9bf5e79150ccbbb480322679ac28787f3761,metro,le15,le20,dong,349,27,72,164,72,14,15.0,서울특별시,도봉구,방학동,,방학동
apartment,20c873e576dc2cb82c4627fd891e5a3434e30da74d4186fb1a2723343d8ec148,metro,le15,le20,dong,325,10,74,123,93,25,15.0,경기도,수원시,영통구,원천동,원천동
apartment,20d36c4652c251f60c4f4139a75eb64c9a07f9341849b2a2fc970f366482fcd0,other_urban,le15,le20,dong,141,9,35,51,36,10,15.0,전북특별자치도,익산시,동산동,,동산동
apartment,20d44e8d680deb309688ceccf5fba78ee835480463774c0ba517d6de29c42b81,metro,m16_25,le20,dong,173,11,44,71,43,4,20.0,경기도,용인시,수지구,상현동,상현동
apartment,20d462824f2b29ba88b87fb6b529966ab33c492da450c7ed080b16c8cac50071,other_urban,m16_25,m21_30,dong,98,8,28,46,15,1,22.0,전남광주통합특별시,광산구,장덕동,,장덕동
apartment,20db0600f479491f68e299e385454e26cb69f61207e592834e11db4a18f1c38a,metro,m16_25,le20,eup,188,8,56,83,39,2,20.0,경기도,안성시,공도읍,,공도읍
apartment,20e9e3adb6bd50ac8309375561648d8dd8b6ebfb0478494d33b08569fd4889a2,other_urban,le15,le20,dong,134,10,25,52,36,11,15.0,전남광주통합특별시,목포시,상동,,상동
apartment,20eb445b25f3ac79cca40716249592f7e2f65bad43987925c36fdd205e6faf2b,metro,m16_25,m21_30,dong,443,24,134,199,82,4,25.0,경기도,수원시,영통구,매탄동,매탄동
apartment,20fc60d7acefcad4a451e71bcff870008ab3c00f9a3e42c519407c7b12069c9c,metro,m16_25,m21_30,dong,93,6,32,33,21,1,25.0,경기도,의정부시,호원동,,호원동
apartment,21125671f2c5ffd13f022d0775fe8bde6f37dfd1ae58d4ac011cb4962dea525a,metro,m16_25,le20,dong,211,12,50,99,49,1,20.0,경기도,오산시,금암동,,금암동
apartment,211780925eeeaa5847f8117045e96bbd5b5d640d1faf33a46eb59c612d9be2c1,metro,le15,le20,dong,54,5,6,25,13,5,15.0,인천광역시,검단구,마전동,,마전동
apartment,211952a04c311ccbad7fdeca969d0d2ecda7a201a0cd81ee6c20887dfcef3877,sejong,le15,le20,myeon,58,7,13,24,9,5,10.0,세종특별자치시,,연서면,,연서면
apartment,21363df3f7bf5858646fd61e88d08bb23d0caf95e8bbbb1f19706421854ea2f8,metro,le15,le20,dong,433,23,93,164,123,30,15.0,서울특별시,송파구,잠실동,,잠실동
apartment,21380f47aee11ea8d38fbe0c267c1102d9f39ac8db560b23ee3aeff6edd55c95,nonurban,m16_25,le20,myeon,80,5,19,27,26,3,18.0,경상남도,통영시,광도면,,광도면
apartment,213b6ca56808bfd750311028b2ad8db7f09cdff8542a9c8d851f42b5fe0d56d4,metro,m16_25,m21_30,dong,86,6,22,46,11,1,22.0,경기도,수원시,권선구,당수동,당수동
apartment,2141a7b8b76ab78e7b763410a1d1b7612e12ad576906c437929a0c25ae4e7d9c,metro_city,m16_25,le20,eup,157,8,38,59,44,8,20.0,부산광역시,기장군,정관읍,,정관읍
apartment,21422d2b86f2cc7304fcdfce386ed38a8d295a95bd7542c4f689559b3d62321f,other_urban,ge26,ge31,dong,190,11,60,92,26,1,35.0,경상북도,구미시,옥계동,,옥계동
apartment,215651b067b2108b9493d728823ffab39861d1a3e971a33f2da872692c03062f,metro,le15,le20,dong,89,10,23,36,14,6,10.0,경기도,시흥시,정왕동,,정왕동
apartment,215910a1133b37ab8d3ca53176c0926154d694d43c8a633c0dd67db2bf92bff2,other_urban,le15,le20,dong,142,40,0,46,26,30,5.0,전남광주통합특별시,광산구,월곡동,,월곡동
apartment,21612f9dca11f32e592a446bd9d3df091fc484ea4172385c594f82b880541e3d,metro,m16_25,le20,dong,60,5,26,23,5,1,16.0,경기도,안산시,상록구,사동,사동
apartment,21674ba8e101d158d53f489b147d10114e28744c93c51defd0ed0ba37da6c899,metro,le15,le20,dong,52,7,12,17,13,3,15.0,경기도,여주시,교동,,교동
apartment,216e635a357a653396e742ead9daf96751ae1a5be0a2948d110fc495fd68c26b,metro_city,le15,le20,dong,133,9,28,53,36,7,14.0,대전광역시,서구,둔산동,,둔산동
apartment,217490e2c7b4e9090627d112e6b770863e434a1b3caa51019f0efe68266f63bd,other_urban,le15,le20,dong,124,13,44,44,18,5,15.0,강원특별자치도,동해시,천곡동,,천곡동
apartment,21918f8dfb0ddbc9fa8d3070faeaea639c6fa5a494243ff9724c9e38e0e366d0,other_urban,le15,le20,dong,153,7,37,56,40,13,15.0,전남광주통합특별시,목포시,산정동,,산정동
apartment,2194b8ee36da5320ac9c91b4f12ac117cd948153672773438b7745f9d4129f63,metro,m16_25,m21_30,dong,103,10,30,54,8,1,24.0,경기도,고양시,일산동구,마두동,마두동
apartment,21959d54ecd87472573d6fa822ee14b796a2783c0a56f0d6d27e181a26c5d8d3,nonurban,m16_25,le20,myeon,126,5,33,65,19,4,20.0,경상남도,양산시,동면,,동면
apartment,21ab56ecc420f32c0e625c4830848e5f86369d308e58911b9102533f63904ee3,metro_city,m16_25,le20,dong,269,11,69,122,53,14,20.0,부산광역시,강서구,명지동,,명지동
apartment,21ae060ebf1af4b7489968e37be4c5c0fc2a91b2d8e8f6637882c2a52b4a0a52,metro,m16_25,m21_30,dong,111,6,35,47,22,1,21.0,경기도,의정부시,민락동,,민락동
apartment,21bca8bf2c7e42c7f0323064c6cddfc9e9bfcb321d0b3a245ff81b213baeb65d,metro,le15,le20,dong,316,18,64,134,80,20,15.0,서울특별시,강서구,가양동,,가양동
apartment,21bf81c78557600a288172e4ade7d4fde2fb4c3d0d4f5de9b82bc8ad664456cc,other_urban,le15,le20,dong,172,14,32,69,47,10,15.0,경상남도,창원시,진해구,용원동,용원동
apartment,21bfc6828043fb33c053163a6426ed837589c190f46437f905e8c53232dcd3b6,other_urban,le15,le20,dong,85,10,11,41,21,2,15.0,전남광주통합특별시,서구,금호동,,금호동
apartment,21db4a3463509873e8b55faba3178448363d43a83886a64164aefae750882858,other_urban,le15,le20,dong,211,11,50,87,51,12,15.0,충청북도,청주시,흥덕구,봉명동,봉명동
apartment,21e76765449e95934ef1cc005123ed0d27c1e76886638b288062c6fa22569736,metro,le15,le20,dong,213,17,49,103,38,6,15.0,서울특별시,은평구,불광동,,불광동
apartment,21e77df9e507314734a601552c53b87c56d0426d3d858136ea56b4ec2d124375,metro,m16_25,le20,dong,528,24,123,217,135,29,20.0,경기도,시흥시,월곶동,,월곶동
apartment,21e89605495f99425e20426c1b1cdf02be1c96399e301fad1405ea0196bea98f,other_urban,le15,le20,dong,111,6,21,54,23,7,15.0,전북특별자치도,군산시,문화동,,문화동
apartment,21eff7ed3edc80d73d8df63bb41f520d24e770d5eb6f9b115133ea9074e456c9,metro,m16_25,le20,dong,142,8,29,68,34,3,19.0,인천광역시,서해구,검암동,,검암동
apartment,21f1f3afaaefc8e30e2985e9c65ada3fc0c3d6b9d36522d309f75879c7546f8c,metro,m16_25,le20,dong,77,10,18,37,10,2,18.0,서울특별시,노원구,중계동,,중계동
apartment,21f5d16a11bb5b7b47b88d6bc795b37d76a35cbe2545fce5710ae7dca581c5b3,other_urban,m16_25,m21_30,dong,330,9,86,166,65,4,23.0,전남광주통합특별시,나주시,빛가람동,,빛가람동
apartment,220372c03af2cb77f9dbf78fa85396492f496be0701a73da6cf961f028c6d5a5,metro,m16_25,le20,dong,236,16,62,118,36,4,20.0,경기도,군포시,산본동,,산본동
apartment,2205bcba91027d17abf7d78ad9f3328fa5b935a37d4f2105adad3c38edec36a0,metro,m16_25,le20,dong,95,6,21,45,21,2,20.0,인천광역시,부평구,삼산동,,삼산동
apartment,220a02f3135b0975a60a1e4610f81a4c14458edcf24a015cd34c64c4cd482b53,metro,m16_25,m21_30,dong,171,5,48,76,40,2,25.0,서울특별시,구로구,구로동,,구로동
apartment,221434bd93541203d08c59866c9708a5d5687683639374fb9c681e63ddea2428,other_urban,le15,le20,dong,101,6,21,38,28,8,14.0,충청남도,천안시,서북구,와촌동,와촌동
apartment,22158c1b6c7741d02f8f3188dada1126a9a18b846175d77ce611a1dc50a80a2a,metro,m16_25,m21_30,dong,110,5,41,45,18,1,21.0,경기도,고양시,덕양구,향동동,향동동
apartment,222f424bd3dfe431b2479f727e4e5fb599773517d7093542157c8253466006a6,nonurban,le15,le20,eup,82,6,12,35,19,10,15.0,충청남도,태안군,태안읍,,태안읍
apartment,22341e40784043acf823570d1e2baae91abedc566bebe2812d25279e0119a5e7,metro,m16_25,m21_30,dong,178,19,76,58,24,1,22.0,경기도,성남시,분당구,수내동,수내동
apartment,223ad3ca3db1dfabcf3b3ff196446f5d96cc06ae99b6f07c7f85b6a56a28935c,other_urban,le15,le20,dong,90,7,13,56,9,5,8.0,전북특별자치도,전주시,덕진구,팔복동2가,팔복동2가
apartment,224a411a2238acfeef77efcd267df1d75c09ac8936f6c702ac04a9cb21a9169d,metro,le15,le20,dong,126,6,20,60,33,7,15.0,서울특별시,관악구,신림동,,신림동
apartment,22521e3439b7f1f33090054f355dc35060271792b312314aeed9d026fe434844,nonurban,m16_25,m21_30,myeon,199,7,51,96,42,3,24.0,충청남도,아산시,둔포면,,둔포면
apartment,225317626a0d572299216c68967b3587284bd2cc46e1f0d4548d00393aff067c,metro,m16_25,le20,dong,163,10,52,76,24,1,18.0,서울특별시,동작구,흑석동,,흑석동
apartment,22723be5b17eac4671517e2d3a49526b58be87270c1a54e44862a6ad2443a158,metro,m16_25,le20,dong,157,9,51,67,28,2,20.0,인천광역시,영종구,중산동,,중산동
apartment,2277ee3bdc33a38b9d8ad03b86a18f27ab5f732486ac9072d155762676ba7a42,metro_city,le15,le20,dong,159,17,35,59,47,1,11.0,울산광역시,중구,서동,,서동
apartment,2288594bb246532484c248a30fab0fdf072116a3bfcea7db727e958f3ce6a5c6,other_urban,le15,le20,dong,73,8,9,31,22,3,15.0,충청남도,보령시,죽정동,,죽정동
apartment,2288a09003912118c31120570a6e159edeb6d89cdee63822289eb07a94afbe8c,metro,le15,le20,dong,61,8,0,28,10,15,6.0,인천광역시,계양구,계산동,,계산동
apartment,229d5793394df98ab9acc8a72f28867763a6e4826b3c6bfaba874838aaa022a3,other_urban,m16_25,m21_30,dong,266,10,78,145,32,1,25.0,충청남도,천안시,동남구,신부동,신부동
apartment,22a57ccd6b2cdaad6c0f1d19bb96f88078d6c66f612eef97b0de5b446d534767,other_urban,m16_25,m21_30,dong,119,5,41,42,26,5,21.0,충청북도,충주시,용산동,,용산동
apartment,22af9ed42e599b98b3c2ae1a272c0f88423b91bec82d53044b9ec87182094f7f,other_urban,ge26,ge31,dong,493,13,121,221,130,8,31.0,강원특별자치도,춘천시,후평동,,후평동
apartment,22b04dd26c5a4589f8d3d2eac2c259c015e0704efc3dcdabc1c1cf94815f248b,metro,m16_25,m21_30,dong,108,9,25,53,20,1,21.0,경기도,성남시,분당구,운중동,운중동
apartment,22b221f9fbd690e5d222d802a9da9d70cc0b429396df996fde6ffea0b782c302,metro,m16_25,m21_30,dong,208,8,58,75,60,7,24.0,서울특별시,성동구,금호동4가,,금호동4가
apartment,22bf797cbaf2651566a3579a38f7d2345f3fe7128a971bd90a7052957d2f531c,metro,m16_25,le20,dong,115,6,28,45,32,4,17.0,인천광역시,부평구,구산동,,구산동
apartment,22c81dcc11b4f237b54598b9f5840f95b4060879a3076c8878676613f6a691ca,other_urban,le15,le20,dong,80,10,18,27,19,6,12.0,전북특별자치도,전주시,덕진구,송천동1가,송천동1가
apartment,22cc0104faa8344143e92e98af13be91281be47949722eec2154b163c5566e82,metro,le15,le20,dong,136,7,33,54,39,3,15.0,경기도,성남시,수정구,태평동,태평동
apartment,22cea2e56dc1272dd790eff4809ea0c4590625e0c93f5b29d2458394ab94391c,nonurban,le15,le20,eup,123,13,30,45,31,4,13.0,충청북도,진천군,덕산읍,,덕산읍
apartment,22d89d05eb3e439c066ac01492eb3da1ff143dac3f52883f6498d8a4560cf4cc,metro,ge26,m21_30,dong,121,6,28,60,26,1,28.0,경기도,의정부시,민락동,,민락동
apartment,22e62d22cb08b190465214d54949a0bf4f06f0896ab081392570c4ccdb2591ab,metro,m16_25,le20,dong,166,12,47,66,37,4,20.0,경기도,의정부시,민락동,,민락동
apartment,22f6ac32edef2c7af2489585e842d256b92f8d60f87669a1837d9378006783f3,nonurban,m16_25,le20,eup,144,9,35,61,37,2,20.0,경상남도,김해시,진영읍,,진영읍
apartment,2305a505659d9333c2b9adbc08e8e0e15aad5eac869d0b3a7f2abfda57df7ddd,other_urban,le15,le20,dong,97,12,16,39,25,5,15.0,경상남도,양산시,평산동,,평산동
apartment,23060ad0559f7ae3828504fd5c51abf5a4d6e8f997668e14423b797e8cf8d19e,metro,m16_25,m21_30,dong,230,7,61,100,53,9,25.0,경기도,광명시,철산동,,철산동
apartment,230715351d84bc48d24d44a03bf09e7c1e4942d9cf84a5427163c6e3e5ea8231,other_urban,m16_25,le20,dong,293,9,80,122,78,4,20.0,경상남도,창원시,의창구,팔용동,팔용동
apartment,2307fb679c81d1ccb93223e273f1456d0bbaa0a9cde3d2c1aeb200260ee05f26,metro,m16_25,le20,dong,71,5,17,33,15,1,20.0,경기도,용인시,수지구,죽전동,죽전동
apartment,2308434c2fa3b7ffe147e245bd49def8bb03c1e24b09a88fb2a8bf3e2901f5f6,nonurban,m16_25,m21_30,eup,406,16,105,203,77,5,21.0,경상북도,구미시,산동읍,,산동읍
apartment,2309ce023204846b432631728256f0e44dfdc1a660f109340b4770cb71136d93,other_urban,le15,le20,dong,70,8,20,28,12,2,15.0,경상북도,경주시,황성동,,황성동
apartment,2310898b8c9dbab8da6400af8d24e802d2ab95d7f8f7b80a87da0227fa2a83ae,nonurban,le15,le20,myeon,68,7,0,36,14,11,5.0,강원특별자치도,정선군,남면,,남면
apartment,23147a24a0aee569b1c331ba097997e3767fe15b33bd4d6568014eba066de0ef,metro,m16_25,le20,dong,286,9,82,140,50,5,20.0,경기도,고양시,덕양구,행신동,행신동
apartment,2328f473e02944769353ec900223bc18473d63bb9a051ddb9b96c65af413b35d,metro,m16_25,le20,dong,493,21,118,221,127,6,20.0,경기도,수원시,영통구,영통동,영통동
apartment,232acfb5c21d1fa0fecfd3c38f3f0ccf0303b52b75d42bb6d588c87e20d640cd,metro,m16_25,m21_30,dong,230,14,80,117,18,1,25.0,경기도,안양시,동안구,평촌동,평촌동
apartment,2335ed86e221180f49d69ba99f799a28f370a344916e9ad9162fd040fcaa89b7,metro,m16_25,m21_30,eup,286,8,76,125,68,9,25.0,경기도,화성시,효행구,봉담읍,봉담읍
apartment,2346bdcbcd6cc74eac295de833eb0a0e60e38b8b60c7f021af75630416498a25,other_urban,le15,le20,dong,72,14,0,26,14,18,5.0,전남광주통합특별시,광산구,월계동,,월계동
apartment,23794a6fd8ed9bac8307b39844d3e1156b0aa7e3ca7bc4a4e7d9e60a852a1753,metro,m16_25,m21_30,dong,65,6,14,25,17,3,21.0,서울특별시,성북구,돈암동,,돈암동
apartment,23797d2f556a3ff3421875cf82e2f05c3856b46e30208fda0cf4839c4b52f0d9,other_urban,le15,le20,dong,131,12,23,47,39,10,15.0,충청남도,아산시,모종동,,모종동
apartment,239205c9555eac842e93b5a3b04c2ff95599a064dc92f235de084060a29c36e4,metro,le15,le20,dong,135,19,32,51,27,6,10.0,경기도,시흥시,정왕동,,정왕동
apartment,2393ebfee5a6d6dc7eb1bcf73174adce1e89cf29cf797c329f058253f95bbd1c,nonurban,m16_25,le20,eup,228,12,60,114,36,6,20.0,전남광주통합특별시,무안군,삼향읍,,삼향읍
apartment,239ac7e5739b7004b3aded6c9a21643a83a8dc6995abb210e04a1bb422c2308d,other_urban,m16_25,m21_30,dong,98,12,21,36,27,2,22.0,경상북도,포항시,남구,대잠동,대잠동
apartment,239fdfebcac65d90c43e9801f22ff9f4718b0efa810d933f127948050c3aa187,nonurban,ge26,m21_30,myeon,307,9,75,133,85,5,30.0,강원특별자치도,원주시,지정면,,지정면
apartment,23a319b67d06cfc086ec8f24fedf8f324ef440112a15505a21c1e02ebafd05f1,metro_city,le15,le20,dong,61,13,0,29,8,11,5.0,대전광역시,동구,홍도동,,홍도동
apartment,23a68a80fcb37c0b3e2712547fcbf9ac9b00c5354b8a8ccc13314a9d7a5e6c33,metro,le15,le20,dong,149,8,28,62,40,11,15.0,서울특별시,노원구,상계동,,상계동
apartment,23a6ce4cc79ffb787e86dc512a8703064975cbb83458e93c030ad4250c0bc5c8,nonurban,le15,le20,eup,63,8,14,19,18,4,15.0,경상남도,창원시,마산회원구,내서읍,내서읍
apartment,23aa9b1b54033c873755e5bdf076c0357c69983e2f47a8ac41e1eb45ca2c29e7,metro,le15,le20,dong,80,10,0,36,12,22,5.0,인천광역시,남동구,만수동,,만수동
apartment,23b959f80d9fb1e8ce66feba04a26695325f2b571729a90924e8767a3550a433,other_urban,m16_25,le20,dong,141,10,34,53,34,10,20.0,경상남도,창원시,성산구,대방동,대방동
apartment,23c2680c72896c875552851e2035fe577b36c243dcb4ab032c0d5cfc1a48118b,metro,le15,le20,dong,225,19,51,81,59,15,15.0,서울특별시,서대문구,홍은동,,홍은동
apartment,23c6999d92a3806c27b99236b72cad48bcd0599484467b00b558008e7503958c,metro,m16_25,le20,dong,208,16,52,93,40,7,18.0,서울특별시,서대문구,천연동,,천연동
apartment,23d379a7afb1ed0247a7436ce55b8d29e6b1152bc822553f0b0944e87b000917,nonurban,m16_25,le20,eup,438,26,108,232,68,4,20.0,경상남도,김해시,진영읍,,진영읍
apartment,23de0ed26b04752f39f57b0dc0a69ff758201a4f5085ac0a02d46f9936ce4029,metro,le15,le20,dong,110,26,0,34,20,30,5.0,경기도,고양시,일산동구,사리현동,사리현동
apartment,24336ae4873cd1abb30bbbbb4f49546f121adccb14cf1a0279670dbaa6222104,metro,le15,le20,dong,124,6,35,43,32,8,15.0,서울특별시,도봉구,창동,,창동
apartment,244f4e3f5584f0d25876864b054651a788120888ffbed5def2c66c2b17af9df2,nonurban,le15,le20,eup,128,12,31,46,30,9,15.0,경상남도,창녕군,남지읍,,남지읍
apartment,245455d647c81c4dbc2183e4e60b1be606381a5347c52a6be3d9732a45755fc4,nonurban,m16_25,m21_30,eup,267,10,66,112,70,9,24.0,경상북도,경산시,진량읍,,진량읍
apartment,2458cb69a0ed03ace578aae0bfc770d76867ee9363853d6094626a3ae7f469f3,metro,le15,le20,dong,54,11,13,22,5,3,10.0,경기도,시흥시,정왕동,,정왕동
apartment,2460e5911d933d9b969d9efab37b321a1088b476d8ce1a366672c9f42f4c695c,metro_city,ge26,ge31,dong,916,26,363,403,120,4,35.0,부산광역시,남구,대연동,,대연동
apartment,246523dc76026b10f0bc516a2b7be039d8805bfdbe1b7215d3b79c9d3dc7c5c0,metro,m16_25,m21_30,dong,78,7,24,34,12,1,21.0,경기도,부천시,원미구,상동,상동
apartment,247bd43d9a69fead11bf203ef19d2aeef4d939eec0b621aba3e7401c8cb92db5,nonurban,le15,le20,eup,75,8,16,32,16,3,15.0,충청북도,증평군,증평읍,,증평읍
apartment,24911dba1b9909e5b8ab8a0cf35979d10ba3b5e444d6696611b638ffdfccc5bd,other_urban,m16_25,m21_30,dong,206,6,47,75,63,15,25.0,전남광주통합특별시,서구,쌍촌동,,쌍촌동
apartment,249ca2ce0ba1306f4652f75f6235f4db74c52dfd8d02edd8516a379f35a73b22,other_urban,m16_25,le20,dong,322,21,61,128,89,23,16.0,충청북도,제천시,청전동,,청전동
apartment,24a0e0f0f24fe797ff5a05957dcd342e50997b3fe8f0d7b7e100544d9c0cc5c7,other_urban,le15,le20,dong,126,6,19,50,36,15,15.0,전북특별자치도,정읍시,수성동,,수성동
apartment,24a1a6a7d46f8e10a6dcef7522686934a8dd1a99b00e624ef900fa522486ffaa,metro,le15,le20,dong,126,7,16,65,27,11,12.0,서울특별시,송파구,거여동,,거여동
apartment,24aa5f8b727ffebc7295e771dff0d827140a81572c769ce675eea268d67e0944,other_urban,m16_25,le20,dong,238,20,63,96,52,7,20.0,충청남도,천안시,서북구,쌍용동,쌍용동
apartment,24aac0af17b8382c0fff46d58c79f54994838ec69aa38f76a6ea2ad6dbf3a4ef,metro_city,m16_25,m21_30,dong,443,18,97,181,135,12,25.0,부산광역시,사하구,장림동,,장림동
apartment,24be648d1bf0bf0ead59dfea7ac5b4022dd6df72d4e6fc8fe503c43e2075d66c,metro,ge26,ge31,dong,302,7,93,155,46,1,32.0,경기도,용인시,기흥구,동백동,동백동
apartment,24ccfbdaf8a4acec7306259b5168e93a09d08811bab0938e6dee27a43c5785ba,metro,ge26,m21_30,dong,125,5,48,64,7,1,29.0,경기도,성남시,분당구,수내동,수내동
apartment,24dc6e58cee958a391f52ab329901c9e255460222720487899820b55cae4c336,nonurban,le15,le20,eup,89,5,25,34,22,3,15.0,경상북도,경주시,안강읍,,안강읍
apartment,24e991a3985b2cc64c8c5f10645af9f644e085076319f4d73fdf209e4f067656,metro,le15,le20,dong,62,6,16,30,9,1,15.0,서울특별시,중랑구,망우동,,망우동
apartment,24f18298640302a74460c77aa01196f15892aa1309021e9a9b6041c93426b71f,metro,le15,le20,dong,221,17,37,89,58,20,15.0,서울특별시,노원구,월계동,,월계동
apartment,24f5840bfda9e41f474cd0452912eb4ce68d3a94dad741f7564e5bb563812495,metro,m16_25,le20,dong,104,5,28,40,29,2,18.0,서울특별시,성북구,정릉동,,정릉동
apartment,24f927972f5a17df544605402dc6a5e9f9a9de96d52dd2e765e43a05c5b4bb9c,metro,m16_25,m21_30,dong,217,9,56,105,43,4,25.0,경기도,수원시,권선구,호매실동,호매실동
apartment,2500b7a286cdd9bb8c87cb023acc61b64bf23e6c0e5a0d5bc7f2ac0c225bef44,metro,m16_25,m21_30,dong,216,8,58,112,35,3,23.0,서울특별시,마포구,대흥동,,대흥동
apartment,25099272478c63059fd49167195638d320d0585ecf8763a53eb9b4c965028330,other_urban,le15,le20,dong,80,8,12,30,24,6,15.0,전남광주통합특별시,순천시,조례동,,조례동
apartment,25174ac8b8a39769cd56272c1c13afba62ee93b50da6192f11b850f4f729513f,metro,m16_25,m21_30,dong,108,5,33,62,7,1,25.0,경기도,성남시,분당구,정자동,정자동
apartment,251bf70da12cc831b59b2c8fb11d9862f76a73e107e233bcd22fb479a149962c,other_urban,m16_25,m21_30,dong,154,5,53,61,31,4,25.0,충청남도,서산시,예천동,,예천동
apartment,251cf9d987997a84d008f6260b1d4226a191668acefd074d076874707543b251,metro,le15,le20,dong,164,12,40,70,34,8,15.0,경기도,양주시,광사동,,광사동
apartment,252af741cedc7ff038f18d8f7c502b3c879fb6e235f24112796b78ba0c049d5b,other_urban,le15,le20,dong,50,11,0,23,9,7,5.0,경상남도,창원시,성산구,신촌동,신촌동
apartment,25319cca876816dd11cb7a6736ffb1e93b8a4ebdbd77a1a2a63f4057acb1bb23,other_urban,m16_25,le20,dong,169,12,54,64,35,4,20.0,강원특별자치도,원주시,무실동,,무실동
apartment,253c6ff30d798a319bf8fda525dce98b1a1407f4d926f308f453db741a2b9ade,metro,m16_25,le20,dong,93,8,19,34,27,5,18.0,경기도,화성시,병점구,병점동,병점동
apartment,253cf0086553e49e3e68baeb84ae38080eb2c26583bf8a843cb46ad1c5698a84,other_urban,m16_25,m21_30,dong,143,8,44,73,16,2,22.0,전남광주통합특별시,남구,임암동,,임암동
apartment,254de953564ba3cc5b12d57cf1f41c29eca8f5ed58be3a1483aa5260657537ce,metro,le15,le20,dong,86,5,14,35,31,1,15.0,경기도,군포시,금정동,,금정동
apartment,255039456271c64362d703fba5f112b80073888ca3f5c9ad6a3798a9e9fb9374,metro,m16_25,le20,dong,63,7,12,27,15,2,19.0,경기도,수원시,영통구,영통동,영통동
apartment,256975599d8c43040b88faefd81fd54b8af10b1ac93e49ef1719f7a763ad7622,other_urban,le15,le20,dong,79,8,18,29,17,7,15.0,전남광주통합특별시,순천시,석현동,,석현동
apartment,25700b9c9f13fbc398454cfdeb57158e2123f4b6b227cff6042dc40f72350cc2,metro,ge26,ge31,dong,265,8,72,123,60,2,32.0,경기도,안양시,동안구,관양동,관양동
apartment,2580a4af62e1b444b9c2168f9385c35d855d93d5f3da8d73eecf1308f7dffc3a,nonurban,m16_25,m21_30,myeon,221,9,31,107,65,9,22.0,충청북도,음성군,맹동면,,맹동면
apartment,258258170c2b71d0bd843289fd55555192cb00b586a2bf01612b8911e524646f,other_urban,le15,le20,dong,127,22,0,47,29,29,5.0,강원특별자치도,태백시,동점동,,동점동
apartment,25825b3cfb59d27e628809746fc0ffd339a2bf294eb9c66fbcec5c1570db8d19,metro_city,le15,le20,dong,81,6,21,36,17,1,15.0,대전광역시,유성구,용산동,,용산동
apartment,25835bea9b72fd134f896e611e6de029615ecf03550b68f5b4bc565b7e657d67,nonurban,m16_25,le20,eup,269,8,68,107,76,10,18.0,경상북도,구미시,선산읍,,선산읍
apartment,2590d8aaecf86a9ecc833f611775a147e8b3878b5e8653660d8ed411e23582ac,metro_city,le15,le20,eup,86,7,17,33,23,6,15.0,울산광역시,울주군,온산읍,,온산읍
apartment,25995ebe7ba73bc6f4aabd06368ff1e487b12e97d340959f8a344b86c0c3e878,other_urban,ge26,m21_30,dong,190,13,53,69,52,3,26.0,경상남도,진주시,초전동,,초전동
apartment,259979708d4cba322ce436d83af8d9903f5c280eb0b0eed58d2dadbc4f981bbe,metro_city,m16_25,le20,eup,132,6,37,60,26,3,20.0,부산광역시,기장군,정관읍,,정관읍
apartment,25a4c47ff74021cc7549a86dd54f9187f4d43ea77554f0d03926c3565f502213,metro,m16_25,le20,dong,220,10,57,96,50,7,18.0,서울특별시,서대문구,북아현동,,북아현동
apartment,25a71b91e201ba41b82c3c01907d788e65b2785b429b0e2d3778d4895e662a17,other_urban,le15,le20,dong,106,18,0,37,26,25,5.0,강원특별자치도,원주시,태장동,,태장동
apartment,25a834653dd4733f7c4316160d0f2dfa5067ce02023559239209abbda00411d4,other_urban,le15,le20,dong,141,17,27,52,37,8,15.0,전남광주통합특별시,목포시,석현동,,석현동
apartment,25b26da8a198525cc7b4eecf9d7ab485b7fbc2bf7f82d1356d9dbe30cbd47960,metro,le15,le20,dong,227,19,53,98,52,5,15.0,경기도,군포시,산본동,,산본동
apartment,25b65700694e55bd193b7d74e028765d1cea22c6e3286b724360dbbc764d65da,nonurban,le15,le20,eup,147,9,34,56,44,4,15.0,전남광주통합특별시,화순군,화순읍,,화순읍
apartment,25b65e2d2a1fcf23b444462a9ff959f9a6338fd55a122b1752bbdd991303202b,other_urban,le15,le20,dong,295,16,57,114,86,22,15.0,전남광주통합특별시,순천시,조례동,,조례동
apartment,25b6fa8710b1da4935feb43c1cc099be5bf482350ce1f9dde769807e5eae2d61,metro,le15,le20,dong,147,8,31,68,31,9,15.0,서울특별시,영등포구,신길동,,신길동
apartment,25c9ff306ca1fadcc1cdbc6b77289aefcaec8bc532f13a7ed6a3d5d09ab1d097,metro,m16_25,m21_30,dong,81,6,20,30,23,2,22.0,인천광역시,남동구,남촌동,,남촌동
apartment,25ce976dd798e9eddf4776fee114342bcda85dfcfc822b1c7d548de79e4c2a7f,other_urban,le15,le20,dong,66,9,13,26,14,4,15.0,전남광주통합특별시,광산구,신가동,,신가동
apartment,25d4eb84e0fad846b2d0b447c7c169523860fb96ad21ec0f7248562fe024b124,other_urban,m16_25,le20,dong,72,8,19,29,14,2,18.0,경상남도,양산시,평산동,,평산동
apartment,25d89644e67b9330241a6c014305717e796eca366c098563499cc1c64675f1e9,nonurban,le15,le20,eup,54,10,0,26,12,6,6.0,충청북도,음성군,금왕읍,,금왕읍
apartment,25df9d6abe69fce028b1f3490ed3f17da5c2ae07a8d74677ab134530da58a489,other_urban,m16_25,le20,dong,108,6,27,54,20,1,19.0,충청남도,당진시,채운동,,채운동
apartment,25e9de1eb6484ccd4fa4b65bf5065c1780f8173fe1fc5d59098578285577e299,metro,m16_25,le20,dong,134,11,41,47,33,2,17.0,경기도,평택시,서정동,,서정동
apartment,260a4bb968626d07baaa19e6f8b79088d8a561ed3df78fa7ab5ca7a7333018a0,metro,le15,le20,dong,370,25,75,129,116,25,14.0,서울특별시,송파구,문정동,,문정동
apartment,26119d68efde1e2275ef2f372a4360de25dc424fc17f728bcb3c89dec48a02cb,metro,m16_25,le20,dong,62,5,19,26,10,2,20.0,경기도,시흥시,은행동,,은행동
apartment,26215e8d20012b19580a739a0c603d193cd376c6017116e4970cad55f7c38b1f,metro,le15,le20,dong,75,7,12,25,24,7,12.0,서울특별시,송파구,가락동,,가락동
apartment,2625291b877ef6f234bb09d7e2c4b36b3c266bd4bbae448077edf2074d7a5e1b,metro,le15,le20,dong,75,5,18,22,25,5,15.0,경기도,화성시,병점구,안녕동,안녕동
apartment,263525964b8b0ce6cff2b6885b05a67dbad68de9c04dcc81c480df274f006178,metro,m16_25,m21_30,dong,256,18,90,106,37,5,24.0,인천광역시,부평구,십정동,,십정동
apartment,26383f789dcddf4756731ada92737e2f08887359dafcdc41b4697273772bfac7,metro,m16_25,m21_30,dong,399,15,125,177,80,2,25.0,인천광역시,연수구,연수동,,연수동
apartment,263b9655de1968792bcfe80efc900e55a1872782d0be710f92cfca23dc509bb2,metro,le15,le20,dong,157,31,0,71,33,22,5.0,인천광역시,계양구,효성동,,효성동
apartment,264dffc8fb7cf7cb329b53d55daa309c8d2315686fbcce2efef15f09060bcdfe,other_urban,le15,le20,dong,63,5,12,26,14,6,15.0,전북특별자치도,익산시,모현동1가,,모현동1가
apartment,2657c7ae4b75d8c0f31f715a3414ee6a456f31b182dbe3c36d93f6b05dce309d,other_urban,le15,le20,dong,79,5,12,38,18,6,15.0,전남광주통합특별시,북구,중흥동,,중흥동
apartment,265ac6fed776c6e4c385d25ebd9b31b831ab8f4ee94e8b3995c40aac15dda824,metro,m16_25,le20,dong,73,6,18,28,17,4,20.0,경기도,시흥시,장곡동,,장곡동
apartment,2663e2f44158732f2e4df1928f6a01a3b268f3abf4c160beb6498f5f18bd9fdc,nonurban,le15,le20,eup,222,23,39,86,55,19,15.0,충청남도,천안시,동남구,목천읍,목천읍
apartment,266751e79fe96e66eeff4b4b96a06a6565055deffe193f2b05758a00a36be966,metro_city,m16_25,le20,dong,188,7,47,63,63,8,18.0,울산광역시,북구,천곡동,,천곡동
apartment,266b1f5608dc18cb7bd5a7692b1c017ee8457c76bfb7796551924224838a5e63,other_urban,m16_25,m21_30,dong,345,6,100,149,84,6,25.0,경상남도,창원시,마산합포구,교방동,교방동
apartment,26740330eb8c60ae7c4ca975b3a2a308d4749172406888c757bbba33bbb4da45,nonurban,le15,le20,eup,79,5,14,37,22,1,15.0,전남광주통합특별시,해남군,해남읍,,해남읍
apartment,267a135864183196d5d02ce1a61c4c2fcc2fdc20a75dff033140bc47729f16f9,metro_city,le15,le20,dong,127,5,26,63,29,4,15.0,부산광역시,강서구,신호동,,신호동
apartment,2693d7de2a9a45d45040bf9f5fd2e9735e07c929cd4a59cfe6ba456c719e6509,nonurban,le15,le20,eup,124,8,25,55,22,14,15.0,강원특별자치도,횡성군,횡성읍,,횡성읍
apartment,269e10bb5d5cacf0282aa2b8dd44e4018549ba00627fd9fc058a3a1d95c18ca0,metro,le15,le20,dong,240,11,35,100,71,23,15.0,경기도,이천시,안흥동,,안흥동
apartment,26a5cbfe4f95eb7f3bb67bb993cac7bba531ffb47bba07f15d7b04c6f214b27b,other_urban,m16_25,le20,dong,131,6,27,60,33,5,18.0,경상북도,영주시,하망동,,하망동
apartment,26baa0e9401077671e635cfeaa41c724958e42f729d770ec7229c9c7f7a54662,metro_city,m16_25,le20,dong,98,5,29,32,26,6,20.0,대전광역시,유성구,교촌동,,교촌동
apartment,26c9436c8f70bb3f85f79d463f63d764b9a7fd95e8e10ed67322663d90af9f9a,metro,ge26,ge31,dong,736,9,192,377,152,6,33.0,서울특별시,송파구,잠실동,,잠실동
apartment,26d43c654933ef8d09f5d73f31781f908ac10a7f058b678811a50a7844bee383,other_urban,le15,le20,dong,89,9,23,37,16,4,15.0,강원특별자치도,태백시,황지동,,황지동
apartment,26dc295daea510bd0013db7df2a9e117db2188d2d94fca5b86448b6843bb2da4,metro,le15,le20,dong,132,14,42,53,19,4,15.0,서울특별시,양천구,목동,,목동
apartment,26dfd4b1918404f757d30a59de121b5f1a2c81f4f83bced19c3e0c64c25259b5,metro,m16_25,m21_30,dong,100,5,30,52,11,2,21.0,경기도,성남시,분당구,구미동,구미동
apartment,26e2000555a889b54570a38df572e6871b418b3cd9612439eaf6754f5b4fe7b2,metro,le15,le20,dong,94,7,22,35,26,4,15.0,인천광역시,부평구,청천동,,청천동
apartment,26e454518902bed419438968c0c2f9b3a4aa1911ffaf5247e6ceab83f9c941e7,metro_city,m16_25,m21_30,dong,133,6,34,49,41,3,22.0,대전광역시,서구,탄방동,,탄방동
apartment,26e4bc1e9467131c49171f48e92063c80241fa1923fb2d81427e3dfd8d008488,other_urban,le15,le20,dong,217,14,57,79,57,10,15.0,충청북도,충주시,칠금동,,칠금동
apartment,27096f3b999b02191512de39b15d9e9a6ea6b395bed79bf057629377e41f8be5,metro,le15,le20,dong,55,13,0,19,14,9,5.0,인천광역시,계양구,계산동,,계산동
apartment,2709efdbcdad44ad515eb9850c8f81231c2a164b9260c78fc39cee5831158d02,nonurban,le15,le20,eup,73,8,0,43,14,8,6.0,충청남도,천안시,서북구,직산읍,직산읍
apartment,2718c38f76e5e97651d6daa59909145da8eb5d9252575031c630f7f9b7ea6d87,metro,m16_25,le20,eup,90,6,20,37,23,4,20.0,경기도,용인시,처인구,모현읍,모현읍
apartment,272344b8bcca71d446ed316a819cbdf7cb1fa2e6df85980467d0fe7f24eeca8e,other_urban,le15,le20,dong,75,26,0,23,10,16,5.0,경상북도,안동시,용상동,,용상동
apartment,2729bee415b4461484d88c51177c8f938abddd2acb056a738f2c34fd90f008eb,metro,le15,le20,dong,189,12,38,69,48,22,12.0,서울특별시,중랑구,묵동,,묵동
apartment,272a612e58ae51165ff3af72bd5b0f301abf8a0a210167c7e4805803577f1870,other_urban,m16_25,le20,dong,289,16,81,125,62,5,20.0,전남광주통합특별시,서구,내방동,,내방동
apartment,272bed42ef213eb02f31ab89ecf18adc1417473ccf078a513571f5d47034d79d,other_urban,le15,le20,dong,192,13,43,69,50,17,15.0,전남광주통합특별시,서구,풍암동,,풍암동
apartment,273e20a2d2796abecb9483ab7ccd6d0ad18b7e8cd3748d7c082740cf46e1610e,other_urban,m16_25,m21_30,dong,225,9,54,85,65,12,25.0,충청북도,청주시,상당구,방서동,방서동
apartment,27523da1170f6e84233a148b63d29969871b3d469aeeb332a3c9a9ccaa940bec,metro,m16_25,le20,dong,147,11,44,60,31,1,20.0,경기도,고양시,덕양구,화정동,화정동
apartment,2756afde722e3f56c2a35d18b4c730b2a13a1757faa61f959fef2634f6df441c,metro,m16_25,le20,dong,146,8,32,69,33,4,20.0,경기도,성남시,분당구,판교동,판교동
apartment,275d5185e759f497a624f47db940fae8707e491adbb35a1f0b0372bc6856aa54,metro,m16_25,m21_30,dong,151,10,38,69,28,6,25.0,인천광역시,부평구,부개동,,부개동
apartment,27607b97318d8eee2dc76dc274c2d95f2e5f272f6bd0b5ccaf6c840f7cbccd76,metro,ge26,m21_30,dong,240,5,79,114,41,1,29.0,인천광역시,미추홀구,용현동,,용현동
apartment,27659f76887a6e69939457279836a7ecb8ffe5c346608420593a1183a8ab5295,other_urban,le15,le20,dong,181,22,39,53,49,18,14.0,전남광주통합특별시,광산구,우산동,,우산동
apartment,276a70cdc73e26a35015104befe53872f18471d12c5fa3a3d1d7143745600e74,nonurban,m16_25,m21_30,myeon,212,10,56,115,27,4,25.0,충청남도,아산시,둔포면,,둔포면
apartment,276d87fc57db469ad12dd80d34f321d3ae0823fa9232cb02e9ae9cca38e9323f,metro_city,ge26,m21_30,dong,533,20,160,259,89,5,29.0,대구광역시,북구,노원동3가,,노원동3가
apartment,277e7587efbebee7eb4ae1e99a5ad58329767be159058951df2ee0acd44dbf81,other_urban,m16_25,le20,dong,158,11,34,78,30,5,20.0,경상남도,양산시,남부동,,남부동
apartment,27804a56674e53f7a2ffab41677d20acfa12f405a16746c4876244160b50bfc3,other_urban,le15,le20,dong,148,12,38,63,33,2,15.0,강원특별자치도,춘천시,석사동,,석사동
apartment,27805956a801b2a0e2bc8ad8879d1c83dfb1e83ffeb592557b43fd0db956c332,metro,m16_25,le20,dong,188,8,48,77,53,2,17.0,경기도,성남시,분당구,야탑동,야탑동
apartment,278ac51c031fccd41338e604de6e5190886013f486410bf5bc9571c9f9d33adf,metro,m16_25,le20,dong,100,5,29,43,20,3,20.0,경기도,용인시,수지구,상현동,상현동
apartment,278db1d70b3c1ec5d324e927383c077b523f8e9a5a115062d62317c893e6fb72,metro_city,m16_25,le20,dong,321,13,95,141,66,6,20.0,울산광역시,남구,무거동,,무거동
apartment,279548d9930d5d311f4e7d2f6a371dc32d9b5de776f7bac50edec49df33b9f44,metro,m16_25,m21_30,dong,137,7,32,61,35,2,23.0,서울특별시,마포구,신공덕동,,신공덕동
apartment,2798a50393c04767ca4bbcfd7d2c37b1cdb29fe78f58c61950510a8b7cad43cc,other_urban,le15,le20,dong,142,13,30,72,25,2,15.0,전남광주통합특별시,광산구,신창동,,신창동
apartment,27a0c9b3052cbd1270c19584ef3d3993dbf75d6e8590c697a5e3b1bbfe61e565,metro_city,le15,le20,dong,62,5,15,28,12,2,15.0,대전광역시,유성구,전민동,,전민동
apartment,27baee43a53048b945db7ad221de2ac4acaeab3f0ba077b2c69c981fcaac7929,other_urban,le15,le20,dong,80,6,10,36,25,3,15.0,강원특별자치도,원주시,단구동,,단구동
apartment,27c5e30c5e81ee4ab4ee2fc42cf0b73b0d96005c3edca54de4a8e1f00aefd269,nonurban,le15,le20,myeon,51,7,8,18,15,3,9.0,충청남도,서산시,음암면,,음암면
apartment,27cd72b85602ac1337a7f043d5656eb7b2c15a94a7db97a772e0fd61f4a1abf2,other_urban,le15,le20,dong,102,7,16,41,32,6,15.0,충청북도,청주시,흥덕구,가경동,가경동
apartment,27d0d1d460519591b1962f03df4ed321db638e5f52120e5b8c5e848aa40f3a19,metro,le15,le20,dong,179,7,41,73,43,15,15.0,경기도,구리시,인창동,,인창동
apartment,27d5667f021df0b43fde68884eccd0ccc2a8b340eff8ebbf0c240986503a99ce,metro,m16_25,le20,dong,81,7,21,37,12,4,20.0,경기도,고양시,덕양구,화정동,화정동
apartment,27dc8e1057ca31cf4a9e389a7c4d13912c37d9fb5ca72f76dbcaf78ab0d63542,metro_city,ge26,m21_30,dong,260,5,69,101,75,10,29.0,대전광역시,동구,대동,,대동
apartment,27e0c79f36192fb2c1f63fea78201deb06b70fe3242dd75e83881415d12a42f3,nonurban,m16_25,m21_30,myeon,219,8,55,117,38,1,23.0,충청남도,서산시,성연면,,성연면
apartment,27e6e4c505de05ad0adac8af31211dcec99369f46ea361cebf939f7cde6f583e,metro,m16_25,m21_30,dong,109,7,29,60,12,1,21.0,서울특별시,마포구,아현동,,아현동
apartment,27ebbbfcddb978dfc4e05e7d2788d91de43e98e450451fc66fe44e8b32825fdd,metro,le15,le20,eup,55,5,9,26,13,2,15.0,경기도,양주시,백석읍,,백석읍
apartment,27ed63a8ea009c38b24363bb4d5f3fd1115bfb33b016105aa7bd2d615052d996,other_urban,le15,le20,dong,195,9,36,86,61,3,15.0,충청남도,천안시,서북구,두정동,두정동
apartment,27f6060f8e687cd4fbfd84c7e37737acc97673844102ff6ed5f57c3f077b8454,metro,ge26,ge31,dong,694,15,206,353,118,2,35.0,경기도,김포시,풍무동,,풍무동
apartment,282079554b019498b88a27a350428e535df9b17e903eac8b8660f4f6fff7b3c8,other_urban,le15,le20,dong,63,8,15,22,15,3,15.0,경상남도,창원시,진해구,경화동,경화동
apartment,2820f44c34094ec4b56f75dfb1f7929a5d50eee460b1cc033662a95944408922,nonurban,le15,le20,eup,86,7,20,38,15,6,15.0,경상남도,양산시,물금읍,,물금읍
apartment,282aaf3747d0cdabcf0359a9a7c9ef108b5e625ab31bad5f2a41ffe9574e5da1,other_urban,le15,le20,dong,59,8,14,22,12,3,15.0,강원특별자치도,강릉시,교동,,교동
apartment,283677e64df75ce3263782c5cc9e6e35c39c44ea95256ca3bd69b41fd46e3745,metro,m16_25,le20,dong,297,7,88,140,61,1,20.0,경기도,평택시,장안동,,장안동
apartment,283a2a9110c337e18f8fda4a6c865046e976b2663d354717aa7b7a17203ce3c6,metro,le15,le20,dong,189,13,38,82,43,13,15.0,경기도,안산시,단원구,고잔동,고잔동
apartment,28432f5c0f20790bbd7b185658d9a9b55424ba5ea2fa32d2d37e44252195aaa3,nonurban,m16_25,le20,eup,188,11,44,69,60,4,18.0,전남광주통합특별시,무안군,삼향읍,,삼향읍
apartment,286c98645a17e09ba942e94ec59bcd829c5add54f71b5714259fbde12edd699c,other_urban,le15,le20,dong,90,9,26,29,24,2,15.0,전북특별자치도,남원시,월락동,,월락동
apartment,28725fc2d1004703ba9861efa30d6f6b46ada856f6b9e3ba2328c1fdf9dab5f1,other_urban,ge26,ge31,dong,173,5,41,81,43,3,31.0,경상남도,창원시,마산합포구,월영동,월영동
apartment,287c5ee5891bb8e9ba41e21578d3d446bf8f971e2c2bbfdfbfe2d605ab75ea2d,metro,m16_25,le20,dong,149,7,31,55,51,5,20.0,경기도,군포시,당동,,당동
apartment,2888f542f79a5045e99609e0c92e5ac6d5d5e84a911fa44af5de97b4cbeead51,metro,m16_25,le20,dong,147,11,44,53,32,7,20.0,경기도,고양시,일산동구,풍동,풍동
apartment,288a6276ea1753fb59a6c27629a5477551d1a314ab84f888ca256fb383762482,metro,ge26,m21_30,dong,120,16,59,34,8,3,28.0,경기도,성남시,분당구,서현동,서현동
apartment,28946cbd544844882b91dc0d9839608c5610e723e86df5cd058519a19ed76c5b,metro,m16_25,m21_30,dong,185,15,72,63,31,4,24.0,서울특별시,송파구,방이동,,방이동
apartment,289b4721419a2e499d765355292d95021f4969f91d705b967053fa059eecf55d,metro,ge26,ge31,dong,291,5,85,143,57,1,42.0,경기도,안산시,단원구,고잔동,고잔동
apartment,289e294634414d3c4b420199d3ce54083ffb4b469842756d5333fa7596dca570,other_urban,le15,le20,dong,143,11,22,57,40,13,15.0,강원특별자치도,원주시,단구동,,단구동
apartment,28a0e82593bb74e007e07e4636b26460c4a9c2e4652272b623be1cebe6b96bd1,other_urban,le15,le20,dong,64,5,16,33,8,2,13.0,전북특별자치도,군산시,산북동,,산북동
apartment,28ac2f2a62049886b07ee9d39bc94b1c39c3e9b94a3a00d4827d90168b2b2ca1,other_urban,le15,le20,dong,95,6,29,46,12,2,15.0,강원특별자치도,원주시,관설동,,관설동
apartment,28bcb57fd44450b0030ea6ee23fb74b65dc04fa2e3b1cc2957fbe74a222d6215,other_urban,le15,le20,dong,93,20,0,38,18,17,5.0,전북특별자치도,전주시,덕진구,송천동2가,송천동2가
apartment,28cceacffdd8ce8e3638b23ed892a7ccf88d1ec62a2e3e2a1664f07167eaff76,metro,le15,le20,dong,193,12,47,80,44,10,15.0,서울특별시,양천구,신정동,,신정동
apartment,28cfb53809c8c094414162b94c0afbe56a28cf04c56725c1dbe339a41179cca2,other_urban,m16_25,m21_30,dong,85,5,21,34,22,3,21.0,경상남도,창원시,마산회원구,봉암동,봉암동
apartment,28d90702c8499eceb51782353567ca4cd5f73bc82f6dd4beee864e2d3b13c250,metro,le15,le20,dong,216,17,44,76,58,21,15.0,경기도,평택시,군문동,,군문동
apartment,28db1eccedad625d8129477c17ff6687355ec255dd6fb3348d3e0ce41dda983e,other_urban,le15,le20,dong,150,11,32,57,42,8,15.0,경상북도,포항시,북구,양덕동,양덕동
apartment,28dd6087b85909b0d244a11e1a77c5c7401bf00c804a758cbcb02098d73ed947,nonurban,le15,le20,eup,300,59,0,142,47,52,6.0,경상북도,경주시,안강읍,,안강읍
apartment,28fb4a48b5b9c319cea5536165ab4a12a46fc6483b65de572a4787b2fcd28a71,metro,le15,le20,dong,127,8,23,59,33,4,15.0,경기도,화성시,효행구,기안동,기안동
apartment,28ff87b0cbfc57cb46d5ea54800247c279eb7b38586e992e18285a97c7ac6751,metro,le15,le20,dong,68,12,0,32,8,16,5.0,경기도,안성시,옥산동,,옥산동
apartment,2909b1b6b5d15db6381044607f6360b18f47738ac73c98d6de946b2fee4dae47,nonurban,ge26,m21_30,myeon,197,6,52,97,41,1,29.0,충청남도,아산시,탕정면,,탕정면
apartment,291dcdae35b8d3888a7cff67e9fe1ad75eb2655cd2af610812dec19b5a833c22,metro,m16_25,le20,dong,145,12,29,67,35,2,18.0,경기도,김포시,감정동,,감정동
apartment,29247378d3fadf516295a46565e3eb0f9fb72d94bd5db9410b9b50b7b7b7006c,metro,le15,le20,dong,90,5,19,36,27,3,14.0,서울특별시,강남구,개포동,,개포동
apartment,292640bd43346710e2b2195594a7683d7d86912ee5125a1a80c9cb87ce891b2e,other_urban,m16_25,le20,dong,187,13,60,84,28,2,20.0,강원특별자치도,동해시,동회동,,동회동
apartment,292900a1fc2cda3e4e4819a2471e88f074b6113221a6c0cfb27f283ecb537b78,metro,ge26,m21_30,dong,109,6,26,45,31,1,27.0,인천광역시,남동구,간석동,,간석동
apartment,2930d1a09086ebd6162ed73bc06065d11242bc3b50c54ebcf8615aa03e657033,other_urban,le15,le20,dong,68,6,19,26,13,4,15.0,강원특별자치도,속초시,교동,,교동
apartment,29316adda780e4f9a1998fecdb856849b7ad70ebb9ef98b3e6a13640283697f8,metro,ge26,m21_30,dong,459,22,234,181,18,4,30.0,경기도,성남시,분당구,서현동,서현동
apartment,2939379bf35daa968dab6425c2fbdea1467301108b83d9fcb34921c30acda816,other_urban,le15,le20,dong,85,8,11,37,23,6,15.0,강원특별자치도,춘천시,후평동,,후평동
apartment,29427bdd5160e3fecb0a7638b708badcf1ca916d6562490885df3278273cbf4e,other_urban,le15,le20,dong,98,12,21,40,19,6,11.0,전북특별자치도,전주시,완산구,중화산동1가,중화산동1가
apartment,295270a7edf4c3fedd1d6c06386fccc09cef889a92fd9c71f7a2961bba2c461e,metro_city,ge26,m21_30,dong,262,7,78,116,59,2,26.0,부산광역시,남구,대연동,,대연동
apartment,295422499c287c76b528e3d6dc0b97bbd6e09a631020a6b171933a385f090235,nonurban,le15,le20,eup,280,17,57,110,70,26,15.0,충청남도,아산시,배방읍,,배방읍
apartment,2969a94fe9bfb4937c1011650483b140c5a9e9de642f9259ce51e9042a981770,other_urban,le15,le20,dong,227,13,43,102,67,2,15.0,충청북도,제천시,신백동,,신백동
apartment,298961eb717572f4766d4834676de1e459285e1841cbcb42c5566ab7aca15ff0,metro,m16_25,le20,dong,293,7,93,140,47,6,20.0,경기도,용인시,기흥구,마북동,마북동
apartment,299e3d24018bd20c9d8df06c9f88a41a086a3d2961e5847197fcdaadf44aadff,other_urban,le15,le20,dong,85,5,26,37,15,2,15.0,강원특별자치도,속초시,조양동,,조양동
apartment,299f399426b8b96db2aafebc92a093bec4f6b429e2dfa866d25ad7d2a0518e34,other_urban,m16_25,le20,dong,138,6,39,45,42,6,18.0,충청남도,보령시,대천동,,대천동
apartment,29a881723693d1b85e800980249612314e882890df7c846feb84315d135a381f,metro,m16_25,m21_30,dong,87,6,29,37,14,1,24.0,서울특별시,금천구,시흥동,,시흥동
apartment,29afe722c0291dd38c2a6eb22c1894759c239b8b6b30884a6fc4464033a53c85,nonurban,le15,le20,myeon,592,37,143,229,149,34,15.0,충청남도,서산시,지곡면,,지곡면
apartment,29d94169b69f3973e135adc9f8a94510f8f2db9e3e46eb9bab324e036aa2e382,metro,le15,le20,dong,197,21,30,92,53,1,12.0,인천광역시,연수구,동춘동,,동춘동
apartment,29fe756cb11fc008fa97803cf88e7d03e72cf92a76f54ba5ab30afdc29bf4b76,other_urban,le15,le20,dong,114,10,20,52,26,6,15.0,충청북도,청주시,서원구,모충동,모충동
apartment,2a0082c4da4474e08f0fc152b7d5a47dd50dbfc1fb5bf05bf2c534c73853ed65,nonurban,le15,le20,eup,95,5,13,43,26,8,15.0,충청남도,아산시,염치읍,,염치읍
apartment,2a06cb786f7aeb0338f0ab3025846c604140ab680db6973ea02397e9481043f5,metro,m16_25,m21_30,dong,255,13,70,99,69,4,21.0,인천광역시,제물포구,송림동,,송림동
apartment,2a19681b2da579a36c04eca111a5293c17ccb29a8cd409d1eb89450b4be2300e,other_urban,le15,le20,dong,304,17,60,127,79,21,15.0,전북특별자치도,전주시,완산구,서신동,서신동
apartment,2a2bf8664cfbeb36465aebd8ef1ea57938f40e9ddc8eb21cd31297d059126d7e,other_urban,le15,le20,dong,176,14,38,63,55,6,14.0,전남광주통합특별시,광산구,산월동,,산월동
apartment,2a36c448f6f2e150d4877cc9466620c556e2dfa7ce2d4d03a7df4653a15a90aa,other_urban,ge26,m21_30,dong,344,6,88,173,73,4,29.0,경상북도,포항시,북구,두호동,두호동
apartment,2a39c7a401869018298f95894d991b0f8f1611c32732d4e5a23e13e7f4fb5057,other_urban,le15,le20,dong,97,7,26,36,23,5,15.0,충청북도,청주시,상당구,용암동,용암동
apartment,2a4a1ff07ed83283ac1febafcec22a5257e55d5c2e2af496e3dee352c0149bd8,metro_city,m16_25,le20,dong,122,10,26,48,33,5,20.0,대구광역시,북구,구암동,,구암동
apartment,2a4e07d3ca725c596372dff13ca42be8cc0489345759efd7e3543943e5d6b3b4,metro,m16_25,m21_30,dong,112,6,28,50,24,4,25.0,서울특별시,중랑구,상봉동,,상봉동
apartment,2a57929c06c56759e07200efe59e3ebf99b1a453c5b676015e1e454f54cb6c3a,metro,le15,le20,dong,86,7,18,38,17,6,10.0,서울특별시,성북구,정릉동,,정릉동
apartment,2a5ea3060091f2608babda86455a8917b53e34bd7138422b16a0444e6aa44c19,other_urban,le15,le20,dong,70,9,13,27,19,2,15.0,전남광주통합특별시,남구,노대동,,노대동
apartment,2a660c5fad30403b6d3af0d2b1ae97af07257ba0f0d7437f4316acc746664c44,other_urban,le15,le20,dong,102,13,25,40,21,3,15.0,충청북도,청주시,청원구,사천동,사천동
apartment,2a6d4c63a33255f9d9788c4d5bf6cd7f46f6442ea6c0a0ab216ec0b3924faf1a,other_urban,ge26,m21_30,dong,125,6,34,56,28,1,27.0,경상남도,통영시,북신동,,북신동
apartment,2a70225ab9df75adae0fb3f0cc79f3b862c1d99f510bff5cf54e47ce6d8b4f84,other_urban,le15,le20,dong,50,7,0,19,14,10,5.0,충청북도,청주시,청원구,율량동,율량동
apartment,2a703a670ebdddfdeb98ee1a47bb42eb83cc60fc2e39016d9d88e7448b257ca7,metro,m16_25,le20,dong,465,21,156,246,39,3,20.0,경기도,안양시,동안구,관양동,관양동
apartment,2a713e3e967ac35865bcea562a04c384a86f079a5eef9e0d04710f6fc3072394,metro,m16_25,le20,dong,147,5,35,70,36,1,19.0,경기도,하남시,신장동,,신장동
apartment,2a7dfbe1745d9c4c6e699e6a2812d6d9092d28c1bc0cd0e28236d1c755c769aa,other_urban,m16_25,m21_30,dong,350,8,109,172,57,4,25.0,경상남도,양산시,평산동,,평산동
apartment,2a8d5ad26befd4a61d6edb49825f40c9597413b0b87d6830209543a275df378c,other_urban,le15,le20,dong,81,8,12,39,20,2,15.0,전남광주통합특별시,북구,일곡동,,일곡동
apartment,2a93665e7daf1c38b990a29e58b2a7406276b70af62f81006debe0e9052b2674,metro,le15,le20,dong,131,15,17,49,37,13,12.0,경기도,여주시,월송동,,월송동
apartment,2a9b62409be4fbf00e82cb08ee07b74be11d50aa25b7707a369d996143a6373a,nonurban,le15,le20,myeon,149,16,26,69,32,6,15.0,경상북도,안동시,서후면,,서후면
apartment,2aab66917a1f20ef67f18779cc4e7633d82c76a2ed19cad73a4fb6e3e6d27634,metro,le15,le20,dong,138,7,20,71,31,9,15.0,경기도,용인시,수지구,풍덕천동,풍덕천동
apartment,2aabcb9d47feb7899a3fcd9bd9a98cb7da3981587f8201c6f39c87baac8883a3,other_urban,le15,le20,dong,68,5,16,33,11,3,15.0,강원특별자치도,원주시,명륜동,,명륜동
apartment,2ab4182ec5beba91c641e6016f1b8a00872edcb973025b3c9f24834d5e4cca46,other_urban,le15,le20,dong,83,6,23,38,11,5,13.0,전남광주통합특별시,광산구,신창동,,신창동
apartment,2abb1e1fa1c91e7c6a6c1b14b7f1b3891a350535d78ec59cf7caf4444ad72293,metro,m16_25,m21_30,dong,145,7,37,74,26,1,23.0,경기도,군포시,산본동,,산본동
apartment,2ad04d02cfe0cc90583ea99526d2981639d847910ba42ffc9a30da7590dbc339,other_urban,m16_25,m21_30,dong,422,13,125,221,61,2,25.0,경상남도,진주시,충무공동,,충무공동
apartment,2ad2838ed84ab121f977478bde28ca26236938b78fc3b7fc9ba7b5ab43419152,metro,le15,le20,dong,76,6,16,31,18,5,15.0,경기도,고양시,일산서구,대화동,대화동
apartment,2ad53f96a6dee4382cafa8232349e909737fb83cd236be8a6b0c448361132d1a,metro_city,m16_25,m21_30,dong,224,14,59,112,37,2,21.0,대전광역시,유성구,관평동,,관평동
apartment,2ad994ca9919fe467016991276f094dfe98ae89d59a20fcd6fbcd46221e332ce,metro,le15,le20,dong,346,19,73,142,95,17,15.0,인천광역시,연수구,연수동,,연수동
apartment,2aed8e767066192eb337c94bb05fe2b335a18787539f91e01fedfc01cf88952a,metro,le15,le20,dong,120,7,29,52,23,9,15.0,인천광역시,부평구,부평동,,부평동
apartment,2afff975f07a878075d01a371462196e946a1c4c62a73509dd8d86bee3ab3d4d,other_urban,m16_25,m21_30,dong,107,6,22,53,21,5,25.0,경상남도,창원시,마산합포구,가포동,가포동
apartment,2b069b5dd16525df9cbd7b98767302cdd9c7de8b4d6073d5f981d2b205ceb031,metro,le15,le20,dong,92,8,12,39,29,4,12.0,서울특별시,구로구,고척동,,고척동
apartment,2b297c8a5a8713ef37c10eb37be62815143daf763b19822c8cf5d8d2963b5937,metro,le15,le20,myeon,99,11,28,44,11,5,15.0,경기도,양주시,광적면,,광적면
apartment,2b34f8dcf2edd206b254f70ba4109337bc1adcf2dd03711144b2b9e15cb7c2aa,nonurban,ge26,m21_30,myeon,269,6,73,128,57,5,29.0,강원특별자치도,원주시,지정면,,지정면
apartment,2b3d8aad742e424acc34f04344205e8fa79c8524a43cfbdcff805805f8ddf7b7,metro,m16_25,le20,dong,256,16,68,133,35,4,20.0,서울특별시,동작구,사당동,,사당동
apartment,2b467532856919ccaa5dae3dcb9bbe6c555d8fdb4ed1f1b61516610caee9e709,metro_city,m16_25,m21_30,dong,173,10,42,66,49,6,24.0,부산광역시,금정구,부곡동,,부곡동
apartment,2b4b111f7aab7aad34a9af4ea4449f0c1f512b01206dd2e46f9dd21d99e86c3a,metro_city,m16_25,le20,dong,591,28,161,242,153,7,20.0,부산광역시,사하구,다대동,,다대동
apartment,2b5a807206b2ec22fb4117cb7852a0255bea3841719ef6afb89d338d0f3bfd90,metro_city,le15,le20,dong,68,6,14,27,15,6,15.0,대전광역시,서구,정림동,,정림동
apartment,2b67eee681ae1c08c077303d2637841d98c0eeec4c1695f058c297d7a3e6974f,other_urban,m16_25,le20,dong,56,6,17,24,8,1,20.0,전남광주통합특별시,북구,운암동,,운암동
apartment,2b75332678bc58eeeb6c4d3254a468a71ea2860f2638357564fb843834f59350,other_urban,le15,le20,dong,166,9,47,62,38,10,15.0,경상북도,경산시,중산동,,중산동
apartment,2b7e98bb3bb76dd2481765e534c2701c301fe17ad665ea1b7212dbd4833749b2,other_urban,le15,le20,dong,108,24,0,47,25,12,5.0,제주특별자치도,서귀포시,중문동,,중문동
apartment,2b84d41cee05da86d24a5e9488d0f0965d26ac519ebb25681dd48a176308d11b,metro_city,ge26,ge31,dong,387,6,132,179,69,1,41.0,부산광역시,연제구,연산동,,연산동
apartment,2b98d58dbc15414e9db5f4348cf2c777766a870ae3086bb3f03effb25d387474,other_urban,m16_25,le20,dong,76,5,24,30,15,2,20.0,전남광주통합특별시,북구,동림동,,동림동
apartment,2ba6dbe55942ffb715a3bf28b17ea3bb44921f46d1dd4c3e3531b523fa46fbbe,metro,ge26,ge31,dong,315,8,74,124,94,15,35.0,경기도,안산시,단원구,초지동,초지동
apartment,2bb09864056444af52d71937d97e564d5d4692ebcd94b575c5ecd0281c6ef794,other_urban,le15,le20,dong,126,30,0,45,30,21,5.0,충청북도,청주시,서원구,모충동,모충동
apartment,2bd249770d030a2e75efbc792c4abd65173df9907ca91651c5ec9e958482cbbf,metro_city,m16_25,le20,dong,240,11,71,99,58,1,20.0,대전광역시,대덕구,송촌동,,송촌동
apartment,2bddb3970cf49ee6c57d9a2d8573332edfb526b6e9cc4753a3be2cf265f4848b,other_urban,m16_25,le20,dong,196,9,43,85,50,9,20.0,전북특별자치도,전주시,덕진구,만성동,만성동
apartment,2bdf62607bbcca747f54006c9fd9ba81b3961d425828dc071dc3a9818d5825d4,metro_city,m16_25,m21_30,dong,368,21,83,155,102,7,25.0,울산광역시,북구,염포동,,염포동
apartment,2be6c0207853f6ea576865b79ae21a1ab51e3dca0f0414c32c64f03ac36c9000,metro,le15,le20,dong,108,11,33,33,21,10,10.0,경기도,시흥시,정왕동,,정왕동
apartment,2c161c88aeb7da93990dc34bea07c495cdb386d7be7d17eae477fffbbf1007d6,other_urban,le15,le20,dong,391,59,75,201,49,7,13.0,경상남도,창원시,진해구,풍호동,풍호동
apartment,2c1df9db6a8c31cdfb8eeeb922871cdaf9acd595189811603a4f0ba635139c18,metro_city,ge26,m21_30,dong,312,5,88,167,50,2,28.0,대구광역시,동구,신천동,,신천동
apartment,2c2ad83a7c6c46dc76a6a5ea80b67518b8a70ee76aca2a0108c88077c15cbbf3,metro,le15,le20,dong,150,6,36,51,49,8,15.0,경기도,광명시,하안동,,하안동
apartment,2c2b2797a66d7667d10ad032d55260ac51647c33eaac2d26e1202b0143a70f36,other_urban,le15,le20,dong,62,6,9,25,17,5,15.0,강원특별자치도,원주시,단계동,,단계동
apartment,2c3a5a28920266213596bd0572e0c8cc047c4b2fcb016d3393cb931ae7b12a9f,metro,le15,le20,dong,141,8,30,63,38,2,15.0,경기도,양주시,삼숭동,,삼숭동
apartment,2c3fda25691f25aedbf4f9a20a663a3ccee7519a04435330a32afa2502fc56a9,metro,le15,le20,dong,177,8,41,64,55,9,15.0,서울특별시,강서구,등촌동,,등촌동
apartment,2c519843284e4e428cfd383c3b03dd161cb475395eaf305d87bfbdf6e839986d,metro,le15,le20,dong,56,5,18,18,13,2,15.0,경기도,의정부시,호원동,,호원동
apartment,2c539dd33b11d7edc092d23f2cef00150b9c02592a2603b7e4e9ebb7fcfca443,other_urban,le15,le20,dong,213,15,43,85,54,16,15.0,강원특별자치도,원주시,봉산동,,봉산동
apartment,2c5c4eb3bfb42bda04b9fa2067f7063555d4824129a6d6bf2423dfbb40950922,metro,le15,le20,dong,111,8,20,49,28,6,15.0,서울특별시,노원구,중계동,,중계동
apartment,2c5ddc5c24ffadcea039d086ef9c48f8b13b75dda5868efa9d57459e9f1e616a,metro,m16_25,le20,dong,92,6,24,40,19,3,20.0,인천광역시,검단구,불로동,,불로동
apartment,2c5ddef426fe206697401d07d169672e6d92f472e45952d53c0737e1dec29a65,metro,m16_25,le20,dong,77,9,21,38,7,2,19.0,경기도,용인시,기흥구,동백동,동백동
apartment,2c6b852041f2067962552cd437076b47316c3fdd4402b8e9ef66ad3f3371320e,other_urban,le15,le20,dong,50,10,0,20,15,5,5.0,강원특별자치도,원주시,명륜동,,명륜동
apartment,2c6dd5cd74b5deffd6db4df8931019defc2f9828063c800d53481ad2330226fc,metro,m16_25,le20,dong,220,7,47,96,66,4,20.0,경기도,수원시,영통구,영통동,영통동
apartment,2c6edd07efcc646b5ea56be4a1fffad50538d9aad814c2a1748acc4142ea36d4,other_urban,le15,le20,dong,102,7,17,31,36,11,15.0,충청북도,제천시,청전동,,청전동
apartment,2c712bd17743905bfda8be2778c7e567e17d32cc95613ca8b5def6130f5602d6,other_urban,le15,le20,dong,178,18,28,87,36,9,15.0,전남광주통합특별시,여수시,여서동,,여서동
apartment,2c7198cf1cd5ab6ccba7ab2adb0cdf65a2dbfb599841de9498c2366b477a01ce,other_urban,le15,le20,dong,330,20,75,122,85,28,15.0,전남광주통합특별시,순천시,연향동,,연향동
apartment,2c8a249de33fcae9df98c1712e2c8bedb5ec19b855834548cdfc9dec256da1ee,nonurban,le15,le20,eup,277,28,54,114,68,13,12.0,충청남도,천안시,서북구,직산읍,직산읍
apartment,2c9052e3d450216d6c06e8287d33b475d6b2ad355b5fb87ea721d832a6cad6eb,metro,ge26,m21_30,dong,270,8,90,142,29,1,26.0,경기도,부천시,소사구,옥길동,옥길동
apartment,2ca1d5e9ac40d144c45f5987fd100e19e419dbb4b08b8639e11e6b39bf28fcbd,other_urban,m16_25,le20,dong,74,6,19,36,10,3,20.0,전남광주통합특별시,순천시,조례동,,조례동
apartment,2ca74f755aea9c7a6c0e68fb97e1383e60b45d6038bd8ccfbc8496fff48cb0be,metro,le15,le20,dong,168,13,36,67,42,10,14.0,경기도,수원시,권선구,권선동,권선동
apartment,2ca9d70d68d83e73d5de6c29a83713ed060496a4cd7b98b8d2f6d2b2ee98f658,other_urban,m16_25,le20,dong,124,9,48,41,24,2,20.0,충청남도,천안시,동남구,다가동,다가동
apartment,2cacf617bd0e302568ae12b8e4ca025941240e3f925460eb933dbfd7a793bd70,other_urban,le15,le20,dong,66,12,0,22,16,16,5.0,충청북도,충주시,교현동,,교현동
apartment,2cbb31545e16bcaecd6ae0ace9af65366bf516e45e77d4bfdedfa174b1c9dfd7,other_urban,m16_25,m21_30,dong,223,12,40,78,83,10,24.0,경상남도,양산시,소주동,,소주동
apartment,2ce84f3901a670eb925e5d72adee271f0d510b0c3ae498b0afbd701e312dd42a,other_urban,m16_25,m21_30,dong,651,30,195,318,99,9,25.0,경상남도,창원시,성산구,사파동,사파동
apartment,2ced3656f537ab44cc062809175ad5cd2c526fb41d810e0b588d64a40b81122e,metro_city,le15,le20,dong,209,8,36,91,60,14,15.0,대구광역시,북구,동변동,,동변동
apartment,2cf577bb1a336a82cefa737f2cdd38a694f62cbb7bcc56469a4aba16299711af,metro_city,le15,le20,eup,83,21,0,34,10,18,5.0,대구광역시,달성군,논공읍,,논공읍
apartment,2cf6e67b1ebe990c9f4baf90f9fd072de8e4900ac74ba853c7c16dec58a1ef3d,other_urban,m16_25,m21_30,dong,172,12,43,80,36,1,23.0,경상북도,구미시,송정동,,송정동
apartment,2d02d8e400e1fae2419042a3a70faf3a90ea9024fcc95591fa7a22201add231c,other_urban,le15,le20,dong,122,6,32,46,35,3,14.0,전북특별자치도,정읍시,구룡동,,구룡동
apartment,2d0d66c145bf46d899353bb80ba58a901f772d4ad4c1a51dc7ad6ca93faaea52,other_urban,le15,le20,dong,124,22,0,57,26,19,5.0,강원특별자치도,춘천시,후평동,,후평동
apartment,2d167ef4c50d012050e6050b6ff16743d1d7610ea64d1865f45306dab123b698,metro,m16_25,m21_30,eup,127,5,20,59,38,5,25.0,경기도,화성시,만세구,남양읍,남양읍
apartment,2d1b3094ee22b88d4ac753a3433809660faf10c2fd3332f928b705ab007b2e94,metro,le15,le20,dong,337,30,71,142,77,17,15.0,경기도,수원시,장안구,정자동,정자동
apartment,2d1d8af995de3cdb7e657e99b4fa045321d9b59952ed1382187020364a17c538,metro,m16_25,m21_30,dong,439,17,101,217,95,9,25.0,경기도,수원시,권선구,호매실동,호매실동
apartment,2d1ed305ed92eac1c0851831c035bb25d7b2ea8759a48f831331e1fdf5930c1d,sejong,ge26,m21_30,dong,255,8,91,120,32,4,29.0,세종특별자치시,,보람동,,보람동
apartment,2d210b79adaf9fbd381cd47aba078b2198659b8b72a552d37f51833a67c4bb30,metro,m16_25,le20,dong,85,6,28,31,18,2,17.0,서울특별시,강남구,압구정동,,압구정동
apartment,2d25f3552274c4a092a39645a9f2e997c46a502b864e4ae4dfeb52b0aabed249,other_urban,le15,le20,dong,111,9,25,39,27,11,15.0,경상북도,상주시,신봉동,,신봉동
apartment,2d3054c7131ea526716bea822c3e7a8e0930900328de52431f350f7c136c3c3d,other_urban,le15,le20,dong,344,8,61,161,98,16,12.0,충청남도,아산시,신인동,,신인동
apartment,2d32dbb95786e4ebdbc76eb714da1a8fefd3774d305fa330e8bc687b9dc2c767,metro,m16_25,m21_30,dong,97,6,19,50,19,3,22.0,서울특별시,중랑구,신내동,,신내동
apartment,2d3a97c0cee93777d6f3c0d04eb280511a59212b624aceab617e8c386776cbcd,metro,m16_25,m21_30,dong,96,8,33,44,8,3,22.0,경기도,고양시,일산서구,일산동,일산동
apartment,2d3ef8267defeabd2f05a45f7d8a6f4b5dd3083e566fd05caa300797f2d33e08,other_urban,m16_25,le20,dong,111,8,23,48,26,6,19.0,전북특별자치도,전주시,덕진구,여의동2가,여의동2가
apartment,2d4de6e1eb8884444057d9e2daccd58cd97be5ead2d55030b6d9f0e52f8152aa,metro,le15,le20,dong,183,11,35,75,53,9,15.0,서울특별시,강서구,방화동,,방화동
apartment,2d6a1e3b603488854bb195d6c7bf8870f900a5a1d3027ce69041fdb4f3f39adb,other_urban,m16_25,m21_30,dong,316,14,80,159,57,6,23.0,전남광주통합특별시,광산구,운남동,,운남동
apartment,2d6cb30c6112f6291817227fbd4e8bdd705e8da96a06f1454feaa91dc15dbdea,metro,m16_25,m21_30,dong,164,7,51,70,35,1,25.0,경기도,안산시,단원구,신길동,신길동
apartment,2d6d926fc68b7aed55ed7aa995754704c034c54e9aea0b3785669789fddcb146,metro,le15,le20,dong,58,14,0,25,10,9,6.0,인천광역시,연수구,동춘동,,동춘동
apartment,2d74e09327f34f5b7dc1225a881cea4b700e61f79f8bff7609bedb07bdc37d64,other_urban,m16_25,le20,dong,158,9,39,67,33,10,20.0,전북특별자치도,전주시,덕진구,우아동3가,우아동3가
apartment,2d76375f472c5b69548e0ae618f7de976b6ea7d03a2ed7f2702d7e7e10e83fdd,other_urban,le15,le20,dong,74,5,12,42,14,1,15.0,충청북도,충주시,연수동,,연수동
apartment,2d7677d88fda966736cef07bfe9e0229681ab807dee8f0eb5eeb54273cb7576a,other_urban,le15,le20,dong,134,9,32,60,27,6,15.0,충청남도,당진시,원당동,,원당동
apartment,2d7db234bf957f8c0850a94951290acf989516d4f29fa1285658bf975c2e42e3,other_urban,le15,le20,dong,126,7,24,55,35,5,15.0,충청북도,청주시,흥덕구,강서동,강서동
apartment,2d825d947f800cfcf88fc197805c1e1379d8e78faee72420586b67afa68d3558,other_urban,le15,le20,dong,105,9,14,41,38,3,15.0,충청남도,논산시,취암동,,취암동
apartment,2d8e15d81cf4ea105fa5fefba5b2106d7d110ffcf48e66e832cc1b095314ef89,metro,m16_25,m21_30,dong,407,18,101,192,87,9,25.0,경기도,용인시,수지구,죽전동,죽전동
apartment,2d91782b74fe166fd71f091362578c9c2ac47707bc0acd7e6043b59e09ea1f07,other_urban,m16_25,le20,dong,202,12,56,75,57,2,20.0,경상남도,김해시,삼계동,,삼계동
apartment,2d9de85eaa4e5c786927a2e5aac074a2a168d2e5a8d1a06d73406a3375b6b7d8,metro,le15,le20,dong,61,9,0,26,13,13,6.0,경기도,용인시,기흥구,구갈동,구갈동
apartment,2da36e915422b5a24a3d4a562433d0dcc4a729f2b148bfad50a4751d1c45349d,metro,m16_25,m21_30,eup,177,8,61,77,30,1,25.0,경기도,포천시,소흘읍,,소흘읍
apartment,2da53c6beba7a8ee8b368801787c60196d089991a80f85ef7d37257fdc26e2ad,metro,m16_25,m21_30,dong,168,5,46,80,32,5,22.0,경기도,화성시,동탄구,반송동,반송동
apartment,2da743f52d4465c32b492f2703f3e40994d05fec18c108cd3e4a401f61dcd093,nonurban,m16_25,le20,eup,212,12,48,104,46,2,18.0,전남광주통합특별시,무안군,삼향읍,,삼향읍
apartment,2da7e63e2047b4635adea3bc0e0af558188ff0a414b280ca7ae46115698a1660,metro,m16_25,le20,dong,81,6,15,35,23,2,18.0,경기도,성남시,분당구,이매동,이매동
apartment,2db1d4efcee8b996605d570d23878d1adabdeef7cf82250be7e4426c9cdc40e5,metro_city,ge26,m21_30,dong,84,5,20,37,21,1,28.0,대구광역시,달서구,월성동,,월성동
apartment,2db223929418ef21924da59457442373b415552ac520341d54d0e303ca59110e,metro_city,m16_25,m21_30,dong,66,5,22,23,14,2,21.0,부산광역시,해운대구,재송동,,재송동
apartment,2db3ff2ccb8a2ef286dbe31f79af7dd24892f858e978cd24b1c1c3ac2a83ff05,metro_city,m16_25,m21_30,dong,66,5,20,25,15,1,24.0,부산광역시,사상구,주례동,,주례동
apartment,2dc256a2b168624ae71c462ffda8f93beb2856d4ce30cb9c467fc80fc4c4e190,metro,ge26,m21_30,dong,362,14,122,166,59,1,30.0,인천광역시,서해구,청라동,,청라동
apartment,2dd685977cf805014ce9850bb253fdf4b91a4ba1724708f5b2a9c95d706ed359,metro_city,le15,le20,dong,119,13,22,49,27,8,15.0,부산광역시,북구,만덕동,,만덕동
apartment,2ddd46581e9ac647b43b3eb43dcddd0eef233412efa63d927a4939c0c64c9c84,metro,le15,le20,dong,97,11,19,40,25,2,15.0,서울특별시,성동구,행당동,,행당동
apartment,2e101957ad8c3884effcea5d801ef85e21dd19b1e65e7fbdaeb58f73e93de80a,other_urban,le15,le20,dong,237,18,52,83,66,18,15.0,강원특별자치도,삼척시,정상동,,정상동
apartment,2e174478eb8259d0f4c9cda65eee763e180676a525ff41a1dbda62ac8b02038e,metro,m16_25,m21_30,dong,175,8,35,73,50,9,24.0,경기도,안산시,상록구,사동,사동
apartment,2e1cf0de61f690d136ba12db5c0897c56c4dc53dbf00bcb54ef4eb07c61089ba,other_urban,le15,le20,dong,104,5,29,39,26,5,15.0,전북특별자치도,김제시,하동,,하동
apartment,2e375eae5e307491747a3ebfe07327d36eeab8f7348889bbc0cc15f5f077624b,metro,m16_25,m21_30,dong,139,12,59,58,7,3,25.0,경기도,안양시,동안구,평촌동,평촌동
apartment,2e38c4a28d04b4f9fa9a3dc2a01afb06f643be1aba9d4e35568c33d3fa742dd9,nonurban,le15,le20,eup,407,18,93,162,109,25,15.0,충청남도,아산시,배방읍,,배방읍
apartment,2e3eff353a368ed6dc9d915b94bcd5ba2eb2dbe30ba540466b519806c598b4d5,other_urban,le15,le20,dong,113,11,20,39,30,13,15.0,충청북도,제천시,청전동,,청전동
apartment,2e4b11f91e21b5526c4696f9741547283ac95ea585378ab61b6346c38e0f45cd,metro,m16_25,le20,dong,55,6,19,16,11,3,20.0,경기도,김포시,장기동,,장기동
apartment,2e509c7eb14911347e61ed0fb3b5d2f6d7b227aea535c27da0c1a2203fb6d914,metro,m16_25,le20,eup,343,19,79,131,99,15,18.0,경기도,화성시,만세구,남양읍,남양읍
apartment,2e5272936322c55a3ca4190df4053b86c0ae5fa31eeedbbb964e639a4fb97a1d,nonurban,le15,le20,eup,168,8,34,78,43,5,15.0,전남광주통합특별시,무안군,삼향읍,,삼향읍
apartment,2e76483b78c0d5121f60e0bc6c7d954149fcb2d69ff7b0d635050d72a7e6c5dd,other_urban,le15,le20,dong,86,11,11,37,22,5,15.0,전남광주통합특별시,북구,용봉동,,용봉동
apartment,2e7a6adf94301bb8f7864702b5975ef4652559b0902edd11a161e06bc683f48c,other_urban,le15,le20,dong,123,5,21,60,27,10,13.0,강원특별자치도,원주시,행구동,,행구동
apartment,2e81c54c7e25320bc84bfd04dc47dc851bc8acb9773d50d5c3be6749cf1154f0,metro_city,le15,le20,dong,155,9,27,62,49,8,15.0,울산광역시,동구,화정동,,화정동
apartment,2e82984111f90e4bc51db5662b08f6420806cb52fa20fe86a79eee734ed802c2,metro,m16_25,le20,dong,354,23,93,149,77,12,20.0,경기도,동두천시,지행동,,지행동
apartment,2e938960073fcde46c98395064524d3019a80ed3a65c1eae28c0e5459dc32af7,metro,le15,le20,dong,57,5,15,23,13,1,15.0,경기도,김포시,풍무동,,풍무동
apartment,2e98bf2c433648fdb35a6c2b3c0e6fe4c6387c8c6275781df2978e870943f371,other_urban,le15,le20,dong,296,27,64,112,83,10,15.0,충청북도,청주시,서원구,수곡동,수곡동
apartment,2e9be51a8deaf6218c9ca81983322bccba6c594389856e5d1141ebc9d37e718b,metro,le15,le20,myeon,97,11,20,36,24,6,15.0,인천광역시,강화군,선원면,,선원면
apartment,2ea144dba05eefbed2cd536110a63f7b77387039554e3f9ca7a07759ef7cd984,metro,m16_25,le20,dong,258,10,79,105,49,15,20.0,서울특별시,성동구,금호동1가,,금호동1가
apartment,2eb309fb71af42694de8ffaf1781ff7a8741b2e52fd3f04942389e451bf78900,metro,ge26,m21_30,dong,150,8,55,60,26,1,30.0,인천광역시,영종구,중산동,,중산동
apartment,2ebf8f86bac05fa770b069a1260c3323284fb910a1fcd42909ee16b92ea5c82c,other_urban,le15,le20,dong,181,8,45,71,44,13,15.0,충청남도,천안시,동남구,청당동,청당동
apartment,2ec2b8f60bb8a65929e012004f7829346c8801db7fc0412a57e4d880692cabed,other_urban,le15,le20,dong,62,5,9,23,22,3,15.0,경상북도,경주시,용강동,,용강동
apartment,2ecf813d084aca23eddeb1c2e4024e9a32b3da34f417c55551485b7987fa4a61,other_urban,le15,le20,dong,153,14,30,65,34,10,15.0,강원특별자치도,춘천시,퇴계동,,퇴계동
apartment,2ed5662ea483e587c5c50d040da388ab588559c797da1d7976c7af58df0cf2cb,metro_city,m16_25,m21_30,dong,284,10,76,119,73,6,25.0,대전광역시,서구,관저동,,관저동
apartment,2ed97c514979ccd505dc9926e23d40e74b77ea20a671a330aade993517f292f8,metro,le15,le20,dong,51,5,12,20,13,1,12.0,경기도,수원시,권선구,탑동,탑동
apartment,2edbd275034777e52b3bf1fa5b48bba6a0fa48159a29b720e6461e19f6d951a2,other_urban,ge26,ge31,dong,274,13,102,124,34,1,32.0,강원특별자치도,춘천시,온의동,,온의동
apartment,2ee37bd946ab6839402b6818cb74d84d1abdbdad324432d0fd171a9d52b06c71,metro,m16_25,m21_30,dong,109,8,27,51,22,1,24.0,서울특별시,강동구,둔촌동,,둔촌동
apartment,2efa79f1c0d1796e248c9e4cce3494249b1f884f3b0a82068769a121582affc6,other_urban,le15,le20,dong,231,13,42,105,52,19,15.0,전북특별자치도,익산시,영등동,,영등동
apartment,2efba05e76a8e9dcbf24a886d6c9152934228c23786ff2bf0f8c941238a98bff,metro,m16_25,le20,dong,69,8,15,24,19,3,20.0,경기도,평택시,비전동,,비전동
apartment,2efe26c71dfeb2231e8f968b72f957cd98da3741660a7eae541081a1746279f1,metro,m16_25,m21_30,dong,125,7,43,44,27,4,24.0,경기도,부천시,원미구,상동,상동
apartment,2f07e16dea6b0246d13fe3989a9eb4bafb194cd6f929c019ea0749040331f1d3,other_urban,m16_25,le20,dong,71,5,17,32,15,2,16.0,전북특별자치도,군산시,지곡동,,지곡동
apartment,2f0ccacfef0f58500a906dbc2efad74664c594a822b6728329fbd468d3ba6fde,metro,le15,le20,dong,76,7,15,30,18,6,10.0,서울특별시,금천구,시흥동,,시흥동
apartment,2f0daa1b5bb564d94e3d8b527e90ca855a88b4e70186b40469f4707898fd8e9e,sejong,ge26,m21_30,dong,143,5,85,44,8,1,28.0,세종특별자치시,,새롬동,,새롬동
apartment,2f1abb49b5d1829b00dc731ab80db480b88056cdd9ac088c50c79a1cc0c5327c,metro,ge26,m21_30,dong,126,5,51,54,14,2,29.0,인천광역시,남동구,구월동,,구월동
apartment,2f315ffc6445a86e04342fbbfc14bcb1b0589c991c6a9391d33231e69d57ab9b,metro,m16_25,m21_30,dong,232,13,72,109,36,2,24.0,서울특별시,구로구,개봉동,,개봉동
apartment,2f40bfc8bac2ac26507cb0e47c5712d7a11dca528792892dcab2b72231002c6a,metro,le15,le20,dong,193,19,41,82,44,7,15.0,서울특별시,강서구,화곡동,,화곡동
apartment,2f43bc49d5d79f92ced1857528ae247f15c63ab6a9c1525bc02f5f68bcace91f,metro_city,m16_25,m21_30,dong,305,11,70,148,71,5,25.0,부산광역시,북구,화명동,,화명동
apartment,2f44bf5cd91b5df184fd84d1a365d2705d69da53a474de26a222b118b77ec348,metro,m16_25,m21_30,dong,267,8,68,135,52,4,25.0,경기도,군포시,산본동,,산본동
apartment,2f4bfa906fc5be28f16bd2c85164b36214d273ba9016da2c787fcc0afcb458d0,metro_city,m16_25,le20,myeon,225,16,54,89,59,7,20.0,대구광역시,달성군,구지면,,구지면
apartment,2f4cf4ba084012708cc0ec5eac09dbd5b980832eb9a736b666a042de3fd1cc31,metro_city,m16_25,le20,dong,195,7,49,104,32,3,19.0,울산광역시,남구,무거동,,무거동
apartment,2f4e13811d59c2efe5d37d36c54c9043dfe45d28ca9111405b9e7f4d7c634596,nonurban,le15,le20,eup,67,18,0,27,12,10,5.0,충청남도,천안시,서북구,성거읍,성거읍
apartment,2f4f6174013d384cfe91e9dd8f34be58c8e47d0a48c2a6df43a18aeeca75719e,metro,m16_25,le20,dong,313,22,71,134,77,9,20.0,인천광역시,검단구,불로동,,불로동
apartment,2f6822482b3afb7140c72a1f3fa22fe859c4c9f4aaf2d1d667099c4501f9d25d,other_urban,le15,le20,dong,102,10,11,48,23,10,12.0,전북특별자치도,전주시,덕진구,덕진동2가,덕진동2가
apartment,2f7d6fbb9afc6c3e9cfd7ccdb3b783fcd9cf66f1102c2408620903f106d473d1,nonurban,le15,le20,eup,104,17,14,24,31,18,7.0,충청남도,태안군,태안읍,,태안읍
apartment,2f95be141ce5a114079b86beede08243e2a693f060e023cc095a931bebd39a0b,metro,m16_25,le20,dong,96,5,33,46,11,1,18.0,서울특별시,송파구,잠실동,,잠실동
apartment,2f9662597b5ac7d8c8372aef19011f04537c5be670fd3cb651d67a5b3081e08c,metro,m16_25,le20,dong,80,7,21,32,18,2,16.0,경기도,의정부시,신곡동,,신곡동
apartment,2facffeb0d184677f701ac84b2c84c3ffd8f9ef92cdd38f4bf0c7e91b58ed7bc,metro,m16_25,m21_30,dong,227,12,79,88,47,1,24.0,인천광역시,부평구,십정동,,십정동
apartment,2fb457bf62bc0385a913ebaa990b5b669b57a6912cc6b2558e5e0b7eccec9a04,metro,m16_25,m21_30,dong,338,15,84,152,82,5,23.0,경기도,수원시,영통구,망포동,망포동
apartment,2fceec57c8ed21089c0f45352b5b3a712726f3d642caaf7b04d5b1de4cda79c1,other_urban,le15,le20,dong,143,10,18,57,47,11,15.0,경상남도,양산시,남부동,,남부동
apartment,2fddef7ad2148aaa4e223e8e553b9f9220c7c14a6a502ad5f76bac102b5740ec,metro,le15,le20,dong,214,11,51,93,51,8,15.0,서울특별시,관악구,신림동,,신림동
apartment,2ff14bf8929a6c18c75a5e92c6f62ef938c6395a82cb4962db3b3318e28b6d59,metro_city,m16_25,le20,eup,167,6,39,87,34,1,20.0,울산광역시,울주군,범서읍,,범서읍
apartment,2ffbf1a43a1350ca283c539421edf688214ff557a67543f9634e4585ae0ae8c8,metro,ge26,m21_30,dong,245,6,50,114,74,1,29.0,경기도,고양시,덕양구,신원동,신원동
apartment,2ffcd8d55ad6777f8a9c4bc57faf303ba6a96bc9fb49cd3f0e13fa0e860e0448,other_urban,le15,le20,dong,355,16,82,129,101,27,15.0,전북특별자치도,전주시,완산구,효자동3가,효자동3가
apartment,3017e73c6af7e2e54b4ec768e53c49a7d12c15bb9a6c2d46d83b36c4cc9af05e,nonurban,le15,le20,eup,115,17,0,53,21,24,6.0,경상북도,칠곡군,북삼읍,,북삼읍
apartment,3019150c3b8946d0a1c98ade78e1f9b796a8c74fd4f1765bd063e359b5739800,metro,m16_25,le20,dong,135,12,30,60,31,2,16.0,경기도,평택시,이충동,,이충동
apartment,30268533b20107ea123ab233985eca9ca4913d476962c903c9f7f07cf5a2cdbd,other_urban,m16_25,m21_30,dong,262,24,121,94,22,1,24.0,경상북도,포항시,남구,지곡동,지곡동
apartment,3030f91022c172d6920c0411f6448de25dc6f649f434782e8959911305976bc1,other_urban,m16_25,le20,dong,173,9,38,74,47,5,20.0,전남광주통합특별시,서구,치평동,,치평동
apartment,303d01860c45ac08b605a31593bbc6acf71330a73541dfb40c741e266491de52,metro,le15,le20,dong,127,14,41,50,21,1,15.0,서울특별시,구로구,구로동,,구로동
apartment,304405b2982f06fb3a914e07c69c78d37d47872910a757c546ab978c030e62dd,other_urban,le15,le20,dong,146,17,27,65,32,5,15.0,경상북도,안동시,용상동,,용상동
apartment,3045cae14b1c60d96bd6161f15cd298b1b18ee9aece42885ebc60533bf17b0d7,metro,m16_25,m21_30,dong,78,5,12,40,16,5,22.0,서울특별시,송파구,송파동,,송파동
apartment,304671e91d030c8db5c69647217b4c8e484c1c7ffa232be57d8fc9e7440cd3ba,metro_city,le15,le20,dong,235,9,33,103,73,17,15.0,울산광역시,북구,매곡동,,매곡동
apartment,3047f4d7f0ccf75c614a0c37ddf77c969de13a3166332890159c5a1f951da221,other_urban,le15,le20,dong,388,26,81,141,116,24,15.0,강원특별자치도,춘천시,후평동,,후평동
apartment,304d3d0ebf0231c66727afc00e54081d572291bc12eb1b3020e1865ee8d09fbe,metro,m16_25,le20,eup,54,5,16,25,6,2,20.0,경기도,남양주시,화도읍,,화도읍
apartment,305154db168d3574107424246827795eda377102aaf9ba77552845551c8cb258,metro,m16_25,m21_30,dong,528,22,163,252,84,7,25.0,경기도,의왕시,내손동,,내손동
apartment,3059f650696cdcb02d8fec91673c016f51c07cbfd0e1d20eb614fd1ebdcfcd90,nonurban,le15,le20,eup,186,8,50,77,44,7,15.0,충청남도,홍성군,홍성읍,,홍성읍
apartment,305f71a776629846ab83941814d29d73a304e3cb43a878f338afa7ae3e8a2344,metro,m16_25,le20,dong,143,12,37,70,23,1,20.0,경기도,남양주시,호평동,,호평동
apartment,3067c8fb4e06bb849ed477b6691bbe5c90f41c0e2a275d461b662eb7d4f6815f,other_urban,le15,le20,dong,94,25,0,37,12,20,5.0,제주특별자치도,서귀포시,중문동,,중문동
apartment,3071a1cf004fff9fb0ba71553e0f6da2976f5f03c3d04241f002be6a1d9afb3d,nonurban,m16_25,m21_30,eup,308,12,135,97,57,7,25.0,충청북도,청주시,흥덕구,오송읍,오송읍
apartment,30863820baca864d13d509ae63b197fd6bf85c553f38e70bfaad91d06a8b78f7,metro_city,m16_25,m21_30,dong,180,7,37,75,58,3,25.0,부산광역시,부산진구,당감동,,당감동
apartment,3093d021c107578da941ab7e0f3bee444b6cf486217c9b9f436a1d29b7324f69,metro_city,le15,le20,dong,127,5,23,58,37,4,15.0,부산광역시,연제구,연산동,,연산동
apartment,30998a9186b4487bba309df829e9480d43feeb5c2313b2d436234bae8c14f0fd,metro_city,m16_25,m21_30,dong,242,6,55,116,63,2,22.0,울산광역시,북구,중산동,,중산동
apartment,30ae894286fea0577712666c50262cddf2d447959245b1675324f9eb7039f9ee,other_urban,m16_25,le20,dong,94,9,28,39,15,3,19.0,전북특별자치도,익산시,모현동1가,,모현동1가
apartment,30bb78045d1ac5fbd781a878c77448a0dc6dafdbde11f48057ff61a07840dccf,metro,le15,le20,dong,66,5,18,22,17,4,15.0,서울특별시,강동구,명일동,,명일동
apartment,30c794a3e7ba32dac388bd73efd1234f62417e1adb94a2e9365d01770a825d0c,metro,le15,le20,dong,59,8,10,27,13,1,15.0,서울특별시,노원구,하계동,,하계동
apartment,30c89b28016712be2bb8797aaa58b1e346cd433b9d3369e97584463b332b8bc1,metro,m16_25,le20,dong,141,7,33,69,28,4,20.0,경기도,평택시,고덕동,,고덕동
apartment,30c8ff8076f5cb04e6e81bfd2fd7a803a5f76596de9b41104128ae2608db0024,metro,m16_25,le20,dong,124,5,40,57,21,1,20.0,경기도,용인시,기흥구,언남동,언남동
apartment,30ce9cdb1fc0b350c16205351d456f9082270c486405931362d1c3b181a7520f,nonurban,le15,le20,eup,228,52,0,105,29,42,6.0,충청남도,천안시,서북구,성거읍,성거읍
apartment,30d0dad52bc1cfc4ae6039bc81733af2cb79d92d8877c0f231999a8982c29a1a,nonurban,m16_25,le20,eup,212,7,62,93,44,6,20.0,경상남도,김해시,진영읍,,진영읍
apartment,30d1c076918d764aee4f7ac7524cc36e1c51db6c6f790db5433e11093512fa16,metro_city,m16_25,m21_30,dong,71,5,33,23,9,1,25.0,울산광역시,남구,야음동,,야음동
apartment,30e62906ee2413be482300b5b95816792556728c79f73c340e10d8efa2a026a8,nonurban,le15,le20,eup,80,6,12,31,26,5,11.0,충청남도,천안시,서북구,성환읍,성환읍
apartment,30ef7d1cb55437d7fb9b0b310a813241c6ed6c2e963db647b02ac20fd5d5d7a1,other_urban,le15,le20,dong,134,32,0,46,22,34,5.0,강원특별자치도,춘천시,후평동,,후평동
apartment,30f0705762542ee33c1ab6d03d4787289c3328651444f4af8a850da1f4182eb5,metro,ge26,m21_30,dong,129,8,32,55,33,1,28.0,경기도,화성시,동탄구,반송동,반송동
apartment,30f0c8dc108baef8a6171f828553ff8702f074ba0a8bcdd1ad07012a9357ef0c,other_urban,le15,le20,dong,153,31,0,58,33,31,5.0,경상남도,창원시,진해구,자은동,자은동
apartment,30f3d5f552428bd5e28cc5d5b6ae29698a8436feb3acf1521c4b0789e6a6236c,metro,le15,le20,dong,174,16,29,85,38,6,15.0,서울특별시,마포구,도화동,,도화동
apartment,30f51a4404dc8e28a318099c5b437e7fb221e0489eaea5ae52f2dc1b059f5d43,other_urban,le15,le20,dong,136,27,0,59,24,26,5.0,전남광주통합특별시,광산구,월계동,,월계동
apartment,30f755b53d942847497446db99e78589943eccfc42ba011e6fe0e9256fae5755,metro,m16_25,m21_30,dong,187,9,40,80,55,3,25.0,경기도,평택시,비전동,,비전동
apartment,30f777a0bda075d40ae03f2ff12887ef01119409c406722b0c7280cec2d82ba6,metro,m16_25,le20,dong,112,5,38,32,30,7,20.0,경기도,시흥시,은행동,,은행동
apartment,30f8557bc906eadf374ddb2acbd33178d7a66bb16c645a5d619772b876dda164,other_urban,m16_25,le20,dong,74,10,21,27,14,2,17.0,충청남도,논산시,화지동,,화지동
apartment,310e0f9f263f18f9578c446040d602cc681057f19e54db4a3f129d93d3bfe4ab,metro_city,le15,le20,dong,154,14,24,67,37,12,15.0,대전광역시,서구,가수원동,,가수원동
apartment,31183c0fea92cd311dcd5346435da68d38d4f814c8ab82ef957831a447daab94,metro,le15,le20,dong,212,9,44,93,54,12,15.0,경기도,여주시,오학동,,오학동
apartment,31204f711dc0ecf98ac4c17e4c156da4924453a8f9ca68ad1909eef0019c6185,metro,m16_25,m21_30,dong,234,10,66,128,28,2,23.0,서울특별시,성북구,석관동,,석관동
apartment,312288acdd77cd515583039f6152860ba665743820d14a98f1eadb0954a5e6ca,nonurban,le15,le20,eup,176,12,23,73,53,15,15.0,충청남도,당진시,송악읍,,송악읍
apartment,3134041a46eebd60a453cff81c76998fd61e96dcc6798dc530d6e70399091dc1,other_urban,le15,le20,dong,62,7,15,33,6,1,15.0,전북특별자치도,전주시,완산구,효자동1가,효자동1가
apartment,31481044bfc8d39dee1031fa9fc29fa0e4852d101280b9cd31c9ca7984bffa53,metro,ge26,m21_30,dong,227,15,69,96,46,1,27.0,경기도,남양주시,다산동,,다산동
apartment,315aa71f49b559f6ceca8829b243540f000a47b2951cb1af8d2a1fc0c228581d,other_urban,ge26,m21_30,dong,95,5,27,39,23,1,28.0,전북특별자치도,전주시,완산구,평화동2가,평화동2가
apartment,31620a96e3002f62eb58c8fbb9e8d870e7c339ec63073daae57e88ff15ea0aef,other_urban,le15,le20,dong,162,9,37,66,42,8,15.0,충청북도,청주시,상당구,금천동,금천동
apartment,3162448341dc9d5b793a0a00971cb10b8f7ecaae60f3169c659c577e8c514836,metro,ge26,m21_30,dong,217,8,51,89,63,6,29.0,경기도,하남시,선동,,선동
apartment,3162719431204eab27b339eab85fd71d8b88b12481a7bd30318a31df2628d546,metro,ge26,ge31,dong,187,7,55,83,39,3,35.0,경기도,양주시,옥정동,,옥정동
apartment,316711e03f78d5d7d4a876124fc2d5ddb2006284571497dda4e90cd350236d0a,metro,le15,le20,dong,138,18,39,54,23,4,10.0,경기도,시흥시,정왕동,,정왕동
apartment,316e22b49a9c454872db720a96eb7e41a20975fb4907a4fd6cc4bf1d80699eb1,metro,le15,le20,dong,155,13,31,59,42,10,15.0,서울특별시,동작구,사당동,,사당동
apartment,317730db4b5c34e5779fcbd24935e7f73ea642de9dfba6a08f7ab714227a8b9c,other_urban,m16_25,le20,dong,334,15,90,135,85,9,20.0,전남광주통합특별시,북구,동림동,,동림동
apartment,31816da8150ebc52b53bd96a29c7893fca95dbfbd4b2d36fa5355d6750e20212,metro_city,m16_25,le20,dong,155,7,30,73,40,5,20.0,부산광역시,강서구,명지동,,명지동
apartment,31821e56954bdb6f0929459643795ec8d1d97a25de9c65d875288eba0394cbaa,other_urban,le15,le20,dong,53,5,12,21,14,1,15.0,전남광주통합특별시,순천시,연향동,,연향동
apartment,318ff743079d015a4d5f8289c233ed1e80f88299113782a443e3c111128eacb6,nonurban,le15,le20,eup,102,24,0,57,14,7,6.0,충청남도,당진시,송악읍,,송악읍
apartment,31946dd528ca1b0c8eee74497eddb8162ab8a046d183d4e2aea5cb7b7f623ff0,metro,ge26,m21_30,dong,221,5,67,85,59,5,30.0,인천광역시,연수구,동춘동,,동춘동
apartment,319aeea4ee47e4e2022688cdde5adf27da9289bd9fa8eed8de6564a54e337074,metro,m16_25,le20,dong,241,8,59,126,44,4,19.0,경기도,고양시,덕양구,화정동,화정동
apartment,319cb82490088f5de39786904b67aa769d9ba299b6a8c43aa9c20857c25bc0f6,metro,m16_25,le20,dong,158,5,35,70,47,1,17.0,경기도,화성시,병점구,반정동,반정동
apartment,319d66db553225f776461cc3b5f219135cc86b5b9c2bce94315a8af978686bc4,metro,ge26,m21_30,dong,328,14,97,135,66,16,27.0,경기도,평택시,합정동,,합정동
apartment,31ab55934d7c805a2be0107059d1559ee0af5ffbd6dd4435224a648aae908153,metro,le15,le20,dong,436,8,96,173,129,30,15.0,경기도,수원시,권선구,권선동,권선동
apartment,31acb6981c69314d61cd7b33b2cc0494e87188de8397bc52bc75dd4a0a0bbef1,other_urban,le15,le20,dong,186,14,29,84,50,9,15.0,강원특별자치도,춘천시,사농동,,사농동
apartment,31d045a3752f0010c31533aabf0ddde3b41163a4a73590a99d4a31a25c6682cf,metro,le15,le20,dong,94,7,14,46,21,6,15.0,서울특별시,영등포구,여의도동,,여의도동
apartment,31d0670fb2a53a7982ac871ebb118ac3cac7d8bfb9717f7694a7430aba212b31,metro,m16_25,le20,dong,118,5,34,41,30,8,20.0,경기도,용인시,기흥구,영덕동,영덕동
apartment,31d3494d86ad2e1ea904ea73508e718be24e222b2945ef5d1768eaff8e61b102,nonurban,le15,le20,myeon,105,26,0,39,21,19,5.0,충청남도,홍성군,구항면,,구항면
apartment,31d39f6b60325d9a4724685c4c256a459e361c8ef2b5615bad210294dc7e99c0,other_urban,le15,le20,dong,189,11,30,77,63,8,15.0,강원특별자치도,춘천시,석사동,,석사동
apartment,31d4542be1ee952e1f5d565d78d7bac1cac3fb32b6d0e5e8e717672594c6ada7,metro_city,m16_25,m21_30,dong,69,5,14,35,13,2,25.0,부산광역시,연제구,거제동,,거제동
apartment,31dd13c35617dc6c8faeb04c9b5bce0bc2e4a8854f9c7f2b3abfc8d7d2eddaee,metro,m16_25,m21_30,dong,106,7,29,53,16,1,25.0,인천광역시,계양구,효성동,,효성동
apartment,31e31cf5a3df0619929e71d5af2c14330c4cbe047eb9ec0f023d100e124b9a6b,metro,ge26,m21_30,dong,244,8,68,112,52,4,30.0,경기도,수원시,팔달구,우만동,우만동
apartment,31e563b334fcc9220042b95a907f1eaab6e5d772349670b12dce5ccb00c93fed,metro,m16_25,le20,dong,122,8,26,56,31,1,20.0,경기도,수원시,영통구,영통동,영통동
apartment,3200cc7852ff471116d33eca98e3a1efc976e21f80da97e05760ab53f6c15e10,metro,m16_25,m21_30,dong,287,8,81,148,46,4,25.0,경기도,고양시,덕양구,도내동,도내동
apartment,32166311fa6b1c55c77c355f978e121c4d72860c146d6048f065d0bc1463394b,other_urban,le15,le20,dong,75,6,18,21,17,13,15.0,전북특별자치도,전주시,완산구,삼천동1가,삼천동1가
apartment,321e519de72f0c8a9f30fa1bbe4d78ff4e5d7d2e22db1bc91515e5e02940d284,metro,le15,le20,dong,87,8,14,45,19,1,15.0,경기도,부천시,소사구,송내동,송내동
apartment,3229eea41f008c7a2b080baca5704736882d526d24d3b8b05827d22c55fb2b3a,other_urban,le15,le20,dong,60,5,14,22,16,3,14.0,충청북도,충주시,호암동,,호암동
apartment,322a3024b99102820e2868a40a77e0fc4e1050be2584c90cf1f98b081af551e6,nonurban,le15,le20,eup,58,7,9,28,12,2,15.0,충청북도,진천군,진천읍,,진천읍
apartment,32355441f41d3044f41bf80f398907383b332dba0f4a64dd3a04df9b3a46cd45,metro,le15,le20,eup,57,8,0,21,21,7,5.0,경기도,남양주시,오남읍,,오남읍
apartment,323bfb06e29c2a2b7f6d3e26fa106ca9f39344612d09bb732afadef4b49a389e,metro_city,ge26,ge31,dong,213,11,62,81,52,7,34.0,부산광역시,동래구,사직동,,사직동
apartment,3245566c1cdad71d2ab1f3298d1eb422361f23e76069d665fc3072e4155fdf5d,other_urban,le15,le20,dong,106,16,0,42,27,21,5.0,경상남도,진주시,하대동,,하대동
apartment,324b22d9f9b88d564b250c916cbc86ee86aa6f8b4dced226a14fdec13c1a5053,metro,m16_25,le20,dong,198,13,59,93,28,5,20.0,경기도,김포시,장기동,,장기동
apartment,32505c17a7bc855dbe98fee947b2ae54a63364bc75218f97dc0ebf1e283b5902,metro,le15,le20,dong,62,5,12,29,9,7,14.0,경기도,평택시,지산동,,지산동
apartment,3252666139b4dce0f7cd719b0d502d2f5f51ee9dcc0aacf137c1778605c7d448,other_urban,le15,le20,dong,273,55,0,100,66,52,5.0,강원특별자치도,원주시,단계동,,단계동
apartment,325c836b2b227c125a55c980b137f8fc6e971d20e15f0c491308d517eee3688a,metro,m16_25,le20,dong,55,5,8,32,9,1,16.0,경기도,화성시,병점구,병점동,병점동
apartment,326596dc1234d5374814a6c9ebc5aa0d5b1549867eb6b8973d789df1662362f6,other_urban,le15,le20,dong,443,33,75,171,125,39,15.0,경상북도,구미시,도량동,,도량동
apartment,32678082c62dc86ec07f4646a3196521204427fa947585ca1492431440ed7b55,other_urban,le15,le20,dong,107,11,19,42,27,8,15.0,경상북도,경주시,충효동,,충효동
apartment,32816903c7740e31d4daa488885ad7777afeb4b277355d6a71aedac4cff287f6,other_urban,le15,le20,dong,129,5,34,45,39,6,15.0,충청북도,청주시,청원구,내덕동,내덕동
apartment,32850f83d6ddfbe6c683f1e2e48d35209a00de9c5afad28eb0b38bbd22a04d50,metro_city,ge26,ge31,dong,478,7,124,213,125,9,50.0,대전광역시,대덕구,석봉동,,석봉동
apartment,32877abe20cd0914635c0c60479f1192486a9d204e51db07fe4038b63e9e39a3,other_urban,le15,le20,dong,122,9,22,50,29,12,15.0,경상북도,안동시,정하동,,정하동
apartment,328b1a459c2688fff9c85c7155f1817672de1fa14c9fec3ec110db4160b2622c,other_urban,m16_25,le20,dong,81,7,24,32,15,3,20.0,경상남도,김해시,관동동,,관동동
apartment,329159eed32aa09310fdc37dedbf90255dcb9e0372caee8c1491c5432cd9d995,nonurban,m16_25,le20,myeon,113,10,34,44,24,1,18.0,충청남도,계룡시,두마면,,두마면
apartment,3292ddc3253c5107228c4d9490eeb381d366d81fb8b17834c6493f9d580bff48,other_urban,le15,le20,dong,93,7,22,40,19,5,15.0,전남광주통합특별시,순천시,조례동,,조례동
apartment,3293e9aebc055bf740ff6624715b938ceed400ab63f83d18680e99139c902db1,metro,ge26,m21_30,dong,571,33,191,270,76,1,30.0,경기도,부천시,원미구,중동,중동
apartment,3297cefa7540ef6a244c9e076ee3891fcef23318df9af095f72228ef4c19ccce,nonurban,le15,le20,myeon,95,20,0,42,13,20,5.0,충청남도,당진시,순성면,,순성면
apartment,329cbd397f8b68974e554166bfbc2420db8f48069b466ae9683ba9602ac0a6d4,other_urban,le15,le20,dong,71,7,22,26,14,2,15.0,경상북도,안동시,송현동,,송현동
apartment,329ec646e16507c7f842486a2b5b50c5e35c5f8e2d886b4e4cc8bb49d1589597,other_urban,le15,le20,dong,120,6,32,46,29,7,15.0,충청북도,제천시,화산동,,화산동
apartment,32a9951c5f5a0c4cdfcde1903ed11d0876ff721ab07475768c01e4b216d3fcc2,other_urban,m16_25,m21_30,dong,370,26,84,162,89,9,22.0,전남광주통합특별시,여수시,학동,,학동
apartment,32aab794a25c39df02212d045f86c8736787970c9c52de2d2f4ba4b2de521a47,metro,le15,le20,dong,97,8,18,42,22,7,15.0,경기도,고양시,일산서구,주엽동,주엽동
apartment,32aac648dc9656a1274f45f2aee30ed3897950c96a393582d1b4c712a875d9b0,nonurban,le15,le20,eup,73,5,14,33,14,7,15.0,충청북도,청주시,흥덕구,오송읍,오송읍
apartment,32c228d9a0b217134339348718b1698bf0e075a4a871f6b45679a6045dc2b8cb,metro_city,le15,le20,dong,230,22,41,99,59,9,15.0,대전광역시,대덕구,법동,,법동
apartment,32c7530d880cf1d575ed10cd213fec0369752183bb4bd6c23d7acb92c5492350,metro_city,m16_25,m21_30,dong,203,11,59,83,48,2,22.0,울산광역시,남구,무거동,,무거동
apartment,32cb1d098c61a9ccbb2d99d4261da0bd6387c74396ca3bf4a5e42a9963cf4799,metro,m16_25,le20,dong,98,11,32,43,10,2,20.0,경기도,성남시,분당구,구미동,구미동
apartment,32ef444007ffa28679b7a2164a6ee314b65d0f294d4e956cb023e9a541e39fd5,metro,m16_25,le20,dong,152,12,48,64,24,4,20.0,서울특별시,동작구,신대방동,,신대방동
apartment,32f57751f513278dface23d33e0832cb08533cab9ae8ed50dbe3a198e7090f70,metro,m16_25,le20,eup,385,23,108,175,78,1,20.0,경기도,평택시,청북읍,,청북읍
apartment,32f86a3e8d55162d245c038c010e3c54942364034e22528d85d4137e9235b941,metro_city,m16_25,m21_30,dong,333,6,82,138,97,10,25.0,울산광역시,남구,야음동,,야음동
apartment,3306318bb40bc8c0710dc3d8f10a099e9bf13b81acb1735a98d651b6b7d73760,metro,m16_25,le20,dong,198,12,62,75,43,6,20.0,경기도,용인시,기흥구,지곡동,지곡동
apartment,330b8afefdcc2b3100e16f031cafafb6cc7d58debda6f65c8140ef7f2ea8bce3,metro,le15,le20,dong,70,6,16,26,18,4,15.0,경기도,의정부시,신곡동,,신곡동
apartment,330e75c08336dc44c7ded5350196b12c8ec7152fd2f458d6d8f3cb2fcf4273bf,metro,le15,le20,dong,168,12,24,77,46,9,15.0,경기도,고양시,일산서구,탄현동,탄현동
apartment,3315fc14933e43dd2341be8c9dbe11ff83273c9f0615d37dcd7e035444448dd9,metro_city,le15,le20,dong,112,11,21,39,30,11,15.0,부산광역시,사하구,다대동,,다대동
apartment,331619900a8c0153e2ed77caecc620d25b58d274e0a5e074b3657d445db40aea,metro,le15,le20,dong,286,11,58,141,66,10,15.0,서울특별시,노원구,상계동,,상계동
apartment,331baefa0616d24fb1e18d63800ce42bcde409f6e4bd01f97ace3cad3b8ab3d7,nonurban,le15,le20,eup,110,5,18,44,35,8,15.0,강원특별자치도,홍천군,홍천읍,,홍천읍
apartment,332ab39a52ed43771aec0f52968a0323e47c311e86ac705b758f4c629192b0e9,metro,ge26,m21_30,dong,314,9,83,118,97,7,30.0,경기도,용인시,처인구,역북동,역북동
apartment,332c0e239d1eb33a9a499de7cc1726718cb6649cebc3b18310fa78690e972351,metro,m16_25,m21_30,dong,261,14,74,119,50,4,23.0,경기도,시흥시,죽율동,,죽율동
apartment,332e5fcad902355087d295a54593eaa96f0d1e3fed198063509a114d9fcf4262,other_urban,le15,le20,dong,82,10,18,32,15,7,10.0,경상남도,창원시,진해구,이동,이동
apartment,333179fb9e3e71f20ecb2a883b6836a3515c22dc997fda27366a51e513acd1b8,other_urban,ge26,ge31,dong,287,9,71,116,82,9,32.0,경상북도,구미시,옥계동,,옥계동
apartment,33353752602ab1bd86d43f733dbb573d3c0e52ff74140639c36fb1d28cd16a98,nonurban,le15,le20,eup,71,15,0,27,14,15,5.0,강원특별자치도,횡성군,횡성읍,,횡성읍
apartment,3351b03bef3ec92d53e745390158a8b7f58eb6c36e40a0cf7089632ce7c006b0,metro,m16_25,le20,dong,149,11,56,64,16,2,20.0,서울특별시,동작구,상도동,,상도동
apartment,33525b79d9105c0683d080c8caca4e89ad59a3282e2d4bdf72bbf2fb2ae63b40,other_urban,m16_25,le20,dong,111,5,24,49,32,1,19.0,충청남도,천안시,동남구,청당동,청당동
apartment,3365cd74604eb537e8584a8c1fe2b266ade6646b94888dab2d3ca08fff6012c2,metro,m16_25,m21_30,dong,189,9,74,83,21,2,22.0,경기도,성남시,분당구,구미동,구미동
apartment,3366bf67d8896f27e522fc146065b5664457c96e077b6623b9ae53ea398b0548,other_urban,le15,le20,dong,154,7,30,69,39,9,15.0,충청남도,공주시,옥룡동,,옥룡동
apartment,3369e816a9a43669c49683deecb1a9e3fb5948ba58a729703b31783302ba05ea,other_urban,le15,le20,dong,67,6,21,17,21,2,15.0,충청남도,천안시,동남구,신부동,신부동
apartment,3370269d534dbdfabdacc5e90fe12b83291c1262849428493e82e09b32b5d952,metro,m16_25,le20,dong,78,5,18,37,17,1,20.0,인천광역시,계양구,작전동,,작전동
apartment,337368f846e9b35d4f5062640ec7fe388ec33970bb477d093e2b54c7aee1dc9d,other_urban,le15,le20,dong,199,15,40,64,64,16,15.0,충청북도,청주시,서원구,분평동,분평동
apartment,33829730eaefcd271dcd539619f4d3bcac2150ae7d8612809586dded68f47053,other_urban,le15,le20,dong,78,5,16,32,19,6,12.0,전남광주통합특별시,여수시,안산동,,안산동
apartment,338b7a45fd9aacb19ca7ff0172ba1462d3eee746ff2e573f60d88d473206b401,metro,m16_25,m21_30,eup,146,5,41,64,33,3,21.0,경기도,파주시,문산읍,,문산읍
apartment,338f02c86b247ef9e4fe3fc539953e14bb08d1ee2c7839eeb4eccd1a9c386618,metro,le15,le20,dong,79,6,23,38,11,1,14.0,서울특별시,동작구,사당동,,사당동
apartment,3392bebae827f0a1996f84412e70749acc47221a3c06677e895ef949c23c009e,metro_city,ge26,m21_30,dong,169,9,50,79,30,1,27.0,부산광역시,해운대구,좌동,,좌동
apartment,33950f6a8af069530f730028577b3f23637ec9e8ad961e4359cb3fc42313a716,metro,le15,le20,dong,73,6,9,30,21,7,13.0,서울특별시,용산구,서빙고동,,서빙고동
apartment,3398cac352473b785080c0f3ccaf21939978bd3e24dbbaac982e0f8ec39bf2f3,metro,le15,le20,dong,51,10,10,11,16,4,11.0,경기도,화성시,병점구,안녕동,안녕동
apartment,339d48ec46f8693adc57cac0417838f96005faa8fd02c68b634c1a00a814d067,nonurban,le15,le20,eup,145,12,25,49,46,13,15.0,충청남도,아산시,배방읍,,배방읍
apartment,33ac728d9b0bd32caefc72b101163cf6c2a25a925b36bd42fe532ebd811ff36c,metro_city,le15,le20,dong,65,6,8,33,16,2,13.0,울산광역시,동구,방어동,,방어동
apartment,33bda65a0c05846b311166e00c4b8144d7cb2e34591cba9205dafa536e0f9776,other_urban,le15,le20,dong,118,7,25,47,32,7,15.0,경상북도,안동시,송현동,,송현동
apartment,33c2ce64cda0472ef00b3e39f6de170015dc19556d7feb5079018c78a1a3d0a0,metro,le15,le20,dong,175,18,15,83,42,17,13.0,경기도,김포시,북변동,,북변동
apartment,33c6217193407babd24199fbc82ff565cc51baecc4c5c58fce1fee07ef32886a,other_urban,m16_25,le20,dong,78,5,12,30,27,4,17.0,전남광주통합특별시,서구,쌍촌동,,쌍촌동
apartment,33ceaced0a5795d6b50e2d46a227fbc9c3bd93963ed65ce9abfc5d2ad5a020f0,other_urban,le15,le20,dong,77,8,0,28,17,24,5.0,충청북도,제천시,청전동,,청전동
apartment,33d279b79303ace797542a7041842972ab9ac915999146fc652ab0a752b80e99,metro,le15,le20,dong,59,7,8,28,14,2,12.0,서울특별시,은평구,응암동,,응암동
apartment,33d8a610fdccc5aedaabc4c6f085084a85ab0e82af64a368df67699305a2a5e9,metro,le15,le20,dong,65,12,0,23,20,10,5.0,경기도,안성시,금산동,,금산동
apartment,33e02a3e38bb3338e0a977ec73bbf018f256bf50e5e81ccb509796693b944bb9,metro,m16_25,m21_30,eup,192,11,73,74,31,3,25.0,경기도,남양주시,와부읍,,와부읍
apartment,33ececc846d53d781fb0f86766c1bb3750a92ac3bea2c15336f407ab3bfbb5af,other_urban,le15,le20,dong,71,6,13,27,23,2,15.0,전북특별자치도,전주시,완산구,효자동1가,효자동1가
apartment,33f39a65f42a2699ff7b8538ce8665f405e7670a236f54c1a1edad896e563e4a,metro,le15,le20,eup,90,17,0,33,18,22,5.0,경기도,파주시,문산읍,,문산읍
apartment,33f8fdd3c84cc3e8c60c85c3ace9e3d42d248fefac3c5ced2e2836411ffaae11,other_urban,le15,le20,dong,55,7,10,27,9,2,15.0,경상남도,밀양시,삼문동,,삼문동
apartment,3406a35ea1bbd26413340cd9842e951e9d593d3563c487772f0462ad737d9153,metro,ge26,m21_30,dong,279,9,87,124,48,11,27.0,경기도,화성시,동탄구,산척동,산척동
apartment,340796e83db9941f9672e982787130ad56f6ef78491124435d2ca3f21511538d,metro,le15,le20,dong,86,5,19,31,26,5,14.0,경기도,광명시,소하동,,소하동
apartment,340fa41e35c34ff991bf1267cfb7d755d58bae25d4064a93b03acb76275e61fa,other_urban,m16_25,m21_30,dong,322,13,76,135,90,8,22.0,전남광주통합특별시,서구,금호동,,금호동
apartment,3413847c7ba51625060bce7f48c4dd6e3fa95eed4e15f6086aa02f0d08c2bbb1,metro,le15,le20,dong,170,37,0,51,34,48,5.0,인천광역시,연수구,동춘동,,동춘동
apartment,342652dacb8528126a3bfe09877b6cec19163c17d8d5a9727f12b599febe29fc,metro,m16_25,m21_30,dong,242,17,72,97,52,4,25.0,경기도,의정부시,신곡동,,신곡동
apartment,342fa02d0104ccc8712b83ae34a6575e270898588f6c43e4f05a48042c82e07c,other_urban,le15,le20,dong,93,8,26,38,17,4,15.0,전북특별자치도,전주시,완산구,중화산동2가,중화산동2가
apartment,343d5fe0f89e0ac140dff0b4e6655dda57896b3164be59562acd8325a03f6d14,metro,le15,le20,dong,72,6,9,34,17,6,15.0,서울특별시,노원구,중계동,,중계동
apartment,343f2caa0c63b01212c7a360d68a2b3cb79735fa93c22bc8bf5b3f964d6732b3,metro_city,le15,le20,dong,201,12,38,69,64,18,15.0,대전광역시,대덕구,목상동,,목상동
apartment,343f7ce5e0c5335fe1e0c16926fdc6e7bd6b30f19231dcee1d857edbd9b02ca5,other_urban,le15,le20,dong,164,20,28,63,44,9,15.0,강원특별자치도,삼척시,교동,,교동
apartment,343fa6fdc393a9fa48eeb5dbbb3e8609fb70980dfe38390e75237864c5c42149,metro,le15,le20,eup,175,15,41,64,46,9,15.0,경기도,남양주시,진접읍,,진접읍
apartment,34708bfd5dc892c3f4b97e6967dc242d079fce49b9e1c29287870abe9bc67712,metro,le15,le20,dong,216,32,73,89,18,4,10.0,경기도,시흥시,정왕동,,정왕동
apartment,347401cbe7512e7922f51d9787d75c323d26f40be2b5e5250ca05b51c960fc55,other_urban,m16_25,m21_30,dong,142,7,44,59,30,2,24.0,전남광주통합특별시,광산구,수완동,,수완동
apartment,34790567bc3e22cbbf6b13114582471c2acc465e0fa8ff7d5469e6cdc9ca8b9c,metro_city,le15,le20,dong,59,6,11,25,16,1,12.0,대전광역시,서구,도마동,,도마동
apartment,347a9dc218042dd41d0d89d784d382a04c3d6b10da1d63477ed536dd3ec13c2a,metro_city,m16_25,le20,dong,251,10,68,111,56,6,20.0,대전광역시,서구,관저동,,관저동
apartment,348c8d4f415d8db770d1564deadb708e9112a9fc8b533719e909d2c0bfccffa1,metro_city,m16_25,m21_30,dong,138,6,33,50,42,7,25.0,울산광역시,동구,전하동,,전하동
apartment,348cd9fe07bfbde342e0b7fff689d0e32af69251ab70251607ca12c5ae7d6e81,metro,ge26,m21_30,dong,352,5,121,169,56,1,30.0,경기도,파주시,와동동,,와동동
apartment,34919223348c7a16c25f2100b315e7c43659c14eabed47d4ff1421b6831793f0,metro_city,ge26,m21_30,dong,215,7,49,94,60,5,29.0,대구광역시,수성구,시지동,,시지동
apartment,3494e9382c99d1a1d3e8b7ba02bea74053cce11d9c4a044a607ef5e07e781453,other_urban,le15,le20,dong,67,6,15,24,20,2,15.0,강원특별자치도,원주시,태장동,,태장동
apartment,349bf48efc74ada63a03b62d4ff03a431a1bada987577d6d1c9263c715900309,other_urban,ge26,m21_30,dong,294,13,91,129,57,4,27.0,충청남도,천안시,서북구,두정동,두정동
apartment,34a47d38d71b80422f9ddb5b1642242b37b088b538c5fd8dffd93e99bd57c487,other_urban,le15,le20,dong,87,8,13,49,14,3,13.0,전남광주통합특별시,순천시,생목동,,생목동
apartment,34a8304ecc74c4edd2b9328e4727dee7ac6b7790945352c46f0e38fe228d1de2,metro,m16_25,le20,dong,94,10,19,44,18,3,19.0,인천광역시,서해구,경서동,,경서동
apartment,34a8d7beeadb7044fb8ff93e29167525cd236c0552ec3e84885f82fd50c7bd30,metro_city,m16_25,m21_30,dong,152,12,42,78,19,1,24.0,대구광역시,북구,매천동,,매천동
apartment,34b0706bb02bedc56392e6dea6a034f7cbd5b5e22ed1d4ae99fc8eec79812ec0,nonurban,le15,le20,myeon,99,22,0,38,11,28,5.0,충청남도,서산시,지곡면,,지곡면
apartment,34c015aaf5f2e7599a129a4c6942ac3d505e3ef63a6869b6fba423cc9b3b1e6e,metro,le15,le20,dong,96,5,25,31,27,8,15.0,인천광역시,검단구,마전동,,마전동
apartment,34d42d3b7b67a8aeec4ecebd0292ec36dd234789d5e8d5cb90eb9f674a996e6f,metro,ge26,ge31,dong,251,7,67,144,32,1,36.0,경기도,광명시,철산동,,철산동
apartment,34e462a75cb67d78679226a2a3c934ea5a19f13c45e6f16033d9e8b9df6d3580,metro,le15,le20,dong,71,8,16,32,13,2,15.0,서울특별시,광진구,자양동,,자양동
apartment,34e8f4f3ee9ddaad25a540db67708216c9a85b12f5e5239920d3f169db8f1a7e,metro_city,ge26,m21_30,dong,330,9,118,173,27,3,28.0,대전광역시,유성구,문지동,,문지동
apartment,34ed8929df793b7d37d98b81ce7822d28b0132d743df187f111b82bd4a3383b6,other_urban,le15,le20,dong,90,6,19,40,17,8,15.0,전북특별자치도,정읍시,수성동,,수성동
apartment,34f1fbacb80f930fd3a77b4700defb415c317ae0e785054b4ab3139f6a19c634,other_urban,m16_25,le20,dong,209,7,55,77,61,9,20.0,충청남도,천안시,동남구,신방동,신방동
apartment,34ffc808ef6ddaef777ce0c115c7f8618bc8d81b8df2760ae88503ad7b22c6fd,metro,m16_25,le20,dong,64,5,13,31,13,2,20.0,경기도,고양시,덕양구,화정동,화정동
apartment,351c52b65aef3d7d483f055668b1d4fccbe0e0a447dcd173a93d646f0bd2d09f,nonurban,m16_25,m21_30,eup,187,5,67,82,29,4,22.0,경상북도,예천군,호명읍,,호명읍
apartment,3520b35f3e3d3ec44a530dd902fd6f2e1af8b266d2b86f4dca2f0cc0a1655590,metro,le15,le20,dong,119,7,23,55,30,4,15.0,서울특별시,광진구,자양동,,자양동
apartment,352db51879b6fa9bca0ef7eaeec4cdbd95f941f7ecf9f1d2b1712646e409a9ec,metro_city,m16_25,le20,dong,69,5,14,28,19,3,18.0,대전광역시,동구,가오동,,가오동
apartment,35348b5147e26158880e81a1b3ceaf7dd189378cffab7ce1741d57f9e5a4323e,metro,m16_25,le20,dong,281,20,58,115,83,5,18.0,경기도,하남시,창우동,,창우동
apartment,3535a641fd43a2e8fed480cdb0e519f57764e28c4e60c516edcd11dc0b5a9929,metro_city,le15,le20,dong,114,7,21,50,29,7,15.0,대구광역시,수성구,신매동,,신매동
apartment,3539ffc405a243038a7baa7684345c6db61c44598b65b24ab5a70fd506e3ea5c,metro_city,m16_25,m21_30,dong,129,5,52,54,17,1,25.0,대전광역시,동구,가양동,,가양동
apartment,35416d276b5185a405c89e75e509ec41fa44010f2153182fb1e06c2b55818217,metro,m16_25,le20,dong,496,17,123,210,127,19,20.0,경기도,수원시,영통구,영통동,영통동
apartment,35503d6afe4134e5e7bd701937c89a4f3ea6893b4a03d4c3cd2723f4ff2936d8,metro_city,m16_25,le20,dong,88,8,24,25,28,3,20.0,부산광역시,북구,화명동,,화명동
apartment,355ec23f8ac10924099d506d72e060a94a17a032264c677fa59ca68acb81b341,metro_city,m16_25,m21_30,dong,165,5,46,84,26,4,23.0,대전광역시,유성구,지족동,,지족동
apartment,35612572f264c07999b62a5d2e4f58f1d2882ce3ad431f8cbe805a9a7f9486e3,nonurban,m16_25,m21_30,myeon,325,9,71,148,92,5,25.0,경상남도,김해시,주촌면,,주촌면
apartment,356742ac81ebc0fc4ff199ae562a9b369d9f5b6d2f47a3ed1040f8df1e375292,metro_city,m16_25,le20,dong,61,5,13,27,13,3,19.0,부산광역시,사상구,모라동,,모라동
apartment,35815f335c9751df265d69e5db8c363fec72c525f99dc90e762e6106e31ec207,metro,le15,le20,dong,138,6,24,63,36,9,15.0,서울특별시,중구,신당동,,신당동
apartment,35936fed614a31f623cc6663eec4cbee6f99e841a3be854cf4f929ad4b81bb3e,other_urban,m16_25,le20,dong,204,10,68,87,34,5,20.0,전남광주통합특별시,순천시,오천동,,오천동
apartment,35a0d791b9c7bf0771a3ad1c8e1de8907d9789a62d7101f1a4b8a36caec58af7,metro_city,m16_25,le20,dong,225,11,61,107,44,2,20.0,부산광역시,동래구,안락동,,안락동
apartment,35a4382be280bc3fbf0bd907fe911fd13ae6395931fc9390c2a78be38c8e77e6,metro_city,m16_25,m21_30,dong,196,10,41,79,59,7,25.0,울산광역시,중구,유곡동,,유곡동
apartment,35a873661be0afc43bce6b35c78677dc2e0ef79c49a850aa2e516a881083a76f,other_urban,le15,le20,dong,150,15,15,74,37,9,12.0,전북특별자치도,전주시,덕진구,호성동1가,호성동1가
apartment,35ab75099602520707180c93d6e6837a7b94049868c971f8894857dcd6ce2754,metro,le15,le20,dong,195,12,48,83,42,10,15.0,서울특별시,노원구,하계동,,하계동
apartment,35b5a6962d69194df58b442c797bc142d244d8e216afcead18cbbbfc2c759f3b,metro,m16_25,m21_30,dong,287,11,94,127,52,3,24.0,경기도,용인시,기흥구,보정동,보정동
apartment,35cc6319c5c95282e808ec7c4ce4a226b6b52d1e07dd177bff780979e3a4557b,other_urban,le15,le20,dong,86,8,17,32,21,8,15.0,전북특별자치도,정읍시,시기동,,시기동
apartment,35ccd8c1adac0d9f8642fe2e55f6bc4c1adba9478cd48d649c8ddff432157ae9,other_urban,le15,le20,dong,79,9,14,29,24,3,15.0,충청북도,제천시,장락동,,장락동
apartment,35cf2a9c04475bfe087406345010935d038c6557b632ff5e73435a0846bd3871,metro,le15,le20,dong,118,7,29,39,39,4,15.0,서울특별시,노원구,월계동,,월계동
apartment,35dceb85e37cd83ae0fc89388d454fc97b70213f60736a03f1a244237bc0d305,other_urban,le15,le20,dong,68,6,12,28,21,1,11.0,경상남도,창원시,마산합포구,추산동,추산동
apartment,35f6cd0d12f11acd8393a0f538bf012a9ede4142ede372856351a78bdb59f844,other_urban,m16_25,m21_30,dong,343,10,80,161,91,1,22.0,전남광주통합특별시,목포시,석현동,,석현동
apartment,35fec87a9669d94cabd7e37207d8e9b3b638002f1b96cab8435fb34b6082fde1,other_urban,le15,le20,dong,105,21,0,42,21,21,5.0,경상북도,구미시,공단동,,공단동
apartment,36027f50ed71faebff22659d6386b2130c09d1b51a74b6947b9120866faf5946,other_urban,le15,le20,dong,55,5,8,28,9,5,13.0,전북특별자치도,익산시,모현동2가,,모현동2가
apartment,360367566eba21d7a7e96a2a25a7f4f263133b73e3beb2ab193431e2ff2c539a,metro,m16_25,m21_30,dong,366,25,125,164,50,2,25.0,경기도,양주시,고암동,,고암동
apartment,3606dd98b9173477c362590f64377aa3f94dfee9b3e2922740d75deed83029cc,other_urban,m16_25,m21_30,dong,92,5,25,42,18,2,22.0,전남광주통합특별시,북구,일곡동,,일곡동
apartment,3610277bc1639e26fd83057eca04d0b23a5177c5c896aef0c0e216e472ca93bb,metro,le15,le20,dong,173,9,39,70,43,12,15.0,인천광역시,남동구,만수동,,만수동
apartment,3612d05019f296336a72028176ddfc667f2dd92790dc221628a7269866aad293,other_urban,le15,le20,dong,60,6,12,13,25,4,15.0,충청남도,서산시,읍내동,,읍내동
apartment,36140315d34dece6c32bfec74f9f7d2932eadf6affd4116f22b94276bec33a87,metro,m16_25,le20,dong,332,21,86,136,79,10,20.0,경기도,용인시,수지구,풍덕천동,풍덕천동
apartment,3614e597245ada68136293266757f59fe1baeb40d91bd0609e0d6a6a83e9e347,other_urban,le15,le20,dong,197,11,41,97,45,3,15.0,경상남도,진주시,평거동,,평거동
apartment,3616f09517e19c9dd9c8314cdf3e96edd032cb56340bbc87d29457553a10a0f8,other_urban,m16_25,m21_30,dong,175,5,44,87,37,2,23.0,경상남도,김해시,율하동,,율하동
apartment,361d114ea121fd0023d9422b3b7f13e3cacd8582d2459310fe111a4843a98b20,other_urban,le15,le20,dong,83,15,0,26,19,23,5.0,강원특별자치도,춘천시,후평동,,후평동
apartment,3643c846a0f036a3946314a32c4e19394db7394f0e0326eea818bd3aa76d55e0,nonurban,le15,le20,eup,67,9,0,34,9,15,6.0,충청북도,청주시,청원구,오창읍,오창읍
apartment,3654672895ec8de8e76d6762ed8567ba21cd3385fa739fdca0dafb14fdd616bf,metro,m16_25,m21_30,dong,160,6,57,68,28,1,24.0,경기도,오산시,오산동,,오산동
apartment,36560692d7de1cf50f730f5b56138eb9024f7f3bbd5b4e15e3ed9d4fbc9046cc,metro,m16_25,m21_30,dong,124,6,33,58,26,1,22.0,경기도,군포시,당정동,,당정동
apartment,365ecd361336e0e521c77c4741725f748b78a66b3096566ce34baa046cde5ede,metro,ge26,ge31,dong,410,9,116,189,92,4,36.0,경기도,의정부시,의정부동,,의정부동
apartment,36648fd7609d9444a971dc976302c09665af542ec53ce99d769e37e6a8424ace,metro,m16_25,m21_30,dong,109,7,36,58,7,1,24.0,경기도,성남시,분당구,구미동,구미동
apartment,366d01ca96df38ac3afd92e710de45d5e0a1fc9c99e05280f6329fd3cf4d7ac5,metro,m16_25,le20,dong,218,17,63,93,43,2,20.0,서울특별시,서대문구,남가좌동,,남가좌동
apartment,366ece45becd7b1902c52bdbac84282ba30315c0021f894312e4f322d0712eb1,metro,le15,le20,dong,119,7,27,45,33,7,15.0,경기도,부천시,원미구,중동,중동
apartment,36786ecc0d11d6d6fddb965ae1052df8ed965960d1b31d4917ed470cc60f8751,other_urban,le15,le20,dong,104,24,0,45,22,13,5.0,경상남도,창원시,성산구,반지동,반지동
apartment,36796d73bfab2a9401ea4d5ff42caed8b8dac0879896a65bda95227e1db2d195,other_urban,le15,le20,dong,201,13,37,94,46,11,15.0,충청북도,청주시,상당구,용암동,용암동
apartment,368123ee62ce50d3e78f8db87cb120dc8a18d13d3a4dcfaccfdfc47d31f2ed5e,metro_city,le15,le20,eup,83,5,13,38,16,11,12.0,울산광역시,울주군,온양읍,,온양읍
apartment,368876a0198fb619a70e50064e17dda2ef1e3dd455a283fc6203cbbf1ea522ea,metro,m16_25,le20,dong,124,12,22,62,25,3,18.0,서울특별시,서대문구,홍제동,,홍제동
apartment,36887a1889da7b7e091d88a3a5ced60fc2ad70b192561326775db8b1e9817bd5,other_urban,le15,le20,dong,76,7,16,36,14,3,12.0,제주특별자치도,제주시,삼양이동,,삼양이동
apartment,368ca41d136166b7a15d4d21a712ccd09b721506b225560e9810f0f343fe8552,other_urban,le15,le20,dong,73,9,13,31,15,5,15.0,전남광주통합특별시,북구,연제동,,연제동
apartment,36a1f00b5b6fefa0ffd3b20ac6ca5edc5478b69513ff61b373cc7b828a53a453,other_urban,le15,le20,dong,191,15,39,73,52,12,15.0,강원특별자치도,춘천시,퇴계동,,퇴계동
apartment,36a57f8cdabc7f7fab236eebfcc9569ad725e63d9d05b4dc227a2905a579f963,metro,m16_25,m21_30,dong,190,16,51,88,31,4,21.0,경기도,안양시,동안구,평촌동,평촌동
apartment,36c458d5466d783a5107b0690ba8bf70817dd4f4399da22fdc75d5873c7c5ba5,metro,ge26,ge31,dong,762,17,271,358,114,2,34.0,경기도,김포시,풍무동,,풍무동
apartment,36d1993a68ddd29a4d99cb4cfe593fd4182f839324e90d6baf51bb8fc0da9f29,metro,m16_25,le20,dong,65,5,18,29,10,3,18.0,서울특별시,서초구,잠원동,,잠원동
apartment,36e37bb8b39b6cef05777d295eff41b8a9eb15e55dcd4a61421b5670498b0ef2,metro_city,le15,le20,eup,98,5,21,35,30,7,15.0,부산광역시,기장군,정관읍,,정관읍
apartment,36e44d01cf04879e8ba68776161cc299f42735259779a62e01480ce7da8b74ab,other_urban,le15,le20,dong,259,24,63,84,76,12,14.0,충청북도,제천시,신백동,,신백동
apartment,36fe1e438648e3f38e7cfdda2299dc67319e564ce562ee73573861eb65bea3c1,other_urban,le15,le20,dong,98,10,15,44,24,5,15.0,강원특별자치도,원주시,명륜동,,명륜동
apartment,3703d107fbc9c9b41fb6728ecb0c5c492d96174c6050b89795009f5a05fd002e,other_urban,le15,le20,dong,432,25,90,193,105,19,15.0,경상남도,김해시,관동동,,관동동
apartment,37078b2f1bb0a34f7787b53def741c28c0178259518c2572a33dc3fa70e36177,other_urban,le15,le20,dong,264,16,63,108,65,12,15.0,전남광주통합특별시,서구,쌍촌동,,쌍촌동
apartment,3707e851290885cebf011c4ea804886a894bbce9b624f99ff1fb4bc78e74e6ee,nonurban,m16_25,le20,eup,597,28,151,246,149,23,20.0,경상북도,영천시,금호읍,,금호읍
apartment,371ca55d746a0f5c63d77dbc7d8befc9bde2e1f5c398c9ece16e7e5919fbe641,metro,m16_25,le20,dong,130,8,28,53,32,9,20.0,경기도,화성시,만세구,새솔동,새솔동
apartment,3737c2e6cd2121b56b45a7ebaa0090dcdaeef09bf6807fce08623fefb5390c8e,nonurban,le15,le20,myeon,192,18,65,79,29,1,15.0,경상남도,사천시,정동면,,정동면
apartment,3739ebc9a74af56431bfb1a6a6b262b466b75366dc252e0b02dd94a726d179bd,metro,le15,le20,dong,61,5,12,22,18,4,15.0,경기도,용인시,처인구,김량장동,김량장동
apartment,373b186d321ef3609e978b0bd297c6d9e62b8c3e88de57ec3ee712afb54b3a84,other_urban,le15,le20,dong,72,18,0,19,17,18,5.0,강원특별자치도,강릉시,내곡동,,내곡동
apartment,375e13083988b197bc5c764c7ff80f23121f6e044abbd4a3e706167097e3d16f,metro,m16_25,le20,dong,129,6,33,55,33,2,20.0,경기도,안양시,만안구,박달동,박달동
apartment,3762eec594ecd37f6cefd22db3a20acd25d141999ba81914dafd62561a0ec8e2,other_urban,m16_25,le20,dong,101,6,27,40,26,2,18.0,경상남도,김해시,부곡동,,부곡동
apartment,3769ebc1599c8b4854b1da4c295b6820f174a1725f8fb29adad990271d8e6587,metro,le15,le20,dong,86,6,15,45,16,4,15.0,서울특별시,강서구,마곡동,,마곡동
apartment,376fff632df0838e4c729666fb89541b0e420ddd86f164c350dc47d27980f062,metro_city,le15,le20,dong,200,9,43,91,56,1,15.0,울산광역시,중구,복산동,,복산동
apartment,37746a60d30c90bf39fbc496febf0a4b785a46ca2def98f8779471688cf9b142,metro,le15,le20,dong,128,6,21,65,31,5,15.0,경기도,여주시,교동,,교동
apartment,377af37c1db9ac00e0fb0102627cac5b72ca88500b85082ed7ca793d4031e4ab,metro,le15,le20,dong,115,8,24,44,29,10,15.0,서울특별시,중구,신당동,,신당동
apartment,377b06c081570c140cddd86b62b3b0b182fd49d4e7710eb9c30826c14cc00af2,other_urban,m16_25,le20,dong,158,9,45,49,46,9,17.0,경상북도,구미시,비산동,,비산동
apartment,378310340978f9f3d920b473b3f1c2c4c31e2d5d8a2910100d79a0e3bd69d0e2,metro,m16_25,le20,dong,243,16,82,108,36,1,20.0,인천광역시,검단구,당하동,,당하동
apartment,3787a8ae6c3c156761f59be0e1ceb766f1c3145ca12ceb6f6ce5d46f1d9d0678,metro,m16_25,m21_30,dong,255,17,96,118,19,5,25.0,경기도,성남시,분당구,이매동,이매동
apartment,37899811c1e9860dbfae085357ac67430017c9925929a81de6863480548c5533,sejong,m16_25,m21_30,dong,170,9,56,78,23,4,21.0,세종특별자치시,,새롬동,,새롬동
apartment,37a2426e1e417fefa35dc426629b074df557a8a6cff166e6a4ffd6a65dc28ae6,metro,m16_25,m21_30,dong,157,7,43,68,36,3,25.0,경기도,화성시,효행구,기안동,기안동
apartment,37a5bedc1e353d23da008b1b3c3b154a9af1df1ce4eb9ca354e456c7bb1385e6,nonurban,m16_25,m21_30,myeon,625,22,215,285,93,10,23.0,경상남도,창원시,의창구,북면,북면
apartment,37a6c595fe80d66ba4cafb9b116f5929f3fc4a3785530e09a083308db5a6c77c,metro_city,le15,le20,dong,65,6,5,22,26,6,15.0,부산광역시,사상구,주례동,,주례동
apartment,37b57121d3894e7fcc3e47e3e1db468f9d2596fd04692ca4d15236e67499edd5,metro_city,m16_25,le20,dong,141,7,37,52,43,2,19.0,대구광역시,북구,구암동,,구암동
apartment,37b7497dcc73b14d8326000a82225f6bc714ee89b62bde8525978ad553e3812b,other_urban,le15,le20,dong,114,13,20,37,38,6,15.0,경상북도,상주시,신봉동,,신봉동
apartment,37cb44d3f137d9c54b5d3cf62f71b3346054ad38aee00eeeef94d74dc81c22e3,metro,m16_25,m21_30,eup,124,7,31,66,19,1,25.0,경기도,화성시,만세구,남양읍,남양읍
apartment,37cf945744f32f34f9389226cd6bd449240704b1e82b3f9ba85fe65f5c40cfd2,other_urban,m16_25,le20,dong,131,9,26,63,28,5,18.0,경상북도,경주시,황성동,,황성동
apartment,37d0756cc8e4b5192f96c659cfa714054e84ebacdd7454b91c5387973f000ebd,metro_city,le15,le20,dong,142,11,23,65,31,12,15.0,대구광역시,수성구,매호동,,매호동
apartment,37dd178bf650f8b4b83a12f314bedba7ab87b7cf51af6383852e1fbf4e58c82e,metro,m16_25,le20,dong,287,9,79,121,64,14,20.0,경기도,시흥시,월곶동,,월곶동
apartment,37ed56ef4381b3a4e4bf5772133ee26d36740e0c4580b509e703fb0053e60645,other_urban,m16_25,m21_30,dong,151,9,36,68,37,1,22.0,전남광주통합특별시,순천시,용당동,,용당동
apartment,37fd6d06eb25889342ae85ef971a2a373c0c7bda83c9b5958622826b4f3aa06f,nonurban,m16_25,le20,eup,81,6,17,35,22,1,17.0,전남광주통합특별시,광양시,광양읍,,광양읍
apartment,381950de849541225a1ec1ed683fe75b4e10f195e6ce7e0cde94eeaae66192b4,metro,le15,le20,dong,106,12,20,40,28,6,15.0,서울특별시,동대문구,회기동,,회기동
apartment,38283ef60c43532f4d8e34436c3631aa1cce06e5aa095dbeaaffc79c3c4cfdef,metro_city,le15,le20,dong,78,17,0,33,15,13,5.0,대구광역시,수성구,황금동,,황금동
apartment,382a0bd8ed3feb64e92a9547db5c41ee11c2a80c61f58f2a6d38c9a88b0156bc,other_urban,le15,le20,dong,56,6,7,21,20,2,12.0,전남광주통합특별시,여수시,웅천동,,웅천동
apartment,382dbe423bce7cafc463742b188668bb948b225edc21c98cf64c8abe883d857e,nonurban,le15,le20,myeon,77,16,8,26,19,8,7.0,충청남도,서산시,해미면,,해미면
apartment,3836029cb0dd01a854daae7e257b85a4def0765c0b395cc8675c07b7d1b28990,metro,m16_25,le20,dong,85,11,21,36,15,2,20.0,서울특별시,성북구,돈암동,,돈암동
apartment,384568221f28b44775f1492096fcf01a11a4a0db1fe01e56a18063dfb3f1e24e,metro,m16_25,le20,dong,91,8,29,32,20,2,20.0,경기도,고양시,일산서구,주엽동,주엽동
apartment,384c3f40ad9ea889ede5bb98c0e593665c1c93071adac719743b23a773291d73,nonurban,le15,le20,eup,70,6,10,29,21,4,15.0,충청북도,옥천군,옥천읍,,옥천읍
apartment,385aa7a8dfc695085991d6ef7c05ffdd6debec498e48e987c8c1e2155388f21d,other_urban,le15,le20,dong,57,9,9,25,9,5,12.0,전북특별자치도,전주시,덕진구,인후동1가,인후동1가
apartment,38708e54314bae0338d1ca306700d3b64ee2ef7d5a368d458cd339ef9494044d,nonurban,m16_25,m21_30,eup,314,11,69,147,75,12,22.0,충청북도,진천군,덕산읍,,덕산읍
apartment,3879815a86aff9ba54ce2b997ad1a9d95549116d716f2c0aa442729530060afd,metro_city,m16_25,m21_30,dong,77,5,16,38,16,2,21.0,대전광역시,유성구,하기동,,하기동
apartment,3885e51b8bf1f6cfd7efd4b9699baf93ffe74e4881c5ad7308b09b1d690f45ef,nonurban,le15,le20,myeon,82,11,4,35,22,10,9.0,강원특별자치도,원주시,흥업면,,흥업면
apartment,388bd0eda180853ab5f7327f7b0b1ace9a1f63b4e3c3cf51c581edcc44d98910,metro_city,m16_25,le20,dong,52,5,8,20,16,3,20.0,울산광역시,남구,야음동,,야음동
apartment,389291844a82608cdc1b023d8d01636153dc1235734c729a3ede3b8c69a45622,other_urban,le15,le20,dong,66,13,0,27,13,13,5.0,강원특별자치도,강릉시,입암동,,입암동
apartment,389db71710d5ca4c1b060495ec2433b78e4417ce7c7342332a722514c715c628,metro,le15,le20,dong,131,10,25,51,35,10,15.0,서울특별시,금천구,독산동,,독산동
apartment,38a8375b05b5f8bae95e57e9c1c78c11f8cf77eb5c5a2f850a1f459cd7157d09,other_urban,m16_25,m21_30,dong,80,5,26,33,13,3,23.0,경상북도,안동시,안막동,,안막동
apartment,38a9bdad39a907e75b98594d9d75a78eff4017926b3841d6e21fc5633eb41b4e,other_urban,le15,le20,dong,267,19,46,127,57,18,15.0,강원특별자치도,원주시,단구동,,단구동
apartment,38acb6dcc97dd396b49301ad41fca2e20a7d8834a31d28b5c563ca265b3e6c7a,metro,le15,le20,dong,173,15,33,65,42,18,14.0,인천광역시,제물포구,항동7가,,항동7가
apartment,38b6fa7ab6f11c2b724e5465c7c4c273de645cb547cdca3a2a6df303b3fcd227,metro,m16_25,le20,dong,223,12,58,108,42,3,19.0,경기도,부천시,원미구,상동,상동
apartment,38baff5afa1da4878db81262562a225185d5cc17d9c1ac31b7a0aec3fd4b92a6,other_urban,le15,le20,dong,67,6,14,29,17,1,14.0,충청남도,당진시,읍내동,,읍내동
apartment,38bd10eb62b561138aca524825277051947a6f7c21d8131cc04f705ba6da46a5,nonurban,le15,le20,eup,173,7,25,74,56,11,15.0,경상북도,포항시,남구,연일읍,연일읍
apartment,38c5bb05e58e095569e6029837cebd573d520ce5304f234b4b6b52e8dcb15cf0,metro,m16_25,le20,dong,67,5,22,31,6,3,20.0,서울특별시,마포구,마포동,,마포동
apartment,38cb9491d453e652274107df2530ff7c8bea556d182344a9b47188a32876b0ee,other_urban,m16_25,le20,dong,161,10,35,60,43,13,18.0,경상북도,구미시,인의동,,인의동
apartment,38cfef20105949882ae0a97e5d82e27b30417d16c720a2ed5413fa31efcea0bf,other_urban,le15,le20,dong,90,9,13,38,25,5,15.0,경상북도,영주시,상망동,,상망동
apartment,38d2b1b34cc3e940301147bff2154833d73081a7a03fe09a277d33bcf63f7e90,metro,le15,le20,myeon,331,12,65,145,93,16,15.0,경기도,안성시,대덕면,,대덕면
apartment,38d92b0ff2f09b15498395cb9a2ea1bd2349e963e6208f91ebbdbd5e9eb4e322,other_urban,le15,le20,dong,120,9,25,58,25,3,13.0,전북특별자치도,군산시,소룡동,,소룡동
apartment,38e00f9ef091e963f145120068d052086da3b403db4cfd49a81bc756882850f4,metro,m16_25,le20,eup,181,16,54,80,24,7,20.0,경기도,안성시,공도읍,,공도읍
apartment,38e053eb6c88fead0b3d380b8faad29d6de44e4e8d83d89e11b5e80c32db8ac1,metro,m16_25,le20,dong,263,17,62,108,73,3,19.0,인천광역시,남동구,만수동,,만수동
apartment,38e53a351dd7403acd437c81e23c02b3700c660cf7a81e49792b256f596402c6,nonurban,le15,le20,eup,279,18,59,101,83,18,15.0,경상남도,창원시,마산회원구,내서읍,내서읍
apartment,38f1fe4e6167e142df2be1e1f3b8b13ac815e0cfeef1a29e602fc16df41d30c5,metro,le15,le20,dong,58,11,0,32,5,10,6.0,인천광역시,계양구,계산동,,계산동
apartment,38f35f7a41e3794fb01bd2ee1950918dfeac1b133956608bc49f690ac8d15728,metro,m16_25,m21_30,dong,153,5,40,73,34,1,24.0,서울특별시,동대문구,답십리동,,답십리동
apartment,38fdf31cc915ed39978b2602766d4b2c55efcf270abf69132a377f6a4eb5f098,other_urban,le15,le20,dong,72,5,11,28,22,6,15.0,충청북도,청주시,상당구,용담동,용담동
apartment,3913e34c966fffca43e4b18138d6e874124a21b44c48a7177f175db6b9c7803a,other_urban,le15,le20,dong,82,6,16,34,20,6,15.0,강원특별자치도,춘천시,후평동,,후평동
apartment,391f8067e3d91e93443338cd35b8b955d0acd2e268c3a9199ea1c2b9f33420e0,other_urban,m16_25,le20,dong,113,6,19,44,40,4,19.0,전북특별자치도,전주시,완산구,효자동3가,효자동3가
apartment,392124e6e9beb52232d9c46b3ccd91cdeccc7838210beca9cce8523b1762b225,other_urban,le15,le20,dong,297,49,0,124,57,67,5.0,전북특별자치도,전주시,완산구,효자동1가,효자동1가
apartment,3935d266ed580462b4f65d53fb18d55bed8dfdec5a0fcf97a6130acab2d40a55,other_urban,le15,le20,dong,129,12,23,49,32,13,15.0,경상북도,경산시,옥곡동,,옥곡동
apartment,3937cdc1a60d4900d2630510e9c592eafaba9b2c75d7e93c642b63af47c1d612,metro,le15,le20,dong,151,11,47,55,36,2,15.0,경기도,동두천시,생연동,,생연동
apartment,393e51d23993b4ad716d34c9f08054550ca06a85e0c1c2fa15ed70d74dc2b502,metro_city,ge26,m21_30,dong,130,5,36,56,31,2,29.0,대구광역시,동구,신암동,,신암동
apartment,394d0285b63cdbf92647a6b30f9f9aa6eac3f78c7fe3d2f3121f7112bed08892,other_urban,m16_25,le20,dong,138,5,39,59,30,5,20.0,전남광주통합특별시,북구,동림동,,동림동
apartment,394ff64d6a45cc8a76efb82dd147ab9327f927b0f013a5713ad62190cb39ae46,other_urban,le15,le20,dong,62,9,7,28,14,4,11.0,전북특별자치도,전주시,덕진구,송천동2가,송천동2가
apartment,3950ee8fb68d977cf24dc656b0c5d486106a679b61fd64a26183525529c1785b,nonurban,le15,le20,myeon,108,8,22,40,34,4,15.0,경상북도,경산시,와촌면,,와촌면
apartment,39568fa6d294dbb4b2f7f1547d2fc0e0676becc81a6b09e2a0d20d093bb55987,metro,le15,le20,dong,66,8,16,18,22,2,14.0,서울특별시,강남구,논현동,,논현동
apartment,395892043724d7f166d8bfcbb0a52a6816af5f3d80526cb1a97abcf213123e28,metro_city,ge26,m21_30,dong,233,6,67,104,54,2,29.0,대구광역시,달서구,월성동,,월성동
apartment,396aa0c00528df5f42d2a1919e7c33483983e534791a89deedd719f7a2f4e1a9,metro_city,ge26,ge31,dong,174,12,75,69,15,3,31.0,대전광역시,동구,대성동,,대성동
apartment,397306fd592755dbc7126c572ba2d04d47b525b9f4916fd36ff8f91ba1246c05,metro,le15,le20,dong,113,6,13,53,32,9,15.0,서울특별시,중랑구,신내동,,신내동
apartment,398800f037cfd9ed28bd71e26549506fbcda338d6f6c64a0c0c02507e5aa4361,metro_city,ge26,m21_30,dong,496,12,116,211,142,15,29.0,부산광역시,북구,만덕동,,만덕동
apartment,39932d35afeb2359538dad69e0e8e974923b7d23c4294331209a51b1236fe0e4,metro,m16_25,le20,eup,68,8,17,22,19,2,18.0,경기도,남양주시,화도읍,,화도읍
apartment,39a3e56570d7820422816e0bf514ce890b1b8b1789dc8a3c708869622a7b9d39,metro,m16_25,m21_30,dong,511,23,188,233,64,3,22.0,서울특별시,동대문구,답십리동,,답십리동
apartment,39a615dc80b1e94dcb015a4f4e367e62a4ae6b52ae1cefd25914acaccde66f29,other_urban,le15,le20,dong,69,9,14,22,18,6,15.0,충청남도,논산시,내동,,내동
apartment,39aa93388fbcc8bb23826b99bdd48e37df2b6d01e56e38a3595f9d0d4ad5b2cf,nonurban,ge26,m21_30,eup,111,8,43,43,15,2,28.0,경상남도,양산시,물금읍,,물금읍
apartment,39ac7989987dca3bed914281007569783fcfc6ef32b880ba11d34c0bb1847951,metro,le15,le20,dong,174,15,49,53,48,9,15.0,서울특별시,은평구,수색동,,수색동
apartment,39b0ac9f4e5b16429deaa5bf3d5bea38d6f26015ea0460c8b76ff5fb137daf42,sejong,ge26,m21_30,dong,307,10,116,140,37,4,26.0,세종특별자치시,,다정동,,다정동
apartment,39b3af2f7316d795b404e0ee6cde0d88417d5e916e5f4d7f61f23e13e55a07a2,metro,m16_25,m21_30,eup,202,13,54,107,27,1,22.0,경기도,화성시,효행구,봉담읍,봉담읍
apartment,39c640f9e0a6be3dabddb9cccb08e536546eee12339a4554b5488eb29750d8cf,other_urban,le15,le20,dong,57,8,10,28,10,1,15.0,전북특별자치도,전주시,완산구,효자동1가,효자동1가
apartment,39eab9d9793aed0ed1243720042419e0fbd6f0511ff217c913b7e2362c812efb,metro,le15,le20,dong,148,10,33,66,31,8,15.0,서울특별시,강북구,수유동,,수유동
apartment,39ed244728886274a099ccb8ec8637e35569666fb3b630de5a39b5c1db7ff611,metro,m16_25,le20,dong,93,5,24,40,23,1,18.0,경기도,용인시,수지구,풍덕천동,풍덕천동
apartment,39ef8a7596960e87e2bd027d08bfa8ff3f46ed29ef47dd71d1393759484e247a,other_urban,m16_25,le20,dong,70,6,17,29,15,3,20.0,전남광주통합특별시,북구,삼각동,,삼각동
apartment,39f495fc34513702199e232e869ed84c3b6e5566415d39a803000da2464b61ea,metro,m16_25,le20,eup,77,5,14,45,9,4,19.0,경기도,연천군,전곡읍,,전곡읍
apartment,39f70dc739fb4c62f37905b84d30fa63f67bf65dfd7a5e92430c84bc0cbaf8bd,nonurban,m16_25,le20,eup,66,6,17,23,15,5,18.0,강원특별자치도,원주시,문막읍,,문막읍
apartment,39f7920fad4a3b25578d299c5e47e60a83521cbc2fd8f1ed0fc3168a4087afa2,metro_city,m16_25,le20,dong,224,13,55,76,65,15,19.0,부산광역시,부산진구,개금동,,개금동
apartment,39faf1bbf3c1e8c9271c405e2b22ce83afbdfaae50fd51991f3e4b6e1afbb929,metro,m16_25,le20,dong,127,7,43,55,20,2,20.0,경기도,고양시,덕양구,화정동,화정동
apartment,3a0bf86257d3c0494dee703bdf86ea2a854397ccd13742b0cd23e43f7195f6dc,nonurban,le15,le20,myeon,50,10,0,20,10,10,5.0,충청북도,보은군,내북면,,내북면
apartment,3a13264a1753228881db1e2ec5565f81bb3860100e1e07e1659a46eef2a3851d,other_urban,ge26,ge31,dong,1059,9,319,525,205,1,34.0,전남광주통합특별시,동구,계림동,,계림동
apartment,3a1a574d6391766b11ab4b8f9868402d7c66222c5dee3ea86bc1b4c7656bcdb9,metro,m16_25,m21_30,dong,111,8,34,55,12,2,23.0,경기도,성남시,분당구,야탑동,야탑동
apartment,3a27558921bc2f01d1a244b4643246fb4bc7bf25641e3a0c8a17f6bb23e23345,metro,m16_25,le20,dong,86,5,19,33,25,4,20.0,경기도,용인시,수지구,풍덕천동,풍덕천동
apartment,3a2aef9cb332e1bcece65925e6aafc10004aa29c79a3e93547977266e4035bfd,other_urban,le15,le20,dong,68,7,0,38,15,8,6.0,강원특별자치도,동해시,묵호진동,,묵호진동
apartment,3a2f973404d3159832f3286a5ea367556cb15e300b72c23742761d9d39f55a58,other_urban,le15,le20,dong,117,6,30,42,29,10,15.0,전남광주통합특별시,서구,화정동,,화정동
apartment,3a3090955426c08be47f0036df5625aaa60fd7c614c1adc26edff58d30a4ce34,other_urban,le15,le20,dong,81,16,0,19,21,25,5.0,충청북도,제천시,고암동,,고암동
apartment,3a32fdc6a0d9d01437cb9cf4e1c3913be573ffdbee5080602b1f0c9810623a16,sejong,m16_25,le20,eup,157,9,46,78,21,3,20.0,세종특별자치시,,조치원읍,,조치원읍
apartment,3a345c444286da1a242966ee45b8337e5a81134da19d2e8210a3a8095f39e853,nonurban,le15,le20,eup,169,21,27,57,50,14,15.0,충청북도,음성군,대소읍,,대소읍
apartment,3a42cd79f37697cd3ec19cd8258cf5beeb45f6cf40eccf0742f031dd501f9a6c,metro,m16_25,m21_30,dong,391,10,94,180,98,9,25.0,경기도,화성시,병점구,반월동,반월동
apartment,3a475ea3c8c5fd94d5e5a65173cc9169ed954d8f37b92feaf7bc7148a5d1d226,metro_city,le15,le20,dong,111,6,19,49,29,8,15.0,대구광역시,동구,율하동,,율하동
apartment,3a51ea9a18a570dda95f42d61c52d118ca55fb6e2ab34c425dd9d3d94227ac3a,metro,ge26,ge31,dong,266,10,88,105,62,1,38.0,인천광역시,영종구,중산동,,중산동
apartment,3a6656c5afcc17b8bbfd2426159e0c1c85f4cde735d0e60a847ee4406dde4985,other_urban,m16_25,m21_30,dong,114,7,32,53,20,2,21.0,경상남도,김해시,대청동,,대청동
apartment,3a6a28210454c6a691dc727f5756a61ede74d849a6eb24b49f357729c58caab8,metro_city,le15,le20,dong,77,8,12,25,25,7,14.0,대전광역시,서구,내동,,내동
apartment,3a72e72041a32c7c1dd7571b1d653ce52c1064a03fdd14fc9ddccbb4853d7cbd,metro_city,m16_25,m21_30,dong,472,14,95,214,128,21,23.0,울산광역시,남구,삼산동,,삼산동
apartment,3a756ca382dcbdec64d756955241c14aadf25dd34bba48bcbd3c995232edfa1c,metro_city,m16_25,le20,eup,267,7,55,137,60,8,20.0,대구광역시,달성군,유가읍,,유가읍
apartment,3a758bda252a15798a8e9a23f99fb8dcc7869571b4d5b383fefcb28ed4837d7b,metro,le15,le20,dong,74,7,16,39,11,1,15.0,인천광역시,연수구,송도동,,송도동
apartment,3a82ff7a15bd9a20f74d4e1a0a22d56c7753edb959075ebab40385af467fffc7,metro,le15,le20,dong,143,6,25,57,43,12,12.0,경기도,평택시,이충동,,이충동
apartment,3a87385c7fa5847305a8264960434e8fcba2ef00a5707f453d0c1aaefb81fd26,other_urban,m16_25,m21_30,dong,353,7,106,176,56,8,24.0,경상남도,진주시,충무공동,,충무공동
apartment,3a8ec0cc386d76fa15c1977a8ff33a910464ad5d0d8dfccf2a5fc830321aa421,metro,m16_25,m21_30,dong,260,12,75,104,61,8,21.0,경기도,수원시,권선구,호매실동,호매실동
apartment,3a9f8c8ebf97ef9035a7143da38b863fc3ffd2eed9bdf6937189e3bdbe145e03,other_urban,m16_25,le20,dong,145,10,39,54,39,3,20.0,전남광주통합특별시,서구,동천동,,동천동
apartment,3acdcdcc3cec1ed7217caf541614d3d6fe140ccc4db1a6987f77b562160e8d09,metro,le15,le20,dong,108,5,27,50,24,2,15.0,서울특별시,강남구,수서동,,수서동
apartment,3adee35212a4d0fee4e60c52c01c9fc666dfff8061d4faba9d69fe2b84ac70ee,other_urban,le15,le20,dong,136,5,28,65,33,5,15.0,충청북도,청주시,흥덕구,복대동,복대동
apartment,3ae44d69c77c2718dc3e977167e5280ba7ee8e9bf515f6d8165b79dac46491f3,metro,ge26,ge31,dong,230,8,85,112,24,1,31.0,인천광역시,부평구,부평동,,부평동
apartment,3ae7f2100318b35531f54b2497f7bbd826fef6db6c21c83dae0ad204c0f9fcc3,metro,m16_25,le20,dong,85,6,22,34,18,5,18.0,경기도,광주시,양벌동,,양벌동
apartment,3afc4febe8b853c223da0e411b71c59c55fd78a6c6442467e2fc65eccbbfda8d,metro,ge26,m21_30,dong,293,9,83,150,48,3,26.0,경기도,하남시,망월동,,망월동
apartment,3b0b5c0dcfd9d83994685c80f28ed34bae21531ad9585907b244f2d4180e2fdd,metro,ge26,m21_30,eup,450,6,139,209,92,4,29.0,경기도,용인시,처인구,남사읍,남사읍
apartment,3b155a632f2ee29c12bfe8e8065d930f75195aca0855feeb56c23513dafaa266,metro,m16_25,m21_30,dong,123,5,29,65,22,2,25.0,서울특별시,서초구,우면동,,우면동
apartment,3b3265928053a2ba3da650b1d6e5c6884999a1e43bd372bd2f28aff1b4c9eae2,metro,le15,le20,dong,327,15,62,135,96,19,15.0,인천광역시,연수구,동춘동,,동춘동
apartment,3b36e4bdfc5e38d358928fee113502e3c0baa58b5229be007afe6c125ca7e529,nonurban,m16_25,le20,eup,730,30,164,268,234,34,18.0,경상북도,칠곡군,석적읍,,석적읍
apartment,3b4bbdedeb2e0eb6704f4e1b18cec44089598f1d41ed1128045cd823e5874f0c,metro,le15,le20,dong,155,8,47,67,29,4,15.0,경기도,성남시,분당구,삼평동,삼평동
apartment,3b56ea2833e7765b0a14edd02f851b320212d408a38cbe6e9d4702a342517bb4,nonurban,m16_25,m21_30,myeon,163,6,34,78,41,4,21.0,경상남도,창원시,의창구,북면,북면
apartment,3b5abc1d29692938c9f8943b19a4eeab8040362303cf9cdeeb94e22a151d643c,metro,m16_25,m21_30,dong,94,8,17,41,25,3,25.0,경기도,부천시,원미구,상동,상동
apartment,3b74c229b5b4c9ace35d6b108ee648d9c5ba581272cdb0634e70df25d1398080,metro,m16_25,le20,dong,173,7,42,76,41,7,18.0,서울특별시,서대문구,홍제동,,홍제동
apartment,3b7b395591737e42d21aa7222dc7f8c0315abb3aae44047c6cbc369964a7fb23,sejong,m16_25,m21_30,dong,123,5,53,55,7,3,25.0,세종특별자치시,,반곡동,,반곡동
apartment,3b82ee8418415074ca4b2a33bba6d0bb53d79ac020fb94453c1a3c92662c432b,metro,le15,le20,dong,78,6,13,31,23,5,12.0,서울특별시,송파구,송파동,,송파동
apartment,3b954fa9dc47bcd7fbe303e9147e15e58aad26f57493688db176a0dc4c355b30,other_urban,ge26,m21_30,dong,372,13,108,190,57,4,27.0,경상남도,김해시,구산동,,구산동
apartment,3b9796f4cb235a0ba9a368deb76dec0427ea5120f45cec5bc9b79d1608cd0fd9,other_urban,m16_25,le20,dong,104,5,32,43,22,2,20.0,전남광주통합특별시,서구,동천동,,동천동
apartment,3ba69c0540af78c1fcf375143dec67f3c55693beb02ef2e61251c384fa759c26,other_urban,le15,le20,dong,84,5,14,37,22,6,15.0,전남광주통합특별시,순천시,연향동,,연향동
apartment,3baf02c36e3d2e5bcce6d7190a9135831d3f3141c2860cc97b463ad2de44308e,other_urban,le15,le20,dong,95,7,26,45,13,4,15.0,충청남도,당진시,원당동,,원당동
apartment,3bb37825a43f48f2492ab0d43cfedf2e5cfb72c55c173ec2dd3a5e84521d805e,metro,le15,le20,dong,60,8,20,23,8,1,11.0,서울특별시,용산구,한남동,,한남동
apartment,3bba9b37a637268459ba4d44680131c6969f44df72836dda60da1bb2469ca852,nonurban,le15,le20,eup,186,5,41,72,54,14,15.0,충청남도,아산시,배방읍,,배방읍
apartment,3bc570e01d61284f3d2a2b9041f56a1c2c4bae9690d4956e07082a838956b2f6,other_urban,le15,le20,dong,93,10,20,36,21,6,15.0,전북특별자치도,익산시,모현동1가,,모현동1가
apartment,3bc66bf85a3c7a6fba482ac152fc12c332c597e29ab5d3a6be54cc55610a3bee,nonurban,le15,le20,eup,156,10,34,64,43,5,15.0,경상북도,포항시,남구,연일읍,연일읍
apartment,3bc78eaee1e63e1a03e3a5d1c99195ffcc1055d475c6a768003dda9bf4792aed,nonurban,le15,le20,myeon,276,12,55,120,62,27,15.0,경상남도,사천시,용현면,,용현면
apartment,3bf045bad4398997e7602614a7cf456d3ea1877f29462659c324aa7274bc78de,other_urban,le15,le20,dong,176,13,35,73,44,11,15.0,강원특별자치도,원주시,태장동,,태장동
apartment,3bf87f7599d62b61196be00ffa1e9782ba07161ba6e2968072871686b9223d00,other_urban,le15,le20,dong,120,5,25,53,34,3,15.0,전남광주통합특별시,광산구,신가동,,신가동
apartment,3c0e37ffcc807b58d4582e84ff5550839dc90a9e6300c2961e331fb1d4cf12d8,metro,le15,le20,myeon,117,7,30,47,28,5,15.0,경기도,이천시,백사면,,백사면
apartment,3c0ed0b9397b177ff0f7561c3987186cf940e8b456570e06684ea88c56b17c58,other_urban,le15,le20,dong,95,5,20,36,30,4,15.0,충청북도,청주시,상당구,금천동,금천동
apartment,3c1e4a6bd71ce23b0eb093ee6c24eea9e8e503f6e061c17a759de9ff9e044486,metro,ge26,m21_30,dong,159,6,45,57,47,4,27.0,경기도,의정부시,의정부동,,의정부동
apartment,3c2058114e0180e582e7a60574dfe8cd7766167dd03e8c85f869d8620bfd3c5d,metro_city,ge26,m21_30,dong,243,5,69,134,32,3,29.0,부산광역시,남구,문현동,,문현동
apartment,3c24f6e182343393f4b50d4fe767de8ecd25958b082e80c12f468962c1e4ab5d,metro,le15,le20,eup,75,6,15,35,18,1,15.0,경기도,남양주시,화도읍,,화도읍
apartment,3c2cbdf673b657c3b037d25092f40c5835b4a107d59adc229af6e9b2039ef15b,other_urban,m16_25,le20,dong,202,8,39,101,45,9,19.0,경상남도,김해시,대청동,,대청동
apartment,3c31dd8b32517b67f3de7300c2e0cb9098220de32bbdf966fbea8f250116e41a,metro_city,m16_25,le20,dong,60,7,13,21,17,2,18.0,부산광역시,연제구,연산동,,연산동
apartment,3c41c2b8d560b52e3e633809f2d7ff89af810d1ba42abf2e9668a450e496e4bf,metro,ge26,ge31,dong,322,7,110,147,55,3,34.0,경기도,용인시,처인구,역북동,역북동
apartment,3c46d95b1796b7e23468d09fe57d6e172649df047d59da7d43f4f71d35db5c9a,metro_city,m16_25,m21_30,dong,173,8,53,67,38,7,24.0,부산광역시,해운대구,좌동,,좌동
apartment,3c5aa2db92bcedb7df8a1d50d96428998dc80498880043faae2b6d3675e6038f,other_urban,m16_25,le20,dong,60,7,14,22,16,1,17.0,전북특별자치도,전주시,덕진구,송천동2가,송천동2가
apartment,3c5cfbf86513323a81b9f229228c7f3df4e6be2f6969feab8b37423fd6c911f3,metro,m16_25,le20,dong,613,28,186,300,96,3,20.0,경기도,수원시,팔달구,매교동,매교동
apartment,3c67b4185f3a279bd96fcfa11ecc7cbedc2f8de94330bb614148bc1691b8ff89,nonurban,le15,le20,myeon,147,7,18,70,46,6,15.0,경상남도,사천시,사남면,,사남면
apartment,3c680f36ab428707ab05bc9a3b1ebe790c60aa93728fec4d6c0e86a125ebe43c,metro_city,m16_25,le20,dong,100,5,25,35,30,5,19.0,대전광역시,유성구,지족동,,지족동
apartment,3c85627ba40a4978c834cae804f81ed755602438cf9b7d3c6c62cb723b4b3201,metro,m16_25,le20,dong,128,7,24,72,19,6,18.0,인천광역시,미추홀구,학익동,,학익동
apartment,3c93d02bc7aa14b0d782ab6bc7784a314a6cbb56c45b99ff35227c8f289e8b7d,nonurban,le15,le20,eup,234,17,41,97,63,16,15.0,전북특별자치도,완주군,봉동읍,,봉동읍
apartment,3ca19afcf2152c2d897924cc0d72ae327051516c64f153f33556ce8cda9c5694,nonurban,le15,le20,eup,169,18,47,53,45,6,14.0,전북특별자치도,완주군,용진읍,,용진읍
apartment,3ca4a7c5ed1159f65f6346c0a4a6e744c333e3ee645515aebc7fc84dbb42d022,metro,le15,le20,dong,150,10,29,61,45,5,15.0,경기도,오산시,원동,,원동
apartment,3cbda44f0b41142d8660c3f576ab14c12f37ea21e9180f3c469a46883add175d,metro_city,m16_25,m21_30,eup,61,5,18,26,11,1,22.0,울산광역시,울주군,범서읍,,범서읍
apartment,3cc0830bfb439d832871f8186d845ddf0307054c09894db35b88e7bcb4d379ba,other_urban,m16_25,le20,dong,84,6,14,35,25,4,17.0,전남광주통합특별시,북구,두암동,,두암동
apartment,3cc676d48206fbfc64b51a2a5c954deb466478310a3c8f7fae557c9b246bdc79,metro,m16_25,le20,dong,131,8,33,52,32,6,20.0,경기도,의정부시,신곡동,,신곡동
apartment,3ccc9761a6dab5dbc88c450d0946e802d52586d8c0a0da8b493509e0030a9c8e,metro,le15,le20,dong,114,8,13,55,27,11,15.0,경기도,화성시,병점구,안녕동,안녕동
apartment,3cd2883fe4a8fe08269483a67e69e22d6230f573f74620ca5c2925ba2f7919bf,metro,ge26,m21_30,dong,167,8,51,72,28,8,27.0,경기도,화성시,동탄구,산척동,산척동
apartment,3cdb043daa3783575fd617cff60087c0e6ce8b58782713dbee7fcaeb0ee10d66,metro,le15,le20,dong,113,10,24,47,19,13,10.0,경기도,시흥시,정왕동,,정왕동
apartment,3cee711cc10d3d065fb1a9c9f40cd6d184b472ac563d5151ba284b6022b2d239,other_urban,m16_25,m21_30,dong,264,9,47,114,84,10,25.0,경상북도,김천시,율곡동,,율곡동
apartment,3ceff7e65592dc9c637366e4f7fe42ad536b32b5af63b930ce6776a17b4fb98a,metro,le15,le20,dong,72,15,0,34,13,10,6.0,인천광역시,검단구,왕길동,,왕길동
apartment,3cf965cb397b32cf4290c5e2877fa73bbf438e7322983a279effef8a1778f2c9,metro,le15,le20,dong,118,28,0,45,20,25,5.0,경기도,안산시,상록구,성포동,성포동
apartment,3d03e6d4c8fc4acae25a121a4b1a7757244a75ce5db96e94c231ba4cd45d3f0a,other_urban,le15,le20,dong,71,5,15,29,16,6,15.0,전남광주통합특별시,여수시,미평동,,미평동
apartment,3d0a69157319bc9dd3a99c56978d984cb0a40d2fbb14513f14afd565c90fae8b,metro_city,le15,le20,dong,102,8,29,37,23,5,15.0,대구광역시,동구,방촌동,,방촌동
apartment,3d22782137db6c0ceb429a98a156c0eeac2f706c2117c72ef73c5186bc8a9305,metro,ge26,m21_30,dong,245,8,82,97,57,1,28.0,경기도,화성시,동탄구,산척동,산척동
apartment,3d2ff6fc130581fa4999b337ad45ecf88a3866f365161a2f32e71c1825eaca6b,other_urban,le15,le20,dong,82,6,15,28,24,9,15.0,경상남도,김해시,내동,,내동
apartment,3d3039f36a97b109a5b8510966ab44d7e8c62728535dd29a05cceb236d5b123f,metro,le15,le20,dong,55,7,0,25,12,11,6.0,인천광역시,연수구,동춘동,,동춘동
apartment,3d37e1999aed4d2936070e7f5730190493581ff88aa28edf2b00ed4590c1cbe0,nonurban,m16_25,le20,eup,79,5,13,29,27,5,17.0,전북특별자치도,고창군,고창읍,,고창읍
apartment,3d44b2ef932989624be5f4e5ea2ad6a81089c3dd285fec5c3b3e3fca84b69f9c,metro_city,le15,le20,dong,113,6,26,49,26,6,10.0,울산광역시,북구,화봉동,,화봉동
apartment,3d4e9948d3b7db6f9d27784ae2c7cba72269c057574dd4064cb2765cd818384f,metro,m16_25,m21_30,dong,169,6,45,79,37,2,23.0,인천광역시,남동구,논현동,,논현동
apartment,3d66a2f62b54a143dd4a1f42004968b3bf81f8c04d3dc8b9d572519c237841ca,other_urban,m16_25,le20,dong,136,8,36,62,29,1,20.0,전남광주통합특별시,목포시,연산동,,연산동
apartment,3d67fedb35207b80ae0efd89635eaf9cb018ef5daabfa5eedfb9dbe517aa8e82,metro,le15,le20,dong,87,5,21,40,17,4,15.0,경기도,용인시,처인구,유방동,유방동
apartment,3d82ed8ac0f468f16ab2d916835ec894c8038560c9a3cedd5ca1e529e1b13a5c,nonurban,le15,le20,eup,96,5,13,45,22,11,15.0,충청북도,옥천군,옥천읍,,옥천읍
apartment,3d8840f46aeb1e2fd50987e4d60d7b3aebb8aaf68f1a055e322761d982138163,metro,m16_25,le20,dong,254,12,67,102,67,6,20.0,경기도,남양주시,호평동,,호평동
apartment,3d8b72a9a9dd558c555d5b17cc4a5f0e3170ea20e039233dc9ef69dcc54c9ede,other_urban,le15,le20,dong,556,38,129,204,142,43,15.0,충청남도,천안시,서북구,쌍용동,쌍용동
apartment,3d954e8b4b8017d7574eae192e5456e2041c77106793384fcfba8af7bfda45e4,metro,le15,le20,dong,108,8,20,38,31,11,15.0,인천광역시,남동구,만수동,,만수동
apartment,3d95f6522de25eb5c7049664ecd8f989a05f1d469a7975063b2bcf5489b91b00,nonurban,le15,le20,myeon,220,14,42,120,38,6,13.0,충청북도,청주시,서원구,남이면,남이면
apartment,3da4fc0325a0f9de2a12ec2c2a587b162daf2ff4e31ae06349d883aa3fbbf831,other_urban,m16_25,m21_30,dong,259,21,54,101,79,4,22.0,전남광주통합특별시,광산구,신창동,,신창동
apartment,3daaa2461633367e6ee634f2627e10ea45f3bd2213b8e65c073173dcf3ebc041,nonurban,le15,le20,eup,166,14,36,64,42,10,15.0,경상북도,구미시,고아읍,,고아읍
apartment,3dad51b363f6d6a7e77a3f2b62ed7d05ab263144ceb030438360b1b11afa1577,metro_city,m16_25,m21_30,dong,195,12,47,96,39,1,23.0,대전광역시,서구,가장동,,가장동
apartment,3dadb030cb784818dbbedc77f26674b941272c0475fb925cb851aa395bdad36d,other_urban,m16_25,le20,dong,126,5,24,52,37,8,18.0,강원특별자치도,춘천시,후평동,,후평동
apartment,3db51b425f1f1b6bd1d2436e60274e7eea4e404bfb3e7262d54bb470457a6922,nonurban,le15,le20,myeon,76,9,20,25,17,5,15.0,충청남도,부여군,규암면,,규암면
apartment,3dbaf14242a5d8a95fc48c6ad37bd2d1f38ce4451eecea97cce3bd94280afd1e,nonurban,le15,le20,eup,139,6,22,70,32,9,15.0,충청남도,아산시,배방읍,,배방읍
apartment,3dcfa258c8ffc9cdb23a90313fedd7766dc459e125a99f235b5c337374b3f02e,other_urban,m16_25,le20,dong,77,5,20,27,23,2,20.0,전남광주통합특별시,북구,운암동,,운암동
apartment,3ddc89522a9e62fc2f49a350c2b375f06b4bb9a22731ae2ab228c60134712a4c,other_urban,le15,le20,dong,63,8,17,24,12,2,15.0,강원특별자치도,원주시,단구동,,단구동
apartment,3de454c001f3a64224e3a605a3df3b7a7ac4b3fb03b5710ce6dde3a57eb6ec80,metro,ge26,ge31,dong,262,5,95,119,42,1,39.0,경기도,수원시,영통구,이의동,이의동
apartment,3dfddfe5d17eed0b242d6e8fd857417f1de6401fa534415d3b9aac23502437ac,metro_city,m16_25,m21_30,dong,194,5,45,84,56,4,25.0,울산광역시,중구,우정동,,우정동
apartment,3e0fba861538478626887975525466a375d5b50beb061c2116551172b5828b4a,other_urban,le15,le20,dong,244,10,40,103,74,17,15.0,전남광주통합특별시,목포시,용해동,,용해동
apartment,3e14e0c7c19e240d5eb797e911dd4e7a915bcb1b22879ce9c7e5e78c78fc395f,metro_city,m16_25,le20,eup,215,6,35,101,63,10,20.0,부산광역시,기장군,정관읍,,정관읍
apartment,3e1c72b30b2b068a62745454000a669e29fbd4dc94166bcd95a88c7f4d741ceb,nonurban,le15,le20,eup,110,6,24,49,29,2,15.0,충청남도,천안시,서북구,직산읍,직산읍
apartment,3e1d0c5acb8b621c5445a2477ac52b21d5fb68769a2156d85d7bae9c759c186e,other_urban,le15,le20,dong,182,7,45,80,43,7,15.0,충청남도,서산시,읍내동,,읍내동
apartment,3e1d9670d859a55903657b29cd7fdb5cc27d4f4b05abcb84c1672dbb683a61c8,sejong,m16_25,m21_30,eup,218,9,62,115,30,2,25.0,세종특별자치시,,조치원읍,,조치원읍
apartment,3e2137ecbe9167e1c3bf7cfb72e0ab0ed2dc2217ba719d2453dccda82c020080,other_urban,le15,le20,dong,387,27,59,150,113,38,15.0,충청북도,청주시,서원구,분평동,분평동
apartment,3e245f3f420fbfdd0919e105cfa70143b776bd72994930c94300ab294a0a9bb4,other_urban,le15,le20,dong,83,11,13,25,27,7,11.0,전남광주통합특별시,북구,두암동,,두암동
apartment,3e25ee94caf6d6780d35b3d9b873217809366568a8926504b4222846339f01b7,metro,ge26,m21_30,dong,206,5,54,116,29,2,26.0,경기도,하남시,선동,,선동
apartment,3e326abe8bce143552b71ba0fa22f2fb3f87a21c63e1f16fcc3b84807bcb6953,nonurban,le15,le20,myeon,149,17,19,61,31,21,8.0,충청남도,공주시,의당면,,의당면
apartment,3e4175a2ab5c069ad49927fe02990fcc2b78fa4ba4498115011bfd6893c34c8b,metro,m16_25,le20,dong,324,16,111,170,25,2,20.0,경기도,수원시,권선구,금곡동,금곡동
apartment,3e437fef82892c395c78a7c77bfb353ec7241d46030310a59890ade77427083d,nonurban,m16_25,m21_30,myeon,121,6,30,62,19,4,25.0,강원특별자치도,원주시,지정면,,지정면
apartment,3e4926996c074cfc619fd14ac0b0219c2277d5fecab8bc62f7b537b6d0291342,metro,ge26,m21_30,dong,285,9,72,131,65,8,29.0,인천광역시,검단구,원당동,,원당동
apartment,3e4a03d890a3439c8f3a6a95ae1494001dd00643e39650ed4046bd0f68867627,metro_city,le15,le20,dong,109,7,21,43,31,7,12.0,울산광역시,중구,성안동,,성안동
apartment,3e4b733151fb721adc599537bfb075cef4b58fc7c847ffb75c825a11583fbfbf,metro,le15,le20,dong,394,22,80,161,97,34,15.0,서울특별시,노원구,상계동,,상계동
apartment,3e594e853ce38daba8afc0a77aa1187b6ec49d283f29b5b5bb97975e339fecf9,metro_city,m16_25,le20,eup,253,15,64,108,62,4,20.0,부산광역시,기장군,정관읍,,정관읍
apartment,3e5ec826891ac809650a606e49ec3be5fecc34019f4db2b409539849ebe7207c,metro,le15,le20,dong,147,13,24,53,45,12,14.0,서울특별시,송파구,신천동,,신천동
apartment,3e722fd30578facbb87774037cabb87a984d8833014502da8af6cec459ea7ad5,metro,m16_25,m21_30,dong,274,17,81,131,42,3,24.0,경기도,화성시,동탄구,능동,능동
apartment,3e76622b373df4dddbc4ba15d0f31a070751ceea8e8f5ecec6351abdc98197cb,metro,m16_25,le20,eup,117,11,30,50,25,1,18.0,경기도,화성시,만세구,향남읍,향남읍
apartment,3e7db40c394f78c73e58389f0fa606005d78748c1b54391a06db78f6849a0700,metro,m16_25,le20,dong,184,7,54,89,33,1,20.0,경기도,오산시,수청동,,수청동
apartment,3e8fc120821e8ce2a39a445082f3b2e9a13020c308ab9215a6837fd62f633484,other_urban,le15,le20,dong,169,10,33,73,40,13,15.0,충청남도,아산시,권곡동,,권곡동
apartment,3e930c4dc98297a34c8cc95fd3db5cac37c27a2384b461061affe89e7373b483,metro,le15,le20,dong,373,22,91,135,111,14,15.0,경기도,안양시,동안구,평촌동,평촌동
apartment,3e993a2cd536bfe6265d3f7df90bc605d0bbf06ffa2ff80fdb39148d65ba7b66,metro,le15,le20,dong,82,11,17,36,13,5,15.0,인천광역시,연수구,청학동,,청학동
apartment,3ea07e7c6e00a949c0224b26a97bd4fc22cebef93ab4f9fbe501f11004edf28e,metro,m16_25,m21_30,dong,101,5,30,53,12,1,25.0,경기도,군포시,금정동,,금정동
apartment,3ea1cd5cd89ce410802af0953a02940f7d23843df70d83b2d22930183bb19b06,other_urban,m16_25,le20,dong,282,8,71,113,76,14,20.0,강원특별자치도,원주시,단구동,,단구동
apartment,3eb78b691931dfcf14ce4e5dbb6d99fbbc4aa0703aa329a2399c1e4c3e7b13ee,metro,le15,le20,dong,67,5,12,27,18,5,12.0,서울특별시,중랑구,묵동,,묵동
apartment,3ecc8da680f11480f0e9ff32b19a2c9ed1745c73192978143fdaebe73e264c01,metro_city,le15,le20,dong,140,10,20,62,37,11,15.0,부산광역시,강서구,명지동,,명지동
apartment,3ef0f4836b2f63b2deadcdf0aeaf595100cee6c25fd95ea48e9d978353b7c6f0,nonurban,le15,le20,myeon,155,9,38,56,42,10,15.0,강원특별자치도,원주시,흥업면,,흥업면
apartment,3f06ebbc47e0b03384328029815b20d36bf72d4b7ebb0ebc914d7f01319a269b,metro,m16_25,le20,dong,220,9,67,95,45,4,20.0,경기도,화성시,동탄구,영천동,영천동
apartment,3f267eda41e2f53e85db088e7ffcca162cf8496de16dd3f2f6e9d9c3e1853574,metro_city,le15,le20,dong,158,8,19,86,38,7,15.0,대구광역시,동구,신서동,,신서동
apartment,3f3e4ec0053d175fa5cfd78e2b383b1f62f886f4f72dd4fde92954129a496983,metro,ge26,m21_30,eup,270,7,75,125,59,4,29.0,경기도,안성시,공도읍,,공도읍
apartment,3f436a77e55366e1f366935426055f18c5209f1f41977db4e606a26d8c439b99,metro,m16_25,m21_30,dong,116,5,37,51,22,1,21.0,경기도,수원시,영통구,망포동,망포동
apartment,3f43beee32142708bcf788d8c564f28014daf4de35d2de6b427af604a4706952,metro,le15,le20,dong,125,6,29,57,28,5,15.0,경기도,안성시,당왕동,,당왕동
apartment,3f455280085efb86ae48e3dd06a25a7d5d926f01a474ad724a5728aee32f9c95,other_urban,le15,le20,dong,107,9,19,43,28,8,15.0,전남광주통합특별시,순천시,연향동,,연향동
apartment,3f4efa1f503e621f09dfc501770635cd810b9f3fb7aa9a9ae43207b815c1161c,other_urban,ge26,ge31,dong,115,7,31,48,25,4,34.0,강원특별자치도,춘천시,약사동,,약사동
apartment,3f6c6a8817ced0c956aa95bd7a1ad51d68c723cc93c905f80021124d2eeb192e,metro,le15,le20,dong,70,5,17,28,16,4,15.0,인천광역시,미추홀구,주안동,,주안동
apartment,3f6ea00aab4af7032e064e7609bb2af9e7863ba2b6f95a8b1f0a397fdfce8fc8,metro,le15,le20,dong,210,11,34,101,56,8,15.0,인천광역시,계양구,계산동,,계산동
apartment,3f7ee93e1b3c87def7dcf66daa9af44287350edf1304b4f46ba84308da9c8713,nonurban,le15,le20,myeon,182,7,29,78,51,17,15.0,전남광주통합특별시,여수시,소라면,,소라면
apartment,3f8c7e59ab3df28434fca5d578e56a25b159854ed8b4c6fee1c4caaa479164da,other_urban,le15,le20,dong,643,48,143,221,180,51,15.0,충청남도,아산시,배미동,,배미동
apartment,3f8dfe1997cbd13e7bd7760bcf856ce8a55930eced55db4aa65ae6160a97eb81,metro,m16_25,m21_30,dong,124,5,35,57,26,1,25.0,인천광역시,남동구,서창동,,서창동
apartment,3f987efc7ae6933dd5ced5db5c35b44fe2a5bdaf1c31a2b68914b89cb261c258,metro,le15,le20,dong,212,12,47,94,50,9,15.0,경기도,안성시,중리동,,중리동
apartment,3faaecd9371dd399995559ca01bdac3900bdbbfa9d53d961a8b645c8f4a046dd,other_urban,le15,le20,dong,112,29,0,34,29,20,5.0,경상남도,진주시,하대동,,하대동
apartment,3faec32d7d0ee72c7b3f22c3c78df329c2677eb504613f839381abe66e361a2d,metro,m16_25,le20,dong,101,7,35,44,12,3,20.0,인천광역시,연수구,송도동,,송도동
apartment,3fbb49d94ff7189e38579ec0c0f4ac987c684dd368fb5475b85a6d614bf33e8e,metro,le15,le20,dong,210,17,43,92,46,12,15.0,경기도,양주시,삼숭동,,삼숭동
apartment,3fc931b13464593360598972ced3ec6272735c4236fc5f1d564ea901a1dbbce0,other_urban,le15,le20,dong,109,23,0,45,19,22,5.0,경상북도,안동시,태화동,,태화동
apartment,3fd39f19c8a81e05b4ee08f477d062c3bbaaeadd79aaae59a4922477ee2796ba,metro_city,m16_25,m21_30,dong,145,12,36,66,29,2,25.0,부산광역시,북구,만덕동,,만덕동
apartment,3fd9c3681640e40f6be094a037e135424ca39aafb6239d62a3551cc676a205f3,metro,le15,le20,myeon,76,5,12,33,25,1,14.0,경기도,이천시,대월면,,대월면
apartment,3fe857024557f34a4bcc6172c0655fc773f6fb21c681b489261de6f20ade7ba5,other_urban,le15,le20,dong,143,10,39,57,34,3,15.0,전남광주통합특별시,순천시,조례동,,조례동
apartment,3ff04cb2b2d8db35bb090b76bca8cd27ffc85a2fd6f20605c6b34ad7d94537ac,other_urban,le15,le20,dong,81,6,22,28,21,4,14.0,전남광주통합특별시,서구,치평동,,치평동
apartment,4000309398976a1c22fa3a3bcda66097717edcdbdabcf1796ad9341331945d80,other_urban,le15,le20,dong,124,10,22,62,28,2,15.0,전북특별자치도,전주시,완산구,평화동1가,평화동1가
apartment,4000f9201f5477498b35a772b72bd2e559ccbc3d9e99b3d3b77d64391ba335d2,metro,le15,le20,dong,66,5,13,34,11,3,15.0,경기도,김포시,감정동,,감정동
apartment,40010e6eb11051f120a9cf9b7557ee8da545019f9e18d9b543ffaf1e6e1d87a1,other_urban,le15,le20,dong,164,11,45,58,48,2,15.0,강원특별자치도,강릉시,입암동,,입암동
apartment,40081f7fe2dd81c4195d43e9f19b40b85724397533dff7653b8e25ec519ab9d2,other_urban,m16_25,m21_30,dong,145,8,32,55,43,7,25.0,충청북도,청주시,상당구,용암동,용암동
apartment,4027c92082bb15152994d238defe60c3568bb9d8f505ccc8125ba8775f334c52,sejong,m16_25,le20,dong,193,8,47,78,52,8,18.0,세종특별자치시,,고운동,,고운동
apartment,402add3373fee1971192a38fbfcf7fa2d87b3486a3f0ca0efeb71e3991a03bcf,metro,m16_25,m21_30,dong,119,10,27,44,37,1,21.0,경기도,김포시,구래동,,구래동
apartment,4035c1c5b33cf6c679f75bfaa8fb117d13beb38f3273bb7014fea4a706588f2c,other_urban,m16_25,le20,dong,104,9,27,28,37,3,17.0,충청북도,충주시,안림동,,안림동
apartment,40446e10b69a4443f9755ad9ccdd19d41a1c3d4198e140f248c2e3da5855b3d8,metro,m16_25,m21_30,dong,120,6,42,52,17,3,25.0,경기도,부천시,소사구,범박동,범박동
apartment,4053e488944d571077e7a89ea0275aefdb6c8e570ff198eff460cc3500ef10f2,other_urban,m16_25,le20,dong,156,6,54,70,25,1,20.0,충청남도,당진시,대덕동,,대덕동
apartment,405f4b5609e3f9e1f6e2250585b04deb79b75d1a4d89667220f1a490acdc4eba,metro,le15,le20,dong,100,7,31,43,17,2,15.0,경기도,고양시,일산동구,백석동,백석동
apartment,40696401a27c5e8ed4dd3f08f63d1c8fb06ec9acb81936513f07cf248e8db68b,sejong,ge26,m21_30,dong,443,17,148,211,64,3,29.0,세종특별자치시,,소담동,,소담동
apartment,406ec60b7c50c17b2ac0f8fbc81aa93858840b010d54267a77d8acd09f21a232,other_urban,le15,le20,dong,535,13,101,253,155,13,15.0,충청북도,충주시,호암동,,호암동
apartment,406fae955db29f7638219e488dbab5b1db4f1996f0de6df0edc5af9cc65b33e4,metro,m16_25,m21_30,dong,238,15,70,105,46,2,25.0,서울특별시,마포구,대흥동,,대흥동
apartment,4076b09d9071c2244f5f0c1d5ad04ab94db422eb6207d5acf9ff651930cd480b,metro,m16_25,m21_30,dong,217,12,82,101,21,1,24.0,경기도,부천시,원미구,상동,상동
apartment,407e91ce183344706f8275ad7ef3c741e8e5f313f19da77819178f832dd0e791,metro,m16_25,le20,dong,104,6,29,57,11,1,18.0,서울특별시,관악구,봉천동,,봉천동
apartment,40832c383ab1420594befface25822ab986af0c232b9fbeb377d6b21189b1b74,metro,m16_25,le20,dong,199,12,68,92,23,4,20.0,경기도,부천시,원미구,중동,중동
apartment,40894b1dd01113dc9ceb81d69c7f0adcf55d6800bc276f29508bc923c3f21ae8,metro,m16_25,le20,dong,149,7,44,58,36,4,20.0,경기도,용인시,수지구,죽전동,죽전동
apartment,408f455010c6fa796457b58b1ee87d2133e99669e2efdfc91ffe3c9a17f1b8aa,metro,le15,le20,dong,71,6,10,24,20,11,12.0,경기도,안양시,동안구,비산동,비산동
apartment,4090fdfe0c64ad84b0b885e0a4bed3e4f501a120ab57cba0fb009f311f589c63,metro,le15,le20,dong,98,6,22,37,31,2,15.0,서울특별시,노원구,하계동,,하계동
apartment,40b86ccffcec4905b9fc585c8eab27ef408df5f9c883e26b944720af93137d33,metro,m16_25,le20,dong,278,8,88,119,58,5,18.0,인천광역시,계양구,병방동,,병방동
apartment,40c0fee69b7ce27f4b73f901dcd00e3123bc213a7cacee1b4b8c6e9c1ee6b733,nonurban,le15,le20,myeon,74,8,11,31,17,7,15.0,충청남도,아산시,신창면,,신창면
apartment,40c771c85cccc636b6091d1dfe5889715e7f27542cef2da792638183fc4be905,other_urban,m16_25,le20,dong,182,10,49,89,30,4,20.0,경상북도,구미시,송정동,,송정동
apartment,40c8e3fb0eb0df1cf635edbc0e4b3b113c5aa45f0766b386c824159d06ec3ed1,metro,le15,le20,dong,55,12,9,15,15,4,12.0,경기도,평택시,지산동,,지산동
apartment,40cd94e76bb82847ead14d323412298c0e37025a199c689bdf2813b2074e6477,other_urban,m16_25,m21_30,dong,213,11,47,105,48,2,23.0,전북특별자치도,전주시,덕진구,우아동3가,우아동3가
apartment,40d0da47b54a96884df9a1488268f16754ba1eaa887440eb0dcef9e650f8ab82,other_urban,le15,le20,dong,81,8,11,36,21,5,15.0,전북특별자치도,남원시,월락동,,월락동
apartment,40d7980234ab5cb2b14a9328961ea264615340f3b815ade588dfbbb7e5bdfc86,nonurban,le15,le20,myeon,142,21,0,63,29,29,6.0,충청남도,아산시,신창면,,신창면
apartment,40e9c6a9b86347fa8c8415fcfd4d4ece1b3afb49a3a6f2ebad496cbac4397663,metro,le15,le20,dong,224,16,45,88,58,17,15.0,경기도,의정부시,장암동,,장암동
apartment,40eeba411153b6495af9e4d1e51df46542b2337efc693eb535a95135f1f96604,other_urban,m16_25,m21_30,dong,143,10,45,57,27,4,25.0,경상남도,창원시,성산구,성주동,성주동
apartment,40f06396186bec39140e817e8b9302163d95ac9dfed6b8d131989c3da3023c69,metro_city,ge26,m21_30,dong,174,5,35,87,41,6,26.0,부산광역시,연제구,거제동,,거제동
apartment,40f112d57ebad42213a672462b27c403cb97f47000503f08d3a356967cc74c89,metro_city,m16_25,m21_30,dong,589,15,142,227,179,26,25.0,부산광역시,북구,화명동,,화명동
apartment,40ffa6ffa9165974d67065898d010b95ae7c1429fdcdba4463c9114b0d0f4cf3,metro,le15,le20,dong,279,19,64,119,68,9,15.0,경기도,군포시,금정동,,금정동
apartment,410186c3758fb648587ddc6447d2410f359be3bd2ac2eecf44b6d544efba3a46,metro_city,ge26,m21_30,eup,106,6,20,46,33,1,26.0,부산광역시,기장군,일광읍,,일광읍
apartment,411b3b17253eecc321e1e0cef849cc67007b99fa6f03f57c5a5e9985f71e99bb,metro,m16_25,le20,dong,75,5,18,37,14,1,19.0,경기도,의왕시,오전동,,오전동
apartment,4123421f621cba9829a583b8d1b4060dfe1356d9fb0fe95d72af6a579dfddb9f,nonurban,le15,le20,myeon,166,11,20,72,54,9,12.0,강원특별자치도,원주시,흥업면,,흥업면
apartment,412f0c884fc444982ea327b97e016b4909792efcd7eb1483e9840f4044032bb9,metro,m16_25,m21_30,dong,500,30,163,250,53,4,25.0,경기도,화성시,동탄구,영천동,영천동
apartment,41313fdc96ddc7bb52bc0c5a89c62edda17281e1e863a833d280a5f632addf9c,other_urban,ge26,m21_30,dong,212,12,100,77,21,2,28.0,충청남도,당진시,수청동,,수청동
apartment,41409f3649f8bdb8bc3283b78015ef08cc472e551c9dedc1d7136a327a094dad,other_urban,m16_25,le20,dong,86,6,18,38,19,5,20.0,전남광주통합특별시,북구,운암동,,운암동
apartment,4141ba06dce0f9e3449fe2e755a0123b025ea214b014a3b9f274ae80061da565,metro_city,le15,le20,dong,82,7,16,31,20,8,14.0,대전광역시,유성구,대정동,,대정동
apartment,414242fb83d832d77456d06eb25429a3d25a36aaa45ede64f5c076156d2b57f0,metro,ge26,m21_30,dong,261,6,61,110,79,5,27.0,경기도,시흥시,배곧동,,배곧동
apartment,414fa687202d7f8b004af5179d7c7550f8156e4187c7904c8bebfe72c64a771b,metro_city,le15,le20,dong,125,13,21,51,29,11,15.0,울산광역시,남구,달동,,달동
apartment,415052504414dda62d6fa1843269ebaafdd77c72f15151f28083dcc28623e7f9,metro,le15,le20,dong,96,8,26,38,22,2,13.0,경기도,용인시,기흥구,신갈동,신갈동
apartment,415a44dbefdb2f9c8029824e2b5106051d22bf12bb66d00b4304ec4ccabbab34,nonurban,le15,le20,eup,78,6,17,21,27,7,15.0,경상북도,포항시,남구,연일읍,연일읍
apartment,4163d38677f4d97f4878456497565a1a4c6c670c345be79eaf3cf138e79e2168,metro,le15,le20,dong,134,5,31,69,27,2,15.0,경기도,고양시,덕양구,행신동,행신동
apartment,416d3ec71998a94d398a3f8bb35f92b4c70ca8e552f3bb17dba447c24ea4cc4b,metro,m16_25,m21_30,dong,139,7,41,50,38,3,21.0,서울특별시,도봉구,창동,,창동
apartment,417694c2105be8b25b3acc29984edc0c62123872671861b1f3e643a38ca78d78,other_urban,m16_25,m21_30,dong,136,7,53,55,19,2,25.0,전북특별자치도,전주시,완산구,효자동1가,효자동1가
apartment,4190651e67298c655ed58eaadefe9f2a6f0d1a16202c11ccf94b09a867825e00,metro_city,m16_25,le20,dong,104,6,34,37,24,3,20.0,울산광역시,남구,옥동,,옥동
apartment,41921c55305d2acca35a7b78391e15d1db11458fd31813f7ae4b82346478c30c,other_urban,le15,le20,dong,87,7,17,40,22,1,13.0,충청북도,청주시,청원구,내덕동,내덕동
apartment,41ab01dc604ca99e0685ffcb8d255a51e57fe10429bfa80d4b08511c1bae1223,metro,m16_25,le20,dong,204,7,59,90,42,6,20.0,경기도,파주시,동패동,,동패동
apartment,41aeb3324ad93442226f767b13b3756bc1519d94e8bbcb4cdd0af34e12349249,metro,m16_25,le20,dong,79,9,15,37,16,2,16.0,경기도,의왕시,학의동,,학의동
apartment,41bd20716d093447a8c79a2039d6291d770c4cfa020ce35ae000fb71ae48b121,metro,m16_25,le20,dong,162,6,46,69,37,4,20.0,경기도,용인시,기흥구,상갈동,상갈동
apartment,41c438e9a590d2bebb8820c0321593585f322fab5a5fc3e906e487f6cb6b2ebc,metro,m16_25,le20,myeon,529,27,126,222,126,28,20.0,경기도,안성시,대덕면,,대덕면
apartment,41d37e66772dfe0800f3dbe6c8ebd777ab70012d58495a864e5e0e1d7e9b7b8c,nonurban,le15,le20,eup,100,11,23,47,18,1,15.0,충청북도,충주시,주덕읍,,주덕읍
apartment,41d3b2ad09d52a246eb676d0992432b69094ae5dba0e31104127300626846c3b,other_urban,m16_25,le20,dong,284,11,72,133,60,8,20.0,전북특별자치도,군산시,수송동,,수송동
apartment,41d4cdc16076f14fcedf0f98f5586e2431a8d2d03ed0a0d860085cef9b9bf66e,other_urban,le15,le20,dong,236,5,45,98,68,20,15.0,전남광주통합특별시,광양시,중동,,중동
apartment,41d72852faba1e3f26c040674b0bbbbde6b5fff02945eff05eaf873478fd1c14,other_urban,le15,le20,dong,444,18,87,189,125,25,15.0,경상남도,창원시,성산구,남양동,남양동
apartment,41df76065c7a70040a569c7500ecf378048f9e32b57aef6ee20fece2510cd4d1,other_urban,m16_25,le20,dong,214,10,63,80,52,9,20.0,전남광주통합특별시,광산구,하남동,,하남동
apartment,41e0109b6cce7429db44da34b9e8c9f9ec94d942bd4f0562853f40236e65f126,nonurban,le15,le20,eup,151,7,31,72,31,10,15.0,경상남도,창원시,마산회원구,내서읍,내서읍
apartment,41e718e5341be3a964b7242ab2c4b72bf05839f9beea6ef6fc7578738dc85ad1,metro,ge26,ge31,dong,364,16,121,166,55,6,35.0,경기도,수원시,영통구,이의동,이의동
apartment,41ee8b272c24ecf2221047f73d33b6916f7c041e0fab83b8fbc49480cc4e1c3c,other_urban,le15,le20,dong,78,10,0,38,17,13,6.0,충청남도,천안시,서북구,성정동,성정동
apartment,41f06c499ceb3a61cdecff8620eaad0c5ace39c19b505ba28cdbf06159c5ee0f,nonurban,le15,le20,myeon,72,5,11,22,22,12,8.0,충청남도,공주시,의당면,,의당면
apartment,41f88c3b86eae9023b2e3e522b5bccf79fb30d89c17a4f56f77fb2c01b9b337d,other_urban,le15,le20,dong,51,5,16,16,11,3,14.0,충청북도,충주시,목행동,,목행동
apartment,41fdf3df8aee2eb836f9de5211b8492795c46cb1535a27985eab5a8fd09507c1,other_urban,le15,le20,dong,78,5,18,16,26,13,15.0,충청북도,충주시,연수동,,연수동
apartment,420638cc19f0b61f733ad2b09c11ca1dad8bf9e43ea9654d943ee9ce83be2661,metro,le15,le20,dong,120,8,16,53,36,7,15.0,경기도,동두천시,상패동,,상패동
apartment,420ad43ad36a113883bdfb144579d78f336750c130055acfe718bd8c1199e617,metro,m16_25,le20,dong,84,6,22,41,14,1,19.0,경기도,고양시,일산동구,장항동,장항동
apartment,420c302399e6ccf93076038d855becc0a128a1537ee31c1e4b52cda4f6d56122,metro,m16_25,le20,dong,322,16,62,143,88,13,16.0,경기도,김포시,풍무동,,풍무동
apartment,420eec6204ec07cf6f5d7f9d5b985c390dd7234427dc096dd2ac4bf3b3eb4144,nonurban,le15,le20,eup,237,15,50,101,60,11,15.0,충청남도,당진시,송악읍,,송악읍
apartment,421a9c349bdbe14863fcd12bacf28dd82af3c34945f4ae268074c9ea89d63727,metro,ge26,m21_30,dong,661,17,167,301,163,13,29.0,경기도,오산시,외삼미동,,외삼미동
apartment,421dd15181ed183df698b5479d77bfdd0bfe06a1812baf6c619d29fcea75c8fe,other_urban,le15,le20,dong,78,9,0,25,24,20,5.0,충청북도,청주시,흥덕구,복대동,복대동
apartment,421ecf8e46becee335506ca4a842e79feecc3503b9dc91e8156ce40512779af8,metro,m16_25,le20,dong,120,7,55,39,18,1,20.0,서울특별시,종로구,평동,,평동
apartment,421f86898a0fe57f54b612a3bf3bb243616262b84d4d1de6ff7a7a7ad902355d,metro,m16_25,m21_30,dong,162,8,48,69,34,3,25.0,경기도,하남시,덕풍동,,덕풍동
apartment,421fd7d406b54c0fddb662a244d6e70afbaec0206b63dc2fda91b2f8d708d4c4,other_urban,m16_25,le20,dong,173,5,26,86,51,5,19.0,전북특별자치도,군산시,소룡동,,소룡동
apartment,42252dfcd0404dece3b23387844dd9e2aa72ab1218152ddea65c48ef09490ca3,metro,m16_25,le20,dong,76,7,16,34,16,3,19.0,서울특별시,양천구,신정동,,신정동
apartment,42258502f92a2b251206899e82d1aa9203e737253352bd9359cc06a2b73afbe3,metro,m16_25,le20,dong,110,8,19,42,39,2,18.0,경기도,평택시,용이동,,용이동
apartment,42285405ac5666ab56aa657bdcfe09f4b3b5b868674987c7019debb31fe7cc6a,metro,m16_25,m21_30,dong,168,13,50,53,47,5,24.0,서울특별시,관악구,신림동,,신림동
apartment,42361199833e7147fc63811ec1a6377a1bb9f4336d157639e4e93488f76cfd7c,other_urban,le15,le20,dong,126,6,27,53,36,4,15.0,전남광주통합특별시,북구,용봉동,,용봉동
apartment,424485dc3e2b89ea0e6fb31309878174f9d77b70aee5db8a0a5d38313205f8c1,nonurban,le15,le20,eup,75,10,0,39,25,1,6.0,강원특별자치도,정선군,사북읍,,사북읍
apartment,4258d13e6cf9ee76e0f700613313ae84d8f9619f9628f45f3a2c57600e16904a,metro,m16_25,le20,dong,126,5,38,39,41,3,20.0,서울특별시,영등포구,당산동2가,,당산동2가
apartment,42605d888f8bd9a6c693e09acd866097201bff3bd80210b9152845377b26468b,other_urban,m16_25,le20,dong,175,7,49,78,37,4,20.0,강원특별자치도,동해시,이도동,,이도동
apartment,426e4bf5184ad1b0e407c8b7b39061c756bbbe600f4645b055b937b5c9c3b11c,other_urban,le15,le20,dong,60,7,11,18,19,5,14.0,경상북도,경산시,사정동,,사정동
apartment,427cbbd451ca4f28afea1f7e05102b16edd425cb208f203c1f5747f2ac9e860f,other_urban,le15,le20,dong,56,5,12,28,8,3,15.0,충청북도,청주시,흥덕구,가경동,가경동
apartment,428f2a28ec8883e6e39ed56beb1695209b0255ce19c6855a21efa98e1f201ff4,metro_city,le15,le20,dong,70,7,14,33,13,3,12.0,대구광역시,북구,관음동,,관음동
apartment,429b1f463804825112665aa527b8625b55eb8047fa23fca2dd9cfbd960c420d2,metro_city,m16_25,le20,dong,229,12,54,81,77,5,17.0,대구광역시,북구,동천동,,동천동
apartment,42aa0e9325583eb1beae30ce2cecf873e12383c472a70a11b0420afedd48c04f,other_urban,le15,le20,dong,110,6,26,52,21,5,15.0,충청북도,청주시,상당구,용담동,용담동
apartment,42c91afc3e4f719e90abe0429b4c181343882a4a6afb7c9e5eee32a163e05010,nonurban,ge26,m21_30,myeon,143,6,30,55,49,3,27.0,경상남도,통영시,광도면,,광도면
apartment,42e5b3b2aedb8893de9917f57d82775d5b1fb3f2155389c5c00b0eb04a117d89,metro_city,m16_25,le20,eup,236,7,70,96,50,13,20.0,대구광역시,달성군,다사읍,,다사읍
apartment,42f5ecb2ef1da1b467837fad856502cd6894c489d183431867f294c12117b8d0,metro_city,le15,le20,dong,113,9,23,43,29,9,15.0,대전광역시,중구,태평동,,태평동
apartment,4300293f30cd865f3e12e6c09318feebeb0c11428d5d320fa0cd10f357d58dc8,metro,m16_25,m21_30,dong,415,18,132,188,71,6,25.0,경기도,화성시,동탄구,목동,목동
apartment,4323f3a898299c1753b00c5a618dce17b3a3bac21e25e606403c42089ff5db48,nonurban,le15,le20,myeon,63,8,0,30,11,14,5.0,전남광주통합특별시,고흥군,도화면,,도화면
apartment,4333d500557d3250fe05675d976c60dbc7a9b4d36d7f9e6c711c9589b483f693,metro,m16_25,le20,dong,440,22,132,191,94,1,20.0,경기도,시흥시,장곡동,,장곡동
apartment,43366a9d7e744a257256834387b8822975a79f356f0728c8457399e7a5143c71,other_urban,le15,le20,dong,65,12,0,24,17,12,5.0,전북특별자치도,전주시,덕진구,송천동1가,송천동1가
apartment,433e91799e8ee281c409d54e5eda7e1980f4b9d290267db744debbc790808fd1,metro,m16_25,le20,dong,107,5,35,52,12,3,20.0,서울특별시,노원구,상계동,,상계동
apartment,435198c9d350ae5dfad43bd16d093834f294312d52a23c1e98e60dab39e40258,metro_city,le15,le20,dong,54,12,0,21,8,13,5.0,부산광역시,해운대구,재송동,,재송동
apartment,437f62901276f1b5ed8372714f4f975d1cf6f6d800e273c4c50fd620c5ff97d5,other_urban,m16_25,m21_30,dong,203,16,64,86,34,3,22.0,강원특별자치도,원주시,명륜동,,명륜동
apartment,438c06bdeda51322baa2e58b8da17b3d336e783501c9c3e33bc8ee2e024342f4,other_urban,m16_25,le20,dong,117,8,18,55,30,6,18.0,전북특별자치도,남원시,노암동,,노암동
apartment,439338d6cb9d11ec0b49db1dbd8ccafc114a17a100786e898f560fe3e9456ead,other_urban,le15,le20,dong,76,9,16,27,18,6,7.0,경상남도,창원시,진해구,석동,석동
apartment,439623815d595274eaa21bc6c86b1df5211e904155f4e0820da6880174d79c00,metro,m16_25,m21_30,dong,297,14,76,145,56,6,21.0,경기도,성남시,분당구,야탑동,야탑동
apartment,439bed74eb430da5778e22bf99551f14d2c072b5d4089e0730ee0bd04765c950,other_urban,m16_25,le20,dong,380,14,88,141,119,18,17.0,경상북도,구미시,임은동,,임은동
apartment,43a7b3863ff4cd2a734d55b3461d4263643aeab4b5db25234d6bd4f6cc019cc2,metro_city,m16_25,m21_30,dong,128,5,30,79,13,1,23.0,대구광역시,동구,신암동,,신암동
apartment,43ad93db4128ce3ec1ae77c2733767e362a0cd4710654656a1523d0fea6acef4,metro,m16_25,le20,eup,96,6,20,42,27,1,17.0,경기도,남양주시,오남읍,,오남읍
apartment,43ae29ed861fd136c50c4b2d2ac5ca91cf4f7055580abf72ee0c97d5d4fe8aaf,other_urban,m16_25,le20,dong,330,14,85,125,97,9,20.0,경상남도,창원시,성산구,대방동,대방동
apartment,43b16e816fa457bfa00ecf837655098ef6105862215a76d9812386373f89cb6f,other_urban,le15,le20,dong,108,7,27,35,28,11,15.0,전남광주통합특별시,서구,치평동,,치평동
apartment,43b3b2dd0a4eb1ed41cda8979aa17781341816c34af8ee2275b8fee4c6470c48,nonurban,m16_25,le20,myeon,260,6,99,109,40,6,20.0,경상남도,거제시,거제면,,거제면
apartment,43ca7578aeeeb67dab47b6d6fd7881f19d353d016db9b2e5617def69150c4138,metro,le15,le20,dong,142,8,45,56,27,6,14.0,경기도,성남시,수정구,고등동,고등동
apartment,43cd31556fae20bcd008f9f606fd8bb7e9589d0f84255be1f9f69257b7bd2a3a,metro,m16_25,m21_30,dong,85,5,21,41,16,2,23.0,경기도,오산시,원동,,원동
apartment,43ce6b37897af606e89001071fcf536cfaefe4288c5efdb7f87fc96ec81d28d8,nonurban,le15,le20,eup,54,7,0,31,10,6,6.0,경상남도,양산시,물금읍,,물금읍
apartment,43d726f13e75497f746b3c2e7144c87a67985d16899a9df8481218abcd4f3df5,other_urban,m16_25,le20,dong,236,14,53,101,53,15,18.0,경상북도,안동시,용상동,,용상동
apartment,43daf5ec220a04dd9d4215f390813dcbbf9347c094140de73bc31f06d4c253ad,metro,m16_25,le20,dong,122,9,38,57,15,3,20.0,인천광역시,남동구,서창동,,서창동
apartment,43dd29625fe011f047dfd5db7395af5f4e996593da1144f68abcacfcd3f24b8b,metro,m16_25,m21_30,dong,250,10,72,99,66,3,22.0,경기도,수원시,장안구,정자동,정자동
apartment,43e764b89a4f6b847e811d4e55dca643de5a09552b71901b3b04b6fa2cb6719b,metro_city,ge26,m21_30,dong,190,8,44,78,57,3,29.0,부산광역시,동래구,온천동,,온천동
apartment,43efdb7f47f12f4c9dadc2ff0001dee803dd09b514149d259e1ba132c15372f8,metro,le15,le20,dong,168,13,28,71,50,6,15.0,경기도,고양시,일산서구,탄현동,탄현동
apartment,43fc8a3c2c695d07253fde386d0a8a41e1cfab13aea06f94c82a5c15f7b48d9b,metro,m16_25,le20,dong,154,6,52,68,26,2,20.0,경기도,의정부시,금오동,,금오동
apartment,440d1423d5d4b7afb146793746415b74014990326c5ace1aeb1507fa51245ef3,other_urban,le15,le20,dong,66,8,13,24,16,5,15.0,전남광주통합특별시,목포시,용해동,,용해동
apartment,443e44436f18c1d5076a82fd59bab1d2b1d3513a0e954a0d4b3774646cf47c92,metro_city,le15,le20,dong,54,18,0,18,11,7,5.0,울산광역시,동구,전하동,,전하동
apartment,447d7ff24012ecdad0b54c8e6bee77b3b93ddb9d94017de0d4b0270ba4906e56,metro,le15,le20,dong,207,15,54,78,51,9,14.0,경기도,수원시,권선구,권선동,권선동
apartment,447e1246ed1b8e690242ff7ce7b6e2e2a31f563efd7da0e806cb7c0638e3b7ef,other_urban,le15,le20,dong,63,6,10,26,19,2,14.0,경상북도,김천시,삼락동,,삼락동
apartment,4481269b31db80a5d7781702f130df6fbb62f066e2c6bdc63ea693336a4051a8,metro,m16_25,m21_30,dong,299,12,77,116,89,5,24.0,경기도,의왕시,오전동,,오전동
apartment,448c3ffd924146fe9fe3be4096fb485a19ed320bbe83d42e4ce4b949983b1e54,metro,le15,le20,dong,362,18,69,153,94,28,15.0,인천광역시,계양구,병방동,,병방동
apartment,449406694177f1968118ad263ed3d646607667febcb4723a65cb5cc4baf1528a,metro,le15,le20,dong,189,9,37,85,46,12,15.0,서울특별시,은평구,불광동,,불광동
apartment,44a2cedb2ca36a4334efd80f2c7506c5b2beedb5343a7ccca7897257ab29a50d,metro,ge26,m21_30,dong,295,15,86,110,83,1,27.0,인천광역시,검단구,원당동,,원당동
apartment,44bdda15e7db34cda7485522f972fbe4d21135ada61efb61c4dd55c665e08146,metro,le15,le20,dong,58,5,6,27,15,5,12.0,서울특별시,관악구,신림동,,신림동
apartment,44d11d7049b34d3ad9fb6fc000fd4201866f485b497b4ba3f4d62bf787858ac8,metro,le15,le20,dong,178,11,37,69,53,8,15.0,경기도,화성시,동탄구,영천동,영천동
apartment,44e691da5bee980cf326b612af941d4345a9a0798dc42d600d85c5159b7ca4d8,metro,m16_25,le20,dong,65,6,17,26,15,1,18.0,서울특별시,성동구,성수동1가,,성수동1가
apartment,44ed2bbfc97e4ffae9796e555252f689ab9ac3976616a2a213f88f88604019be,other_urban,le15,le20,dong,77,7,20,23,24,3,15.0,전남광주통합특별시,북구,각화동,,각화동
apartment,44f31288aa208347591602a73ed06a2d1534208b792a441e4ff0e9e2ed6c64b5,metro,m16_25,le20,dong,105,5,25,42,28,5,20.0,인천광역시,검단구,불로동,,불로동
apartment,4508ec45bad48b09a199942cb424b6248577d68b66f4f38b52f9dfe5acc3c689,other_urban,le15,le20,dong,79,6,20,31,19,3,15.0,경상북도,경산시,옥곡동,,옥곡동
apartment,450cc49d098cd9b32ca96ddab05dbd7e326c90faa766c2cf2e1d6e43b58ae3cb,nonurban,ge26,m21_30,eup,281,9,96,133,42,1,27.0,경상북도,구미시,고아읍,,고아읍
apartment,450cea594fc26d32f5bc67749e8345daf86bdc364583a2e9b6001c9c40069fd4,metro,m16_25,le20,dong,152,11,32,64,33,12,20.0,경기도,수원시,영통구,매탄동,매탄동
apartment,4516c11dcfc4f152db7669c8549fd7ab1eec80417df70c60eeb1b24e6f60b881,nonurban,le15,le20,myeon,106,6,13,51,29,7,13.0,충청북도,진천군,광혜원면,,광혜원면
apartment,4524ae6fcd2e9423df2cfbd9c2e227d44a9ee8a8a2603fd2ac5fab00868b7dbe,metro,le15,le20,dong,68,8,14,29,16,1,15.0,경기도,광주시,고산동,,고산동
apartment,4526bf47c52ac1c97098b4b7fe12f327c08c5aedfc8aa94c54cf650d793f1cb5,metro,le15,le20,dong,51,6,9,13,19,4,15.0,서울특별시,노원구,월계동,,월계동
apartment,4529f71d797b9a2d981c79b92c4f3c8f2341f65280361398c4bab1f13dd1bf2f,metro,m16_25,le20,dong,91,7,18,39,23,4,20.0,경기도,수원시,영통구,영통동,영통동
apartment,4534ac5f24455b232cdeec2d1f4191f7caff1741125fb9212cac064f9ec67c1b,other_urban,le15,le20,dong,230,14,42,100,53,21,15.0,전남광주통합특별시,목포시,상동,,상동
apartment,4535cd3b74c6a274e1c53cef75af8e38adddbc22b4fe7e26f2c3c4a4a20832a9,other_urban,m16_25,m21_30,dong,288,8,78,118,73,11,25.0,전북특별자치도,전주시,완산구,효자동2가,효자동2가
apartment,4539c7e13948b038b2ad06fbe7c948d9e1f57043c0c3c6359a0bd6b2c19e2d8b,nonurban,le15,le20,eup,90,5,23,31,27,4,15.0,전남광주통합특별시,화순군,화순읍,,화순읍
apartment,453de44663ab665ae38a339b409a900ba6ea3a36251e658cad0f7fc997548d62,metro,m16_25,le20,dong,68,5,10,27,21,5,16.0,경기도,용인시,수지구,풍덕천동,풍덕천동
apartment,454d9849ca15a57ea1fc619fdc46cb69b3043ef9d64ee8c273c2b53b28f2b86c,metro_city,le15,le20,eup,285,24,38,118,83,22,15.0,울산광역시,울주군,청량읍,,청량읍
apartment,455e03c0eb853e9d57c1f8437060d514f691cebdd59126864825ee57a6e21b87,other_urban,m16_25,le20,dong,350,19,96,154,69,12,20.0,강원특별자치도,원주시,반곡동,,반곡동
apartment,456a9c43902c3fd4b83714544d8ca90c475be751a45a7689e98b50db2437621b,metro,le15,le20,dong,661,35,136,279,186,25,15.0,경기도,수원시,팔달구,매교동,매교동
apartment,456d6304d9892bbd5e742f98fbd725a17753aca180144269572d625399626878,other_urban,le15,le20,dong,469,33,92,169,129,46,15.0,충청남도,천안시,서북구,쌍용동,쌍용동
apartment,45743cf4d5e4fdfd6db15c255f291bcdeedcaecbf9b9e100e32ee2adaea9bab4,other_urban,m16_25,m21_30,dong,303,5,88,121,85,4,24.0,전남광주통합특별시,북구,본촌동,,본촌동
apartment,4595052c8dffb6fde2c1586cb5399334e1baa886af1ff2f75d3ea190f63b8bdd,other_urban,le15,le20,dong,525,31,108,222,142,22,15.0,충청남도,아산시,득산동,,득산동
apartment,4597d120d3bc8e77de080a89c2b4bc4f195a602a01cd6dd17b079ba7de6a05bd,metro_city,le15,le20,dong,141,12,26,51,41,11,15.0,부산광역시,사상구,모라동,,모라동
apartment,45ae4be8e01cbb5b4dc8419ed464283af941f45616b2eae4c071a8db00cf23b2,other_urban,m16_25,m21_30,dong,127,6,32,61,27,1,21.0,경상남도,창원시,마산회원구,합성동,합성동
apartment,45b12f6335848d0f9c0faa4060cf942397099e634c0a55dd5da920a500068a17,nonurban,le15,le20,eup,54,6,11,18,11,8,12.0,경상남도,사천시,사천읍,,사천읍
apartment,45b7b1c33093479263dc62a4f9426a9a4413d0455a978bd698012937da66823c,nonurban,le15,le20,myeon,74,14,0,38,15,7,5.0,충청남도,당진시,송산면,,송산면
apartment,45bb97ec59b8c37136e359f5553190c7b2d2cc6d17a14394c18f1498c0646623,other_urban,le15,le20,dong,128,7,27,54,30,10,15.0,경상북도,경산시,백천동,,백천동
apartment,45c4c3edd9901478006bde9dd2ca5bf913555cd3b2e3cc208bd76edafd035528,nonurban,le15,le20,myeon,85,13,14,36,18,4,15.0,강원특별자치도,양양군,손양면,,손양면
apartment,45df7639b9d4632146d5dc92b0a5ddff37c80c57d5323b957a0fe0596037cddc,other_urban,le15,le20,dong,91,7,18,24,25,17,15.0,경상북도,경주시,용강동,,용강동
apartment,45e08de4190265114ba62d8203cda7312ef43c6072a2676fda0e2f1b5f68b482,metro_city,m16_25,le20,dong,73,5,18,27,21,2,20.0,대구광역시,달서구,본리동,,본리동
apartment,45eb98ac3fcd1cc75ddfd2f70d44d58f208fa7fcbbd124abe9cb0dc3f388dc6d,other_urban,le15,le20,dong,141,7,35,58,27,14,15.0,경상남도,김해시,삼방동,,삼방동
apartment,45ece930ad67b852273661e32e690e62f8c92be0ed2dfe066845cb4138500ac4,other_urban,m16_25,m21_30,dong,180,9,48,87,33,3,25.0,경상남도,김해시,삼계동,,삼계동
apartment,45f5ba8ee91e5175dfe94a117d9fa52a6d8ddd720545be1c6184dc7c57efc7c4,metro_city,m16_25,m21_30,dong,356,7,75,168,104,2,22.0,대구광역시,동구,봉무동,,봉무동
apartment,45fb73310b07f7ebc303cfce449258ac77385a778d3037d1aac41515a53b73f7,metro,m16_25,m21_30,eup,94,9,26,35,22,2,22.0,경기도,포천시,소흘읍,,소흘읍
apartment,46217fa0c67d720d4464eb460291a3529f6537bb057c2dd8844183201bc3f6b3,metro,le15,le20,dong,98,5,15,40,33,5,15.0,인천광역시,남동구,구월동,,구월동
apartment,4621e19e38e4cb0e0146e4c3de96df74a7fb9f80e4b350ddd91a520d62bcab8a,other_urban,ge26,m21_30,dong,351,7,108,176,55,5,29.0,충청북도,청주시,흥덕구,문암동,문암동
apartment,4630d513ac8abf31124de748269ddfba51050886ec451bb1362dc4595f350e88,metro,m16_25,le20,dong,117,6,30,43,31,7,18.0,경기도,의정부시,신곡동,,신곡동
apartment,4634c25ab197c6309b3f037757b8fb8aebab1f3c2756eedc87ba5fc2c64926ab,other_urban,m16_25,m21_30,dong,70,6,16,29,18,1,21.0,전남광주통합특별시,남구,봉선동,,봉선동
apartment,4639a3edf5180b69016d9a4b37480d8b3c413c064536e26b0a1d1eb45179f649,metro,m16_25,le20,dong,142,7,28,68,37,2,20.0,경기도,고양시,일산서구,가좌동,가좌동
apartment,4644c5f33c2bad1e1c3a42fd007dd4ebe77c6af2d064e1cf6ffa9926536284aa,other_urban,le15,le20,dong,144,15,26,60,35,8,15.0,전남광주통합특별시,목포시,용해동,,용해동
apartment,4649e3c556bb920932c21a58522f86063a05c6e0832a7329a6ba7e412cb504e1,metro_city,le15,le20,dong,317,24,55,135,83,20,15.0,대전광역시,동구,판암동,,판암동
apartment,46539936f69a5fbf27d0e9e74e7bbc58f053489945319599a35c07c57a6de901,metro,m16_25,le20,dong,178,16,51,82,27,2,20.0,경기도,수원시,장안구,정자동,정자동
apartment,465f0e58adbd46f9181b4f8ad28e6524540054f2b3eb2caf01a2ca34118aa06f,other_urban,le15,le20,dong,178,36,0,69,38,35,5.0,충청북도,제천시,청전동,,청전동
apartment,4664c3d6f159da97481983b705ab6c7f03af19afadfaf0b9cc966357502d7428,other_urban,m16_25,m21_30,dong,461,20,124,240,71,6,25.0,전남광주통합특별시,광산구,운남동,,운남동
apartment,46803ed4711c81e5a1f3296ea1a0f9e1e951f7126241c76b6f8b13be709cf2f2,metro,ge26,m21_30,dong,311,9,82,147,69,4,30.0,서울특별시,송파구,잠실동,,잠실동
apartment,468a725682253caec06b1bc9a93af6a06da93f47e5d75779cb2f303abefbadf7,metro,le15,le20,dong,52,6,10,20,12,4,15.0,서울특별시,노원구,상계동,,상계동
apartment,469610aa43eee29a2b2eb29b9657e0d3e544bfee5f459af13f80d596d5c2f79b,other_urban,m16_25,le20,dong,61,7,9,30,14,1,19.0,경상남도,진주시,하대동,,하대동
apartment,46a1d3b1452a812905f9f949c7ed1d34f7eb4d73cae5df0a8001872e3582c87a,metro,m16_25,m21_30,eup,157,5,39,83,27,3,22.0,경기도,남양주시,퇴계원읍,,퇴계원읍
apartment,46ad13563a5dd80a3a44f881fdc2221f94a92841edbf29ab529a3f747039fd8c,other_urban,m16_25,le20,dong,103,5,32,51,11,4,20.0,전남광주통합특별시,서구,동천동,,동천동
apartment,46b6744a4b05e933739bcfb93c3bb0f9353381c9141fc4edaf61f4881efc61d1,metro,le15,le20,dong,82,8,10,40,21,3,15.0,서울특별시,강북구,미아동,,미아동
apartment,46c51a9c81e905958d94d61e1084c7f330e2325a928d175d920663a156b1c106,metro,m16_25,m21_30,dong,188,8,49,80,47,4,25.0,인천광역시,검단구,당하동,,당하동
apartment,46cb8b471b6bd7309195ba18a5ec9399c086555e8a612263052c93bdc954125c,nonurban,le15,le20,eup,105,13,23,37,25,7,15.0,충청남도,당진시,송악읍,,송악읍
apartment,46db5a840adf43b311ec19ffa2df4d2e86a45c0f1ae82571a68c8d216b8b1614,metro_city,le15,le20,dong,139,16,22,54,42,5,15.0,부산광역시,부산진구,당감동,,당감동
apartment,46dd1b2717cc16c4247e709b25ca6420095dd902c0f6f234a279ec46fb16b23f,sejong,m16_25,m21_30,dong,161,11,39,66,40,5,25.0,세종특별자치시,,고운동,,고운동
apartment,46e3109f349354f34165ce9c984a575644c4765e52efbc63249d6d38c9541a5f,other_urban,le15,le20,dong,108,5,25,44,26,8,15.0,충청북도,청주시,흥덕구,복대동,복대동
apartment,46eb0afe6e0fe326dd46fd863d6abc07c2b0cbe5d71b80515d585c4c986c908f,other_urban,m16_25,le20,dong,143,6,34,60,36,7,20.0,전남광주통합특별시,광산구,산정동,,산정동
apartment,46f906bb908d6d932c366715a31439186e80ea21643c7498d4a2cc44098312fe,other_urban,le15,le20,dong,114,10,33,36,33,2,15.0,충청남도,보령시,죽정동,,죽정동
apartment,470f5fa143bf381059a5db967da03c798036e277cdfa22c972b44896d9753bb4,metro,m16_25,le20,dong,104,7,23,53,18,3,20.0,경기도,김포시,장기동,,장기동
apartment,4715263273d4624bf4935336d447c78ff68321f0632c5eb82b6d60d167329d36,metro_city,le15,le20,dong,71,5,14,25,26,1,15.0,부산광역시,사상구,덕포동,,덕포동
apartment,47199eb0ac2e74f4b69cea424e013a22ebb80b9ee6febfb64df4a5a033339356,metro,m16_25,le20,dong,64,5,14,30,13,2,20.0,경기도,고양시,일산동구,풍동,풍동
apartment,471b2513eeb6ad3b6f29d8506d09c4e3b6dc31032c69c068af46765c89953de6,metro,le15,le20,dong,184,11,43,73,53,4,15.0,경기도,용인시,수지구,풍덕천동,풍덕천동
apartment,471c3fe772b77c5f409fe46f7d7bfcee0b7bcdab770211090fdec4b1e40d3cfe,metro,m16_25,m21_30,dong,238,10,70,100,52,6,25.0,인천광역시,검단구,마전동,,마전동
apartment,471cf10c9a5f9922e5c3ce0c15bdd3e39db19db4025ca54fb6305ce56c06ac17,metro,le15,le20,dong,53,8,0,20,11,14,5.0,서울특별시,강남구,일원동,,일원동
apartment,4739b13e48396d0eadce97e6f829c65af33f7ce1b09446247bdd88d8a5ae07b0,metro,m16_25,m21_30,dong,214,15,50,84,64,1,22.0,경기도,수원시,장안구,조원동,조원동
apartment,4744c5007cf72b169f1f3611295ead536d848d0a373a98037a07630681415bfb,metro,m16_25,m21_30,dong,80,6,26,24,23,1,21.0,경기도,수원시,권선구,구운동,구운동
apartment,474871626f8df833ab917bc6d2a9b6b30653c4ff35a0fc9f1b51705bc57de1ec,other_urban,le15,le20,dong,105,9,20,47,27,2,15.0,충청북도,청주시,흥덕구,복대동,복대동
apartment,4751b0e08a1b5dc3f1c5cfe109161fdd391703f5728fb94439511cd162ee5ecd,metro,m16_25,m21_30,dong,66,5,21,29,10,1,24.0,서울특별시,성동구,성수동1가,,성수동1가
apartment,475dbc75286ada31011320e28a2d56c912d5400deec4027b0856e1f7830a9356,metro_city,le15,le20,dong,218,14,35,101,59,9,13.0,울산광역시,동구,서부동,,서부동
apartment,4767a0d3babbe2ccf0f394866e5b042b54d9677ab2a3de040a667d7844be3805,metro_city,m16_25,le20,dong,51,5,11,22,10,3,16.0,대구광역시,북구,구암동,,구암동
apartment,47681dd457dadf751db85435b4264c3365760b58aa95b82872358a367adeb3c3,metro,m16_25,m21_30,dong,128,5,31,62,29,1,25.0,서울특별시,구로구,개봉동,,개봉동
apartment,477077d612b89b1390169b7be80f670d8968f275dfec32d0e12cb45743eaca35,nonurban,m16_25,le20,eup,159,8,41,68,33,9,20.0,전남광주통합특별시,무안군,삼향읍,,삼향읍
apartment,477d46c45a95c73e15d89ade52f4900d9220e785cce2c359bd2660807826877c,nonurban,le15,le20,eup,97,8,25,30,27,7,14.0,경상남도,고성군,고성읍,,고성읍
apartment,47888fada060e745164a7670e009b91f834a5cfa2978f51280a137370e3b0579,metro_city,m16_25,m21_30,dong,291,11,81,130,64,5,21.0,울산광역시,중구,반구동,,반구동
apartment,478fc6bc50df9d98c505e3ef548934f31a4df8e05125a02250bfee26e6cefa64,other_urban,m16_25,m21_30,dong,238,8,56,92,72,10,25.0,전남광주통합특별시,목포시,대성동,,대성동
apartment,47956160f42981223bd622895deb1e36d162f5e5b248aa6d2c1cd81051a546ff,other_urban,le15,le20,dong,101,8,22,50,18,3,15.0,전북특별자치도,전주시,완산구,평화동2가,평화동2가
apartment,47a3a582b96fdee11a2f0ebf47ebbe816f04df428511767d2842dbfa561ff4c7,metro,ge26,m21_30,dong,169,9,45,77,35,3,29.0,경기도,광주시,역동,,역동
apartment,47aeb056bfb63da063bd9874b359d40b202be9c4529902ea02e66a376526b5ad,metro,m16_25,le20,myeon,96,5,24,44,22,1,18.0,경기도,이천시,마장면,,마장면
apartment,47bd84c1be2088c17d212292bbee32e1f455122cb0a63d75f19713bfacfb12e7,metro,le15,le20,dong,81,6,11,33,27,4,15.0,서울특별시,노원구,하계동,,하계동
apartment,47c376653cb780afd0450d1bdb70ff6e1e3e75addc021667747e39c3b961fddc,other_urban,le15,le20,dong,217,5,58,85,53,16,15.0,충청북도,청주시,흥덕구,복대동,복대동
apartment,47e38ffc6a7a77acf24fabc0600158524c5c236b39f9d4b2db3b996aceb85cde,metro,le15,le20,dong,239,19,51,88,68,13,12.0,서울특별시,노원구,월계동,,월계동
apartment,47e4be1519af3c26a1cc278b0a1f4967b9487bc9260bd76369dfdba40f29f476,metro,le15,le20,dong,76,6,19,30,19,2,14.0,경기도,안양시,동안구,관양동,관양동
apartment,47f6a027c5c030ffa4b9b68e2e32688293319b27f0d4ca8528018b6d192da650,metro,m16_25,le20,dong,110,6,21,56,22,5,16.0,경기도,오산시,서동,,서동
apartment,48065572f455314f1c62929443c45f0f0ab1c6f4aee90b5655c956a0d3ad677f,metro_city,m16_25,le20,dong,263,11,62,115,66,9,20.0,대구광역시,달서구,파호동,,파호동
apartment,48188e41f570310b680de8500e841ca9514900c7c4d80f82071d205bbf102e4d,nonurban,m16_25,le20,eup,189,8,42,101,34,4,20.0,전남광주통합특별시,광양시,광양읍,,광양읍
apartment,48200f11dd646c07666e8a240c1efb7c2dc37a175dae3a0245b104fec9ef7840,metro,m16_25,le20,dong,155,11,49,72,22,1,18.0,경기도,용인시,수지구,상현동,상현동
apartment,4823df4fb4fcb6d62677fee6d524c831938470a9f63f3891af37be9d60505120,other_urban,le15,le20,dong,66,11,20,26,8,1,10.0,제주특별자치도,서귀포시,동홍동,,동홍동
apartment,482d39761ce9cd2dd21486f2da25361f88627eaad7deae55105971b6a2a6f141,metro,le15,le20,dong,87,7,16,43,13,8,13.0,서울특별시,구로구,고척동,,고척동
apartment,482f9efb0852852923f52646a22b48424d5567ff5cd14ecc68e571d1a090f9ba,metro,m16_25,m21_30,dong,591,8,182,312,87,2,25.0,경기도,과천시,원문동,,원문동
apartment,483f197eb835ec8220b8445316f255b2ce0fbf9a67fca7f678f3a524699e64cc,nonurban,ge26,m21_30,myeon,137,7,36,58,34,2,26.0,경상남도,양산시,동면,,동면
apartment,4841de8314b041bf8bf7c48fea54ff901d4c6747ad52c779368fa48cd76540e6,metro,m16_25,m21_30,dong,146,7,50,83,5,1,25.0,경기도,성남시,분당구,구미동,구미동
apartment,48529a9ca801c038d5faf652e82dfc9896785413c3278e25abe440f370d33ec1,other_urban,le15,le20,dong,292,32,62,109,70,19,11.0,충청북도,청주시,청원구,우암동,우암동
apartment,48542c5d69221c1913ab8b38b8ccf10720cf1891ea32326bdac2a73335db6ca0,metro,m16_25,le20,dong,279,17,68,123,67,4,20.0,경기도,오산시,원동,,원동
apartment,4860517fbce774f25ab7b7d8d4f290377d1efd2ab214b8cccde7e68265f42150,metro,ge26,m21_30,dong,524,12,156,223,129,4,27.0,경기도,수원시,영통구,망포동,망포동
apartment,48619671637072e4f6e602032a45f5708e2813b3203e6bab26af5235b2508dde,other_urban,m16_25,le20,dong,286,13,75,131,59,8,19.0,충청남도,서산시,예천동,,예천동
apartment,4865edc2982bd7a075dbb862f3199ed505f07569f6931fcca0c3beec6e9e90ca,metro_city,le15,le20,dong,235,17,53,107,48,10,15.0,대구광역시,서구,평리동,,평리동
apartment,486ab9fc9eff201f76defaa609a0d78c0dace3ae9ace671a6d96ec0ab7c3fce3,other_urban,le15,le20,dong,50,7,10,25,7,1,15.0,경상남도,진주시,하대동,,하대동
apartment,486b3a1c22fecc457c2c8ef9c2f1629edcdf9b788a10945842ff6ba79f237aa3,metro,m16_25,le20,dong,170,8,42,63,46,11,20.0,경기도,김포시,풍무동,,풍무동
apartment,486f4889ef3d46e2a7a75312ee354e5399b7c46238408b9ad28822844ab9dc3f,other_urban,le15,le20,dong,71,5,7,34,17,8,12.0,충청북도,청주시,흥덕구,복대동,복대동
apartment,4879e3ed4b9c68abfae6fcd73e18db60bbf1dc2c0fd4bfde6262b53c35031503,metro,le15,le20,dong,69,7,15,28,15,4,15.0,서울특별시,구로구,구로동,,구로동
apartment,48899d9aede2ac2d101b64e739af3a7da12b8cb7631c23d88d2e75be3c31c752,other_urban,m16_25,le20,dong,129,7,26,64,29,3,20.0,전남광주통합특별시,서구,유촌동,,유촌동
apartment,488a2af0ec8bd78773f9511f8bbca87f0ce05e57a147260d1ab7aa7d3586b92e,other_urban,m16_25,le20,dong,167,7,38,76,41,5,20.0,경상남도,창원시,성산구,대방동,대방동
apartment,48a8c45d7cb316d43e661c14432234b77f63b25552b5d311a5ac67ca5250b1dc,metro,le15,le20,dong,56,10,9,20,13,4,12.0,서울특별시,영등포구,여의도동,,여의도동
apartment,48b292e6467280da8153400e38c0a144e6924c853a1ad86bcf038e853fe87dfb,other_urban,le15,le20,dong,121,6,35,38,35,7,15.0,전남광주통합특별시,광산구,하남동,,하남동
apartment,48b2a62875869226bb4a9889b2336d69e86213e6162646d26f284edc699d4c22,metro,ge26,m21_30,dong,212,7,48,126,28,3,26.0,경기도,김포시,구래동,,구래동
apartment,48b7758d973e0b2de577619e177b1390b3e45f8409e48de0d82624194b420a75,metro,le15,le20,myeon,54,10,0,22,9,13,5.0,경기도,연천군,청산면,,청산면
apartment,48ba9ec87884e1fd3828add39426fe255a96687766a8b4bc20de5a9df2edc304,nonurban,le15,le20,eup,87,8,18,30,22,9,15.0,경상남도,김해시,진영읍,,진영읍
apartment,48c63710059d9db5f4bc33f5a3c20d028ddbeecd2af8215adcbbfecd8979d05e,nonurban,le15,le20,myeon,142,9,30,60,34,9,15.0,충청남도,아산시,신창면,,신창면
apartment,48e16d36827d106d2b32058afe946332cbfd9db2c9be7f90893356dc250a3a13,other_urban,le15,le20,dong,266,18,49,95,74,30,15.0,전남광주통합특별시,목포시,연산동,,연산동
apartment,48e4e379e0713d0f200aa79f2327a4e6fc07dab2c0d0b34220796b834c18d9d9,metro,le15,le20,dong,51,13,0,23,8,7,6.0,인천광역시,계양구,계산동,,계산동
apartment,48efcf5f01f9470469c209620f48ca6ee698dd2896955b9267691395fea9f33f,metro,m16_25,le20,myeon,128,8,30,47,32,11,20.0,경기도,남양주시,별내면,,별내면
apartment,49122c57a754e9d1666b36cf2301dc19e5c8dff03a2e7b11bd03f1a27958d32a,other_urban,m16_25,m21_30,dong,203,5,42,96,57,3,25.0,전북특별자치도,군산시,지곡동,,지곡동
apartment,4915da3830c48c3eb7336815c0790a690420b41a6030ad90c4c4537284003ec9,metro,m16_25,le20,eup,80,5,20,35,17,3,20.0,경기도,화성시,효행구,봉담읍,봉담읍
apartment,492e218ce9c2dc7613e105d43d69570c84dd0f80f5f474ff097f0223db1e5793,metro,m16_25,le20,dong,85,5,18,42,19,1,20.0,서울특별시,성북구,길음동,,길음동
apartment,493461ae02a698d92228a6df9ac9ba1e679e755e38d1f5b00e07db3f4d733a01,metro,m16_25,m21_30,dong,118,7,25,46,35,5,25.0,경기도,의정부시,민락동,,민락동
apartment,493f46245456e0701c3b9fefeb3003400def5d1d55fb5c85cc70589a5002c087,other_urban,m16_25,m21_30,dong,206,6,55,96,47,2,25.0,경상남도,창원시,진해구,남문동,남문동
apartment,49466ae90269a88c5407767f647b60f5c73685bc5a7af4a2b22063a51e0c1976,other_urban,ge26,m21_30,dong,410,6,103,201,98,2,29.0,경상남도,창원시,진해구,풍호동,풍호동
apartment,4948d4f34047c6300d3bf90f9776382854713cc0c61d813c5d2c9541dc2e17a8,metro_city,m16_25,le20,dong,194,7,48,69,60,10,18.0,대구광역시,수성구,만촌동,,만촌동
apartment,49542c58f1d9a202305d38b5aafd2c2f2ea935aa261f56411915be7ed73978dc,metro_city,m16_25,m21_30,dong,187,8,46,101,30,2,23.0,대전광역시,서구,관저동,,관저동
apartment,49549922c6d9d8f094b8670e8b2c299bc946743d6d4e8673a4e9c683b0f82b4d,other_urban,le15,le20,dong,61,16,0,21,18,6,5.0,경상남도,밀양시,내일동,,내일동
apartment,495c756f97eb41110239951c5ac3c032553f773e06e3411d2d5020d30e26608b,metro,le15,le20,dong,89,9,15,36,20,9,15.0,경기도,용인시,기흥구,신갈동,신갈동
apartment,495f1bc1803143a3ccb927b57f0df77fe92ccac1006f7a5c4ccf1b6510e1b66c,nonurban,m16_25,le20,eup,188,9,38,86,41,14,20.0,경상북도,구미시,고아읍,,고아읍
apartment,49721b7d4c8918718e2678b320dbead77a33a90cfe46279e84bc654be50641f8,other_urban,m16_25,m21_30,dong,153,5,28,77,38,5,23.0,경상남도,김해시,삼계동,,삼계동
apartment,49752676edf303687bcbcfb493687c00609f2d056399748eebf489ecd0ab30f7,other_urban,le15,le20,dong,171,10,24,80,50,7,15.0,전남광주통합특별시,목포시,상동,,상동
apartment,4982645f71b0d939ae55f5a08efc2695a47409627a8a62207608fbbac982ee1b,metro,m16_25,m21_30,dong,82,5,20,36,20,1,21.0,경기도,의정부시,가능동,,가능동
apartment,498e0e6e91dce6d69d48f53293872819f7535b77fb545c6b0bc977a747be17b8,metro,le15,le20,dong,130,7,20,75,26,2,13.0,경기도,부천시,소사구,소사본동,소사본동
apartment,49ab0eb03b7cb6b5665b0e38fdc42fe1adf47b2804ae64e801052e89af0d5012,metro_city,le15,le20,dong,158,9,29,77,36,7,15.0,부산광역시,북구,덕천동,,덕천동
apartment,49e30e2c8aeb3626351e47caad0f47465102483120b187ca71a09a16df117764,metro_city,le15,le20,eup,71,8,14,31,16,2,15.0,부산광역시,기장군,정관읍,,정관읍
apartment,49eac73ba57dec740f91417cda10a934474396ac6a9cee7122942956ee6488b0,metro,m16_25,m21_30,dong,220,9,50,120,40,1,23.0,경기도,고양시,덕양구,향동동,향동동
apartment,49f8567c336e39be73d75a30fa518d5f1842ef2ea50486c8cc7d54961b5e9fc9,metro,ge26,m21_30,dong,358,7,92,180,78,1,29.0,경기도,파주시,야당동,,야당동
apartment,4a02672d1957670c1fa1f767b18705c62bed07f259c749c5aa7ad8e0d74f2a9a,metro_city,le15,le20,dong,280,16,53,101,84,26,15.0,대전광역시,서구,만년동,,만년동
apartment,4a1569561716b18b125a736b5180c6c1db2b6b56184e93ff69e386668645b58b,metro,ge26,m21_30,dong,162,7,45,63,43,4,29.0,인천광역시,남동구,구월동,,구월동
apartment,4a2f0b1539bc9f4c2f9c4a7ee2ae7879dcc493594bfc35402551091e8e546aa7,other_urban,le15,le20,dong,86,10,18,30,21,7,15.0,경상북도,영주시,휴천동,,휴천동
apartment,4a30c4cad8dd8788b5dd19b952bc1e52db3923a0100089c4dba8ecf757fcc24c,other_urban,le15,le20,dong,186,10,33,87,48,8,15.0,강원특별자치도,강릉시,견소동,,견소동
apartment,4a30c52fe459b2c298368997169879ceb0df2d89d4e9c9919b662f9cf18bab08,metro_city,m16_25,le20,dong,181,12,30,83,55,1,17.0,울산광역시,북구,매곡동,,매곡동
apartment,4a4257dd558285408934cc3cf975b8cc2bb8b3c3fb26359c8c25a66a321a2af2,metro,m16_25,le20,eup,77,6,17,27,24,3,18.0,경기도,화성시,효행구,봉담읍,봉담읍
apartment,4a436a2e9955478bc941161c0f2c2455f92c77772a84c5d70bf9cf7aa7363eaa,other_urban,m16_25,le20,dong,92,6,16,47,19,4,19.0,전남광주통합특별시,남구,진월동,,진월동
apartment,4a46a51ba36aea5a24c4d52c6974035722099cef75678aad3986a6d893c43723,metro,le15,le20,dong,77,11,16,24,21,5,12.0,경기도,수원시,권선구,권선동,권선동
apartment,4a59a474fdac3093b5d4a241c9b0d33cdc0949fb3e99bf7b3b7c81b7a6120e0a,other_urban,ge26,m21_30,dong,691,21,239,318,110,3,29.0,충청북도,청주시,서원구,모충동,모충동
apartment,4a67a2fe779a35b02b7df030d0b47a5a8d2971405d68a7c685f23bfe37429bbc,metro,m16_25,le20,dong,183,10,50,76,46,1,20.0,경기도,용인시,수지구,상현동,상현동
apartment,4a6a3d6b453e6ee6e2282ac5ddc66068cb2d3e966a4f8776d34709631c0c183a,metro,m16_25,le20,dong,211,11,48,85,63,4,20.0,경기도,화성시,병점구,능동,능동
apartment,4a6c93e686984f35f978810693be86a5feb9a8d2b172ecddb2cfa77308bfef29,other_urban,m16_25,m21_30,dong,486,10,124,200,136,16,22.0,충청남도,천안시,서북구,두정동,두정동
apartment,4a7b398c34f29bb8ba69ee27218610425984370d90e54ae23b3a9b73f2fc8f9d,nonurban,le15,le20,myeon,220,8,34,100,67,11,15.0,전남광주통합특별시,순천시,해룡면,,해룡면
apartment,4a7c4f8cd9ea352cfa168ad360305d4f80a37f2b50c17b5d548df42a1a0bfc9b,other_urban,m16_25,m21_30,dong,68,5,23,19,15,6,21.0,전북특별자치도,전주시,완산구,평화동2가,평화동2가
apartment,4a80a9e6f65a7025798804ee19899afba5ab04765b857e2a0d150c23d7b86146,nonurban,m16_25,le20,eup,372,14,106,139,83,30,18.0,충청북도,보은군,보은읍,,보은읍
apartment,4a8f05faba30cfede01bbf0218a071d2731e1642571de376c80f0c4c9c420e5a,metro,m16_25,le20,myeon,256,18,69,94,69,6,20.0,경기도,화성시,만세구,팔탄면,팔탄면
apartment,4ac0a79a5c4c77cd1f1dbc52800ea27a9f6c086c5a1c5700e3c37d9645814258,other_urban,le15,le20,dong,251,16,47,107,65,16,15.0,강원특별자치도,원주시,단구동,,단구동
apartment,4acea4e0763feda9fff065ceb1333f5a49092f040df0b71d82eb368cdc32ef55,other_urban,le15,le20,dong,165,28,89,44,2,2,15.0,충청북도,청주시,상당구,탑동,탑동
apartment,4ae2168d0e1de299fc19d807eb3ed10035db077aab52389ce95c2a44e907a3c0,other_urban,m16_25,le20,dong,191,7,45,87,50,2,16.0,전남광주통합특별시,광산구,월곡동,,월곡동
apartment,4ae7c846883d99741aef9aa2dd1a19180459623df56c170f3a3a34cd61c94a10,other_urban,m16_25,le20,dong,185,10,53,94,24,4,20.0,충청남도,천안시,동남구,신방동,신방동
apartment,4ae8427f8fd31134b73d8804c141173a97e6b471f9ae8e69018d66eb16384177,metro_city,le15,le20,dong,191,16,41,75,48,11,15.0,대전광역시,중구,문화동,,문화동
apartment,4af4928258765d0d006f2bffbd5663250297614d8d99fbb47b5b8b97f3b7b8ee,other_urban,le15,le20,dong,82,6,17,34,22,3,15.0,전북특별자치도,정읍시,시기동,,시기동
apartment,4afa6505467eecbfeef43a88f823b748f4ccd326858a3540dc3bb383ef69e504,metro,le15,le20,dong,222,14,26,129,46,7,13.0,인천광역시,계양구,오류동,,오류동
apartment,4b1d9578f8f89a13766daafe5f8e7728550aeff7da98cd156525b3b1846f9b10,metro_city,m16_25,le20,dong,183,9,46,67,52,9,20.0,대구광역시,달서구,용산동,,용산동
apartment,4b2fd71a08ecf78b35dcfc02821415b14af8b60906ad776fb97bf69c47d2dccc,nonurban,m16_25,le20,eup,103,6,27,39,28,3,19.0,경상북도,경산시,압량읍,,압량읍
apartment,4b32734ae67951f8a6b0fd7075c82f76bfd4187a04fdf14f01f63e4850a06120,metro,m16_25,le20,dong,88,6,22,39,16,5,20.0,경기도,양주시,덕계동,,덕계동
apartment,4b3bb565279c8b5d309d18551a51bc96fb9f99f61b371fd29d575eab21edb072,metro,le15,le20,dong,97,11,15,38,28,5,15.0,인천광역시,남동구,만수동,,만수동
apartment,4b3de8e32b3e475d70679abe135ff842dbf93f8e014be30202bdbc5232b74462,other_urban,m16_25,le20,dong,90,6,18,38,24,4,18.0,전북특별자치도,전주시,완산구,효자동1가,효자동1가
apartment,4b430f1c1e441c1b290f43eb8075199fa853f24227fb6f420916e2429291304e,other_urban,le15,le20,dong,130,22,0,76,26,6,6.0,전북특별자치도,전주시,완산구,효자동1가,효자동1가
apartment,4b4c798b26d9bffa7ffcb648ef10ff0ed0fc02e1a9385f70a02b794fe62809d3,other_urban,le15,le20,dong,72,19,0,26,13,14,5.0,강원특별자치도,춘천시,후평동,,후평동
apartment,4b50c2723489cd9a2ce7a1dba4b600550a86b6c3bbf3fab8455a0722d2429b4c,metro,m16_25,le20,dong,151,9,38,79,22,3,20.0,서울특별시,구로구,구로동,,구로동
apartment,4b6035fa130a377e3e66f33a23255d02be2e7a032e9a4cd395741e392fb37243,other_urban,le15,le20,dong,62,12,0,18,18,14,5.0,전북특별자치도,전주시,완산구,효자동1가,효자동1가
apartment,4b696ebd8ab7c0957e93f2f14cfe8d8b0704b97e76c9d2eaeb03ae5e6e3ecc30,nonurban,m16_25,le20,myeon,97,7,26,43,16,5,20.0,경상북도,고령군,다산면,,다산면
apartment,4b6dd767bc574ac8b6fe360eafe3a0a2b60a137e9a6cfcb10011bbff9cc0c9fa,metro,m16_25,le20,dong,132,6,37,53,30,6,20.0,경기도,수원시,영통구,영통동,영통동
apartment,4b6efa78860b87a6851ac922a75066e77480392df1bcdde5335a428717fd58d1,other_urban,le15,le20,dong,97,23,0,28,23,23,5.0,전북특별자치도,익산시,동산동,,동산동
apartment,4b757a7e7e8f737ca96a4b6bddddcd2aadd719d0ecee9d3660c95afbbd8a5018,metro,le15,le20,dong,112,5,17,51,33,6,15.0,경기도,고양시,일산서구,탄현동,탄현동
apartment,4b826ebc656b65d04f15eef8bb554a10023d2c22c44012c462f217483061aeb6,other_urban,m16_25,le20,dong,90,8,19,52,9,2,19.0,전남광주통합특별시,북구,일곡동,,일곡동
apartment,4ba63b74770714646e3ef768f4f687d31988cec7b7132e4971d34de9559a56ee,metro,m16_25,le20,dong,263,10,81,142,25,5,20.0,경기도,안양시,동안구,비산동,비산동
apartment,4bac595f821799c9bdde646c45010b8974adccc7121bcbb48fc10b729efcb4bb,other_urban,le15,le20,dong,50,5,10,18,12,5,15.0,강원특별자치도,태백시,황지동,,황지동
apartment,4bbbb68a20b34f2fc3c6f925bcf11e2bd9f52a88c54422250eea2192565d67b0,metro,le15,le20,dong,111,6,22,54,20,9,10.0,경기도,수원시,권선구,권선동,권선동
apartment,4bc3a300f3b17eb1f9982080e60cb54a68a71312795bdb024f69700b4512ae28,metro,le15,le20,dong,129,14,30,42,32,11,15.0,경기도,화성시,병점구,반월동,반월동
apartment,4bc5b654c1a181686cbb00bb6b75094de8788d9e73358b6f1f21504fefb9def3,metro,m16_25,le20,dong,130,7,43,58,18,4,20.0,서울특별시,구로구,오류동,,오류동
apartment,4bd519f8ba4c10e5db6a6e74c4a5bf4fa1041b838c1bb42da922a22c59ad536d,other_urban,le15,le20,dong,83,6,20,29,23,5,15.0,전북특별자치도,익산시,모현동1가,,모현동1가
apartment,4be4e4caff868f91c77c61f976d92199f8be8ffe3ad65fe30c6d5eb0570ddac4,metro,m16_25,m21_30,dong,251,12,67,106,55,11,25.0,인천광역시,서해구,신현동,,신현동
apartment,4bf5e2cf1126e677d67f0b85d1d65a1a1a30c1408eb3b3fdaf8916b100e5871b,metro,le15,le20,dong,73,5,14,31,18,5,12.0,서울특별시,송파구,송파동,,송파동
apartment,4bf97cbe48eda3cd415412fbcb69baeb4d7914ad037bce82cda5e92695ff7457,other_urban,m16_25,le20,dong,205,5,59,81,54,6,20.0,경상남도,김해시,삼문동,,삼문동
apartment,4c0330af6676fb1c7eaefb3f684dd4f5180c178078d26d9cfdacc67a3d6d0c9e,metro,m16_25,le20,dong,101,6,31,44,19,1,20.0,경기도,의정부시,호원동,,호원동
apartment,4c0967db8b8cd033aa237363b6aafcd24459d44460cfd0273035f057b1ca03af,other_urban,m16_25,le20,dong,105,7,31,41,21,5,20.0,충청북도,청주시,흥덕구,가경동,가경동
apartment,4c3374902415af4793ce0db2ac2ee65dba5a9a1fce7c005b9b8b1d6a8958b50b,metro,ge26,m21_30,dong,197,6,56,88,44,3,29.0,경기도,부천시,소사구,옥길동,옥길동
apartment,4c36306dc9e9ddd0130f90863545bafe4a955193a0741b1debcaf8aed92d324e,other_urban,m16_25,le20,dong,203,6,47,84,58,8,20.0,전남광주통합특별시,동구,계림동,,계림동
apartment,4c3bee6005ac5f3c1547b3482e6572bf2122b1466d9885060cf13028c77c5705,metro_city,m16_25,m21_30,dong,173,9,36,85,41,2,25.0,대구광역시,북구,사수동,,사수동
apartment,4c3c78d7e197458bcc36cb559fee4b03705611a6dbebbc33ead458ad507ac89c,other_urban,le15,le20,dong,144,7,31,59,35,12,15.0,전남광주통합특별시,순천시,연향동,,연향동
apartment,4c40665a185ca913d512202dbcae03949739ceac3e3d886ece25bb82dd85e3a9,other_urban,m16_25,m21_30,dong,128,7,32,51,36,2,21.0,경상남도,김해시,삼계동,,삼계동
apartment,4c54033e25c7d720f53eceeff12a619d9be5dfbab12026fe7127fb954ea81fdc,metro,m16_25,le20,dong,182,6,55,78,35,8,20.0,경기도,의정부시,민락동,,민락동
apartment,4c550b16a200c16114c002b21343b50cc9e987b1a3086fdcab3ea26f867e7dcb,other_urban,le15,le20,dong,55,7,5,30,10,3,10.0,제주특별자치도,제주시,도남동,,도남동
apartment,4c57002cb9c3b59fe8a49718eddf6950a562f8fdc0a2058c2b73cdff0dcb049c,other_urban,m16_25,le20,dong,116,5,40,40,26,5,19.0,전북특별자치도,군산시,수송동,,수송동
apartment,4c6d3ec601451f4e317b69f06fbf4bad735af4140ce0d0398e6c5d436557e7a5,metro,le15,le20,eup,50,5,12,20,10,3,14.0,경기도,평택시,포승읍,,포승읍
apartment,4c78b0fc84b4fa094a12a179067965af36aef08e8d82a7caab97d97c6a4de339,other_urban,m16_25,m21_30,dong,272,12,68,101,85,6,25.0,전남광주통합특별시,광양시,성황동,,성황동
apartment,4c7b0d24b612b9d8100a5b3dcc94b910cbdeae37382870277d5ca20efd9083c2,other_urban,le15,le20,dong,169,13,40,72,38,6,15.0,경상남도,양산시,삼호동,,삼호동
apartment,4c7f4b0d07761841e63eb2d9572e2c38f55fdc09861b81ad2ddc6d90487a1021,metro,le15,le20,dong,60,7,14,24,14,1,15.0,서울특별시,노원구,중계동,,중계동
apartment,4c80644da543c95528a2d841203ac42dfea986e8b73b179d4e3b4acdd121f37f,other_urban,m16_25,le20,dong,177,12,45,82,34,4,20.0,전남광주통합특별시,서구,동천동,,동천동
apartment,4c81483aeedb514b525fe83cdb1171ab58ce12026525058e8cebb4f33edc5247,other_urban,le15,le20,dong,134,10,30,46,40,8,15.0,충청남도,아산시,법곡동,,법곡동
apartment,4c845227f9a24b69684b654cb21b8cf39b4f626ad1659c8b86adb10207f57d33,metro,ge26,m21_30,dong,161,9,62,59,30,1,28.0,인천광역시,남동구,구월동,,구월동
apartment,4c8f30194364c4b7705442572ed989d9aabb95e45c0a10a8fb17fd2cd37e8589,metro,m16_25,le20,dong,82,6,24,33,16,3,20.0,경기도,화성시,병점구,병점동,병점동
apartment,4c9104a4c78555f6a01fa5062e56255dcb940931b46a048eb09284cc94898d8d,other_urban,m16_25,le20,dong,101,9,22,45,20,5,19.0,경상남도,김해시,삼계동,,삼계동
apartment,4c95d7abdd69aad1fab08da853fa5d675ad291947e2d8c380c3f4a7936e88b8e,metro_city,ge26,m21_30,dong,156,5,50,66,33,2,26.0,부산광역시,동래구,명장동,,명장동
apartment,4ca5030ddf0f020c3e73be376f0b102e82b4f9a14a6d2da1f9642a6ed6bd8090,other_urban,le15,le20,dong,140,9,28,56,37,10,15.0,전남광주통합특별시,서구,금호동,,금호동
apartment,4cb583ab20deb947ad2b28f2c35a95a3fc85771fe8c8624044d20a6282f56b6e,other_urban,m16_25,le20,dong,92,5,19,45,22,1,19.0,전북특별자치도,익산시,동산동,,동산동
apartment,4cb9c1c269528300971505772a31ca818523a462285386943b5e879febef175b,nonurban,ge26,m21_30,eup,86,7,25,40,10,4,28.0,경상북도,포항시,북구,흥해읍,흥해읍
apartment,4cbf0eb161a59a06d0b55afde652eaef000885a1b267967f08191875f84fa92d,metro,ge26,m21_30,dong,289,5,78,159,46,1,29.0,서울특별시,강동구,상일동,,상일동
apartment,4cc99b86c726d19fdeb25c29467b31ce07f62646d04e03c34c45355f1913254e,other_urban,m16_25,le20,dong,95,6,23,39,24,3,19.0,충청북도,청주시,서원구,모충동,모충동
apartment,4cd9ae522f4f00878a7eeceff71a1cc062da99de5e1016c373415c6a12e8356c,nonurban,le15,le20,eup,55,6,17,18,12,2,15.0,전북특별자치도,부안군,부안읍,,부안읍
apartment,4cd9dfa675ca5a0c9a9aa7497664f79d2ad79c020476b40bc8b19f21abee1766,other_urban,m16_25,le20,dong,732,45,162,302,183,40,20.0,경상남도,양산시,소주동,,소주동
apartment,4ce5098dce54af8be6100ce5373ea5fddf9b9d7a7ef9504c0e9125cebeea7405,other_urban,le15,le20,dong,286,20,63,119,72,12,15.0,충청남도,서산시,석림동,,석림동
apartment,4ce80b5fe8f680a63368029cda2d92f64f4c657b96440083299f4f0fdcad8d98,metro,ge26,ge31,dong,363,13,96,158,89,7,33.0,인천광역시,계양구,효성동,,효성동
apartment,4cf0ae7d4445a90ce7aa6da2a2087895b86742582ac18af284356eabb429aea0,other_urban,m16_25,le20,dong,283,15,90,133,43,2,20.0,경상남도,김해시,부곡동,,부곡동
apartment,4cf6e2a38a62d549a87d4f92d5cbd1820e93e207a9fa15e25ecda33d07076b55,metro,le15,le20,dong,170,11,35,74,40,10,15.0,인천광역시,남동구,만수동,,만수동
apartment,4cf904923bac94360803bf24329fb246def181b1b57c9eac8cd380a63e05ee3c,metro_city,m16_25,le20,dong,99,5,21,47,23,3,19.0,대전광역시,서구,관저동,,관저동
apartment,4cf9c2b08da84e19f7209b432b2f286e02af3e24a7520c39b559f05c37f44267,metro,m16_25,le20,dong,200,10,56,66,61,7,20.0,서울특별시,노원구,공릉동,,공릉동
apartment,4cf9c731534f10285be5b402561caedd3e1c06334d29de8b5a8124aac61756f0,nonurban,le15,le20,eup,146,12,28,57,42,7,15.0,전남광주통합특별시,화순군,화순읍,,화순읍
apartment,4cfabbebeaaa20df8198326ca069341b1e63ce36b8b5a5cf5da1e021e9d03a9b,metro_city,le15,le20,dong,66,8,10,27,17,4,13.0,대전광역시,서구,변동,,변동
apartment,4cfe39b2538fd7e34ca2ed87b03723a273e580d45ed22d00f74b4c6a58e65735,sejong,m16_25,le20,dong,192,7,74,89,20,2,20.0,세종특별자치시,,반곡동,,반곡동
apartment,4cff4d66753f938e2d514bffb04d6b871d23df29ae5f0351abc2bcf7e9387a33,other_urban,m16_25,le20,dong,213,13,61,89,46,4,20.0,충청북도,제천시,강제동,,강제동
apartment,4d005ee13db49d34c82efecc24c2bc1ece83c02b896823954a0d853fdc02759f,metro,le15,le20,dong,172,9,28,70,54,11,15.0,경기도,평택시,칠원동,,칠원동
apartment,4d1926de40214b5384a6cd873ca67d36b19f84661fa8f6b48ff6971ba5ae3b17,metro,ge26,m21_30,dong,162,6,33,84,37,2,26.0,서울특별시,송파구,가락동,,가락동
apartment,4d28a13bd1c062ffeaad9e156161eb695add3a508842e7c3ba13bc131d0f4ea5,metro,le15,le20,dong,170,9,31,60,54,16,15.0,서울특별시,서대문구,대현동,,대현동
apartment,4d335e0b216e9fe607f285a3228d34938663600b0532ea5b13db7df22c778e56,other_urban,le15,le20,dong,194,14,35,85,49,11,15.0,경상북도,영주시,가흥동,,가흥동
apartment,4d3379b8018544ee62c7e5f9d762e7693de5ef64ce91de1428188a0b6d1a86d4,other_urban,le15,le20,dong,86,7,19,29,27,4,15.0,충청북도,충주시,교현동,,교현동
apartment,4d35806061243ef5ffab3f1ff456a856cc090f866fd8f8f3147551f588cb61ce,metro_city,m16_25,le20,dong,159,6,34,70,43,6,20.0,대구광역시,달서구,도원동,,도원동
apartment,4d3c541ce5575ab16aadd742a8b4dab6f672d594f62764ad04becde80e2da351,metro,m16_25,m21_30,dong,154,6,52,59,36,1,21.0,서울특별시,동작구,신대방동,,신대방동
apartment,4d46f6949f2567531e06599838abb26c06115f457ff916788e9239d668e2c471,other_urban,le15,le20,dong,63,6,17,21,14,5,15.0,전북특별자치도,남원시,신정동,,신정동
apartment,4d52abff5379d20dd827c6e46c6dc33bb619222432b884d741e2ec1eb3aa982d,metro_city,le15,le20,dong,114,9,21,52,25,7,12.0,대전광역시,서구,복수동,,복수동
apartment,4d5c3c4caae1fd721c1eb9545d9a0e6176243d9ea916b1b864f03f5167d4befe,metro,le15,le20,dong,120,9,31,54,23,3,15.0,경기도,성남시,분당구,삼평동,삼평동
apartment,4d5e41a675b9935f9b9ac39b5b867cc6f2a1d956636a474f6a88e99c0ce4f88b,metro,le15,le20,dong,117,7,19,45,37,9,15.0,서울특별시,강서구,등촌동,,등촌동
apartment,4d62db46d87b21194c1b66298123e55a71beb9f480dc1288f4674c8ae2ac8451,metro,le15,le20,eup,313,13,59,133,89,19,15.0,경기도,평택시,팽성읍,,팽성읍
apartment,4d62f9f9d3df6ee5a32373315bb7c6f245560398e2547d4b33a0544f790f4931,metro,m16_25,m21_30,dong,113,5,32,52,23,1,23.0,서울특별시,마포구,아현동,,아현동
apartment,4d75230ea5533cd8c793fdb4b598dc5e5cf3f3fd7f7475cd8095ed1a4d6941b4,metro_city,m16_25,m21_30,dong,161,9,49,73,26,4,24.0,대전광역시,서구,도안동,,도안동
apartment,4d83a742ace7fc66dff9348acf60ddbd80c52c081cc1d2c7306ddafde30b77ec,metro,m16_25,le20,dong,145,5,36,53,46,5,18.0,경기도,화성시,병점구,반월동,반월동
apartment,4d9d0adb624724cb31ebd1b4f5b36f387eea8ac41a11c76919ff99a95feecec9,metro,m16_25,m21_30,dong,79,5,20,28,25,1,21.0,경기도,부천시,원미구,원미동,원미동
apartment,4daa34f7e07a5d7d914fb62c174b1826663902107915c8e9b526a61ef9f7ef92,other_urban,le15,le20,dong,77,5,19,37,13,3,15.0,전북특별자치도,전주시,덕진구,고랑동,고랑동
apartment,4db01866637d9c0c02a72a8511c6ef0f4b1d198d9b073978b5aabf11f9c2544a,metro,m16_25,le20,eup,124,8,38,60,17,1,20.0,경기도,화성시,효행구,봉담읍,봉담읍
apartment,4dcbca62e84d94647ac1fa0b9c2f33cd5e7e599dc9080d77262a3b2fe8f26a2f,other_urban,m16_25,le20,dong,96,8,30,26,27,5,20.0,경상북도,김천시,신음동,,신음동
apartment,4dce1913d039f3d1df6cf9f05c9e81b64610f3de55ded0729fd573440fecbb2c,metro,le15,le20,eup,77,6,19,29,19,4,14.0,경기도,안성시,공도읍,,공도읍
apartment,4dd1c9bb42c6b53df395cbe638d4d3231888e70d6d1a505065a3803b46bd3e2f,other_urban,le15,le20,dong,96,14,0,45,15,22,5.0,전북특별자치도,군산시,산북동,,산북동
apartment,4dd8a2a5f9a41c93dff3ed080fb52dd88de3c18e8ad4aa0e5a29602293d3315a,other_urban,le15,le20,dong,77,5,23,25,20,4,14.0,경상북도,경주시,진현동,,진현동
apartment,4de98f3f8fb4891ba4a5c8ac73a32f030db540b37e457d916891e85830459aed,other_urban,m16_25,le20,dong,180,11,56,76,33,4,19.0,전북특별자치도,전주시,덕진구,인후동1가,인후동1가
apartment,4def891ee2c4c1ad1eaaed54d06a97f34b04b20a999ce2594ce6cfa11cf13a39,nonurban,m16_25,le20,myeon,61,5,11,22,18,5,18.0,충청북도,진천군,광혜원면,,광혜원면
apartment,4df4fcdcffc7b8405b1ffae17d501030d7fc8792d066b5bde68ec4bd6b05cb8d,metro,m16_25,le20,dong,117,5,23,46,41,2,19.0,경기도,부천시,소사구,소사본동,소사본동
apartment,4e06370acd42f05c67893fecc6e8a8721db6bd2d302116163f5ec6ee79b588ea,other_urban,m16_25,le20,dong,128,5,28,40,49,6,18.0,전북특별자치도,전주시,덕진구,팔복동2가,팔복동2가
apartment,4e16e4632b10573a9cf286fbaf7d100ed748bc92c36a33fe762822e9a9545f5e,metro,m16_25,m21_30,dong,387,13,95,184,90,5,25.0,경기도,고양시,일산서구,탄현동,탄현동
apartment,4e1dcfedfece9d97bc2d5005e7d5d0b9c97ccee83189eb44a173954f8dbaf81e,other_urban,m16_25,m21_30,dong,208,6,51,96,54,1,25.0,충청남도,서산시,예천동,,예천동
apartment,4e20cb32fc407b2edf1bed22a617a4e3cbd8fcec392d5004174ef4603ed64493,other_urban,le15,le20,dong,121,7,40,45,28,1,14.0,충청북도,청주시,흥덕구,비하동,비하동
apartment,4e25b4508d88f44e0931c1fe5173c9460a0a45c9a28c7f2150f64666a68e2601,metro,m16_25,m21_30,dong,292,14,78,119,79,2,24.0,경기도,화성시,병점구,기산동,기산동
apartment,4e478833560f39e4a49552c69bab973f9b1e1924f5b0f5550d5a93d89ce22056,metro,m16_25,le20,dong,164,8,41,73,39,3,18.0,서울특별시,양천구,신월동,,신월동
apartment,4e50d87151feeb0c5a36b13ba7928e5d18f8f7b3414d6675ac84b24c3c63d520,other_urban,le15,le20,dong,95,9,15,35,25,11,15.0,충청북도,청주시,청원구,율량동,율량동
apartment,4e5c3a5df90d7b56f8c64e6a464182176c158e9b5ab88b8f3b3e4ee51ddbdc88,metro_city,le15,le20,dong,63,7,8,30,11,7,15.0,울산광역시,남구,무거동,,무거동
apartment,4e6fd4c16657081d0e86a2695923edfca64a9d7e00a737b603c138abbe96f9c8,metro,le15,le20,dong,173,13,39,79,38,4,15.0,서울특별시,서대문구,홍제동,,홍제동
apartment,4e875942976b67cbf931125c75fb730e96450ae64c718373a72a675074097f7e,metro,le15,le20,dong,140,6,28,55,40,11,15.0,경기도,광명시,철산동,,철산동
apartment,4e8c937e67f92c6fda637a627255889a20dc8e9fa89139ba16e7e91f30d9015e,metro,le15,le20,dong,148,14,28,70,33,3,15.0,경기도,과천시,부림동,,부림동
apartment,4ea8034dc7c27161b16d95ff66295fc0487606b15ee831e5c46caedace32b3e8,metro,le15,le20,dong,170,15,32,73,41,9,15.0,경기도,광명시,하안동,,하안동
apartment,4eafda1977332185a9a6ceec9622d077495cc9d40c8adcffb5ce36e643c04566,other_urban,m16_25,le20,dong,50,6,7,18,16,3,18.0,전남광주통합특별시,북구,용봉동,,용봉동
apartment,4eb37a90e1274e89f8eedaf1be5b963cd75f82b2ec6b338d4c64ca31d89abe16,metro,le15,le20,dong,114,8,23,40,37,6,15.0,서울특별시,노원구,공릉동,,공릉동
apartment,4ebf9dfdc8c34d725e8fbda0375c5caa9db1cb3775b641b8de96e47f6f760000,other_urban,le15,le20,dong,83,5,22,34,18,4,15.0,충청남도,천안시,서북구,백석동,백석동
apartment,4ec86693f6e92348f5d29bb1ef468fc627b89134dc4596b49bb5edfcb5ac997e,other_urban,le15,le20,dong,88,6,17,39,22,4,15.0,경상북도,경산시,옥산동,,옥산동
apartment,4ed6a2e5aa85fbd86cf8664a6b22d418e59df9f3e9e79eb19982a2ad03efcb0a,other_urban,le15,le20,dong,133,9,25,54,40,5,15.0,충청남도,아산시,권곡동,,권곡동
apartment,4ed7edbd4953b335cc1e98858da60034e818eba5b6b4ef9d1d1c15ef9f6671c4,other_urban,le15,le20,dong,129,15,36,59,16,3,15.0,충청북도,청주시,흥덕구,신봉동,신봉동
apartment,4ed8b12c74f386cdb46131108046cd5b61ebd7544f185efdd6c9615c75a9316c,metro,m16_25,m21_30,dong,284,9,66,136,64,9,25.0,경기도,화성시,동탄구,산척동,산척동
apartment,4ed9a381635694da0e64d925754c2b558ac2bc86b64de249439b0e220673e2c7,other_urban,le15,le20,dong,62,5,12,25,16,4,15.0,강원특별자치도,원주시,명륜동,,명륜동
apartment,4eefcba4cd8d433ddb6c5d091da39feb58446b588c6b8a02f2c13759b5176e06,metro,m16_25,m21_30,dong,330,11,101,173,42,3,25.0,경기도,군포시,산본동,,산본동
apartment,4ef57c8e60c66af96e8207f9133562c34de0cca84468a985c5878e9afa8d90d0,other_urban,le15,le20,dong,142,6,29,63,40,4,15.0,경상남도,창원시,진해구,청안동,청안동
apartment,4efed8064ee04b10ed8d57ead615abf403f0d2db1c236d426db9d97d02e53e97,metro,m16_25,le20,dong,278,12,71,132,59,4,20.0,경기도,시흥시,은행동,,은행동
apartment,4f036250f78b3e727dc9c149c801708dcc76e9c0a6ffae80766992804d2dc6a3,metro_city,m16_25,le20,eup,124,5,33,59,24,3,18.0,대구광역시,달성군,현풍읍,,현풍읍
apartment,4f03702d48c809df885079bea937cd6303100b83d358c7a19075b6df7c3088a2,other_urban,m16_25,le20,dong,97,7,22,33,30,5,18.0,경상남도,창원시,마산합포구,해운동,해운동
apartment,4f05f715dd2298f44576284b8168f43946321bfd6b60f64d3a24684b047c447f,metro_city,le15,le20,eup,76,5,22,30,15,4,15.0,울산광역시,울주군,삼남읍,,삼남읍
apartment,4f06f6b08c894c2aaf50ebcda47329c407d292c1d8b9e25b2376124345bacc13,metro,le15,le20,dong,317,16,67,133,80,21,15.0,서울특별시,노원구,상계동,,상계동
apartment,4f0ab5898b44fda4e8e2367bbf754e4ddb6ef35e3388706962e0337096561dcc,other_urban,m16_25,m21_30,dong,156,6,43,70,33,4,21.0,경상북도,경산시,중산동,,중산동
apartment,4f0cec8c0499b755740185d534c7096ce1cbe367138219f192e1b7ce1b4fe277,metro,le15,le20,dong,157,8,30,71,40,8,15.0,경기도,부천시,원미구,중동,중동
apartment,4f1d8904006e52bddf1823c38b2d4200e87da85652a367699e2abf64ee410ffa,metro,m16_25,le20,dong,58,5,13,34,5,1,18.0,경기도,수원시,권선구,구운동,구운동
apartment,4f230e9a4861823221643578c780bd7506b87e9971a0b8484ac0a5a3260b9f9b,other_urban,m16_25,m21_30,dong,753,21,194,285,248,5,24.0,전남광주통합특별시,광양시,중동,,중동
apartment,4f393c6a1533825954ce2d5d78496e945e645b24ad9c83feccbef5909f511d3b,metro,m16_25,m21_30,dong,92,6,29,46,9,2,24.0,경기도,부천시,원미구,상동,상동
apartment,4f56b656bc082c8ed2c4764595299b1f7523ace6d37b6a5ff687a6f9d4c4c406,metro_city,m16_25,m21_30,dong,177,8,46,70,48,5,25.0,대구광역시,북구,사수동,,사수동
apartment,4f6583ab45abc806f3787d928d7b1bc7ef01b003dd2bb3a95cf10975af3bbd88,metro,m16_25,le20,dong,195,17,58,84,34,2,20.0,경기도,화성시,병점구,병점동,병점동
apartment,4f6b4cd32725bf9764cd402e2fbb25d990b8c0fb1848a7774e3102b44acce882,other_urban,m16_25,m21_30,dong,209,8,55,111,33,2,23.0,전남광주통합특별시,남구,임암동,,임암동
apartment,4f729714a90060197f13b0469e355f94e3e2f67c99d0840e790565825cd81305,other_urban,le15,le20,dong,60,9,8,22,7,14,8.0,경상북도,경주시,충효동,,충효동
apartment,4f86bd4242273fd86f02b4a868786405e37f102b5915f6659e15b942331cd1b5,nonurban,le15,le20,eup,78,6,12,29,29,2,15.0,충청남도,태안군,태안읍,,태안읍
apartment,4f86d32918b21c3475ad998a77bd4dbdf27c67f0050142b43db289b10ac96eaa,metro,m16_25,le20,dong,208,9,67,81,46,5,20.0,경기도,파주시,목동동,,목동동
apartment,4f94cf54a62c38a1e9b659a2df7fc49a3dc255be1021f15c4e568e85d91291dd,other_urban,le15,le20,dong,181,20,16,88,41,16,13.0,전남광주통합특별시,북구,문흥동,,문흥동
apartment,4fa123a45de2a19fb191557d049d42d8c8fd814bd1c98cea79ce13a1f3fca4ae,other_urban,le15,le20,dong,68,5,15,23,22,3,15.0,전남광주통합특별시,목포시,옥암동,,옥암동
apartment,4fa13b42f5cff82bed289287082bfc416929200ebad2f7b8e8d1113f7f541404,metro,le15,le20,eup,58,6,8,22,16,6,15.0,경기도,화성시,효행구,봉담읍,봉담읍
apartment,4fa6378357aed14a628e2a567bcda5463f65b311d06302150999ad763c809e95,other_urban,le15,le20,dong,146,5,21,68,43,9,15.0,전남광주통합특별시,목포시,용해동,,용해동
apartment,4fb3fca35c5824ecc3f83c2c7944c2b869c64c8f3a62745f4228992ba6e1a1b5,other_urban,le15,le20,dong,78,12,0,29,18,19,5.0,경상북도,안동시,송현동,,송현동
apartment,4fbb682137b9ad3c3ebf8d58c94a66fb89bb1309c354470d987a512752c1ff46,metro_city,ge26,m21_30,dong,179,12,62,77,25,3,30.0,대전광역시,유성구,죽동,,죽동
apartment,4fbfdd3b237ecacbf89ed2402201b3c8f772088650e7efdfbec97d4cbf8112ed,other_urban,le15,le20,dong,100,16,0,35,18,31,5.0,경상북도,구미시,송정동,,송정동
apartment,4fc424f232da289c01c11f9dabb0b06f8b50bd581185c14afc5944adad1e9e63,metro_city,m16_25,le20,dong,177,13,41,83,39,1,20.0,대구광역시,수성구,사월동,,사월동
apartment,4fc4cd11778b29dcac65bcc95f8524010934143ef8466d62be9589e21b2c8aa7,metro,m16_25,m21_30,dong,122,8,36,40,33,5,21.0,서울특별시,영등포구,영등포동7가,,영등포동7가
apartment,4fd301183fb884f0ca47257fadfc6528f9071333b814130c31e8a3e13062a402,metro_city,m16_25,le20,dong,129,9,49,60,7,4,20.0,대전광역시,유성구,지족동,,지족동
apartment,4fd8289ed5d4ec922801f10d8f330e49ca5d2b328115cf55649cf1be0c87bf7b,metro,m16_25,le20,eup,101,9,18,42,25,7,18.0,경기도,남양주시,진건읍,,진건읍
apartment,4fdae880201d4b8440f8b9dd2c30ef54e78562a7034e9972d51364d7dd0631b6,metro,m16_25,le20,dong,179,16,54,76,26,7,20.0,경기도,안양시,동안구,관양동,관양동
apartment,4fea5c379818baae8b962352cf00ffafe7eee1a3e11c4ba2f3faf30454e257db,other_urban,le15,le20,dong,88,6,24,34,22,2,15.0,경상북도,구미시,형곡동,,형곡동
apartment,4fecb48410a680d1c087b2a912a266fcf211f91870569b2ed4c7dc8d426be197,other_urban,ge26,m21_30,dong,268,7,76,131,51,3,29.0,전남광주통합특별시,서구,농성동,,농성동
apartment,500211feb6cd3372b77b223534585edfeae2910b30145c1976c27101b45d9765,metro,le15,le20,dong,144,12,39,57,20,16,10.0,경기도,시흥시,정왕동,,정왕동
apartment,5008918e2649676fa9555c67b40bd45696dc46f04e8d0550fdae729d8f5d8a6a,other_urban,m16_25,le20,dong,560,44,172,216,109,19,20.0,전북특별자치도,전주시,덕진구,진북동,진북동
apartment,500f57875678b6da5bad77fc5d36868a49e4f2ccc53d53edbe7349992a633097,other_urban,m16_25,le20,dong,124,11,21,58,31,3,16.0,전남광주통합특별시,북구,양산동,,양산동
apartment,501a0c576ea07eaf467f9287e4ec5eec061b77da78a002bbb34045246fea983d,metro,m16_25,m21_30,dong,75,6,18,37,11,3,21.0,경기도,광명시,소하동,,소하동
apartment,501d257dded10144bb03c7756470bb51530e6da4a79f271b855d44a8982ca72d,metro,m16_25,m21_30,dong,74,5,22,35,11,1,21.0,경기도,안양시,동안구,호계동,호계동
apartment,502e6298748a26c6639ba6b13d5c1a58a0eac4b7c9fc33c9586724c6a7a76457,metro,le15,le20,dong,57,7,8,24,14,4,15.0,서울특별시,영등포구,양평동1가,,양평동1가
apartment,5030e65e24029030c0d1425b8cf91e5402a9c2fc2b9a25abc1890e07934841b5,nonurban,le15,le20,eup,96,18,0,41,16,21,5.0,강원특별자치도,정선군,사북읍,,사북읍
apartment,504045087d3dfb150dcb3756deef5a31018a438f71d9376eb61d4ad9fd4920d0,metro,m16_25,m21_30,dong,199,13,51,93,39,3,23.0,경기도,고양시,일산서구,탄현동,탄현동
apartment,504998251b39d0b7ef983a199658e15f7d71d5de465905f2a506f1622af91d27,metro,m16_25,m21_30,dong,85,5,32,22,24,2,25.0,서울특별시,광진구,광장동,,광장동
apartment,504fbda72b3def58816e30621748ab6b47da2afcfb5723f4f8046e0819853234,metro_city,m16_25,m21_30,dong,363,14,99,134,101,15,25.0,부산광역시,북구,화명동,,화명동
apartment,5054a7555c73de518723952d2c3cf61e5d656e7445d2947a222bb8602546dcd7,metro,m16_25,le20,dong,81,6,17,31,17,10,16.0,인천광역시,남동구,만수동,,만수동
apartment,5054b6f6fbb43f2b45ede76f3400ea55fb5ebd2f9a49d3a02d077caef52a8a0f,other_urban,le15,le20,dong,104,7,27,38,29,3,15.0,경상북도,구미시,옥계동,,옥계동
apartment,505e50bebbd13b86b768f4d87218a44016de5ea9f32d1a0874038689d68a0c34,metro_city,m16_25,m21_30,dong,151,5,41,62,40,3,24.0,부산광역시,남구,용호동,,용호동
apartment,507dfd65e7974bb976bbec22a5bbab2837c9f47b1ddd37803504bc1fec521162,other_urban,ge26,m21_30,dong,402,8,101,158,119,16,28.0,강원특별자치도,원주시,무실동,,무실동
apartment,507e4d2b88e37b53cdd6bbee0998abc0fc28193b06f77ac59352ec300cb19d14,other_urban,le15,le20,dong,96,8,12,42,28,6,12.0,경상남도,창원시,성산구,남산동,남산동
apartment,509310823fd88519a2d8ec8ba638c4ca8833afd7f951754cb1f090fe3ccdb922,nonurban,le15,le20,myeon,88,15,0,23,27,23,5.0,강원특별자치도,정선군,남면,,남면
apartment,50972cf94f2fccb3a0e2fca99e39cc1cd11e6927d4a13ff4de0a82e610906767,other_urban,le15,le20,dong,77,5,17,32,20,3,15.0,경상북도,구미시,구평동,,구평동
apartment,50a6fee06a7fa2446c6c0fc0077c5a6efc58af8dbe050620861a3656ad88a962,metro,le15,le20,dong,96,11,24,37,22,2,15.0,서울특별시,서대문구,남가좌동,,남가좌동
apartment,50b177afd44a22fa23451d78f4d9420836a4e7b2bbfe2c7b487d9737453b0305,metro_city,le15,le20,dong,79,10,17,29,20,3,15.0,대전광역시,서구,월평동,,월평동
apartment,50b52befa14321d6ffdb7cbb4bda5803b6ab8c799d435df3dfa3e12fabd7fb85,other_urban,m16_25,le20,dong,387,15,106,148,104,14,17.0,전북특별자치도,전주시,완산구,효자동1가,효자동1가
apartment,50ec5d1681f292fbc2418b440889de0c277d0f900117cae8cec71571f9e9183d,nonurban,le15,le20,eup,112,6,22,44,33,7,15.0,강원특별자치도,영월군,영월읍,,영월읍
apartment,511190ec3ce8e71cf9e3bfd5a04bc13db8cb99990cbba2739b288f1d01422b4d,metro_city,le15,le20,dong,132,10,21,58,35,8,15.0,대전광역시,유성구,송강동,,송강동
apartment,511636fa6179e227c9db08a065bbe5b54999b4c0a4e276f94ecbd449e15a35a2,metro,ge26,m21_30,dong,154,7,59,67,19,2,26.0,경기도,부천시,원미구,중동,중동
apartment,511c87447db2a1d0a1fab1e591975e3f3c3dd6630455b269d7265cec6903df0b,other_urban,le15,le20,dong,192,39,0,81,31,41,5.0,경상남도,창원시,성산구,상남동,상남동
apartment,51223e300189b161c8cd968072867e85f1db59a2ceeebe6ceeaa4668ae60f166,metro,m16_25,m21_30,dong,171,5,49,77,39,1,25.0,경기도,화성시,동탄구,장지동,장지동
apartment,51258a0bdf77f8d1a1fe9ecdabc16bada899427d6cc0d8b34b80e07f2ef54943,other_urban,m16_25,le20,dong,153,15,34,48,45,11,17.0,전남광주통합특별시,북구,양산동,,양산동
apartment,512fdd21da5cf42c5d868fb261dc10f9432ab5efb0b7ae99944ebedbe00372a0,metro_city,le15,le20,dong,51,6,12,19,13,1,15.0,대구광역시,동구,각산동,,각산동
apartment,5131fc39975786bab038b44d9c5e251e498018c48b27cac294583d1096f48d11,metro,m16_25,le20,dong,221,7,49,102,56,7,18.0,경기도,구리시,수택동,,수택동
apartment,5150e9ae43c8f5a6334ccd18d72d2693f0281dcd7d65f323e9038a059be27fb3,other_urban,le15,le20,dong,129,17,21,48,32,11,15.0,전남광주통합특별시,순천시,조례동,,조례동
apartment,5151fb0de5c20389fdd1ea9b95f36452a37c040a616500cdc9f2a4319d8ffe9a,sejong,ge26,m21_30,dong,211,5,101,84,18,3,29.0,세종특별자치시,,새롬동,,새롬동
apartment,515665574514a1f2706d90f21fbf62dfd57df337c2fc3b16cf35782931894bf0,metro,le15,le20,dong,72,7,17,28,16,4,15.0,경기도,수원시,영통구,영통동,영통동
apartment,5156c26b6332a02f8f3c0c011b0ee85a4bf0de9171a23bda480361f6a7ab8e5e,other_urban,m16_25,le20,dong,247,14,51,103,67,12,19.0,전남광주통합특별시,서구,풍암동,,풍암동
apartment,515d7b2f2122f3a0683b2a0b3dbe7adbd980dc82ba3b788cd449e1f7f0c458bf,other_urban,m16_25,m21_30,dong,199,7,58,72,54,8,25.0,충청북도,청주시,상당구,용암동,용암동
apartment,5160834ad8ed1b239dd7dc50d1a486ca0dad316484472815f0df0c7d435bd765,metro,m16_25,le20,dong,52,5,9,23,13,2,20.0,경기도,김포시,북변동,,북변동
apartment,5163ede76a283961b62ca78fa4e292cb48cb8ded0a781aae0a607b3e3f8003f3,metro,ge26,m21_30,dong,439,18,117,188,114,2,28.0,서울특별시,노원구,월계동,,월계동
apartment,516487cdbbcc6800f4daa92fe76fe670bde37fc37f1cf837916041ea5dfa2349,nonurban,m16_25,le20,eup,141,8,42,46,44,1,18.0,경상북도,포항시,남구,오천읍,오천읍
apartment,5170076629b9294bc6e615264f98062551bf79466ab07cdd183a102dc62ca485,metro_city,m16_25,m21_30,dong,149,8,37,80,23,1,23.0,대전광역시,서구,관저동,,관저동
apartment,517796d044a13584abf68d993e55b74ba7e21c504c1b8dd91cba3ecd42e2e985,nonurban,le15,le20,eup,115,14,11,52,26,12,9.0,충청북도,음성군,대소읍,,대소읍
apartment,5182afecb1f44e994397d797f97c2ab5c0d8552854618efea1ce6ddf868eda33,nonurban,le15,le20,eup,121,17,23,51,24,6,10.0,충청북도,음성군,금왕읍,,금왕읍
apartment,51857307f6ec0ecd16059e93bc65e0347e9152a446214acd45a2903ee05ca010,metro_city,m16_25,m21_30,dong,252,13,70,134,32,3,25.0,부산광역시,부산진구,부암동,,부암동
apartment,518b66c8f40968fac6759378219cb33b6443a3c0d50a8ae68421ce7cc406c6b7,nonurban,m16_25,le20,eup,90,7,32,36,14,1,20.0,충청남도,예산군,삽교읍,,삽교읍
apartment,518c972067e54ebd0680fb9e877ff13ba03bdf5ca243cdecd8ab0527afba1aa0,metro_city,m16_25,le20,dong,247,7,51,104,75,10,20.0,부산광역시,강서구,명지동,,명지동
apartment,51a5a41af7711b51ee9ad357069244748b39c2e423a256aff60ae1015359d746,other_urban,le15,le20,dong,139,10,18,55,43,13,12.0,전북특별자치도,전주시,덕진구,호성동2가,호성동2가
apartment,51ca3b980e59a6f182df76bb5f1bf478a8e83bf3e399099cc85d78dae6c6043d,metro_city,le15,le20,dong,69,7,16,21,21,4,14.0,대전광역시,서구,가수원동,,가수원동
apartment,51cf2013caf64ab50514ea0b34fd7e2f0b00673bd1cf387518b7188e975a5d3b,nonurban,le15,le20,myeon,65,5,16,23,19,2,15.0,충청남도,예산군,응봉면,,응봉면
apartment,51d0676c868b1704cd42de4282c4dd3cf027c068414a9f8443574b759624070b,metro,le15,le20,dong,52,6,6,30,9,1,12.0,서울특별시,강남구,압구정동,,압구정동
apartment,51d10127dfd27f964a46bc285092727d34a3f690a287baff0d84f56d74355278,metro,le15,le20,dong,104,8,30,41,23,2,14.0,경기도,동두천시,생연동,,생연동
apartment,51e070bf875ad109ca8a3cb041e0d1e64f3680931fa3c5a6f0c8549c6aa37841,metro,m16_25,le20,dong,107,5,27,47,24,4,18.0,경기도,용인시,처인구,마평동,마평동
apartment,51eb4a41d56a2510c352bb1f5f9f7949b3a75d274a549dbb340efd9bc1ba58dd,metro_city,m16_25,le20,dong,483,20,110,206,123,24,20.0,부산광역시,강서구,명지동,,명지동
apartment,521b0330a6e49e13f53b0458c6e6476e7bc81820da21cd41ffb316e68a860359,metro,ge26,m21_30,dong,304,9,94,138,60,3,28.0,서울특별시,동작구,노량진동,,노량진동
apartment,521c92ef5f3d8e594927130d28caef502ff98b310155fabf5f846c91a58618b7,other_urban,m16_25,le20,dong,84,5,9,40,27,3,16.0,충청남도,아산시,온천동,,온천동
apartment,52253ad8a4cc06f48fa260ef764805454f73753d5f7abeb55dbd64fca76ce637,metro_city,m16_25,le20,dong,57,7,4,25,17,4,19.0,대구광역시,달서구,용산동,,용산동
apartment,52430e9658061cfc98f136786962c6dd6baf83caf5ea7c0981d2e05a75442b19,metro_city,le15,le20,dong,178,16,32,75,44,11,15.0,대구광역시,북구,태전동,,태전동
apartment,524b3507c3d23cc41f206cd3a9bc7b8a4cbdfc8b148bdd88c7c27180a05d3d35,metro,le15,le20,eup,117,8,22,56,26,5,15.0,경기도,광주시,초월읍,,초월읍
apartment,5263a8088938d2fb4454c0c8217159b210157980714088fb81cf1cca0b2706dd,metro,le15,le20,dong,92,6,22,38,23,3,15.0,경기도,고양시,덕양구,성사동,성사동
apartment,5263f0b2e41e9f3f883c7fb17fb9129f6d1dbe639e6ed5df83c40f573347eb29,metro,le15,le20,dong,121,7,26,59,25,4,15.0,서울특별시,노원구,공릉동,,공릉동
apartment,52698879b644c53484f4e8aefdb222d6d7ff40a0258fc3d8b93a922c60a5724c,other_urban,m16_25,m21_30,dong,61,8,21,25,5,2,24.0,경상북도,포항시,남구,효자동,효자동
apartment,526f4e4f11aa834ab171ba4ca6e880ac6e31a1663215cd2aedbae71158e3722b,other_urban,m16_25,le20,dong,188,7,64,84,29,4,20.0,강원특별자치도,원주시,무실동,,무실동
apartment,5273f975b736250066284bae037a77503b9ab14d623f2fa25e2d2a3445aca58f,metro_city,m16_25,le20,dong,173,9,36,80,46,2,20.0,대전광역시,중구,용두동,,용두동
apartment,52781e1f8c1933655a27a31edc1281e14d58231aecc53e17b96c8f243b47741b,metro,le15,le20,dong,53,6,0,25,10,12,6.0,인천광역시,남동구,만수동,,만수동
apartment,5282e8ae69b03021efdac445c5c94624bf88799ab6482739c247fb5c9c459e9c,metro,le15,le20,dong,69,6,12,32,16,3,15.0,서울특별시,강서구,염창동,,염창동
apartment,528af35f9cdacffd1de7cc705b0e20f0ccd1d793ecfb6629599f62600dfb2203,metro,m16_25,m21_30,dong,110,5,17,61,26,1,23.0,서울특별시,용산구,이촌동,,이촌동
apartment,528b51894a023837453d276b794fc11902963d8107f6de292629d259ccbea8c6,metro,m16_25,m21_30,dong,271,8,67,100,87,9,25.0,경기도,시흥시,장현동,,장현동
apartment,5294aebb2aedead07c6cc4b01f9a02f65d11da2c7b49c2c1ccf13d877e478398,metro,m16_25,m21_30,dong,71,5,18,39,7,2,23.0,경기도,의왕시,오전동,,오전동
apartment,52a1ad85d57ce9589395872f243958c78d813bfd859792eb8bfe880c9ffbd85b,metro_city,m16_25,le20,dong,121,10,25,57,27,2,20.0,대전광역시,유성구,지족동,,지족동
apartment,52ab3d2c3735327499abe9e2879264c4d4f7aa8f7e4210e262862a8f1df68b24,metro,m16_25,m21_30,dong,87,6,21,36,23,1,25.0,경기도,포천시,신읍동,,신읍동
apartment,52b239f678cd9c3c55357e793f864517de9939ff22c5e2fa49513f0be041ae44,metro_city,m16_25,m21_30,dong,371,18,93,181,76,3,25.0,대전광역시,서구,관저동,,관저동
apartment,52c460766b3096066066ea4d2c718c024753676e52a1244c161e906e4c1723f6,metro,le15,le20,dong,98,23,0,35,16,24,5.0,경기도,오산시,가수동,,가수동
apartment,52c608c6a6acd2917bcf75e12fd47aa16ba0627b24ce4fa95959edc270f0add9,metro,le15,le20,myeon,139,19,32,44,41,3,14.0,경기도,안성시,미양면,,미양면
apartment,52d9969bb6393423fa251a365c3129f0f701d3ef879ef79ffac9a7789e43d45e,metro,le15,le20,dong,226,18,42,85,63,18,15.0,경기도,화성시,병점구,진안동,진안동
apartment,52dfe29f3599e9328f99d98ae38161c23666a9fad932856497ce390e235f3694,metro,ge26,m21_30,dong,548,22,159,250,105,12,29.0,경기도,파주시,동패동,,동패동
apartment,52fd98e092b672a867ffcefb8a5a65577e224a6e7511fee904742ba02ab68491,metro_city,le15,le20,dong,119,9,26,51,27,6,15.0,대구광역시,달서구,상인동,,상인동
apartment,5309994ad15562febe5988744a51a9b15d4d00804543766a5698267a24b23d4e,metro,le15,le20,dong,140,12,29,50,42,7,15.0,경기도,여주시,월송동,,월송동
apartment,5309d4924eea29b2c72a1c76d6b220d992647c07d364855f895d595418e3c5d9,other_urban,le15,le20,dong,76,14,0,36,14,12,5.0,전북특별자치도,익산시,영등동,,영등동
apartment,53199484b70727c24200fc3313a4f239cd5c10d867b5702abc81e00f7d5959cb,metro,m16_25,m21_30,dong,243,12,78,130,21,2,25.0,경기도,군포시,산본동,,산본동
apartment,531ff4d03d64bc04ae37ee642f8b5daffef8855b47119125d0db8c75a71d4774,metro_city,le15,le20,dong,143,9,26,63,35,10,15.0,대전광역시,동구,판암동,,판암동
apartment,532093c3f725f38ab3e623e12dda12c89b00e375d5b5e2057d345ba0f2559421,metro_city,m16_25,m21_30,dong,68,8,20,20,19,1,21.0,부산광역시,연제구,거제동,,거제동
apartment,53225a796f04e09056de62251702a382661caf9737654d84de7182ab4ddf2936,other_urban,m16_25,le20,dong,265,11,88,115,50,1,20.0,전남광주통합특별시,나주시,빛가람동,,빛가람동
apartment,53337854cf49cc0464abbf365768dd7b0e5d3885261c7585a55b697776cd28bd,metro,le15,le20,dong,81,6,17,30,20,8,15.0,경기도,동두천시,지행동,,지행동
apartment,533d56059f0ce0805bb5927f46d8bc8bb28130ac2dd7b0c575ecbd2efd54404c,metro_city,m16_25,m21_30,dong,174,9,49,64,51,1,25.0,부산광역시,사상구,주례동,,주례동
apartment,5340966f7ef6d76e9f460133ded13bb7be79ef0aac381b903b6e0b906cc5a8a6,metro,m16_25,le20,dong,241,16,52,99,63,11,20.0,인천광역시,미추홀구,학익동,,학익동
apartment,534314f9d161897fa3a4285bfeb66542cf516e7be7936cf657770e3c714783ce,metro,m16_25,le20,dong,122,5,33,46,34,4,18.0,경기도,수원시,권선구,금곡동,금곡동
apartment,5350398565bf38c228be8d5536a506de830f2b54992083e43b53713592e9974f,nonurban,le15,le20,eup,233,18,35,108,55,17,12.0,충청남도,천안시,서북구,성환읍,성환읍
apartment,5371749b5492b73acc41002312217e519bc0a9c367955d7243651a2b48eb7f08,metro,le15,le20,dong,69,6,16,32,13,2,15.0,경기도,고양시,덕양구,행신동,행신동
apartment,53737658106ee0689f50c14de018aa3d76ccb91fc3eeb3b5edcf40316e21f501,metro,le15,le20,eup,62,11,0,31,8,12,6.0,경기도,남양주시,오남읍,,오남읍
apartment,537e7231187fcea4425c99bb82b7ed76f99afccb1a7c1f33ef474ad35ab4f0b7,other_urban,m16_25,le20,dong,88,6,30,43,8,1,20.0,충청남도,계룡시,금암동,,금암동
apartment,538280586149149304614bff638e4cceb10301c1e7ff18e2b838cd3349f081c8,metro_city,le15,le20,dong,107,6,16,51,23,11,15.0,울산광역시,중구,복산동,,복산동
apartment,5388d830b212e2eb535b0cdc5632cbfcfff691b0d78a862098c783f88a5a6fe8,metro_city,m16_25,le20,dong,87,5,26,37,18,1,18.0,대전광역시,유성구,지족동,,지족동
apartment,53921579778c0f3126f36ffe92afcc2f4674380c1eb70b2c5d3910664675f848,metro,m16_25,le20,dong,97,6,25,38,24,4,20.0,인천광역시,검단구,불로동,,불로동
apartment,53993ff984e41797aa1010f9faab7dc299dc8d22ed2a492fa6d484e12837c5e8,metro_city,ge26,m21_30,dong,369,10,91,166,99,3,30.0,대구광역시,달서구,월성동,,월성동
apartment,539cc5a6b3222c113540a4cefcab033e225edfe682ec9ff754ce5a37993db73f,metro,m16_25,m21_30,dong,408,11,84,195,108,10,25.0,경기도,파주시,목동동,,목동동
apartment,53aa3b79d4998dbb832f39a48efaeaaa33db9f4edc1ffc894a3a35869accdb53,other_urban,m16_25,m21_30,dong,244,11,61,94,72,6,25.0,경상북도,영천시,야사동,,야사동
apartment,53d1c991ccf524f3f28bb47a56a7a65f0017fb25c6bcd62ff44d8934cff8ea63,metro,le15,le20,dong,130,15,24,50,33,8,15.0,경기도,파주시,동패동,,동패동
apartment,53d38317508dec4fe8ea92a93cf7ef19026325e5401f2533af395528264ce1f5,metro,le15,le20,dong,167,31,0,60,37,39,5.0,경기도,안산시,단원구,선부동,선부동
apartment,53d9d18e2d65c0192f5cabd3ac0107d17c9c677ce44cd905449bbfc2239be52f,metro,ge26,ge31,dong,112,7,39,43,21,2,34.0,서울특별시,마포구,현석동,,현석동
apartment,53dc96c9fc435842b0e4d188f4e0fd59023e790deda5ddcb866256924d3e4c8f,metro,le15,le20,dong,109,8,20,53,22,6,15.0,서울특별시,성동구,금호동1가,,금호동1가
apartment,53dd023087f8b260e0b53fc709d24ed293071e0206abe6c069f04a205b87bd0f,metro_city,m16_25,le20,dong,156,11,33,60,45,7,17.0,대전광역시,유성구,전민동,,전민동
apartment,53ea61e47902e52a49196a06a8b61c423c3e1d82785f61d8e91812fead95d429,other_urban,m16_25,le20,dong,145,7,35,60,38,5,18.0,경상북도,경산시,사동,,사동
apartment,53f27cc2bc73739d84ec63f614c772d0e2c9a9ec3d10e1d39735e79b8cbad3fd,metro_city,m16_25,m21_30,dong,123,6,33,39,36,9,21.0,부산광역시,사상구,학장동,,학장동
apartment,53f2f4bf51416156946dc20d5d0217afcd484ed0af94a12461779dc47f4f794a,metro_city,m16_25,le20,dong,152,6,46,57,36,7,20.0,부산광역시,북구,화명동,,화명동
apartment,53f982878997c0fa8cbfe4f1ab48d2a9cd87e255a687b5fa3a02e04834409233,other_urban,ge26,m21_30,dong,315,9,93,117,94,2,28.0,충청북도,청주시,서원구,수곡동,수곡동
apartment,53f9c53f094f73a70e27bbe7a4779489e7017f1bc799ee93b4b3a80901bc915c,nonurban,le15,le20,eup,76,7,14,32,16,7,12.0,강원특별자치도,고성군,간성읍,,간성읍
apartment,540d451f0025534d9b91258898de2271e17812447fc7b665b3e428037951b777,metro,le15,le20,dong,74,7,11,24,26,6,15.0,인천광역시,계양구,작전동,,작전동
apartment,540de3fb901805f06c7bcaa1fa0ff3291421550e50704090743b78a510e240dc,nonurban,le15,le20,eup,64,6,12,27,14,5,12.0,전남광주통합특별시,담양군,담양읍,,담양읍
apartment,54105ffa38d3f2b2d2e9056f8daa0f85005086c93c347e7701d23ade4ccaccae,nonurban,ge26,ge31,eup,357,6,85,152,111,3,34.0,경상남도,양산시,물금읍,,물금읍
apartment,541f3d264ed608537eb09415faa235ab0b32b865e4fc2b908b126a3c2258dbcb,metro_city,le15,le20,dong,116,7,23,60,24,2,15.0,울산광역시,동구,화정동,,화정동
apartment,542565f2914f5b4223fcd22e7c212ee33c8c46e09c5401a761459b44af270199,metro,ge26,m21_30,dong,133,5,36,69,22,1,26.0,경기도,부천시,원미구,중동,중동
apartment,54283bbb594b2b617b86c7612093d2dd90d3afe8ab50034a88275e56bce3410b,metro_city,le15,le20,eup,117,13,23,53,25,3,15.0,부산광역시,기장군,기장읍,,기장읍
apartment,543a96246bce77ac54cfb9a76dc6122ec27f5b3a1268ef6cffef5e14298e0900,other_urban,le15,le20,dong,86,7,17,30,27,5,15.0,전남광주통합특별시,여수시,신기동,,신기동
apartment,544195ecc7d5fd29f0a0e6a34cb8f1d588a4cb33162ec60bb3cbff358e672334,metro,m16_25,m21_30,dong,66,5,14,31,13,3,23.0,경기도,의정부시,호원동,,호원동
apartment,5445e405895903b5b195ad4c86ebcc2eb96a134fcccf6dcbfb569fcc7bd8ab1d,metro,ge26,m21_30,dong,363,10,73,174,101,5,29.0,서울특별시,서초구,반포동,,반포동
apartment,544b4560e523c223ed827c4de9ae48a63486246795a818d72be800fa4690a63c,other_urban,m16_25,m21_30,dong,233,7,48,94,75,9,21.0,경상남도,김해시,내덕동,,내덕동
apartment,5456d7506882b0bbbf47da3e78374eafba9aa6d778ac255b944a5235cae87854,metro,m16_25,m21_30,dong,204,12,73,99,19,1,25.0,경기도,성남시,수정구,단대동,단대동
apartment,54663aa502d08adea7c40685ebafa6c40d01893641e733ce8f92b79735d305c6,nonurban,le15,le20,eup,172,16,33,69,39,15,10.0,충청남도,천안시,서북구,성거읍,성거읍
apartment,5471bbdbe655cfd0654cc6c6b8a6f5f7e8e434bc4df52e5888e0826f199a2c68,metro,le15,le20,dong,274,14,56,121,70,13,15.0,서울특별시,노원구,상계동,,상계동
apartment,547e16a4b8c3aa8a643c10af7e2582af36d9677fa2b2bbed62a2ecea8b6049b0,other_urban,m16_25,m21_30,dong,275,7,65,126,70,7,23.0,전북특별자치도,익산시,모현동1가,,모현동1가
apartment,54834ff787cc1fdd0bf4254f1522cf1d6350b1ece8185fd4e5c42190e2b51a40,metro,m16_25,m21_30,dong,447,12,157,227,47,4,25.0,경기도,군포시,산본동,,산본동
apartment,548425873759d0fb4c3410c664db93b3f0a92d88a2df028068014baa99d7c66d,metro,m16_25,m21_30,dong,138,5,40,54,36,3,25.0,인천광역시,남동구,서창동,,서창동
apartment,54906b6057f305a7a8d490d6429a21a9db75fc3bc903d8996af8b60117fa0886,nonurban,le15,le20,myeon,90,9,13,38,26,4,15.0,전남광주통합특별시,여수시,율촌면,,율촌면
apartment,54982c0b2e2cbfe8914c827729c8ce1885fb69218e3e79963a1fc72a0bb27ef1,other_urban,le15,le20,dong,203,17,50,73,49,14,14.0,경상북도,김천시,부곡동,,부곡동
apartment,5499f62bcc7b60f6423435fa03686b3b87d5086071215037511941bd0f901a03,metro,le15,le20,dong,143,19,30,51,26,17,10.0,경기도,평택시,지산동,,지산동
apartment,54ac92406acdc1c823a0832030e7cec7f8eb39b9a9e4af24ca6f818d96906fc5,metro_city,m16_25,le20,dong,91,5,20,37,20,9,17.0,대구광역시,달서구,이곡동,,이곡동
apartment,54afc78686a78b9063c8388d3085e96c8d662fe6a9f895168f504ec9c513760c,metro,m16_25,m21_30,dong,381,18,136,188,36,3,25.0,경기도,의정부시,고산동,,고산동
apartment,54b057836714a89e03ef5e6b156a357bce8664e4698e579845831615eeb83596,other_urban,le15,le20,dong,103,8,25,42,25,3,15.0,충청북도,충주시,연수동,,연수동
apartment,54d2f4b291814656cf63e03829b4a4f578627ffe2dd6fe4446e7509af889077a,metro_city,m16_25,m21_30,dong,247,6,63,86,83,9,25.0,부산광역시,사하구,다대동,,다대동
apartment,54d8c44065a1a8bd1085f037ea07b2c545aeb06545005b951cc9d4470db44a23,nonurban,m16_25,le20,eup,107,9,30,48,19,1,18.0,전남광주통합특별시,무안군,무안읍,,무안읍
apartment,54e8d6b165fefea5c09462c469a0c5b56c532bf0ee644a309c7ed01087b82b8e,other_urban,m16_25,le20,dong,101,7,20,54,18,2,20.0,전남광주통합특별시,동구,계림동,,계림동
apartment,54ebdcae75fbdbc0bd8f72a53ad9c90cd18885da66996e3059b770112710f379,metro_city,m16_25,m21_30,dong,222,9,39,102,65,7,23.0,대구광역시,동구,신암동,,신암동
apartment,54f72bb8348d7ffcb43b0f76239a242c7dcd1e5a77c052e0f98f2dcc38a908fd,metro,ge26,m21_30,dong,282,14,95,120,46,7,29.0,경기도,하남시,망월동,,망월동
apartment,54fddd94f49f91f0c1089232ff3178f4613718535e0e68367356abd879272a70,metro,le15,le20,dong,203,18,43,90,44,8,15.0,경기도,화성시,효행구,기안동,기안동
apartment,54ffad66ad34a5a3958337f31bccc53b0cdcd696e7cd09e90f29bcec9fb292c7,other_urban,m16_25,le20,dong,123,5,23,56,28,11,18.0,전북특별자치도,전주시,덕진구,반월동,반월동
apartment,5509dc4a65e4bd754273a8134114826a6b6a3d05c9116c17a5788b50b4aff093,metro,m16_25,m21_30,dong,167,11,49,80,23,4,24.0,인천광역시,계양구,작전동,,작전동
apartment,5511e43a407cd97c84fdda0705fad5e045d47937d73207d2f427a2f22ae7e51a,sejong,le15,le20,myeon,62,5,0,25,22,10,5.0,세종특별자치시,,장군면,,장군면
apartment,551792cdda028a99a535dffdeb5c9cc81910637ff1075cc9111d463a8cd3f260,metro_city,le15,le20,dong,63,8,7,26,16,6,13.0,대전광역시,서구,내동,,내동
apartment,5529cb87bb42290ee6402d13893827b92c7a758f03fef00947279aa16b1fbcc3,metro,le15,le20,dong,60,6,11,24,18,1,15.0,인천광역시,서해구,검암동,,검암동
apartment,552ad52549271991edf40ff7b1c1b193a0a677471ed374668cc1ccca7f2beb01,sejong,ge26,m21_30,dong,216,5,90,106,14,1,29.0,세종특별자치시,,다정동,,다정동
apartment,552bf5fe7c56b3f2d8d77e8368152d8d064e6fe46a5b4812bdabed9da2b56719,nonurban,le15,le20,eup,97,12,25,39,19,2,15.0,충청북도,음성군,금왕읍,,금왕읍
apartment,553008c9219037d7553896ee80020d3f23c5020edcf7b986875dca329c3d1e34,metro_city,le15,le20,dong,98,9,24,30,29,6,15.0,대구광역시,동구,신암동,,신암동
apartment,5550323abe421742bbc7ad1fba1566e996733ea2d037c61270303f3f9156aba8,metro,le15,le20,dong,174,16,38,59,48,13,14.0,서울특별시,노원구,월계동,,월계동
apartment,555b9c4d5a4b12f5772d17c827bceb167e3de43be6a791271a53f82b33a57118,metro_city,m16_25,m21_30,dong,143,7,36,60,38,2,24.0,울산광역시,동구,전하동,,전하동
apartment,558e04854cff831a56a748a1c8bd43d81ea066ce751fc9f3bf13341a3c804419,nonurban,le15,le20,eup,190,28,47,63,27,25,10.0,충청북도,청주시,청원구,내수읍,내수읍
apartment,558f9955edfc133f3b0e419e4e9ca71cc84555a7d44938c05b5e276a030ae601,metro,le15,le20,eup,86,9,17,41,16,3,12.0,경기도,평택시,포승읍,,포승읍
apartment,559cf852fa2e3750b4704b239b9dde3444d1f9789b9e1093026c7d0bb6ec90da,metro_city,le15,le20,dong,110,11,25,33,35,6,15.0,부산광역시,사상구,학장동,,학장동
apartment,559e4ebf07562bb58259c8e910f74642b45cf75184733c79e87497053458a08b,metro,le15,le20,dong,123,9,22,49,37,6,15.0,인천광역시,연수구,연수동,,연수동
apartment,55a0892954502e10e91d74c98ad9ee2c5dce5c6deb783fe94a9c97aeca26d194,metro,le15,le20,dong,114,11,19,53,25,6,13.0,서울특별시,구로구,신도림동,,신도림동
apartment,55a5fb7df08cd0459741caca713c364d3ebf7e881321ab08cd75de178639b95a,other_urban,m16_25,le20,dong,96,6,25,52,12,1,20.0,경상남도,김해시,관동동,,관동동
apartment,55af9709fa5acb4a095dcbc377b358783416f29537ba0e5b68ef8aa1a111f74a,other_urban,le15,le20,dong,178,6,50,97,24,1,15.0,전북특별자치도,전주시,덕진구,송천동1가,송천동1가
apartment,55b147892e0b3e0bf7736cd565b776072435acf35d2463b8cdb1cfff5b07e48f,metro,m16_25,le20,dong,57,7,10,23,15,2,18.0,경기도,구리시,교문동,,교문동
apartment,55ba0ca09747d650bdbdd4babe9d08d1d54bea07301df0d78bd8c8ced3f51cb5,metro,m16_25,le20,eup,138,9,35,58,33,3,19.0,경기도,용인시,처인구,이동읍,이동읍
apartment,55c7209e2a62317a566a27e57693fc0a653c9b3956ac78a1185f95a850609668,other_urban,le15,le20,dong,114,7,23,52,25,7,15.0,강원특별자치도,속초시,조양동,,조양동
apartment,55d0f16a933bc36e7ca84cdeed2908bc5c70911f8dc6ffb74669f4c9dddc7ceb,metro,le15,le20,dong,95,18,37,27,11,2,15.0,경기도,안산시,상록구,월피동,월피동
apartment,55dd7edd8bf600a62a215036fd835e8d3073f2ad74910ad92575783e5a53d61d,metro,m16_25,m21_30,dong,228,7,65,106,45,5,25.0,경기도,안양시,동안구,평촌동,평촌동
apartment,55e367d6152fda1542cee55350202ccc15409e1462e417740db8e54feb7d91ef,other_urban,le15,le20,dong,101,7,18,44,30,2,15.0,전북특별자치도,정읍시,상동,,상동
apartment,55e6caec472c13505e30bfa10a0445d3e7acbce0f6f72628855f1155dcc4ab85,metro,le15,le20,dong,76,6,13,29,25,3,15.0,인천광역시,검단구,당하동,,당하동
apartment,55ebbf214d2d80d597f4b34d80699ded8a84a988c2f732953f39228233ee5314,other_urban,le15,le20,dong,167,13,40,82,28,4,15.0,전남광주통합특별시,광양시,중동,,중동
apartment,55f3a63cfc070b58654cfbd4a8dd19b550ecb8f89a14baa232551df92667cfb2,other_urban,le15,le20,dong,97,9,27,27,32,2,14.0,경상남도,사천시,용강동,,용강동
apartment,55f5d291f878351b4bd45b6c2b13ae8bdcc5dd1e001f2ce45d0ea0dd222371f1,metro_city,ge26,ge31,dong,109,5,30,56,16,2,32.0,부산광역시,남구,문현동,,문현동
apartment,56048df8e034aa704b7c385704d006e36a081aac6bbba093c4133a6733b12fa5,other_urban,le15,le20,dong,142,6,21,64,45,6,15.0,충청남도,서산시,동문동,,동문동
apartment,56182816aade16018d9f70e0f9004be6abcdaa84ad33669c5ce66e777c904f81,nonurban,m16_25,m21_30,myeon,201,6,40,96,53,6,25.0,충청북도,음성군,맹동면,,맹동면
apartment,5622b91b394838301783e67dcc872b2dc4de29b783b93a73ee04d6a537c3ecf9,nonurban,le15,le20,myeon,61,6,16,34,4,1,15.0,충청북도,청주시,흥덕구,옥산면,옥산면
apartment,562537397cc4496711bc82a80d08f480465e905c113311a705add5e01b64e5c9,other_urban,m16_25,le20,dong,349,14,68,157,94,16,19.0,충청남도,당진시,시곡동,,시곡동
apartment,5627768b53e7ad50ba5b0bf4dd35e58719434f553dc05fb336c885bfaf3c9876,metro,m16_25,le20,dong,107,10,36,48,12,1,18.0,경기도,구리시,인창동,,인창동
apartment,5629b5df0d27c44f19b7f2ce7f5a5a7d4b492615c67ee53b216abb860ca8ead5,metro,m16_25,le20,eup,134,8,41,58,26,1,19.0,경기도,포천시,소흘읍,,소흘읍
apartment,562c13caf4c6f35717f16a39dc3f1d5702d1b5686a7b237e27a116b3ceee0976,other_urban,le15,le20,dong,292,19,57,120,75,21,15.0,강원특별자치도,춘천시,퇴계동,,퇴계동
apartment,5631dabb74ec778b648195cd47ad23a42d4568c1c8dae99343560c6f607686cc,metro,m16_25,le20,dong,192,20,59,83,27,3,20.0,경기도,오산시,청호동,,청호동
apartment,5645c9c1e4de6ec023ad27ef97d1e48ab613b46994cdfd7610464493ba09f9f8,metro,le15,le20,dong,137,6,31,66,32,2,15.0,서울특별시,종로구,창신동,,창신동
apartment,5655ad678c6643ac8c2b1d1238562abf971a8a814f175decee8652c9a0d1d797,metro,le15,le20,dong,124,5,30,60,28,1,15.0,경기도,광명시,소하동,,소하동
apartment,5658d94cf9855220054692f1520a6de5ef06016bbd0af01a14689ad9aee326f6,other_urban,le15,le20,dong,60,7,16,22,10,5,10.0,경상남도,거제시,장평동,,장평동
apartment,566ad716368cf8180b116e8c9e3439344df4c0252d0b52d40abc38a9deb2d8d9,nonurban,le15,le20,myeon,201,50,0,73,37,41,5.0,충청남도,천안시,서북구,입장면,입장면
apartment,566c0993f7228ce33275df7e5efe43d9f3cbbcce40e019a44e1f567d412e0a4f,metro,le15,le20,eup,85,13,24,26,18,4,15.0,경기도,파주시,문산읍,,문산읍
apartment,566f8de187a612c8dc35d37f51bd574ec210f475e7fdb8f1272a58fe80cfcbd1,metro,m16_25,le20,eup,61,7,16,19,17,2,18.0,경기도,남양주시,진접읍,,진접읍
apartment,5687d24bb7e1bcb7bda86fd16d17e624a63d149c48870cd7208acf2a7b78a0c6,metro,m16_25,m21_30,dong,78,5,18,38,15,2,23.0,경기도,의왕시,오전동,,오전동
apartment,568a3f6e48409cf342e481c75cc9f73e36cb3eb9f5d0310231d1a83e8222b804,metro,m16_25,m21_30,dong,220,10,63,108,37,2,22.0,경기도,의정부시,호원동,,호원동
apartment,56bb28271f25cef9e4ca0c4c31e1c02e4d9c418781cb631ce99e438dbf16e49f,metro_city,ge26,ge31,dong,199,7,95,67,29,1,35.0,부산광역시,수영구,남천동,,남천동
apartment,56c6829206afbbd534e5b0f13b08fd81564c642f0cd2b6fcfae8eabfc538d2fa,metro_city,m16_25,le20,dong,167,16,47,53,49,2,17.0,대구광역시,북구,동천동,,동천동
apartment,56c92cbd2b2566ca82e8db0028e9e46360bb9d7b5252e11ba2863573aa68fb0c,other_urban,le15,le20,dong,208,14,47,75,59,13,15.0,전북특별자치도,전주시,완산구,평화동1가,평화동1가
apartment,56caee305c4bdab8c86ecd9cf41647fb4b139eedb7b233a8edfb877363eea4e9,metro_city,m16_25,m21_30,dong,175,5,36,77,54,3,25.0,부산광역시,해운대구,반여동,,반여동
apartment,56d2088d8d1842b5a51ef9c0d4674c99501ea8b40cbcbf30085354b0929bd2f9,other_urban,le15,le20,dong,153,15,30,67,33,8,15.0,전북특별자치도,전주시,덕진구,인후동1가,인후동1가
apartment,56d507a9859bfae95dc2384468d8e9505c7d662ed0fac1e21905fd455f08127c,metro,m16_25,le20,dong,269,12,86,132,37,2,20.0,경기도,고양시,일산서구,일산동,일산동
apartment,56e97f9acd895866b7ee74b8af943bcbc77b147b2d773f66af7ef603a20c654a,metro_city,le15,le20,dong,177,13,33,71,50,10,15.0,부산광역시,북구,구포동,,구포동
apartment,56fc3917e5233d963ece6d253cbd64ca5c3850fa95ea5849f905ecfc621f56b5,nonurban,le15,le20,myeon,586,33,119,240,162,32,15.0,경상남도,진주시,금산면,,금산면
apartment,56fece1a8f0460b203903de486b64d03549d44a6923ab090f36e004da5b6ffa7,metro,m16_25,m21_30,dong,73,6,11,30,22,4,23.0,서울특별시,동작구,대방동,,대방동
apartment,56ffcaf069734da5469577915455535fea867af45f0f90e766fd8667cac088d3,other_urban,le15,le20,dong,85,12,17,27,25,4,15.0,전남광주통합특별시,광산구,산월동,,산월동
apartment,5717f39559d2f45098c1d343eaf35a95258e853e1e11c672082f032578f18900,metro,m16_25,le20,eup,144,5,31,75,31,2,20.0,경기도,파주시,조리읍,,조리읍
apartment,571920418e6dacae4c6667798c1d9f6d7dd52f611c543a5e4547792ea61756b7,nonurban,le15,le20,myeon,107,24,0,33,21,29,5.0,충청남도,아산시,둔포면,,둔포면
apartment,572237c4943a03060e3173104a3855226c1dd2e93fecd91943086eae5a058367,metro,m16_25,le20,eup,348,19,79,133,91,26,17.0,경기도,여주시,가남읍,,가남읍
apartment,572d91ca65aaa030af632b4184cdc82d804a2d7792a8e10da790bc3bc82d60fb,nonurban,m16_25,le20,myeon,154,9,43,78,23,1,18.0,충청남도,계룡시,두마면,,두마면
apartment,572de4b6ffa0c3de6e84ec8778cd4f9f507b9ac047421fe623d181f51e5b1033,metro_city,m16_25,m21_30,dong,141,9,30,61,39,2,22.0,대구광역시,수성구,만촌동,,만촌동
apartment,5731313918f131aa8ba26ce0a02d13096171346d8656cb4dbc14c6ad5e8a7127,metro_city,m16_25,m21_30,dong,95,5,27,32,26,5,24.0,부산광역시,사하구,감천동,,감천동
apartment,573327bccd8ac78a4610daf2be3a469dcf9767475d3c5243d3181dc19731eb50,metro,le15,le20,dong,76,5,16,38,14,3,15.0,서울특별시,도봉구,방학동,,방학동
apartment,5745af54fbb04eca59e81be16c3b3f2c1f4ec05b643c9e6f37251e2d038a8b4b,other_urban,le15,le20,dong,80,6,29,21,23,1,14.0,전남광주통합특별시,서구,농성동,,농성동
apartment,574604a2c0f9215ba24dfa7ae523a8f98b286b2923c4a10e77620929fd276fda,other_urban,m16_25,le20,dong,130,6,42,55,26,1,20.0,전남광주통합특별시,순천시,연향동,,연향동
apartment,5748a937052fcfac2c2b59e8a82589298994f668377b1c2419feca59f24ff8ef,other_urban,m16_25,m21_30,dong,263,6,76,102,75,4,24.0,전남광주통합특별시,동구,산수동,,산수동
apartment,57497ff426abb9ccddb534f2823c980f6d19cd888adcffd4e9fdb7f9737c1a2b,other_urban,m16_25,le20,dong,104,7,30,40,24,3,17.0,전남광주통합특별시,순천시,조례동,,조례동
apartment,574e4565342be02c4548d00b71dbead959e50c402a6257ea4c7bb372eeffdaba,metro,m16_25,le20,dong,133,10,29,67,26,1,19.0,경기도,고양시,덕양구,화정동,화정동
apartment,574fc62cd7c4901a4dd078735ebbae5c4a34b0ea58ef2b3a2251d79db049811b,nonurban,le15,le20,myeon,82,6,15,39,17,5,15.0,충청남도,계룡시,엄사면,,엄사면
apartment,5757b771f237b3e53404fc83388ef792474614e3b663b65667cd4f9700b19ba6,metro,ge26,ge31,dong,452,10,110,216,112,4,32.0,경기도,고양시,일산동구,중산동,중산동
apartment,5779c9bdbce0b7456f3f44d88a3419c433e6efc3a4f2dcf7ab323c6fae598548,metro,m16_25,m21_30,dong,111,6,44,49,10,2,25.0,경기도,부천시,원미구,상동,상동
apartment,5789a56b051075d85b33e066202678dbec345f74170b1a63d18bb58eb0466f46,metro,le15,le20,dong,207,22,35,73,57,20,14.0,서울특별시,마포구,성산동,,성산동
apartment,5793af3bd44a5499c902420f1008587406ab8514cf7449616b608598486ae660,nonurban,le15,le20,eup,164,13,45,58,46,2,15.0,전남광주통합특별시,화순군,화순읍,,화순읍
apartment,57aa1be58df7dc1ca491bd88e1acde5501ddee63623ac46d5071a94759cf54ba,sejong,ge26,m21_30,dong,251,7,86,130,25,3,29.0,세종특별자치시,,새롬동,,새롬동
apartment,57b6dce4d12928da5e0f468c5d4dc6f56b09ce782b73530e81b6654b1b0999a2,metro,le15,le20,dong,80,15,0,23,16,26,5.0,인천광역시,연수구,청학동,,청학동
apartment,57c00345894a1110d600706c936597b0123d8314183167209fea2465045e216d,metro_city,le15,le20,dong,159,11,30,66,42,10,15.0,대전광역시,동구,판암동,,판암동
apartment,57c3edb33f705a2277523fccd6d57aa4dcd2777e958703c100aaff4859addcbb,nonurban,m16_25,le20,eup,204,6,38,91,64,5,18.0,충청북도,청주시,청원구,오창읍,오창읍
apartment,57c66ec131167eb82c0403e89f4d1c176c62b990cdeaa9f3b26a0e7b66add6cb,nonurban,le15,le20,eup,126,6,26,58,32,4,15.0,경상남도,창원시,마산회원구,내서읍,내서읍
apartment,57caa3c7d182ec42e94f3469a6d81870117bd501af6f9a981a87056801405ab7,metro,m16_25,le20,dong,273,7,73,111,68,14,20.0,경기도,군포시,금정동,,금정동
apartment,57dea7f8aef684d8e805b19dd7f7a5c53a599c6b2e283b9ccae789386a924280,metro,m16_25,m21_30,dong,139,5,44,62,25,3,21.0,인천광역시,계양구,작전동,,작전동
apartment,57f18aab7c6e76512755cd7d42769b988d7f8571018d545d6ad7b69e54dcc744,metro,m16_25,m21_30,dong,101,7,23,44,25,2,24.0,경기도,용인시,기흥구,공세동,공세동
apartment,57f8bc00d5ee0757d30a5e2151bd986d327b8f178024e9b47bf123e3a10afaae,metro,m16_25,m21_30,dong,175,9,54,69,40,3,24.0,경기도,평택시,비전동,,비전동
apartment,57fc0ae58e26bf98c1179989dc059ab545ea6e73ec9b07e25b08ffc880cdcf47,other_urban,m16_25,le20,dong,105,6,31,50,16,2,18.0,강원특별자치도,춘천시,칠전동,,칠전동
apartment,581eeaac8c9bc6a5e53ec4d2cb4f7e968e5359beca75856684ab6703bcb9acf3,other_urban,le15,le20,dong,96,8,14,41,28,5,15.0,경상남도,김해시,지내동,,지내동
apartment,582a345ffbcbdc3dde7a106c80514a755012c45b3c9e93be21e1f8c37155cb75,metro,m16_25,m21_30,dong,75,5,16,24,26,4,22.0,경기도,수원시,장안구,정자동,정자동
apartment,58367528d86f2e282e65213cec6f65bea5491fa4992214680f7d6eed08ea52ff,nonurban,m16_25,le20,myeon,50,5,12,21,11,1,19.0,강원특별자치도,평창군,대관령면,,대관령면
apartment,583e9b894548e8a6904749d2c41ae69b52376c72bae11c830e1eaee5177ac848,metro,m16_25,m21_30,dong,88,6,22,41,17,2,25.0,경기도,구리시,교문동,,교문동
apartment,583f21ef5f713f1a4c85865ef6654203dbbc281e085fea87f9e9f4f7322d2ba5,other_urban,m16_25,m21_30,dong,991,25,230,386,324,26,24.0,전남광주통합특별시,광양시,중동,,중동
apartment,5846a2f6e08b1508687ac1e58d90c90e9ce4a8f6c921a9df3743646f4dde378b,metro,m16_25,le20,dong,127,7,39,45,32,4,20.0,경기도,용인시,수지구,성복동,성복동
apartment,584c91b0850bcb1807b916d4deedf8e9a6d245d343755639797951a807360cdd,metro_city,m16_25,m21_30,dong,131,9,31,74,16,1,23.0,대전광역시,서구,복수동,,복수동
apartment,585f340b75f76b768d7fae684129c78c627067628e6984d30e02ce959a27517f,metro,ge26,m21_30,dong,324,6,70,151,89,8,29.0,인천광역시,미추홀구,주안동,,주안동
apartment,58615689c4d42f2a13861b14c26ed3b5d870dae4ccfef332afcd482635dcffdb,metro,le15,le20,dong,135,7,21,55,42,10,14.0,서울특별시,송파구,오금동,,오금동
apartment,58619a8d0ac412362d560fcf309d5c6dfc72315ef8e3eb03d545bc2fa3dabc24,other_urban,m16_25,le20,dong,105,6,32,34,29,4,20.0,경상남도,밀양시,삼문동,,삼문동
apartment,5876223f0b7d41a3208f1f747c81e5920dc3a7537f94778ab7042f3e3b7751b0,metro_city,m16_25,le20,dong,63,6,15,25,16,1,19.0,울산광역시,남구,옥동,,옥동
apartment,587b2595b8380cfb50b24a86d7300c9556cae415a3cdf34909ea06358e3c9f50,metro_city,m16_25,m21_30,dong,137,6,44,66,16,5,23.0,대구광역시,동구,각산동,,각산동
apartment,587beed04f07b4b18376cb97d0510e25650869ab2e8fd4e29e77f2a25923ba32,other_urban,le15,le20,dong,114,6,20,56,28,4,15.0,경상북도,구미시,구평동,,구평동
apartment,5881d1b4af6b8fa4a0abe3bb4f127878db6a2c212026d8c3d71a6df7f9b7d0ed,metro,le15,le20,dong,131,11,27,61,26,6,15.0,서울특별시,동대문구,청량리동,,청량리동
apartment,5883f902e90d64ea89cbb1612e7fc32e6d25dcb3115be28e5abc1c1f2d37524d,metro,m16_25,le20,dong,62,5,12,36,8,1,19.0,경기도,고양시,일산서구,일산동,일산동
apartment,588e74a3288e994b6f3b38034bc2329cb9ba37b368f249cce710d7f805303dd6,other_urban,m16_25,le20,dong,78,5,18,31,22,2,20.0,충청남도,아산시,방축동,,방축동
apartment,5896379e89a112c2ec45d5bc3c71cd16c94161e24550adf5689eeb51327ae43d,nonurban,ge26,m21_30,eup,176,6,54,93,21,2,29.0,경상남도,양산시,물금읍,,물금읍
apartment,58aa5be80b2a89d508544a86f7f70020b3dc54f57dab0ac53314a6c3d9822abd,metro_city,le15,le20,dong,378,17,66,164,105,26,15.0,대전광역시,서구,월평동,,월평동
apartment,58af0c07deda5e684e79e4bf5d01640811870f4f09d607e32dc7ee7d75b6871f,metro,le15,le20,dong,80,9,15,39,15,2,15.0,경기도,파주시,금촌동,,금촌동
apartment,58bd25a511bea22df12a8b62c4a619646cd9aad39d22b4a4fcf905b543081e3a,sejong,m16_25,le20,eup,184,5,45,72,50,12,20.0,세종특별자치시,,조치원읍,,조치원읍
apartment,58c45c11f6a47c0876fa77a501df2a8e8c681e68b68419eedc745fb5fdfa164b,metro_city,le15,le20,dong,68,8,14,30,8,8,13.0,울산광역시,북구,화봉동,,화봉동
apartment,58ea5f45b8b6ea655d535f4124e4f40a720f3f83db2d4081b37233ac4a246b29,other_urban,le15,le20,dong,136,14,0,64,34,24,6.0,경상북도,상주시,낙양동,,낙양동
apartment,58ff83787a1a442506a403ca5921252d515e7b728f6a99a23f114d3a63065744,metro,le15,le20,dong,125,21,28,40,32,4,15.0,경기도,동두천시,생연동,,생연동
apartment,5911e3a91630b003aee9c5bdbfe6b876980a49a81de9c6e85b5be85c6947218c,metro_city,ge26,m21_30,dong,338,7,100,164,66,1,29.0,부산광역시,강서구,명지동,,명지동
apartment,5916812bbe6938d6b02f9e8fe985ce0797994665fd7fdc1653a47724202eabb4,other_urban,le15,le20,dong,305,17,64,122,71,31,15.0,경상북도,안동시,옥동,,옥동
apartment,592026549cbd076d9f854d18f754a90ed192cb8f02076ed732cf01dcafde213f,metro_city,m16_25,m21_30,dong,188,7,38,88,50,5,23.0,대구광역시,동구,신천동,,신천동
apartment,5926780ca9e409124485c53c3416850346eb1527bd95669972427b9590603755,metro,m16_25,le20,dong,114,7,27,51,25,4,20.0,경기도,용인시,기흥구,언남동,언남동
apartment,59395b5f906ad0adf6c2fc7068fa672da2801169838c58b7ad7af6c347c894ed,other_urban,le15,le20,dong,55,14,0,19,9,13,5.0,강원특별자치도,강릉시,입암동,,입암동
apartment,593bb6ee29be0f437e9c4643125eb260b3c3fc2e9ee82754ce1508e4bdd8af8b,nonurban,m16_25,le20,eup,97,6,24,45,20,2,18.0,경상남도,함양군,함양읍,,함양읍
apartment,59429f612f1920ba2c03750898df95dbe5fdc2cd577d11d258fbee8bbccb599e,other_urban,le15,le20,dong,131,8,30,57,31,5,15.0,경상남도,통영시,무전동,,무전동
apartment,5954bebfedd0fa5ffc8505cb04b218ba55aa587def0d428957a735fc20991a94,metro,m16_25,m21_30,dong,311,16,84,147,63,1,25.0,인천광역시,제물포구,신흥동3가,,신흥동3가
apartment,5956447571718b32752fdfb8f44dada88e7d00b059f58b927e7e656377e13be4,metro,m16_25,le20,dong,91,6,17,57,10,1,16.0,경기도,수원시,권선구,금곡동,금곡동
apartment,59583d2cbe0f49f89a0bb2ee26fb8a2a2805dd941e8ed2073d61585794313143,other_urban,le15,le20,dong,85,7,21,37,14,6,15.0,전남광주통합특별시,북구,문흥동,,문흥동
apartment,595973b26315ce810869b2c972611f7d59906e209cd9932fd3b5c6070347c081,metro,le15,le20,dong,218,6,45,90,60,17,15.0,인천광역시,검단구,금곡동,,금곡동
apartment,59603c5386d3d1bcf6a2749f1d7d2459bd68a856a70ad77fc292d06830e15546,metro,ge26,m21_30,dong,403,5,100,196,96,6,29.0,경기도,남양주시,다산동,,다산동
apartment,5963da00aee5047141d1f583deb1fc70ac4a06ba8429066e130f4bb4dc491942,metro,le15,le20,dong,94,5,24,46,17,2,15.0,서울특별시,중랑구,면목동,,면목동
apartment,596408ca7793aff9b91dabca6a294eb446c5f80413fc0aac68df7342d0ef1729,metro_city,le15,le20,eup,90,5,16,37,29,3,15.0,울산광역시,울주군,언양읍,,언양읍
apartment,596832c25eeac6ef3759ca6039d45bf091147b174f469477393a9c253319cc8c,other_urban,le15,le20,dong,80,13,11,21,22,13,7.0,제주특별자치도,제주시,화북일동,,화북일동
apartment,5978cb06c0d868da51b76f075d25f988a284aaa57a44285517279b472aa4f407,nonurban,m16_25,m21_30,eup,199,5,53,106,34,1,25.0,경상북도,구미시,산동읍,,산동읍
apartment,597f078171f067a79935bd7ecb2e3863069b2800fd1ad20dea9e099df34b646f,other_urban,m16_25,le20,dong,89,6,14,49,18,2,19.0,전남광주통합특별시,순천시,조례동,,조례동
apartment,5984d4507c7ff30a45b337e92d3a83faa54c1a00ddd617e57b1e8562b4a8d3e4,metro,m16_25,m21_30,dong,174,8,62,68,32,4,21.0,경기도,성남시,분당구,구미동,구미동
apartment,59863f58e59114837ed05e190de323996d156f379bd7dd8886c8cd5cdbd01e73,metro,le15,le20,dong,71,5,17,28,20,1,15.0,서울특별시,도봉구,쌍문동,,쌍문동
apartment,59871a25acc763605342e4076fcb424034c18bf40e333a6fbba00de918535f12,other_urban,m16_25,le20,dong,114,6,30,59,16,3,19.0,전남광주통합특별시,서구,금호동,,금호동
apartment,5992b5561f3d0a72f15ca3c6538fa3891eb547b8855c93eaf6f98841e838b44f,other_urban,le15,le20,dong,123,6,21,45,40,11,15.0,전남광주통합특별시,광양시,중동,,중동
apartment,5994fa961f48a0e79d5183fd8af6699167c1e99fcf652419e897a9a1dd65fac2,metro,ge26,ge31,dong,491,12,149,226,101,3,33.0,인천광역시,연수구,송도동,,송도동
apartment,59982497ae33c52e9cb763f6de6b62f9a2b77185c2eb8f5580c425634638a2c6,nonurban,le15,le20,myeon,80,15,0,44,9,12,6.0,충청남도,서산시,음암면,,음암면
apartment,59992dfbf989826f0044db0676fe6382dd848ff5c9950d279e2939bf484043a4,other_urban,le15,le20,dong,225,14,44,87,57,23,15.0,충청남도,아산시,용화동,,용화동
apartment,59a7336c72006d6662d2b63a609cafc9afd604cf9467c3c909057936a0c98583,other_urban,m16_25,le20,dong,394,24,103,168,74,25,20.0,전북특별자치도,전주시,완산구,평화동2가,평화동2가
apartment,59a8fae5f9d57d9dfd95549626e3f556bea5854a8b2c6c3f6cac98519d628daa,metro,le15,le20,eup,101,5,22,35,27,12,15.0,경기도,용인시,처인구,이동읍,이동읍
apartment,59abc31e77bf0b25cb1a96e75b850e788012991b3bcca851906f8334c7673c58,other_urban,le15,le20,dong,50,9,0,16,9,16,5.0,전북특별자치도,전주시,완산구,삼천동1가,삼천동1가
apartment,59b430d57181ffc8465e0bcc3f14ba8af27f38e733f6f6926aae0239138a5a80,nonurban,le15,le20,myeon,75,6,11,34,16,8,12.0,충청북도,청주시,흥덕구,옥산면,옥산면
apartment,59b79abea06e169ba4786b9032384937249a5bf36c6deba3a78a74d555531dfd,other_urban,le15,le20,dong,117,11,26,39,33,8,14.0,경상남도,양산시,북정동,,북정동
apartment,59b93f4d0b1785508b38a50982605b4ee802aa28626bb89e2138a0dac711fb85,metro,le15,le20,dong,124,7,23,51,35,8,15.0,서울특별시,중랑구,상봉동,,상봉동
apartment,59cf70932672d7c4d0581ca9a3d737cdc5ec3faadd83e7908ad086f4965dbe57,nonurban,m16_25,le20,eup,238,15,53,80,74,16,17.0,전남광주통합특별시,광양시,광양읍,,광양읍
apartment,59e97b7063b5a11b3939d8da77376a69ee85a5092b98c9d28f22c9d639b05bf9,other_urban,le15,le20,dong,140,7,33,58,40,2,15.0,충청북도,청주시,서원구,산남동,산남동
apartment,59fccaf931270211444bcdebffe8c19004ae6c0a39dd5d10fbd814ad0f58c340,nonurban,le15,le20,eup,118,6,18,61,27,6,15.0,경상북도,칠곡군,왜관읍,,왜관읍
apartment,5a102d43eeb9a848da28dee615e92c08b1ca324a168242ec67b49c99f481c52e,metro,le15,le20,dong,144,7,48,67,21,1,15.0,서울특별시,송파구,잠실동,,잠실동
apartment,5a17d51e250655ee281a2d59e5239ba045006949ca140d60edf35acca18a5c77,metro_city,le15,le20,dong,276,12,54,112,72,26,15.0,대전광역시,서구,월평동,,월평동
apartment,5a181a546f33e72dbb005eb25efb0ae4f8ff7f74adddb55962abd5740b041ea6,metro,ge26,m21_30,dong,240,7,54,113,60,6,27.0,경기도,수원시,영통구,하동,하동
apartment,5a20a2fea98c00cc6a2c3e46656785cb6009ccb5f3f57023a2d07587555a38fa,metro_city,le15,le20,dong,58,5,11,18,15,9,10.0,울산광역시,동구,화정동,,화정동
apartment,5a2931bf253413267cd260c63c66d10837b33210f0636dbecc4c3e3f6b1cca09,other_urban,ge26,m21_30,dong,346,8,84,156,95,3,28.0,전북특별자치도,익산시,모현동1가,,모현동1가
apartment,5a2b28832b15ebfdfedfbdd21c244a653064760e9cf26c74f5aa04e27c159cdc,other_urban,le15,le20,dong,71,22,0,21,18,10,5.0,전남광주통합특별시,광양시,금호동,,금호동
apartment,5a2ce8811eb1b4ee141dcbb8e95d2f093b4a73ef7318d13a6ee694de15dfe4ab,other_urban,le15,le20,dong,166,9,40,64,42,11,15.0,충청북도,청주시,상당구,금천동,금천동
apartment,5a2d6d9bdea0449b2ca3bd494a42fb6efed88ad45c0ff033ec5a259ec97e0fe7,other_urban,m16_25,le20,dong,189,6,60,75,36,12,20.0,전북특별자치도,군산시,수송동,,수송동
apartment,5a302fbf30ffadfbe97e469609c1d13af4e6691e06442088e78919ddd3b1b6dd,metro,ge26,ge31,dong,454,10,247,163,33,1,35.0,서울특별시,서대문구,북가좌동,,북가좌동
apartment,5a3861d07b183e88c3e17153b17fdfef8e8153b2850311d6b17b30c2393abef7,metro_city,m16_25,m21_30,eup,155,7,45,76,26,1,22.0,울산광역시,울주군,언양읍,,언양읍
apartment,5a3c5f1479df124423c5c6d9ba5d21ead0e87808eb21b39b788d7fdf1da7e323,other_urban,le15,le20,dong,148,8,24,67,36,13,15.0,전남광주통합특별시,북구,문흥동,,문흥동
apartment,5a46206bb29378c5a8172b943b713be65e8cbcfb887aebc6bc6d6bbacb207ee5,metro,m16_25,m21_30,dong,273,19,78,116,57,3,24.0,서울특별시,강북구,미아동,,미아동
apartment,5a472cb779f6f5fdef73581b1e762a575269c1c5ce913b7eb31d03fc9df520b8,other_urban,le15,le20,dong,141,12,27,60,36,6,15.0,충청북도,청주시,청원구,사천동,사천동
apartment,5a53180c9a0fc5a60d282fe944ca22b5d7e2cc08cf7663983ecbae232423a91e,metro,m16_25,le20,dong,94,9,17,43,20,5,16.0,서울특별시,동작구,흑석동,,흑석동
apartment,5a5498b395ac391c9d3d17d8ef245a2560d17aca61026e7a64af82f3a235081b,metro,m16_25,m21_30,dong,380,11,110,161,96,2,24.0,서울특별시,강남구,도곡동,,도곡동
apartment,5a5f89b599ce8b4293feaa64814202fcf44193de7f064d7d77b7055320fec33a,other_urban,m16_25,le20,dong,192,7,44,72,52,17,20.0,충청북도,청주시,서원구,분평동,분평동
apartment,5a74b2b0eb12167db46f9e7c1febc1ee6cf905c24e82e603a053f51e5e484a45,nonurban,le15,le20,myeon,161,12,31,69,38,11,15.0,충청남도,서산시,음암면,,음암면
apartment,5a7d0b8ddfd0dd52ae26d4a146d40ee1bda636f7d5fb4cb0bd2120a5a030df70,metro,le15,le20,dong,204,21,47,82,38,16,10.0,인천광역시,연수구,동춘동,,동춘동
apartment,5a93f38ac1d0be94e9c4d42c902768f09d35f8a5809374263d5ec81e48fd217f,metro,m16_25,le20,dong,290,15,72,115,81,7,20.0,경기도,수원시,영통구,영통동,영통동
apartment,5a9d80602bae2ea058acefc87f2ea822b8f822c4bc15df2b06f5584c294dbe86,nonurban,m16_25,le20,eup,83,5,23,36,18,1,18.0,강원특별자치도,고성군,간성읍,,간성읍
apartment,5a9e92d555ec978c33343839dd70e28c55b7dcbeae35fa2ad6bf1aa6368882ab,nonurban,m16_25,le20,eup,76,6,17,24,28,1,19.0,충청남도,논산시,연무읍,,연무읍
apartment,5ab0422ff2122a6272893a0b0527aec4a8831a9e173ebd97ed20a4bb8b4c451b,nonurban,le15,le20,myeon,65,12,9,15,16,13,7.0,충청북도,진천군,광혜원면,,광혜원면
apartment,5ab60976bc204c0d1a76b268e16495f1104a15514fa3161e2d36ed27d754d1fb,metro,m16_25,m21_30,dong,244,12,63,116,49,4,25.0,경기도,화성시,동탄구,산척동,산척동
apartment,5acf9dd0aa0f6fa2546252b8306a252fb13b8f7453855a0971e195efa6fa2ebb,metro,le15,le20,dong,81,7,6,32,29,7,12.0,인천광역시,남동구,간석동,,간석동
apartment,5ad50f9c669a36fafda455ade627590a2f236214fcf8c9da428272927e47a8ea,other_urban,m16_25,le20,dong,174,12,37,67,44,14,18.0,전남광주통합특별시,서구,치평동,,치평동
apartment,5ad8035eeaca775cb4c509bfebc6a923d7f6709c9cc8c106bc46630f0991f3e1,metro_city,m16_25,m21_30,dong,230,8,58,95,57,12,25.0,부산광역시,사하구,다대동,,다대동
apartment,5ae97f563e53ae3f092dbb9193811c0025080c71c091495016946c8d341f6be0,metro,m16_25,le20,dong,87,8,25,45,7,2,20.0,경기도,남양주시,호평동,,호평동
apartment,5aecd867d717ff9d27076a82b37c8ce78f1759a6b030096748233352b8467e2d,other_urban,le15,le20,dong,61,14,0,21,14,12,5.0,경상북도,포항시,북구,두호동,두호동
apartment,5af0b4c9296b3d74a1ed59e8cb929090ce321461dcf1e0a925c2459141e29226,metro,m16_25,le20,dong,174,9,48,84,31,2,20.0,경기도,용인시,수지구,상현동,상현동
apartment,5af900f69d3a1dbe3cf8e9596406dd78a93290d0bcc393f01340d879e4b6e991,metro_city,le15,le20,dong,146,12,21,59,43,11,15.0,대전광역시,중구,문화동,,문화동
apartment,5b139426c9bc14dd99a73e3d9ca581c2acde06ee3606710ddf00e62858848c8e,metro,le15,le20,dong,130,10,28,40,37,15,15.0,인천광역시,남동구,만수동,,만수동
apartment,5b1662703b01a48a9fc4042188c17ea817c8ba1cc31d514faa480c220eb105d8,other_urban,le15,le20,dong,67,11,0,25,14,17,5.0,강원특별자치도,원주시,명륜동,,명륜동
apartment,5b17951528470b0ef9b7bcdb8edd6619613383fdb0e3a10139cecea95c7eb621,metro,m16_25,le20,dong,90,7,28,32,20,3,20.0,경기도,파주시,금촌동,,금촌동
apartment,5b2a42531509edf91cba7ab7728b4dfe6db85b91fab2fa96c2f17850dc4a7325,nonurban,le15,le20,eup,60,7,12,20,18,3,15.0,경상북도,칠곡군,북삼읍,,북삼읍
apartment,5b3ca93bd417dfffdf7c91480057acc0ae96b64af883c58cb7e71fd377c7e77a,other_urban,le15,le20,dong,175,13,29,66,53,14,15.0,충청북도,청주시,서원구,분평동,분평동
apartment,5b42140c59fb4474c6ebaf441e183346251f88dc21a61fad2e279f010a4af81a,other_urban,le15,le20,dong,76,6,21,26,20,3,15.0,충청북도,제천시,천남동,,천남동
apartment,5b472c7f45d14ada29ca584cc21225ba97604ac498ed27e8f5e5613b0d9d1e4b,metro_city,ge26,ge31,dong,504,12,166,240,85,1,40.0,부산광역시,남구,대연동,,대연동
apartment,5b4a90bda17d4b62e58cdbf99e0077fd32a80fa54b44e72c9f8a0db378ca743c,metro_city,m16_25,le20,eup,288,12,81,106,73,16,20.0,부산광역시,기장군,정관읍,,정관읍
apartment,5b7682413313c89b9e4efac241a50661c819667c97fdf9aca2153289130311c8,other_urban,le15,le20,dong,175,11,42,67,41,14,15.0,경상남도,김해시,외동,,외동
apartment,5b822d4e42241784d6deabc7c3748476827f4c3abed1227d0a25e2f5a61ad5f6,metro_city,le15,le20,eup,76,5,18,35,17,1,14.0,울산광역시,울주군,범서읍,,범서읍
apartment,5ba7d35bc1f84fffcdfa443fcf3ef52fb50e084545024bdf1fba80ddb196473e,metro,m16_25,le20,dong,321,19,85,160,53,4,19.0,경기도,용인시,수지구,풍덕천동,풍덕천동
apartment,5bb121c0dcbdcff7e3f22ec602da3e90160cf6add78d8d44e4db8475cba682ca,metro,ge26,ge31,dong,288,17,103,152,15,1,33.0,경기도,안양시,동안구,호계동,호계동
apartment,5bb22e9afd215b34d8f74fd7d6131e8696181ea2cf47e5eccd34fc6358096895,other_urban,le15,le20,dong,67,5,18,25,15,4,14.0,충청북도,청주시,상당구,금천동,금천동
apartment,5bbc1220dbb6969f7fbc81e1ba857804e78ab6abf0163de772ee576b17f81b18,other_urban,m16_25,le20,dong,146,7,44,59,33,3,20.0,전남광주통합특별시,여수시,봉계동,,봉계동
apartment,5bbdfac7fc300742e56eab5920ba0074569c405866d925031971ca2083ea3f7f,metro,m16_25,le20,dong,392,11,106,199,68,8,20.0,경기도,고양시,덕양구,행신동,행신동
apartment,5bc6e7be9d727d1e36c5b07b41cf744b090503275729bdcc92cd66adcd8f82aa,other_urban,le15,le20,dong,99,6,24,38,28,3,15.0,전남광주통합특별시,광산구,장덕동,,장덕동
apartment,5bca0542c4a2bdf64c7dda835af2a6bf71f6ec101bbd19091288aa93a634e097,metro,le15,le20,dong,147,11,32,43,47,14,14.0,서울특별시,송파구,오금동,,오금동
apartment,5becb0c3124012b715ee3c9e91d7e3c16bb346ff7eb9e2217d13cc977407057d,other_urban,m16_25,le20,dong,159,10,43,64,34,8,20.0,전북특별자치도,전주시,덕진구,만성동,만성동
apartment,5bedcddb5b5bb6c9d0fa14073af57ee66fe6132d1f9bab7555d6a8b5fdf4200f,other_urban,m16_25,m21_30,dong,200,5,43,90,56,6,24.0,전남광주통합특별시,광산구,신창동,,신창동
apartment,5bf66a52b259847b300f68652b2d708ff4941d819a616964377a69b3de319f45,metro_city,m16_25,m21_30,dong,93,5,26,49,12,1,25.0,부산광역시,동래구,사직동,,사직동
apartment,5c0bb8dd2fb92b3e335e8d168c780c077e39550bbba89ac993435044a0df077e,metro,ge26,m21_30,eup,368,10,88,184,79,7,29.0,경기도,용인시,처인구,남사읍,남사읍
apartment,5c1483c416394e458133882566ff7a0a4021d1717a8176ceecce0eb5c37f955f,other_urban,m16_25,le20,dong,131,9,39,53,27,3,18.0,전남광주통합특별시,목포시,옥암동,,옥암동
apartment,5c17fe50df584e45b5dbeffd592178e61297a9abd88468dedcb8272c38de24ea,metro_city,le15,le20,dong,62,5,14,31,8,4,15.0,대구광역시,수성구,사월동,,사월동
apartment,5c205e054bc42fa92ba9591f5f2445387467953ebd6981f7c221866e61198fd7,metro_city,m16_25,m21_30,dong,148,6,43,67,30,2,25.0,부산광역시,동래구,사직동,,사직동
apartment,5c23cf342d44cece5b341ad8e94fd441e6d5b451a9fdc082f6bf7b10d996d3ee,metro,m16_25,m21_30,dong,68,8,20,34,5,1,22.0,경기도,안양시,동안구,평촌동,평촌동
apartment,5c306e38c6b1083af7c4cec81d3b3d7f12e9818d23f22765c7fdac03feed1451,metro_city,m16_25,m21_30,dong,437,22,100,171,127,17,25.0,울산광역시,동구,서부동,,서부동
apartment,5c32608a57cf36b72dc723448e1be3580898214325af175b62ee1847099f8b97,metro,m16_25,m21_30,dong,97,6,32,45,13,1,25.0,경기도,부천시,원미구,중동,중동
apartment,5c569c3280f260edb21b840934c6e00f16146c980309910ad5cdbe6ed82bce5c,other_urban,le15,le20,dong,119,12,15,52,32,8,15.0,경상북도,경산시,백천동,,백천동
apartment,5c5a24406c13d4e60d6b4bb7e796bfb2b32a3736b04c9aec804f11ec7f763bdd,metro,m16_25,le20,dong,55,5,11,25,11,3,18.0,서울특별시,서초구,반포동,,반포동
apartment,5c5d04d8c7fe5dc3f3e84f803e0df62fcc9a35913ba1cb940ab4e61f4f5843c5,nonurban,le15,le20,eup,107,28,0,37,16,26,5.0,충청남도,부여군,부여읍,,부여읍
apartment,5c5d5ff49a7220bf09e154544163e73309deb5461fbcbe87a5559d4dff47c8f9,metro,m16_25,le20,dong,247,13,58,100,65,11,20.0,경기도,오산시,누읍동,,누읍동
apartment,5c7c91c35252471400f772e4a824dcb2eff8e541ccf253869d47c9ef92deb235,other_urban,m16_25,m21_30,dong,204,9,51,99,40,5,22.0,전남광주통합특별시,북구,풍향동,,풍향동
apartment,5c83c1178685627b76ad79ffae9be86d64566d32c792e65be5543d3201322e25,nonurban,le15,le20,eup,76,11,0,45,11,9,6.0,경상북도,포항시,남구,오천읍,오천읍
apartment,5c9b59fa51562c3f24cac6e6ce2954058e77613d11aab8ca02152a47d016c2e3,metro,m16_25,le20,dong,269,14,79,129,45,2,20.0,경기도,성남시,분당구,정자동,정자동
apartment,5cbbe7572000331054ed905a4616cb1ccd2031ddd6aa0445af1ae128f3ca76f4,other_urban,m16_25,m21_30,dong,349,12,72,145,102,18,25.0,충청북도,청주시,흥덕구,비하동,비하동
apartment,5cc2bdb7ccea32a03c66fae6e8998c0f0e72a4b71c7b3f8cad7cd92c03e480f5,nonurban,le15,le20,eup,78,5,18,28,26,1,15.0,충청북도,진천군,진천읍,,진천읍
apartment,5ccaf7cddacbc3d1082891a5631220bb0a0055454fd2d0b6540a2a03040f64c1,metro,le15,le20,dong,60,6,16,22,14,2,15.0,서울특별시,동작구,신대방동,,신대방동
apartment,5cd09c9cc5ed6e8f42c33ec12dd6066c8965f0ea78c8b9501aa26be0b138d606,nonurban,le15,le20,myeon,71,9,18,27,10,7,15.0,경상남도,통영시,용남면,,용남면
apartment,5cf2104c812fbbab5e62b9ef7103ff3a02a90a21af1520da79e5cef17fbdb895,other_urban,le15,le20,dong,180,10,29,73,45,23,15.0,충청북도,청주시,상당구,용암동,용암동
apartment,5d0c59c83e581d79c96f98d668ad43ef6e8b5a723d28004477390aa286828e8c,metro,m16_25,m21_30,dong,185,8,50,72,51,4,25.0,경기도,수원시,권선구,금곡동,금곡동
apartment,5d113f2de6dd3fae6731985191ba46469704418b5f28a2d12c52648bf0f751bd,other_urban,le15,le20,dong,145,27,0,57,31,30,5.0,충청북도,제천시,신백동,,신백동
apartment,5d1dfa0fc982f7b463c50697eb0fda60483ef1d2267d6d3bf5fd0afc3631f704,metro,le15,le20,dong,465,30,103,176,121,35,15.0,경기도,광명시,하안동,,하안동
apartment,5d2491e204f6fc0e530fdd8d8d601bb74f8c32ee5d350412dba00f36f8400347,metro_city,ge26,m21_30,dong,217,7,77,103,28,2,28.0,울산광역시,동구,전하동,,전하동
apartment,5d258d6cc3ebee3e00e34e5c076c52d976243c69ccb91b85ebcccd5fb0b631a4,metro,m16_25,le20,dong,169,11,49,75,29,5,18.0,서울특별시,성동구,금호동4가,,금호동4가
apartment,5d322d72ccf8c1389421e52940a12698277dc6bfdb7d2be19f150458a311d4b7,other_urban,m16_25,le20,dong,145,13,32,66,33,1,20.0,전남광주통합특별시,광산구,운남동,,운남동
apartment,5d4f8c0cb507f679b90d014415880db94228879911b1c501c07fb9b30d506551,metro,m16_25,le20,dong,135,5,37,63,26,4,20.0,인천광역시,영종구,운남동,,운남동
apartment,5d4fba507a90b6a0dfc202f6db11478ca28c2d279d79b4eb46ad5cfa943e402d,metro,ge26,ge31,dong,622,17,241,306,54,4,32.0,서울특별시,강동구,상일동,,상일동
apartment,5d50ebafe49af407f98eac8abc5ef3a92bc0e1cf52c116936dcee740497758c7,metro_city,m16_25,le20,dong,92,8,29,30,21,4,20.0,부산광역시,북구,덕천동,,덕천동
apartment,5d5ac12d81093c74585e27752332b97266c688caa01293ba469f9de52b1312d1,metro_city,le15,le20,dong,101,10,16,41,24,10,15.0,대전광역시,유성구,원내동,,원내동
apartment,5d603ffefc2a63bcf632c437a74c898cec575241b7c042654671761967ae476b,metro,m16_25,m21_30,dong,159,8,37,76,36,2,21.0,경기도,남양주시,다산동,,다산동
apartment,5d63a8780e53ff5927f67b237313b514b00a696dae6bdd2d52f69c3ea6f3d45e,other_urban,le15,le20,dong,239,36,0,93,53,57,5.0,전북특별자치도,전주시,완산구,삼천동1가,삼천동1가
apartment,5d6fb6e2c041798f927498299e01a372312822a6c34422c0e29905d8f66967dd,metro,le15,le20,dong,131,15,13,51,30,22,8.0,인천광역시,연수구,동춘동,,동춘동
apartment,5d79ac4e68623ed1b5bda32e0fb343371a0eef8570589da993afb2a26449e968,nonurban,le15,le20,eup,193,16,39,82,52,4,15.0,충청북도,청주시,청원구,오창읍,오창읍
apartment,5d88976c4897d00e9a89799db8b4a74e3703aa689ff987aa87f4ac1966e3afcf,metro,m16_25,le20,dong,86,8,21,40,13,4,18.0,서울특별시,서대문구,홍제동,,홍제동
apartment,5d8e81292c15b0c30490778012a4be9a9914d9d50b4e97d89f558896372b2e04,metro,le15,le20,dong,71,7,15,24,20,5,15.0,서울특별시,영등포구,양평동2가,,양평동2가
apartment,5d8e84a92c5d698a21ce13ad7eea43628be8ba301d9d7e9b91aaeca118092276,other_urban,le15,le20,dong,71,13,0,28,18,12,5.0,충청북도,충주시,용산동,,용산동
apartment,5d91ba95420251365065eefe4a9196da109e9f6c09b17ad1592251296c83ac7d,sejong,ge26,m21_30,dong,94,7,35,35,16,1,29.0,세종특별자치시,,아름동,,아름동
apartment,5d9f7cd762e2ed1c142da37a81a13877fc72bfe4e39e574d760660b76368aab4,metro,le15,le20,dong,127,11,27,55,29,5,15.0,경기도,안양시,동안구,비산동,비산동
apartment,5db3fc50ec93fffc7dffe8ffc9d049754e8363397bb0c91fb182566373b25389,metro_city,le15,le20,dong,115,8,22,42,35,8,15.0,대구광역시,북구,구암동,,구암동
apartment,5db59e146645fe13d081a5184eeaf059c76bb2e9b8877b3c58c0e8cc726bc52b,other_urban,le15,le20,dong,184,8,28,88,51,9,15.0,충청북도,청주시,상당구,용암동,용암동
apartment,5dcbac4af4d18d2b9e6049a35e6e1f9f91b043d49b9eb38a209e5ada78115af4,nonurban,m16_25,le20,myeon,82,9,21,35,15,2,18.0,전남광주통합특별시,순천시,해룡면,,해룡면
apartment,5dce1b7e75f1a5d42467c20a93eac89780979092041100a15959b0ab4747c8b7,nonurban,m16_25,le20,eup,171,11,42,78,27,13,20.0,전남광주통합특별시,화순군,화순읍,,화순읍
apartment,5dcf76b677f2c8434f882b0c13ed5057535693bf9bfe6b26b648390ea38589b2,other_urban,le15,le20,dong,418,25,64,168,134,27,15.0,경상남도,김해시,삼계동,,삼계동
apartment,5dd31343f072fc7950fe4dd529c2577e5f47ce4a619f2390311d2ec408138e7b,other_urban,le15,le20,dong,94,6,19,37,26,6,14.0,전남광주통합특별시,남구,봉선동,,봉선동
apartment,5de07d1a4b3cfbecb7f78c786d2231cc079b7729c74342bec9732077c2a5313a,metro,le15,le20,dong,88,6,19,31,30,2,15.0,경기도,화성시,병점구,안녕동,안녕동
apartment,5de50610c15dd6139101e8e5e5115098caba61c90293db2ac9e2d2899c6ce167,metro_city,m16_25,m21_30,dong,183,6,51,76,45,5,25.0,울산광역시,동구,방어동,,방어동
apartment,5de6821077bfb6e45d8fc61fa4e7ab7f6694f8f81d01144a5e9d60dd24e00a11,metro_city,m16_25,m21_30,dong,119,5,24,53,34,3,25.0,울산광역시,남구,달동,,달동
apartment,5de7264a6025b4cb745f81a6aa1a4f882bda29a2375171c85dd3fba8b94b06ff,other_urban,le15,le20,dong,127,13,24,44,37,9,15.0,전남광주통합특별시,여수시,여서동,,여서동
apartment,5df019242308cb408440d61126be353822162263b9cf26396c9baf0fb191bdd5,other_urban,m16_25,le20,dong,218,12,53,76,66,11,18.0,전남광주통합특별시,서구,풍암동,,풍암동
apartment,5dfa055797f2430bf430ca65d7361914719c2640a1e8d60469a9e40f4dbba465,metro_city,le15,le20,dong,102,7,25,39,27,4,15.0,대전광역시,유성구,신성동,,신성동
apartment,5e0c2fda801c61a7978fa6ee818883dcef4caf47f63543faf996fe763f33437b,metro,le15,le20,dong,65,6,14,28,16,1,14.0,서울특별시,강서구,염창동,,염창동
apartment,5e11131dbf3fc21d0dbfe43f6f866ada4fe71c30138f70df5cea71e57d527a1d,metro,m16_25,m21_30,dong,163,7,43,80,31,2,23.0,경기도,안양시,동안구,평촌동,평촌동
apartment,5e1116ddd8e898142f7388a4307a427edeaef3225ce214a6458048ca0cbb50d5,other_urban,le15,le20,dong,128,10,34,62,17,5,15.0,경상남도,진주시,초전동,,초전동
apartment,5e13936cd37e5e01de08b60809b9e0642f75f3e534acc92792095baf3ec5a149,metro,le15,le20,dong,90,6,28,34,20,2,15.0,경기도,고양시,일산동구,백석동,백석동
apartment,5e14d086331e27f865807ef90600723492ea0e0b7efd531b850ff035fb45a47d,nonurban,le15,le20,myeon,167,8,35,82,41,1,12.0,충청북도,진천군,문백면,,문백면
apartment,5e1e15ce0a0bdc3dd296f834a30b4c5166a1f61896dab4e542c3e40cd9d7f3a5,metro,le15,le20,dong,263,36,76,86,59,6,15.0,경기도,성남시,중원구,은행동,은행동
apartment,5e1e8570c487b38dd39f83cac37bfe149db26f32a5ef80243bb676e9e7fe2b58,nonurban,le15,le20,myeon,80,6,13,42,13,6,9.0,강원특별자치도,양양군,현남면,,현남면
apartment,5e1ff7661ff153fc072f1d72a20e19942d93a9e3a8ccca48a6a9c523d134dc49,metro,le15,le20,eup,117,6,21,48,34,8,15.0,경기도,양주시,백석읍,,백석읍
apartment,5e21a3725221f79bef949fa7fd380b8151a155f694c9703519433396560e82c2,metro,le15,le20,dong,55,5,9,26,13,2,14.0,경기도,수원시,권선구,고색동,고색동
apartment,5e277873e0c160d52978943addccba7caaa37ca8116e584c91f4f19240088795,metro,ge26,m21_30,dong,264,5,68,155,34,2,29.0,경기도,김포시,마산동,,마산동
apartment,5e2c6b09d943563f302128b5dedd595c28dfd7429477b584f15bdefe6870216d,nonurban,m16_25,m21_30,myeon,154,7,42,81,21,3,25.0,강원특별자치도,원주시,지정면,,지정면
apartment,5e36cd053e5d8a7d412931147bafd53dffc70b068d9ab3f72fc29f30a6ee1979,other_urban,le15,le20,dong,70,13,0,27,15,15,5.0,전북특별자치도,전주시,덕진구,송천동1가,송천동1가
apartment,5e3c54e727832128e8aa29cc507a7c768536d5e3a64227c670988eab66bdce4f,nonurban,le15,le20,eup,273,17,47,118,66,25,12.0,전남광주통합특별시,영암군,삼호읍,,삼호읍
apartment,5e42d8640e0839eac00198609bbfb62adfaf6a84070186357d489b5b0b2e13b2,other_urban,le15,le20,dong,88,6,20,35,21,6,15.0,전남광주통합특별시,광산구,도천동,,도천동
apartment,5e4715accdb5a711e1c94d44a91855ccfa12e571bb9c5ec7abdd876da374f030,nonurban,le15,le20,eup,118,7,33,44,30,4,15.0,충청북도,제천시,봉양읍,,봉양읍
apartment,5e4a4592317c85ef2944f245b3d99669a9e869696a7e00af6e2535e5c072a6f2,metro_city,m16_25,le20,dong,167,8,38,82,34,5,18.0,대구광역시,동구,각산동,,각산동
apartment,5e5235d9b8ded3d87d327cb59bef7121c3d3e518f116007e2545b68c4525da4d,metro,le15,le20,dong,147,14,25,72,34,2,12.0,경기도,평택시,이충동,,이충동
apartment,5e6b7033e4fd1dae8a814a7cd75596e97f8d805839893fc6ed3fec3302db727d,metro,m16_25,m21_30,dong,243,10,70,112,50,1,25.0,경기도,파주시,야당동,,야당동
apartment,5e7c6bde2f47b252477f77ed61ffc2261ae6ec1c5e492ef3a49babaf37d89db0,metro,m16_25,m21_30,dong,174,7,48,78,40,1,25.0,경기도,의정부시,녹양동,,녹양동
apartment,5e82ab968f4406c764095d006adb34cb711b11729d6165c18553aa24d5abee2e,other_urban,le15,le20,dong,118,9,12,54,28,15,12.0,전북특별자치도,익산시,어양동,,어양동
apartment,5e991f3119a5dfec307849b083683c000db10b9c16fb28e52799e0c98b15d7e7,metro,le15,le20,dong,55,12,0,29,5,9,5.0,경기도,부천시,오정구,원종동,원종동
apartment,5ea1002d5a9c9f7d8e2694060466816e4a7361406a0d270150b6e7ea80af55c5,metro_city,le15,le20,dong,131,7,26,57,38,3,15.0,대전광역시,유성구,송강동,,송강동
apartment,5ea9b624ab8bb2c39c18bd270f33eb92e0f97c8544c4c656c53c3ccac3e36698,metro,ge26,m21_30,dong,218,11,53,100,49,5,26.0,경기도,파주시,야당동,,야당동
apartment,5eaf9c22ffa78133e8835cb8d515c863687009893e64f21eb15c0913e05337f9,sejong,m16_25,m21_30,dong,121,5,42,56,16,2,25.0,세종특별자치시,,해밀동,,해밀동
apartment,5eb0a6e4fbc28fd3af714da1657d193751f6ae9bf560aabd3200edb47d8a87f9,other_urban,m16_25,le20,dong,247,6,73,116,50,2,20.0,충청북도,청주시,서원구,분평동,분평동
apartment,5eb451fb6b70567e682e299dab7cf456e4237539fb9f4fc742469aa66641dbee,metro_city,m16_25,le20,dong,122,5,31,45,34,7,20.0,대구광역시,달서구,도원동,,도원동
apartment,5eb77a0bc0ca90c95ecd57cda6f65434a33e0016cbf46b074656ea66f6be54ef,nonurban,le15,le20,myeon,107,5,21,56,22,3,13.0,강원특별자치도,원주시,흥업면,,흥업면
apartment,5ebd3b36e3890c7242d4fc272a1596f9efcadf5e920ef452f89285904c35fa10,metro,m16_25,le20,dong,92,5,27,38,20,2,18.0,인천광역시,부평구,산곡동,,산곡동
apartment,5ec080c516c12747f72a87725778bf69925d3e0c5aa88db5dd81680cb8a5242f,metro_city,ge26,ge31,dong,158,10,52,67,28,1,32.0,부산광역시,동래구,사직동,,사직동
apartment,5ec7724113f8acfd9d4ab479f44f5b52fab1ae5d050189adeeba57add5d92022,metro,m16_25,m21_30,dong,487,14,108,219,132,14,25.0,경기도,광명시,철산동,,철산동
apartment,5eca84662c1bbdbaa191ee02873d46b3649711064541b0339445e211dbffe4fb,metro,le15,le20,dong,92,19,0,50,16,7,6.0,경기도,용인시,기흥구,구갈동,구갈동
apartment,5ed118a0058876e09ef06edbbb6a01bd9c270a34c5ce45138e05808bc24452ca,metro_city,m16_25,le20,dong,151,7,52,72,19,1,19.0,울산광역시,남구,무거동,,무거동
apartment,5ed70f749ac1be31ce7ec5999f0e4762d8315bd593617be5829309cb128441c7,metro,le15,le20,dong,177,13,45,66,46,7,15.0,경기도,양주시,삼숭동,,삼숭동
apartment,5eda3f51bb6fd0fb4ec8315e170f229e80dfe7eed867adb4a66e0276bf506f12,metro,m16_25,le20,dong,637,36,180,311,106,4,20.0,경기도,수원시,팔달구,고등동,고등동
apartment,5edab262ee44b4443a815aa8c184330210ef1960240137a1625e06ee66c5f867,other_urban,le15,le20,dong,156,29,0,67,28,32,5.0,경상남도,창원시,성산구,사파동,사파동
apartment,5edac0bf0c65ccadf8d1abf14ea4f6dd7c422c93dae78449e317fef8fdca638b,metro,le15,le20,dong,223,11,46,98,56,12,15.0,서울특별시,양천구,신정동,,신정동
apartment,5ee2162d5bc017bdcdaec59b0db9d5c554507b671df9c3378b544cfeea3cd7cf,metro,m16_25,le20,dong,82,6,24,39,11,2,19.0,경기도,안양시,만안구,석수동,석수동
apartment,5eead5f5549ebb53c30be686cceba72bc6dbe70d6465a122acd8ec9dcfe8f96b,metro,m16_25,le20,dong,70,7,21,28,12,2,20.0,경기도,안산시,단원구,신길동,신길동
apartment,5eecca6f8877c37c801130ef02b3b9d65dc912024e896397e0054a3fe1c4b580,other_urban,le15,le20,dong,91,22,0,31,17,21,5.0,강원특별자치도,강릉시,포남동,,포남동
apartment,5ef40a18693db773ded103b91c021ba523cacaa946f19c019da4acb566fef343,nonurban,le15,le20,myeon,107,8,14,47,33,5,15.0,경상북도,안동시,남선면,,남선면
apartment,5efb8529c440fa1c2ba445bd4d96177d34682bda99cb262e7b0f8e6402231ba5,other_urban,m16_25,le20,dong,60,5,14,24,16,1,18.0,전남광주통합특별시,북구,오치동,,오치동
apartment,5eff2f37cc93a413a423489e538cb79c43c8876e63cbe5b55b311e063c96f06f,nonurban,le15,le20,eup,58,6,10,23,16,3,15.0,충청남도,천안시,서북구,직산읍,직산읍
apartment,5f1541fd59aa93b6ce6c770cd893e5699b6c61ef01a27bfa640d4c6564106eb0,other_urban,m16_25,m21_30,dong,117,9,23,59,24,2,23.0,전북특별자치도,전주시,덕진구,장동,장동
apartment,5f19d7afced8c00b47057cd1d8a5f0d385036a00ae6c4027577fdf6c0be2aac6,metro,m16_25,le20,dong,71,5,18,23,20,5,17.0,서울특별시,강서구,가양동,,가양동
apartment,5f1c87e077086e835d0ffafea1077ed07a8611e4839c55da836fdd3f3218d6a3,nonurban,le15,le20,myeon,69,9,10,36,13,1,13.0,강원특별자치도,강릉시,연곡면,,연곡면
apartment,5f20f5b86f86830eda5bfd030bd6151929143d4c6486e1036d5c976b6cc6b605,metro,le15,le20,dong,87,9,18,28,27,5,14.0,서울특별시,광진구,광장동,,광장동
apartment,5f25449a2b22cd0a41aaba97b929be18896f22ab10f376aa02c5eba6f6ae6bb6,metro,le15,le20,dong,275,23,65,101,77,9,14.0,경기도,화성시,병점구,병점동,병점동
apartment,5f2604029ff78f60c66d0ec5ed8ad61af506ade90380f6d6a3302c8bc5dc32c2,other_urban,le15,le20,dong,70,10,6,31,18,5,9.0,경상남도,사천시,대방동,,대방동
apartment,5f283470a5bfc11009d583f057b56ff6af9eca8702cb34d3b8fd85ca2ad3bb87,metro_city,m16_25,le20,dong,95,7,24,41,21,2,20.0,대구광역시,수성구,만촌동,,만촌동
apartment,5f29c713cdf3669b13c96ef7ea9ca2991360182a2761e25b474d14457c7484c9,metro_city,m16_25,le20,dong,94,5,15,52,19,3,20.0,대구광역시,달서구,용산동,,용산동
apartment,5f2b6acf2217eee47ae251284fd4f5678497977e0de01c81043d47aab6387099,metro,m16_25,le20,eup,75,6,24,24,19,2,20.0,경기도,남양주시,오남읍,,오남읍
apartment,5f475f54b6cdf6a789b19fce9bbb092656f46afe2a851b8c9f63295a73d6c589,other_urban,le15,le20,dong,101,8,30,41,17,5,15.0,경상남도,진주시,초전동,,초전동
apartment,5f4d77c3b22c914de1b197e1f604d7c5eea8fb64da388804f7f3407364e639fd,metro,le15,le20,eup,74,5,10,34,21,4,15.0,경기도,화성시,만세구,향남읍,향남읍
apartment,5f50a71b5061275acf7f4794993fc8ccef2986034191a45393f4388838eb2ea7,nonurban,le15,le20,eup,69,9,13,31,11,5,10.0,충청북도,영동군,영동읍,,영동읍
apartment,5f5657e068e608e22229308c1a43e9d9d5a073e36869b8fe78e8f718cf5ad269,metro,ge26,m21_30,dong,268,9,68,140,50,1,26.0,서울특별시,동대문구,장안동,,장안동
apartment,5f56b9c929ec85a6311a25d1b1e3bba4d53e648f6fe35bdfb35184cc5ea331e4,metro_city,m16_25,m21_30,dong,276,6,82,141,43,4,23.0,대구광역시,중구,달성동,,달성동
apartment,5f56efde20561d8cf60b5bff5e43982a019148ecffee7bac818b466548b93aa4,nonurban,ge26,m21_30,eup,302,9,108,155,27,3,30.0,충청남도,홍성군,홍북읍,,홍북읍
apartment,5f5f342f19fb2680752377963fef4c4901471d3cbc00d04e44f5a1c84897b26b,metro_city,m16_25,m21_30,dong,114,6,36,43,28,1,21.0,부산광역시,사상구,학장동,,학장동
apartment,5f68505f87f4e69fa7b044944b2fa8d178b3b3bcd45f0a94d5ca840ef77a864b,metro,m16_25,le20,dong,250,15,62,118,50,5,20.0,경기도,용인시,수지구,죽전동,죽전동
apartment,5f6963d92e1acbddc5235b260f7263f19105097edf965df338209d5c6bb60063,metro,m16_25,le20,dong,488,18,116,188,130,36,20.0,경기도,용인시,수지구,풍덕천동,풍덕천동
apartment,5f6d6733698e2f5582d3067c1b79031900c2c4600b679ce5ef379468d555658a,nonurban,le15,le20,eup,60,12,0,28,9,11,6.0,경상북도,영주시,풍기읍,,풍기읍
apartment,5f6f9e34717b1bce74dc8c17f836230ac0a76d65a35d46a15ed0d4d654f180cb,metro,m16_25,m21_30,dong,312,20,66,144,78,4,25.0,서울특별시,구로구,개봉동,,개봉동
apartment,5f76140afdd392e18c9bd745f35b4fd9abd8fc73b2605218a82cad7e61a1c09a,metro,ge26,m21_30,dong,237,10,69,110,46,2,27.0,서울특별시,금천구,시흥동,,시흥동
apartment,5f7d3ffd9d446308fcb12663b4c4d5e4d00822d42d7af230750fb24a7282a778,other_urban,le15,le20,dong,126,16,23,50,29,8,11.0,전남광주통합특별시,광산구,소촌동,,소촌동
apartment,5f87029cef33073e9a146637fb5769a75a0d32a249d67c1bcd6985192e6616b5,other_urban,m16_25,m21_30,dong,237,11,60,116,49,1,25.0,전북특별자치도,군산시,미장동,,미장동
apartment,5f914398320ed6624ecccd701cb48272b6fa640a487de9bd477d2a387314f729,metro_city,m16_25,m21_30,dong,89,5,25,46,11,2,24.0,부산광역시,해운대구,좌동,,좌동
apartment,5f94c181f867c6073a8cfd9cf5432af0f41e304cefabfdd6647fdc3ffe2935d7,metro,le15,le20,dong,208,12,43,94,48,11,15.0,서울특별시,도봉구,쌍문동,,쌍문동
apartment,5f9e10d9c8ab8ebd9166e152cf1a27d0c076954f8b9be7237c4a4a345979f693,nonurban,m16_25,le20,myeon,131,9,40,57,24,1,20.0,경상남도,진주시,금산면,,금산면
apartment,5fa63eff733d3071f18c85d421f8a771d9de972e2865536a8307a0a182d037f3,other_urban,le15,le20,dong,61,8,0,32,5,16,6.0,충청북도,청주시,흥덕구,봉명동,봉명동
apartment,5faef5cf803755ada3166f4dbb616c00a479d217ffd56f78ee8cfebabdee1212,metro,m16_25,le20,dong,167,8,53,76,29,1,20.0,서울특별시,동대문구,답십리동,,답십리동
apartment,5fe0b7f702f9ec75a1f6014c68e475d76b4b9b0cdf692ee0a7ed00b06764e0e1,other_urban,le15,le20,dong,56,12,0,23,11,10,5.0,경상북도,포항시,남구,해도동,해도동
apartment,5fe57bc0537146c0861f441b102db56fc9f3c9542996e1998a7b90dbce9577f7,other_urban,le15,le20,dong,114,7,23,49,29,6,12.0,전남광주통합특별시,광양시,광영동,,광영동
apartment,5ff8c212c6f3da90ac173acbb7f7bed699a45d1fa3bfe97af384d2d9188a900b,nonurban,le15,le20,eup,162,18,49,56,37,2,15.0,전남광주통합특별시,화순군,화순읍,,화순읍
apartment,6002b6bbfac924b31a123eaa179286ecec4247135636daab7923f062611c5cea,metro,m16_25,le20,dong,58,5,20,22,8,3,20.0,경기도,남양주시,평내동,,평내동
apartment,600a81994f1ae713e350c8c1329836fae046e4868f5537de2a4534512cd65b4b,metro,le15,le20,dong,117,6,22,61,26,2,15.0,경기도,수원시,영통구,이의동,이의동
apartment,602712ca5305df602f386341dc33b96067b9699c365d0ae58f615207f64ea2c7,other_urban,m16_25,le20,dong,107,7,23,51,22,4,20.0,전남광주통합특별시,북구,두암동,,두암동
apartment,603093dcc6dad906030dc259789c552af144dc10ed7d6d7f532465276d56b1f5,other_urban,le15,le20,dong,73,11,16,28,15,3,15.0,경상남도,양산시,소주동,,소주동
apartment,603630177bf7fc57c7aab3c331625c432d97aa3fe4d201b85fd1c686c34b0be2,metro,le15,le20,dong,163,8,28,72,44,11,15.0,경기도,파주시,와동동,,와동동
apartment,60598cff6066b0f15e3e0e0c63c4e1ea3a4e6f9116c0b427848cdc01473e2e8b,metro_city,m16_25,m21_30,eup,200,9,57,91,41,2,21.0,대구광역시,달성군,현풍읍,,현풍읍
apartment,607216e0037b751ab93117be2f484694a367fa02dfc829bdb4f7c5f2360f0633,other_urban,le15,le20,dong,122,14,16,50,36,6,15.0,충청북도,청주시,흥덕구,가경동,가경동
apartment,6091810115e7be524f495006393ee62a9d281655b17b1d4a50a0e8123b77b1bf,nonurban,le15,le20,myeon,71,6,26,33,5,1,15.0,강원특별자치도,강릉시,연곡면,,연곡면
apartment,609636ce0a28ce128f12386422afa1548511f882ed8b3ad65ed46249eaa1196b,metro,le15,le20,myeon,57,11,0,25,13,8,6.0,경기도,포천시,신북면,,신북면
apartment,60a5a6037803bffba007e48155aec1856405c5e44716a835c919ebb1a31ac689,metro_city,m16_25,m21_30,dong,106,6,26,48,25,1,25.0,부산광역시,남구,대연동,,대연동
apartment,60bb0936fed6aaf684c5753b3ab874cfa8284c42ff0c290096eed3083a06b5e2,other_urban,le15,le20,dong,195,9,34,100,44,8,15.0,충청남도,서산시,동문동,,동문동
apartment,60c3c6af01cd3fce953a14ec4a949e8d167ad4070dd650cd21524b47a2d41a98,metro_city,m16_25,le20,dong,198,11,38,93,50,6,18.0,대전광역시,대덕구,읍내동,,읍내동
apartment,60c3eae60dbe7723a9f384b4ca79e27518539b49a0583fa19f313fb078553646,other_urban,le15,le20,dong,411,33,81,162,120,15,15.0,충청북도,청주시,상당구,탑동,탑동
apartment,60c3f6fbb47c6f5c6ab4212047f01389f1c7c6530a7e7548770966485f82ef27,nonurban,le15,le20,eup,372,37,104,169,55,7,15.0,경상북도,김천시,아포읍,,아포읍
apartment,60cbff1db392081aa8b8051189f730ef8868cc73bfaf0111d9d28010f4341b94,other_urban,le15,le20,dong,63,19,0,21,8,15,5.0,전남광주통합특별시,광양시,광영동,,광영동
apartment,60ed660a6fb0b0be5242dfb6c813cc6910d8108cb1b164f2286706d9a023b2db,other_urban,le15,le20,dong,90,10,13,34,27,6,13.0,전남광주통합특별시,광산구,송정동,,송정동
apartment,60eda30c667fe14b2735167eebb71b08b94e818786b139bb470db2d6b9d9fa59,other_urban,m16_25,m21_30,dong,152,7,37,71,33,4,23.0,전남광주통합특별시,여수시,국동,,국동
apartment,60fdc0d932ecee4d4da469aa7f7dfa4084426ac2409db0d988fe1d5e808a7b5f,metro,m16_25,m21_30,dong,82,5,20,32,23,2,25.0,경기도,부천시,원미구,상동,상동
apartment,6100bd5304850950118d972dee248bfd71196901e5e90274774ccf003c316dd3,metro,m16_25,m21_30,dong,196,8,48,82,55,3,22.0,인천광역시,부평구,삼산동,,삼산동
apartment,61060343a89f5776658383141b3fbe78522abbf15ee83d139663d2701a7c2a13,other_urban,le15,le20,dong,77,6,18,36,15,2,13.0,전북특별자치도,정읍시,시기동,,시기동
apartment,610bfc540e56aa8e7c2ba571ba93245cba554bd0ad7ac0a3ac21692a3421020e,other_urban,le15,le20,dong,67,12,0,32,11,12,5.0,강원특별자치도,강릉시,내곡동,,내곡동
apartment,610ce7ce40d5da0fde158d7ae8b96bdc71bbbe3b04478bfc0be594d6f6db4190,metro,ge26,ge31,dong,75,5,37,16,16,1,33.0,인천광역시,미추홀구,학익동,,학익동
apartment,61144d8ccb4b70b3daf216d2074da0ead0037d05bb1b74a85cd7eb3b3cf54a52,metro,m16_25,m21_30,dong,135,6,47,72,9,1,21.0,경기도,안양시,동안구,비산동,비산동
apartment,6122f0846ce4baba4a1094f848e6290d98bff7b7d6566fdbe6bb3fba10c30c50,other_urban,le15,le20,dong,109,6,14,44,37,8,15.0,전북특별자치도,전주시,완산구,서신동,서신동
apartment,6127c4ea7d8279b055836379907e087f9411302b49bf1ad831cb703122c43c99,other_urban,m16_25,m21_30,dong,219,16,56,83,58,6,21.0,경상남도,진주시,주약동,,주약동
apartment,6133e8ff05ef388d7bcf12b693d3a39248a378234789f9986347f82fa2f6cd4c,other_urban,le15,le20,dong,360,63,0,135,82,80,5.0,충청북도,청주시,서원구,수곡동,수곡동
apartment,61464ac55cce8836c1dab406a06455a6f4c5c7606812efa94a8339430e8e82a5,other_urban,le15,le20,dong,70,7,21,23,16,3,14.0,강원특별자치도,춘천시,효자동,,효자동
apartment,6147f84b2fe9ee68da076ec22cf856ff4f1bfdecf280ff330f8e55cf49c0073f,other_urban,le15,le20,dong,85,6,18,32,16,13,10.0,전남광주통합특별시,광산구,소촌동,,소촌동
apartment,614c7c4d5393bfeb5e6dd309de95c895b52e00e3439a492f3d30b66953d44c7a,other_urban,m16_25,le20,dong,286,30,86,90,64,16,20.0,전남광주통합특별시,목포시,용해동,,용해동
apartment,616d1ede54149f0d29a0cecc6867ddf8fb9df5d77cf5fb210a37f752a192880f,nonurban,le15,le20,eup,96,5,13,36,38,4,14.0,전남광주통합특별시,여수시,돌산읍,,돌산읍
apartment,617bd3ebc97c1c0dbdab7db57496c847f3a2222a2556699b92ce81d81c372830,metro,ge26,ge31,dong,224,7,69,106,41,1,32.0,경기도,파주시,목동동,,목동동
apartment,618cc587272813f7e9254f638cd133ac018a7afedd6de1bda70fdb2934678bb6,other_urban,le15,le20,dong,69,6,17,23,18,5,12.0,전북특별자치도,전주시,덕진구,덕진동2가,덕진동2가
apartment,618ddc41a1810814e4992b460d58729921db64463a962a071f1321537a664f9f,metro,m16_25,m21_30,eup,150,12,48,65,23,2,21.0,경기도,남양주시,와부읍,,와부읍
apartment,61990ca3e53ce5e93ea98323224528304d0c743240bd6ce1491fb90dad37e086,other_urban,m16_25,m21_30,dong,263,11,57,119,67,9,25.0,경상남도,김해시,구산동,,구산동
apartment,619a212bb17021593f63a4f008ca842553b4c79c2ce1763e802106e76539ff3c,metro,m16_25,le20,dong,101,7,33,40,18,3,20.0,인천광역시,연수구,송도동,,송도동
apartment,619ff15b43d89a9562cb54021ba4cf727c7d27c89a37fbcda0978eb6020345d6,other_urban,m16_25,le20,dong,86,8,30,26,14,8,20.0,전남광주통합특별시,광산구,신가동,,신가동
apartment,61a014e8233301920bcff5d0f31de830b9128474d8728ffc7ed608dda750f946,other_urban,le15,le20,dong,59,5,9,26,17,2,14.0,충청남도,천안시,동남구,다가동,다가동
apartment,61bc0451e17c3d3c72bc501e6cfaf52f33123eed1586a48410effa269eeb568b,metro,m16_25,le20,dong,132,6,43,70,12,1,20.0,경기도,고양시,일산서구,주엽동,주엽동
apartment,61c487be8b6089ba7c97c7b699964b37a13ee822d760e69b64f8767447e7db06,metro,m16_25,le20,dong,177,6,50,72,42,7,18.0,경기도,수원시,영통구,매탄동,매탄동
apartment,61cabdf9f9c560f2e2fd4c93d2f1bd77443796c021698033f14881a105b77725,nonurban,le15,le20,eup,148,17,0,81,23,27,6.0,충청남도,천안시,동남구,목천읍,목천읍
apartment,61d2c487429e40078d7870f1bc0ae83e83d486e4aa419e952406f475ddb6e441,other_urban,le15,le20,dong,279,21,69,99,79,11,15.0,경상북도,김천시,덕곡동,,덕곡동
apartment,61e00a01ed87d876f757768fcebd30585c5c1fe2bdfb0b18ddfa04ccd275733e,other_urban,le15,le20,dong,137,11,29,62,28,7,12.0,전북특별자치도,익산시,팔봉동,,팔봉동
apartment,61e596d5d1064f3e6bfaea0ef466dad0be490734c867ac36115735195bf9874f,nonurban,ge26,ge31,eup,285,7,82,126,68,2,33.0,경상남도,양산시,물금읍,,물금읍
apartment,61ed977b4da1aca4b31be64cb746ee8b569bb3f14b9013a0ce14c16ad165c025,other_urban,le15,le20,dong,84,7,16,28,22,11,15.0,전남광주통합특별시,광산구,우산동,,우산동
apartment,61ef1a70ba42d68e6a17f05aedcf8def302a64bb5034550c128db3c1103c7d96,other_urban,le15,le20,dong,54,6,10,18,19,1,15.0,강원특별자치도,강릉시,교동,,교동
apartment,61ef41fce58e0ba698d2895526f811063e88e5daae8fefa1bfbf58da780ffb8a,other_urban,le15,le20,dong,141,29,0,61,28,23,5.0,충청북도,충주시,교현동,,교현동
apartment,61ff33de3240998ec859abf3db57541213c9ea856c3e9803113032054b9d609d,other_urban,le15,le20,dong,177,18,28,73,42,16,12.0,경상북도,경주시,동천동,,동천동
apartment,62025b9f6114d5bab5fa22279c5c5a95cd2850db3ff06bb2f08e55ffb0c8063e,metro,m16_25,le20,dong,200,9,54,91,40,6,20.0,경기도,시흥시,은행동,,은행동
apartment,6206710de884f2694709c1e677a7196e4fed2384383b830beea4f89109d2ef15,metro,m16_25,le20,dong,186,12,49,82,40,3,20.0,경기도,용인시,기흥구,보라동,보라동
apartment,6208b072c42f0d91b8446b7e2fadefb4f4e44dc654690c530fe9454287d481ed,metro,m16_25,m21_30,dong,69,8,16,36,8,1,23.0,서울특별시,종로구,창신동,,창신동
apartment,620df185628319a281569af6008aa20bcea84f9ddf924e82272426cb7fa138da,metro_city,le15,le20,dong,79,7,17,31,18,6,15.0,대구광역시,수성구,수성동1가,,수성동1가
apartment,62178c1afdcf3399d7e5339eba8ff124e52713657513a86cfa61b6c3887249c9,metro,ge26,m21_30,dong,220,6,62,99,50,3,29.0,경기도,부천시,소사구,괴안동,괴안동
apartment,621d8baf123b5426d81a5b210f8378fb4f2d735396a2e071a23ee5e447bd6750,other_urban,le15,le20,dong,72,7,12,38,12,3,15.0,전남광주통합특별시,순천시,덕월동,,덕월동
apartment,622112d437be47904babf3052c579622af3a7636ea9be60a1c9b35e05f6ed192,other_urban,m16_25,m21_30,dong,248,10,48,123,60,7,25.0,충청북도,청주시,서원구,사직동,사직동
apartment,622aece97b7a1e129a7a13b0a71d4af9f1ca1c4f71b316b23b283032f8de49e5,metro,m16_25,le20,dong,109,9,27,38,34,1,20.0,경기도,김포시,풍무동,,풍무동
apartment,622dfedff47c80ab43492188fcdd9d98afa81dc77a84dd8a37dcfb3c32aace2e,other_urban,le15,le20,dong,176,7,35,70,49,15,15.0,전북특별자치도,전주시,완산구,서신동,서신동
apartment,623e7a1a5745dfca150998f675325a41d9edb70fd3449adc1e84333897498058,metro_city,m16_25,m21_30,dong,142,6,34,68,33,1,25.0,부산광역시,금정구,장전동,,장전동
apartment,624090d9566af927ebcf2761a4460072712c567abbc31f2103f440e01d6338ed,metro,le15,le20,dong,192,8,31,96,46,11,15.0,경기도,안산시,상록구,성포동,성포동
apartment,6243ca190c9bb4f85a319ffbf9713b071dde5c6f0fc561c8b0e56ac828d32dd8,metro,m16_25,le20,dong,178,10,48,76,39,5,20.0,경기도,용인시,기흥구,언남동,언남동
apartment,62603b5d517f5e9ee1f58866d5d6da8c568b163e25d544b136a2fcf2000fdb9c,metro,m16_25,le20,eup,97,5,25,47,18,2,20.0,경기도,파주시,문산읍,,문산읍
apartment,626424c76bb71d51068a52f937f0b2e7a82ab1bc36ff41c6860aea4412fff607,other_urban,le15,le20,dong,214,10,40,94,58,12,15.0,충청남도,천안시,동남구,신부동,신부동
apartment,6275c18714537f7551847a286b0e0285de0d00ea7013a0412206957312d5bbfc,metro_city,m16_25,m21_30,dong,127,6,28,75,17,1,23.0,대전광역시,동구,효동,,효동
apartment,627a7c6de391afd8b83e1ff2603b9c4ef60e2c4146b6d1b96c96d38035de1244,metro,le15,le20,dong,76,18,11,23,18,6,7.0,경기도,포천시,선단동,,선단동
apartment,6286fa93e37cdb526676ac202b824d058ae8773ac3545718f9ae7a2405597b07,other_urban,le15,le20,dong,63,10,0,31,9,13,5.0,전남광주통합특별시,여수시,둔덕동,,둔덕동
apartment,628838df4935a083def2305b47c454cfbd7a397c75871b2d21ed0df156f42cab,metro,le15,le20,dong,288,28,69,97,78,16,14.0,서울특별시,강남구,대치동,,대치동
apartment,628a504c61faa7e4b779ed3dc68ad0eb315300ca926d88fd217f6d5927a95e45,other_urban,le15,le20,dong,82,6,19,29,27,1,15.0,전남광주통합특별시,광산구,수완동,,수완동
apartment,6292dd124337285f50f16df3a53fedb0938cefe9d3d1aad586e4fd3572582537,metro,m16_25,le20,dong,76,7,18,30,19,2,19.0,경기도,수원시,영통구,영통동,영통동
apartment,6298d0f5fde110d42038e8b648797095b937ebc0344250ac5c7dd622e555c1a2,metro_city,ge26,m21_30,dong,233,12,83,110,27,1,29.0,부산광역시,해운대구,반여동,,반여동
apartment,629e732d399737d65ab38a036f254f2c4cf572b2652394cd92ddf40e82acd808,metro,m16_25,le20,dong,116,5,34,33,37,7,18.0,경기도,오산시,갈곶동,,갈곶동
apartment,62a9837f95fcdbb6799a48b265a81ea4cfc0267070b4c8dcbe6896bf531d3763,metro,le15,le20,dong,136,10,21,69,29,7,15.0,경기도,화성시,동탄구,여울동,여울동
apartment,62abff85e0998649038fd4d0d511c9b670634092c319ba850a7806ddd6b46703,metro_city,le15,le20,dong,196,40,0,75,39,42,5.0,대구광역시,북구,읍내동,,읍내동
apartment,62ad552ce23cc862a95d86c49953f76330a170f28ed15cf9bb13170cc7f4b4a2,other_urban,le15,le20,dong,210,15,39,78,64,14,15.0,경상북도,구미시,구평동,,구평동
apartment,62b5796e1c0e9677958abcc8eaf7a28b3748ac41790fb651e7f1c8ddec32ef92,other_urban,m16_25,le20,dong,90,5,13,35,31,6,20.0,경상북도,영천시,문외동,,문외동
apartment,62bc46f55b6befbe51ea4258e6006df0be604ca5b58f2b921c75efe2dd21ecb6,other_urban,le15,le20,dong,96,8,25,44,18,1,15.0,충청북도,청주시,서원구,산남동,산남동
apartment,62bf65e399975114b69fdd0ee49b7ca5d53e49c6ac0adfc71555f4f8262bfa93,metro,le15,le20,dong,288,29,48,133,55,23,12.0,서울특별시,중랑구,신내동,,신내동
apartment,62ce52ef3b1a2f2eb24d9bd8376df344a93e9f7194162c29defa759c15a70512,other_urban,m16_25,m21_30,dong,109,8,28,49,23,1,22.0,충청남도,당진시,원당동,,원당동
apartment,62d09f015c622c7af6e774f17fd24ebf42173398c804a0d49ed10f011cebe7b4,metro,m16_25,le20,dong,227,10,55,83,66,13,20.0,경기도,고양시,덕양구,화정동,화정동
apartment,62d5bd3501e5a1ea65cc562e0b043e36935a29d7d4ecd5b5f1993599116f3a2c,other_urban,m16_25,le20,dong,104,6,29,39,26,4,20.0,전북특별자치도,전주시,완산구,효자동2가,효자동2가
apartment,62d70f57888b9f948a471bb2d2bc6582bb111dcdde20a0a112ca4747522f0b03,nonurban,le15,le20,eup,55,7,11,23,12,2,15.0,충청남도,천안시,서북구,성환읍,성환읍
apartment,62d74b6faa92b90d1869b0bc3e2b1b44d37728cf1c21e330849d795097263cfa,metro,m16_25,le20,dong,69,5,21,31,10,2,19.0,경기도,성남시,분당구,정자동,정자동
apartment,62d99b2b732daaad49eb287c06fc9ad5d95d86d47f39b06252f6eeb0ef622b18,nonurban,le15,le20,myeon,113,6,24,46,33,4,14.0,강원특별자치도,원주시,소초면,,소초면
apartment,62e3ee7ac6008bb069b6c8df51196383577272ea136a1b73f83c382e089f9dd7,metro_city,le15,le20,dong,88,5,15,37,24,7,15.0,부산광역시,금정구,부곡동,,부곡동
apartment,62e93a682622a54f57d79a0329a38f4dd0e99eb081d94d1c02e4b30466dc8d12,other_urban,le15,le20,dong,141,9,30,59,34,9,15.0,경상북도,경주시,용강동,,용강동
apartment,62eac0e4f0fa6bb0f42345a3ce357944d25735c8257a4734788df741172e735d,metro,le15,le20,dong,152,15,28,49,42,18,15.0,서울특별시,동작구,사당동,,사당동
apartment,62eb41b0b36c5f2b25d91d9928ce687635e11ac9feebcb48074aaf5b2ac6d74b,other_urban,le15,le20,dong,124,8,23,52,38,3,15.0,경상남도,김해시,구산동,,구산동
apartment,62f52b4835d27c10b144bfc8192ff5e77b682a06099f17255463ea523dc17e43,metro,ge26,m21_30,dong,137,5,34,69,28,1,28.0,경기도,화성시,동탄구,반송동,반송동
apartment,62fc5309837e85a96c68c31e70615a1fba7be1e6bc5b2824d2facb331ca55213,metro,m16_25,le20,dong,114,10,37,46,20,1,18.0,경기도,화성시,동탄구,장지동,장지동
apartment,62fe9c56e827e2c99b4d4fe55aec0ad2eb7288ac14644aecf9171fe2dc7be175,metro_city,m16_25,le20,dong,131,6,31,48,41,5,18.0,대구광역시,북구,구암동,,구암동
apartment,62ff120187284643d1153bd59d051413c8bb108b3fa269ed5a40ded18ac12f0b,other_urban,le15,le20,dong,149,11,27,66,36,9,12.0,전북특별자치도,전주시,덕진구,장동,장동
apartment,630e25cb162354975e618fdf2331d8f31665591376c5c509c8bd641102f3514b,nonurban,le15,le20,eup,102,12,21,42,23,4,15.0,전북특별자치도,완주군,용진읍,,용진읍
apartment,630f106bf08de83e0528cda4887659937c86e255868189b9c425ef600185ef10,metro,le15,le20,dong,119,8,22,55,27,7,15.0,서울특별시,동작구,대방동,,대방동
apartment,630f4e4b3599a86d8c0898d177601154373eb167d7bb72a40971677a5ecf90ef,metro,m16_25,m21_30,dong,159,6,44,65,42,2,25.0,서울특별시,구로구,구로동,,구로동
apartment,6310f19217cf40cde1c020b79040b1431bb627721679523088f7ef7ab359b94a,metro,le15,le20,myeon,86,7,17,36,23,3,15.0,경기도,화성시,만세구,송산면,송산면
apartment,63133e903467d0ccd5b73ce85c6c62d425c1fcc6ab7f5fe31e6c99d2b9e4a7a8,metro_city,m16_25,m21_30,dong,67,5,23,23,15,1,25.0,부산광역시,해운대구,우동,,우동
apartment,6321c2b2a6cef8f348ef6f8ec093e24107410dfa9ff88923b5f1d7ffe297567f,metro_city,m16_25,m21_30,eup,60,8,12,24,15,1,22.0,대구광역시,달성군,논공읍,,논공읍
apartment,632cb0d9b3f4259460e0c40d77d6d487de0c074c8dc2ac5eed0c9d2222d03ad6,other_urban,le15,le20,dong,107,9,27,43,25,3,15.0,전남광주통합특별시,광산구,도산동,,도산동
apartment,632fb1e7034219d821027e0cec50823f4ade461abb1652d9ee91a07f1334dfc4,metro_city,m16_25,le20,dong,129,8,29,53,28,11,20.0,부산광역시,부산진구,개금동,,개금동
apartment,6338b4414bf13630c4bbefd97fba09e076402ef5373a34c706058ee0372b393a,other_urban,m16_25,le20,dong,408,29,85,140,127,27,18.0,경상북도,구미시,송정동,,송정동
apartment,634742c87e1c9e71c7adc98e16bce04430ed25bd1286bd0dbbe28e3e5d7ea81d,other_urban,m16_25,le20,dong,156,6,40,76,29,5,18.0,경상남도,김해시,관동동,,관동동
apartment,634991af0e9f3f90fa2ec2082ac40ff4fa15d6d62479d2266aefb12d08e412a1,other_urban,le15,le20,dong,293,22,46,120,80,25,12.0,전북특별자치도,군산시,소룡동,,소룡동
apartment,63559dbbba8de618b66e10c11e5d12ae3bf587749163702e24c86dd06bce278b,other_urban,le15,le20,dong,52,7,3,30,10,2,13.0,전남광주통합특별시,광산구,우산동,,우산동
apartment,6356e7282c14e71c5fe07731a66879da6dac89ef24c62f8337053a489517e344,other_urban,le15,le20,dong,222,45,0,90,44,43,5.0,경상북도,안동시,송현동,,송현동
apartment,6360459b7150211753cf6a3b09a46b3eeab4c0ff13f2cab7739679419a3a6bf0,metro,ge26,m21_30,dong,244,8,65,108,56,7,29.0,경기도,고양시,덕양구,지축동,지축동
apartment,6365f6ddde8f771c9990de9bef6d92ccd8622a356faad9021f6e09aa439583c9,metro_city,m16_25,le20,dong,150,6,37,63,41,3,20.0,부산광역시,영도구,동삼동,,동삼동
apartment,6374a9e18e3d7cc095597c2ef979b579e0d544df75299b5e5ce67a068b2a4b77,metro,m16_25,m21_30,dong,309,11,105,140,52,1,24.0,경기도,시흥시,대야동,,대야동
apartment,63859055d12df10011bc0a04e070b97e302a5bb44e9b3632324ba8bb2320b20e,metro,m16_25,le20,dong,79,9,21,34,14,1,16.0,경기도,파주시,금촌동,,금촌동
apartment,638b7740132ef3a49cbb1106c4effc0d8916b83ca064784aed837eb0d1ffd866,metro,m16_25,le20,dong,141,10,25,71,31,4,18.0,인천광역시,계양구,효성동,,효성동
apartment,639106f6b0f84036d0a9fc878fdc11525514e38c7c6fcc50d3f72e6e73f5dd2e,metro,le15,le20,dong,181,11,46,77,42,5,15.0,인천광역시,연수구,청학동,,청학동
apartment,639a63ef271ea4502d1274d999cb791c187a3ff88c570f68eff2fc12ed9dad15,other_urban,le15,le20,dong,134,21,0,70,22,21,6.0,충청남도,공주시,신관동,,신관동
apartment,639f4d94f5e8283ac4dc183a867aa2e7485680ff3afbe54705b52040a3131e0a,metro,m16_25,m21_30,dong,141,13,24,80,20,4,23.0,경기도,여주시,홍문동,,홍문동
apartment,63a10b3144c373b3bb9d55a0be3a79043b4b91644042ced0037e8c1a5cbc6551,other_urban,le15,le20,dong,73,18,0,27,10,18,5.0,경상남도,진주시,상봉동,,상봉동
apartment,63a87246134be229d9911097bcf4fe35c660cbcca71e52cfa343e79174bd5cd3,metro,m16_25,le20,dong,155,8,34,80,30,3,20.0,경기도,의정부시,장암동,,장암동
apartment,63a9bd255701661acebae8265390fe0a6cf756d3396e31ece0f61213f5678e18,nonurban,le15,le20,myeon,66,7,15,24,15,5,15.0,충청북도,청주시,흥덕구,강내면,강내면
apartment,63b5307f8dc58a3f61da21d5d58abdfe8ac4db7c9ee1d211c3149ae882a86ee7,other_urban,le15,le20,dong,59,6,10,31,10,2,15.0,강원특별자치도,춘천시,온의동,,온의동
apartment,63cf4c0938fbbaba103937b536ec197fb727eeea12445ede458e89cb5a165c6e,metro,ge26,ge31,dong,177,5,43,90,37,2,32.0,인천광역시,부평구,부개동,,부개동
apartment,63cfdb9fe5425a5a6208a71a1d440c8b135f394603373ff992ab0dced05f3ca9,metro_city,m16_25,le20,eup,394,24,92,154,112,12,18.0,울산광역시,울주군,삼남읍,,삼남읍
apartment,63d8ee7b7ab9ef9f58eb467b41f9682cc1736c1185b763939259198d02c27b70,metro,le15,le20,dong,73,6,0,42,14,11,6.0,서울특별시,강북구,미아동,,미아동
apartment,63e1cbfe80dc668dc54a4a73d63f18f9a0b923e2c6b1a52d34083f4e9f07cfc0,nonurban,le15,le20,eup,79,6,15,35,20,3,11.0,충청북도,청주시,청원구,내수읍,내수읍
apartment,63e43939a0daba7fe4ce3986dabe53d1fffa4d6e788cbee70950107623f0f705,metro_city,le15,le20,eup,89,15,0,35,17,22,5.0,울산광역시,울주군,온산읍,,온산읍
apartment,63eb6790be615db41ab3437f330af91fc98233a4a135012e37e6f58b3297ee82,metro,le15,le20,dong,53,5,6,22,15,5,14.0,인천광역시,부평구,산곡동,,산곡동
apartment,63ef305d616bdb8d88a383244ed4ef0f4726cf4d6826a36b0cdf7ea90c9aa4b8,metro,m16_25,le20,dong,169,16,46,68,38,1,20.0,경기도,용인시,수지구,상현동,상현동
apartment,63f3c047bb8053f48759fc55e32d1fad43a1de5771de576eb0a203f28a696d0a,nonurban,le15,le20,eup,145,13,20,66,41,5,15.0,충청남도,예산군,예산읍,,예산읍
apartment,63f893fad66422a3f41be0ab1baf3f3fafef74cfd1e1bfe697fd70b61bf04b83,other_urban,m16_25,le20,dong,253,17,64,101,56,15,20.0,경상남도,창원시,성산구,성주동,성주동
apartment,63feb556ab53a70de58ec7b4948e14156b9e883d7e20cc7d18086bcc07fe7ba7,metro,m16_25,m21_30,dong,360,14,112,154,76,4,25.0,경기도,화성시,동탄구,목동,목동
apartment,640051b2015264f16c88aee7fcba1c902914c912d1663e87abbaf686a34c4182,other_urban,m16_25,le20,dong,80,6,17,37,19,1,18.0,충청남도,당진시,읍내동,,읍내동
apartment,641779d9e56521e526c778a025cb6e002db4ddb28c520a4e4dc0828986959b6a,metro,m16_25,m21_30,dong,106,7,22,41,31,5,25.0,경기도,하남시,덕풍동,,덕풍동
apartment,642fff07eb455e6f4185661f2ff789be0b90727b3705bffd41e93ca7ceee357a,other_urban,le15,le20,dong,65,7,16,26,11,5,15.0,경상북도,상주시,성동동,,성동동
apartment,64383b99a37a59cfcd2bb7c7411758b79299cce18454da17217c0901398f79c4,other_urban,le15,le20,dong,75,19,0,17,19,20,5.0,강원특별자치도,동해시,천곡동,,천곡동
apartment,6454954741166b56d1b5956389cc7a37001524644f72fb4f380df361188d261b,other_urban,le15,le20,dong,79,10,15,39,13,2,13.0,충청남도,천안시,서북구,쌍용동,쌍용동
apartment,6454cef705641a8402512f7491e9e5a9685e121a06cc816790b40c10c446cde6,metro,m16_25,m21_30,dong,263,9,84,119,46,5,23.0,서울특별시,양천구,신월동,,신월동
apartment,6456698a6e7cf9dd285079b852bdb1eddf15670aa9d46602072b54ede603f710,metro,m16_25,le20,dong,164,10,34,85,29,6,20.0,경기도,의정부시,신곡동,,신곡동
apartment,645dac42c7c03db54aa25df7df1b3547317445ae3489d79a10ac9b679586def0,other_urban,le15,le20,dong,63,5,13,28,9,8,10.0,경상북도,안동시,법흥동,,법흥동
apartment,645efef1fc8c317d0421027b243f5d1aa891f4326d9ad0af3fb69bbdd86fbff3,metro,m16_25,m21_30,dong,234,9,61,81,75,8,24.0,경기도,안산시,상록구,사동,사동
apartment,646adf6504999eca39654dd847c87aa8059094345940a3ddc8fc34ca39996d07,metro,m16_25,m21_30,dong,99,6,24,41,27,1,21.0,경기도,수원시,장안구,정자동,정자동
apartment,646b18c64d98ddd1e731a6ac9ebe7f3d3bf56ad4fb91c8caf2621b372764176c,other_urban,m16_25,le20,dong,100,5,27,45,19,4,17.0,전북특별자치도,군산시,산북동,,산북동
apartment,6470203c31171fab090c78bac95cb900176ae76f508600578525b12b289ef719,metro,m16_25,le20,dong,91,5,12,46,26,2,16.0,경기도,화성시,병점구,병점동,병점동
apartment,647779bc541947331294deba9ae6547ea46e1a58475df41c97e6f15531c38ed6,metro,ge26,m21_30,dong,241,10,78,111,41,1,27.0,서울특별시,마포구,염리동,,염리동
apartment,647aeb6bcd914ca5453a172bb60fe425a7a063d1ad01c28b8d11ac6ba490d804,other_urban,m16_25,le20,dong,111,9,30,46,20,6,16.0,전남광주통합특별시,광양시,마동,,마동
apartment,6488cae84817c8320351fed50014fb41fea7a2b91f1a1be5af2189345dfc563f,other_urban,le15,le20,dong,226,11,47,93,63,12,15.0,강원특별자치도,속초시,조양동,,조양동
apartment,649980647c0be5258691f6a96b1dec8adb7652dbecea66e3789784ecd860e21c,metro,m16_25,le20,dong,73,6,20,30,15,2,17.0,경기도,고양시,일산서구,대화동,대화동
apartment,649b5b3042b116e3c74b5a444060083a1cc9f7166ca3dca3be18da749fe4da84,nonurban,le15,le20,myeon,179,15,26,65,55,18,15.0,경상남도,밀양시,상남면,,상남면
apartment,64a9f976bcb2f20b5a6d2e7e412ae54652fddfa9fb5f626035555ba9838006a8,metro,m16_25,m21_30,dong,191,5,46,75,61,4,25.0,경기도,오산시,내삼미동,,내삼미동
apartment,64ad12dd30157178c25be09d80a6bb8a9cfd2d2b92b73a58a85129a8bbadc1f3,metro,le15,le20,dong,55,10,0,26,9,10,6.0,인천광역시,부평구,부개동,,부개동
apartment,64b0c9d240a9213d917ab083fb0c7016bb54198655ddb21a290f1eb6265d4c2c,metro_city,m16_25,le20,dong,159,7,30,69,38,15,20.0,대구광역시,동구,신천동,,신천동
apartment,64b7941d1153096367cbcb312a76b4443bc89def2ef94733220553422d4e6f08,other_urban,ge26,m21_30,dong,245,9,88,91,55,2,28.0,충청남도,당진시,수청동,,수청동
apartment,64bf988b7fcd027ed1caae026cb46ac3b1efb92b2793f96bd2ecf33697220fb4,metro,le15,le20,dong,50,6,7,20,13,4,15.0,서울특별시,강동구,둔촌동,,둔촌동
apartment,64c74499029c2f5fa2a2e4ea174edff205287420a87bf8002e6d4c52e4cadd40,metro,m16_25,m21_30,dong,79,7,18,37,15,2,23.0,경기도,광명시,철산동,,철산동
apartment,64d35eafdd3bc9f2a0a1e04ec19821ee820c349164f36e86fcb42705085d2ed7,metro,le15,le20,dong,279,14,74,111,66,14,15.0,경기도,성남시,중원구,하대원동,하대원동
apartment,64e3d82b2e56d424e48498d0e6fadf01b219829f487eb1d7837a0ae9f99ff064,sejong,m16_25,m21_30,dong,123,6,34,59,21,3,23.0,세종특별자치시,,고운동,,고운동
apartment,64e557093533f48f28f7839664f42598a8f286320fc9b9a314c5c513692931c7,metro,m16_25,le20,dong,121,7,37,48,26,3,20.0,서울특별시,용산구,산천동,,산천동
apartment,64e6e0442c22758dcb4224a52ee5aed6b30cc73a726c13d9a5ed824081d54878,nonurban,le15,le20,eup,64,9,4,22,16,13,8.0,충청남도,천안시,서북구,성거읍,성거읍
apartment,64f1e43438ccecb860dcfb675fed49dd67e01adca3f6647209a96e620e7f673e,other_urban,le15,le20,dong,129,7,24,54,41,3,15.0,강원특별자치도,원주시,무실동,,무실동
apartment,64f5257935004c0aa4a271aabee62e509c27c35c6dce38bf3b49a389a4e39b3e,nonurban,le15,le20,myeon,224,22,48,101,46,7,15.0,충청북도,청주시,흥덕구,옥산면,옥산면
apartment,64f8927ef17cff1174256a51ef14b7841fe2e175cab95d4c3440758b2e047b9c,nonurban,le15,le20,myeon,82,6,19,28,24,5,14.0,경상남도,사천시,정동면,,정동면
apartment,64fea4e8bb669be2fb626b4ad638957ac76afa99ed97f0d35ff9f9967b7ed17d,other_urban,le15,le20,dong,56,8,0,20,12,16,5.0,강원특별자치도,춘천시,석사동,,석사동
apartment,65022042acbbc2a78222613c1ed2be866aba507dcc41dc5520bdab55e63b2970,metro_city,le15,le20,dong,197,14,42,82,47,12,15.0,대전광역시,서구,월평동,,월평동
apartment,6504d2b4172104fe8b3cb0779b6017597882e9b19e3c1fa3e30420acace57627,metro,m16_25,m21_30,dong,174,5,52,61,48,8,24.0,경기도,의왕시,삼동,,삼동
apartment,650b14d2b2e472d43f16b7661d9359e58f65303a0d09c2d8208ca683c242f1f9,metro,m16_25,m21_30,dong,263,11,75,108,65,4,25.0,인천광역시,남동구,간석동,,간석동
apartment,651499e72485bde0cabc0d0970ffb508662e70437f5d22c8f5807de6ff70ad4c,other_urban,le15,le20,dong,220,25,43,79,64,9,15.0,충청남도,당진시,시곡동,,시곡동
apartment,651c306607f635b1a1dccdc804f80cbe70c45fe2b6a8440ab836645b9d3dc6f1,nonurban,le15,le20,myeon,173,6,37,66,47,17,15.0,충청북도,진천군,광혜원면,,광혜원면
apartment,651e925b88c9be3d029a6c79b2119b20fb728e6fb255b7f538feec8cb2367f8f,other_urban,le15,le20,dong,57,7,8,15,16,11,8.0,충청북도,청주시,흥덕구,봉명동,봉명동
apartment,6523e1397ba8299ba73a576b69767c35a83002169474cf64e6922aa233afaebc,other_urban,m16_25,le20,dong,86,6,26,29,23,2,17.0,전남광주통합특별시,서구,치평동,,치평동
apartment,653d9a5af994b44d02341faf234fbd6b461e3c515c050deade0bb3b3c2060737,nonurban,le15,le20,eup,68,10,15,22,14,7,15.0,강원특별자치도,양양군,양양읍,,양양읍
apartment,65446a06119a602765026fcffedf91d53041f52bcffec6bffa15469f63b81062,nonurban,m16_25,m21_30,eup,205,8,52,90,54,1,25.0,전남광주통합특별시,광양시,광양읍,,광양읍
apartment,6544cbfe355f63054b9b3e12f7572bf2b736f66c5e2033f1a219efb505a0d1c4,metro,m16_25,le20,dong,246,5,69,108,56,8,20.0,경기도,수원시,영통구,영통동,영통동
apartment,6551dd6a5475696013b646298e4f80a65bb034a26e031598af40cb18b533fd52,metro,ge26,m21_30,dong,262,7,64,117,68,6,28.0,경기도,화성시,병점구,반월동,반월동
apartment,6552e1d0b2021dbb1a66b8da3fb1e0247cbfb69608469463bb0bd6c56f7ac88d,metro,m16_25,m21_30,dong,98,6,23,47,21,1,24.0,경기도,수원시,영통구,영통동,영통동
apartment,6558d5ddb2d44801270798cf3604763ea53e89a1164d9416e266bd2bcdb57910,metro_city,m16_25,m21_30,dong,181,9,56,75,38,3,22.0,울산광역시,북구,달천동,,달천동
apartment,6562e31e35a788181cdf2b6df0335060d5a3e4d6352e15fbc4a5d3685993314a,metro,le15,le20,dong,100,15,0,42,27,16,5.0,경기도,안산시,단원구,선부동,선부동
apartment,656a9e7f2f48dc495629107c5fa6298940db757bc03ca0657d8d9481c83c968b,metro,m16_25,m21_30,dong,96,6,26,51,12,1,22.0,경기도,용인시,기흥구,중동,중동
apartment,656e38c1d874b27ba215ddd96b047bd08eb8c14b32e13224023d541816babf1a,other_urban,le15,le20,dong,50,6,0,21,12,11,5.0,경상남도,창원시,성산구,가음동,가음동
apartment,657aa76b7964b94cfbc4437dd02b2096d718038b8e169d4974bfe8484e42b2c7,other_urban,m16_25,le20,dong,192,6,52,73,52,9,17.0,경상북도,구미시,임은동,,임은동
apartment,657e29c03612a183c81ca5d627c4d0d06450d364417372ce0194468ccd1ff701,metro,le15,le20,dong,67,5,12,35,11,4,11.0,경기도,평택시,독곡동,,독곡동
apartment,65852ffa75d1082b797009fd3f536ee088adb4346a9b703ff8bbffc3a1cf7e8c,metro,ge26,m21_30,dong,216,7,49,103,55,2,29.0,인천광역시,남동구,논현동,,논현동
apartment,6587bc36bd85e9f924e0d848effcce8ddc06e75a4131bb60603929e8c74dd05d,metro,m16_25,le20,dong,181,7,43,69,51,11,20.0,인천광역시,부평구,삼산동,,삼산동
apartment,658da68177fd508560cac5ceec42bbb2e1c0218c66c831d1307c7b4026a74ee1,metro,m16_25,le20,dong,71,6,14,30,16,5,19.0,경기도,파주시,금릉동,,금릉동
apartment,658ed19e421da637b2402ce3c7f30565f3bcea2bdaf09027a29a62d6a9646d63,metro,m16_25,le20,dong,917,37,252,379,216,33,20.0,경기도,수원시,영통구,영통동,영통동
apartment,658fd0358e64c4cdebf2d573dd92f41428034d5e2bcab30ebe5000da23f693eb,metro,m16_25,le20,dong,86,5,19,41,19,2,19.0,경기도,용인시,수지구,상현동,상현동
apartment,659d500551925ccbde5333190d57b3d6d5a05e8e262253135a5c85b810fd26e6,metro,m16_25,m21_30,dong,133,6,41,61,24,1,25.0,서울특별시,양천구,목동,,목동
apartment,65b7bb778fe92a31c3c855b10ea35b0c65e2ddc17d2f98a14624c7c18307510f,metro,le15,le20,eup,143,25,45,65,6,2,10.0,경기도,안성시,공도읍,,공도읍
apartment,65bd17953b29c979b1d630c15e812e03154aeeeadfd7a304e54f36d1dcc52c10,other_urban,m16_25,m21_30,dong,97,7,14,42,31,3,22.0,충청남도,아산시,실옥동,,실옥동
apartment,65d471027339db702a0d04491ba1de52034344e8796dfb2975631548ca1ed65d,metro,m16_25,le20,dong,190,12,42,80,44,12,18.0,경기도,화성시,병점구,반월동,반월동
apartment,65d89245fe57f537ee4b747db00e31a080982a147e4be91d0eff898d346c4641,metro,ge26,m21_30,dong,114,5,29,48,31,1,28.0,인천광역시,검단구,원당동,,원당동
apartment,65dac31c819b51dfb30bb9b0c97218005c579ad27e91b8de5f28de43586c7cbc,metro,le15,le20,dong,87,6,13,38,28,2,15.0,경기도,수원시,영통구,망포동,망포동
apartment,65de38dd31037e4dd533871c13953d90865db1cdf2a7944bc0ec1e91fe9d2571,metro_city,le15,le20,dong,91,10,22,37,15,7,15.0,울산광역시,남구,두왕동,,두왕동
apartment,65f67c53ace9f174c7a4d5a00a56ffc52f5529fd2793c8cd258e805c2366aa96,metro,m16_25,le20,dong,171,11,50,75,32,3,20.0,서울특별시,은평구,녹번동,,녹번동
apartment,65fad92caba1c5d8d16a96275a7652bcdfa873badbebeaf8311cc44d5906a104,metro,m16_25,le20,dong,250,12,64,101,62,11,20.0,인천광역시,남동구,논현동,,논현동
apartment,65fdd5075999042d669c8fd3dc0a55514a8d2b660f31519de1bd297ba28d922d,other_urban,le15,le20,dong,125,7,17,52,35,14,15.0,전남광주통합특별시,순천시,생목동,,생목동
apartment,66032b5257ebdbc3934339cc159c2691e2cb7d3eaeaa65f20bec0813e7f9943d,metro_city,ge26,m21_30,dong,206,7,55,88,55,1,29.0,부산광역시,강서구,명지동,,명지동
apartment,6606f281625f579afe46df675dc95468fd495f1f894cfff4e4ee928b3399c611,other_urban,le15,le20,dong,186,37,0,85,34,30,5.0,경상북도,구미시,황상동,,황상동
apartment,6607e5f7cee9615108bd748e7271975594f41cabfdeb9438655dca83b42ec7dd,metro,le15,le20,eup,91,7,21,36,22,5,15.0,경기도,화성시,만세구,향남읍,향남읍
apartment,66093384b14773bee1fc9ea914f1653203cbaeeaea98a85a1297789aacf78c40,metro_city,m16_25,m21_30,dong,183,7,46,80,48,2,25.0,부산광역시,해운대구,우동,,우동
apartment,660d5231f3ad50a988b490908594ef33146429cad282d30fe62aef9a053a1536,nonurban,le15,le20,eup,70,6,0,33,16,15,6.0,충청북도,음성군,대소읍,,대소읍
apartment,6614823f1e4d09e2e0d3b53dec42f4494847351f6f1778481273c6d7996e719f,metro,m16_25,m21_30,dong,151,6,46,71,27,1,24.0,경기도,수원시,장안구,정자동,정자동
apartment,66155380275d12f61685f1e1872c84471ff1ad7c28dfd4cd152965cbfd6df022,other_urban,le15,le20,dong,76,7,9,20,30,10,7.0,제주특별자치도,서귀포시,중문동,,중문동
apartment,661ea99be570028fc153da1919ceaf6418b71ec8d741274352d3bf7727b5ee10,other_urban,le15,le20,dong,102,12,36,43,7,4,11.0,충청남도,천안시,서북구,쌍용동,쌍용동
apartment,663f0cab99fdc58ffb60da5977aaa8a390c428e62bfc52bb4afad44fc40ff280,other_urban,le15,le20,dong,76,7,18,34,10,7,15.0,충청북도,제천시,신백동,,신백동
apartment,66422c7e7d8994fb9cf88276cfe1348c014527c70902442a7e04861608a283be,other_urban,le15,le20,dong,153,10,23,73,36,11,12.0,전북특별자치도,전주시,덕진구,덕진동2가,덕진동2가
apartment,6647ba09c3acabfbeacaad26b7ceaf3baf94041b02a6f27e6a7deb247417cec9,metro,m16_25,m21_30,dong,64,6,27,29,1,1,23.0,경기도,안산시,상록구,사동,사동
apartment,6649ae82985e7ffed427f09c174e64bc5e7d2f681058ee74a9964c003e6246a6,metro,le15,le20,dong,151,7,39,74,29,2,15.0,경기도,안산시,단원구,초지동,초지동
apartment,664e9989c4a9d2d76a019a33d65eb4322b8f9ca304a206945581bea6907e198d,metro_city,m16_25,m21_30,myeon,139,7,41,61,23,7,25.0,대구광역시,달성군,구지면,,구지면
apartment,6653744195d0d87362692a610284c2082c810ec78b9b3b8748e91efc6308376b,metro,le15,le20,eup,121,9,22,50,36,4,15.0,경기도,남양주시,퇴계원읍,,퇴계원읍
apartment,6658ee5100bd5ee9db34cb8688c831c8e4c8af97febd7da3c2622bced1aeca2e,metro,m16_25,m21_30,dong,123,6,38,61,17,1,25.0,경기도,고양시,덕양구,도내동,도내동
apartment,66599fc902982d73dfdb7a50557042976d0e1c916af329d12aeb1e5a79f6f259,metro,ge26,m21_30,dong,377,5,86,172,111,3,29.0,경기도,파주시,야당동,,야당동
apartment,6664b372c35ab443f0ef86da3741c135010cc82375742101d68a4af26dd8d825,metro,le15,le20,dong,85,9,27,40,6,3,15.0,서울특별시,노원구,공릉동,,공릉동
apartment,6664cf3008d4f659ab123d7e46339557bc8341bb657f0765f74464a15a32f9db,metro,m16_25,m21_30,dong,251,9,64,119,53,6,25.0,경기도,화성시,동탄구,청계동,청계동
apartment,667ac7a8a2765422fed902213050bfc2232ab6c34a27a5fe87961a327e1dc351,metro,le15,le20,dong,108,13,39,37,12,7,10.0,경기도,시흥시,정왕동,,정왕동
apartment,667d361eb0bc6d6ea6ddd35f239677df9e13b6695b5e39461f30e85a98137d1d,metro,m16_25,m21_30,dong,176,11,53,83,27,2,25.0,인천광역시,서해구,가정동,,가정동
apartment,667efaef05239ae7d369909d74d0d266df452f4dd51dfcb65dd038b47d636966,metro,m16_25,m21_30,dong,247,13,65,92,70,7,25.0,경기도,용인시,수지구,동천동,동천동
apartment,668b3221c6879620be89d703c44bc62a98d2d1c33caf5dacee44c08dc4507c75,metro_city,m16_25,le20,dong,200,12,39,73,65,11,18.0,대구광역시,동구,지묘동,,지묘동
apartment,669c29412a94c088e87c732fb68ca2a1ec3e8b41b313459e5cbf2990e0e7fbbc,metro,m16_25,le20,eup,98,9,19,35,28,7,18.0,경기도,남양주시,퇴계원읍,,퇴계원읍
apartment,66a3ca1a090d0df087eb45d510f1ff27b1d9752e8e75302b2a61b42c8957bf98,metro_city,ge26,m21_30,dong,228,9,54,119,43,3,26.0,부산광역시,북구,화명동,,화명동
apartment,66adf6503e93b8963f2b881813e6c65dbb3e483e5a8c09f3c8ba3da7f3cc2681,nonurban,le15,le20,eup,63,17,0,24,7,15,5.0,충청남도,천안시,서북구,성거읍,성거읍
apartment,66aea506adfea47305e626de521606093e79a7a95fec18aa19af30bbfaff046c,metro,m16_25,le20,dong,126,6,33,40,43,4,18.0,경기도,의정부시,신곡동,,신곡동
apartment,66ba020f3754679f1d6846a1cb5ab5c158766445d454e7bd055236727254e421,metro_city,le15,le20,dong,104,8,21,42,31,2,15.0,대전광역시,유성구,대정동,,대정동
apartment,66c53cb11ed5b4737ec29c7c42cf7c34792756f5aa927e0e3eb08971ae5e4a06,metro_city,m16_25,le20,dong,121,9,37,54,20,1,20.0,대구광역시,달서구,용산동,,용산동
apartment,66c7716438ae8c0cc0f1db9c1455e049cc3d3a42674185f7f77a7fb1202bd60d,metro_city,m16_25,m21_30,dong,244,10,55,117,58,4,21.0,대구광역시,달서구,대곡동,,대곡동
apartment,66c8657f63544e0adc6c1cad1167da1398cebd687440390f230db371b5545bd8,metro_city,m16_25,le20,eup,79,5,17,38,15,4,19.0,대구광역시,달성군,다사읍,,다사읍
apartment,66d0f8fdf91646c2e72d45bb578e079c85c01cb2466e3dde5a1e98847322e0d9,metro_city,le15,le20,dong,113,8,27,44,26,8,15.0,대구광역시,달서구,이곡동,,이곡동
apartment,66d4863c54a67291b8e595b603265dbd961d72e5d67e1ab0df59d27c8d259513,nonurban,m16_25,le20,eup,298,19,58,119,88,14,18.0,충청북도,청주시,청원구,오창읍,오창읍
apartment,66e058634174ca96381287a57e94ba5dfaa53ff1d2fea267ad6de12edbc43064,metro,m16_25,le20,dong,82,9,18,36,15,4,20.0,경기도,안성시,석정동,,석정동
apartment,66e812b483fc332d24ecb1e2d9c75a3f3ecbc809249d18e0dd5b6c5370802dd6,metro,le15,le20,dong,185,12,34,82,52,5,15.0,경기도,김포시,풍무동,,풍무동
apartment,66fc9888ba7f7233cff857eaa09d94b19058f4313d9f105032df0deef396c55d,metro,m16_25,m21_30,dong,117,8,27,46,35,1,22.0,서울특별시,구로구,구로동,,구로동
apartment,67194b037b45bb04c4406d47cc1db69a29c10f4d0f3194904715423e4c138df6,metro,m16_25,le20,dong,94,5,23,38,25,3,18.0,서울특별시,서대문구,북가좌동,,북가좌동
apartment,6725f938bb3345ca751799d8ad6b75f0b8177326ec9020bb6732b5756ff10c4e,other_urban,le15,le20,dong,84,10,17,30,21,6,15.0,충청북도,제천시,장락동,,장락동
apartment,6737ad84bf30805872888c576316108770737c03f0251ef9c1968b3dbbf73032,metro,m16_25,m21_30,eup,204,11,54,88,44,7,21.0,경기도,남양주시,와부읍,,와부읍
apartment,6745eac1dd018219f5b4f95111287c6181321bc37fe9916491586e1708ff2c88,other_urban,le15,le20,dong,113,12,23,42,32,4,15.0,충청남도,아산시,실옥동,,실옥동
apartment,67589fab427d3fe9a44388001f365dbff6251eff18dfc49c808db9c42854fac8,other_urban,le15,le20,dong,281,59,0,98,58,66,5.0,전북특별자치도,익산시,동산동,,동산동
apartment,675ac16055059bf9d8e4b1d9a3d24dea60212c364525dbc4093d5cdca846de01,other_urban,m16_25,le20,dong,137,10,37,57,22,11,20.0,전남광주통합특별시,서구,금호동,,금호동
apartment,6767adaa63657d88483e955aebf3e70e3611b84d1102e5950e4cde736886f23f,nonurban,m16_25,m21_30,myeon,278,7,58,110,94,9,25.0,경상남도,양산시,동면,,동면
apartment,67703f1112425b27f91024ff73c51ac234b859a8b86996204a3b5d94526fc8bb,other_urban,m16_25,m21_30,dong,319,8,79,151,79,2,24.0,충청남도,천안시,서북구,차암동,차암동
apartment,67714168ce834b5bb766e21c5f5e5b9d51a81e1cf31bbbc81a13566db970763b,metro,ge26,ge31,dong,752,12,216,364,153,7,40.0,인천광역시,미추홀구,용현동,,용현동
apartment,6772f16fb4cbbf304fb9f569cf370b51e7cf8f936a3be7ea920529b498138858,metro,le15,le20,dong,97,7,19,42,25,4,15.0,서울특별시,강서구,방화동,,방화동
apartment,67737d313367bac8ac50a49079a76e1ec42aa32fdec989c1e08031471f6eb9df,other_urban,m16_25,le20,dong,154,7,30,72,36,9,20.0,전북특별자치도,전주시,완산구,효자동2가,효자동2가
apartment,677f0fcf6d4e17b7db45091a4ecd4794280ef36eeb0d1726b727d4d4c098ce22,metro_city,le15,le20,dong,70,8,18,27,15,2,15.0,부산광역시,연제구,연산동,,연산동
apartment,6785811c2a9d128d29173cb91289539efc84626e0cbbcedd08c5ec44d3d49f96,metro,ge26,m21_30,dong,247,6,67,128,44,2,26.0,경기도,안양시,만안구,안양동,안양동
apartment,6788dbbad7125eddd718f77fcc5ef3840fcfc98c19ccf5851c0f4fafb321b56a,metro,ge26,m21_30,dong,228,5,59,93,63,8,29.0,경기도,시흥시,배곧동,,배곧동
apartment,6798ee3f5266542259786b6ee84fd03a343a8f2abfce6429d058bafffcddc410,metro_city,m16_25,le20,dong,97,5,9,44,34,5,19.0,대구광역시,달서구,용산동,,용산동
apartment,67bf4234aa8fae77994150b53aa6e89c838efde765ca960ca0e7926b74b5a921,metro,m16_25,le20,dong,120,7,28,49,31,5,20.0,경기도,이천시,증포동,,증포동
apartment,67c9cbaa902edd59c55b376f5c6c74f2a797be7ae0b3e1845615bdf0ae94cb67,metro,le15,le20,dong,119,11,29,52,22,5,15.0,서울특별시,강남구,자곡동,,자곡동
apartment,67e2df94b35292cb2fa8a1abecd5a3dc6f001bea9aad52ed697c81fc626dbc0e,metro,m16_25,le20,dong,111,10,24,47,24,6,20.0,경기도,용인시,수지구,성복동,성복동
apartment,67e34e4031baf703b32e43cd80533f86d617529c507b1c11dc0be5afac065c49,other_urban,m16_25,m21_30,dong,118,8,37,50,20,3,21.0,경상북도,영주시,휴천동,,휴천동
apartment,67f6ccd75c597e8cf7eaffea92a3525d370c9b42ef04cacf869b194546b25094,metro,le15,le20,dong,191,12,47,92,33,7,15.0,경기도,파주시,목동동,,목동동
apartment,67f738abbde74a54ee26b902437267a9f70544f0f682cdafbb6f124d71f225be,metro_city,le15,le20,dong,69,7,14,30,17,1,15.0,부산광역시,북구,화명동,,화명동
apartment,67fa7e12ce0eca2d5d3f764edf1e24e2f5e30d63aa88569b408bcdfc5b3c5960,other_urban,le15,le20,dong,253,12,43,93,86,19,15.0,경상남도,창원시,성산구,남양동,남양동
apartment,67faa7bfda34757e9b4b864e4ecdab4a4fabd1a8dd71c69cb059cf245ad01bf1,metro_city,ge26,m21_30,dong,352,9,117,155,68,3,30.0,부산광역시,북구,화명동,,화명동
apartment,680a598f62636f9004ca4e04d9ed5fedb04ce984c180aeb75755239d3ba91466,metro,m16_25,m21_30,dong,118,7,48,52,10,1,24.0,서울특별시,금천구,독산동,,독산동
apartment,6811c67927e29f71805f1b13c330c52672eb403f5f97b46104a85b93678ce19b,other_urban,le15,le20,dong,74,7,16,25,21,5,15.0,전북특별자치도,군산시,지곡동,,지곡동
apartment,6818d65a72bb02b112f7b56624c7a7872f5bf25c7cd13357ca9d3cf181ba7827,metro_city,le15,le20,dong,96,8,11,42,33,2,15.0,울산광역시,북구,신천동,,신천동
apartment,682133c4f202d2d254efd4e8f08f449451dde144450a4582102ba643804d2920,metro,le15,le20,dong,241,22,38,93,68,20,12.0,서울특별시,강동구,길동,,길동
apartment,6827800a59cefe3628218c94f7050027d9acd59aaec982eacc52037d33d4f51f,other_urban,le15,le20,dong,138,5,36,63,29,5,15.0,충청남도,계룡시,금암동,,금암동
apartment,682966eef123e6c780cf3bcb67ebc669108f735024358ef0098cd965734e951d,nonurban,le15,le20,eup,71,6,17,30,15,3,15.0,경상남도,창원시,마산회원구,내서읍,내서읍
apartment,682d78fbe315adb5eea719997407be9c5340c6dffbcb5d8ba17b62a73116e6fa,metro,le15,le20,dong,66,9,9,32,12,4,13.0,인천광역시,계양구,이화동,,이화동
apartment,6831fc4cebedc2a39028a1eada9b2e0201a9469d6ab72a24709982b63db68b47,metro,m16_25,m21_30,dong,178,7,69,63,37,2,21.0,경기도,광명시,철산동,,철산동
apartment,6832c4e325bd39cf7d3554c3843a617fe9324d31c2fb6ab3b9d6d5e964a4ff5d,other_urban,m16_25,le20,dong,131,8,28,62,31,2,20.0,전남광주통합특별시,서구,치평동,,치평동
apartment,6840753777af19e88cc23419fbd4dbe50468ab52edf75ffc1a0402670829e38e,metro_city,le15,le20,dong,238,12,61,88,63,14,15.0,대전광역시,서구,둔산동,,둔산동
apartment,684540949458e703edd6b26815b0c8529f0802cc0c833aeab0e0169112e2f1d2,metro,m16_25,m21_30,dong,224,10,87,89,35,3,25.0,서울특별시,강북구,미아동,,미아동
apartment,684aa24cb6e84711e276a6487b0cb9436f160c2141d6ff4db0226bd3d2a34847,other_urban,m16_25,m21_30,dong,76,8,15,46,6,1,22.0,전남광주통합특별시,남구,봉선동,,봉선동
apartment,684cb46c799c85603b8d7e705965da7553cff802908b866b76e81c7c4a089ee2,metro,m16_25,m21_30,dong,159,6,35,81,34,3,25.0,경기도,오산시,부산동,,부산동
apartment,684ccbebcf1cafd0bc84cea74ea2449a2da667ae15fd11b64b2ce56095e31af0,nonurban,le15,le20,eup,75,20,0,30,9,16,5.0,경상남도,창원시,의창구,동읍,동읍
apartment,6853dd132fdaa99c5ae21f10e56e49664df6c51025ca253da878297b46504a95,metro,le15,le20,dong,336,17,47,155,94,23,15.0,경기도,성남시,중원구,상대원동,상대원동
apartment,685971772c0fdb6b0fd6f61ee3b04894733dc5bc4eeab7f14bb46c07ac904854,metro,m16_25,m21_30,dong,124,6,26,54,36,2,25.0,경기도,고양시,일산서구,일산동,일산동
apartment,6859c6627aafac19b793dac768a64009f177c236540ad452d4d209e6e02b5324,metro,m16_25,le20,dong,202,13,54,103,31,1,19.0,경기도,안산시,상록구,성포동,성포동
apartment,685d00b62c121db1fddda54ed91db323337a6c3b4703c58af4de026330555c26,metro,m16_25,le20,dong,120,5,29,48,35,3,18.0,경기도,화성시,병점구,반월동,반월동
apartment,685d4cc9a4f64c5816dc980a8143b4227a65e6dc8c3b98ca8de9369b1c1d242e,other_urban,le15,le20,dong,70,12,0,34,8,16,5.0,경상북도,포항시,북구,창포동,창포동
apartment,686c077119d40399ca3fa628e349e42ea00f78e42dfe67dccb0413ab9faf7cf0,metro,m16_25,le20,eup,252,11,58,119,59,5,20.0,경기도,안성시,공도읍,,공도읍
apartment,686d6e9423db8e0098f2e8da2e87ea1590fd2889823a79d832e7147c5d1379a7,metro,m16_25,le20,dong,92,5,22,31,31,3,17.0,경기도,용인시,수지구,풍덕천동,풍덕천동
apartment,6872011edf61b77ad5bfadb097e01900ee837af5e43f078f95400134b001de6c,metro_city,ge26,m21_30,dong,276,7,66,150,50,3,29.0,대전광역시,대덕구,법동,,법동
apartment,68aa09dee0f1503b8f2aa63dcd139a28818083901a549a56457c9f3ea10c620e,metro,m16_25,m21_30,dong,78,6,20,42,8,2,22.0,경기도,부천시,원미구,상동,상동
apartment,68ab6b4bbae2d2e5dd53982fc16465c9518c2e96675cb56dc3d1f42c3917272a,metro,le15,le20,dong,59,11,0,22,8,18,5.0,경기도,여주시,현암동,,현암동
apartment,68b1cae09702c80f20d95eb45892d7bc49bdea84f3d48ab377396ba45116923c,other_urban,le15,le20,dong,118,10,34,42,26,6,14.0,전남광주통합특별시,목포시,석현동,,석현동
apartment,68b1f09558f380a62c5577e8384bb14fe2ccfe1f4d3d2822a52152735ac00895,other_urban,m16_25,m21_30,dong,396,15,100,167,101,13,25.0,강원특별자치도,춘천시,우두동,,우두동
apartment,68b3e0414d65bca37e9befd9cf38bcfcd171190d84e64e0c103873b703bf1a55,metro,ge26,m21_30,dong,117,6,29,50,31,1,26.0,경기도,고양시,일산서구,일산동,일산동
apartment,68c8ec83a2ad353b588257ef3d46b400169d34380054bb50770f357cd59bc7df,other_urban,le15,le20,dong,177,12,48,56,45,16,14.0,강원특별자치도,원주시,태장동,,태장동
apartment,68d0540764eaea1f5ee68b3c900c8602e4a14d7187bcf9a5d10b5115077e3d45,sejong,ge26,m21_30,dong,126,5,78,35,6,2,27.0,세종특별자치시,,한솔동,,한솔동
apartment,68d2395bcb384bc79c773d920549aa3049ce6fc46a01e1da8cd0b3c7005166c6,metro,m16_25,le20,dong,146,10,22,70,39,5,19.0,경기도,오산시,갈곶동,,갈곶동
apartment,68df96a29106ea3b6a4c8044131ac6ee162b6ddd4e3ba7bf3d3473cefc44988b,other_urban,m16_25,le20,dong,354,21,91,151,77,14,18.0,강원특별자치도,원주시,태장동,,태장동
apartment,68eb3eaf7c51d79b9797ec79ff4459b248c9aac405b4a5e200c3b329bf456682,metro_city,le15,le20,dong,183,11,40,69,51,12,15.0,대전광역시,서구,월평동,,월평동
apartment,690439070559d5ae2c185b312b324c07ddf2708a338922aff4652e17998b794c,metro,m16_25,le20,dong,61,5,16,19,18,3,20.0,경기도,광주시,장지동,,장지동
apartment,69098d9ddf7a899fe2d1e48567fecd154e4d3e6002320b5f728a3d2e1414db88,nonurban,le15,le20,myeon,294,20,54,124,85,11,15.0,충청남도,아산시,신창면,,신창면
apartment,690b37d57307d4c644a54918313baaa2011ceba21cde15f03a9771cac3133329,metro_city,ge26,m21_30,dong,113,6,39,57,10,1,26.0,대구광역시,달서구,진천동,,진천동
apartment,691f7aa8982a175dd9df9b91e6a8a7c05e6a236e75f6dc083c5636d65ceef9b4,metro,m16_25,le20,dong,125,5,40,59,19,2,20.0,경기도,화성시,동탄구,능동,능동
apartment,6926113dd43bdb4368f2da448cabb76343078e32dd45de0565cc40c71b3a512a,metro,le15,le20,dong,94,18,0,42,15,19,5.0,경기도,안산시,단원구,고잔동,고잔동
apartment,692dd85e4f467847e6a59283d766090cb7e9718f20faa7f3dc9c568ade549cbd,other_urban,le15,le20,dong,73,9,11,37,12,4,15.0,전북특별자치도,전주시,덕진구,우아동2가,우아동2가
apartment,692e5f753293d2a8c666d1108afc1e289db8722d4adbaef79cb5983e829a25f1,metro,m16_25,le20,eup,142,6,29,63,36,8,20.0,경기도,남양주시,진접읍,,진접읍
apartment,6932494b3ea398b60df0d1c61e496b988633cb19d58b165f18cf04cb7ec9f2cb,metro_city,ge26,m21_30,dong,171,5,72,85,8,1,27.0,대전광역시,중구,대흥동,,대흥동
apartment,6932c9680cce0a78d2c225e45d7a0a0a34ec73d2d895ecba78518c6c4642f27a,other_urban,le15,le20,dong,83,8,18,28,20,9,15.0,충청북도,충주시,호암동,,호암동
apartment,6935473486c0ac5d3a904da4ecf5c2d96d3e55d88649830256c4d3450f252474,other_urban,m16_25,le20,dong,427,21,98,155,123,30,18.0,전남광주통합특별시,광양시,중동,,중동
apartment,6937dd576bbc5a235e149fe7df1f6c15f0cce7c8728f95a36dd76888ca106299,metro,le15,le20,dong,99,6,21,49,19,4,15.0,서울특별시,동대문구,답십리동,,답십리동
apartment,694a29c2dae8dc14956ace12f1e13213c1e9b8769e8b6c88b43f20447e281611,other_urban,m16_25,le20,dong,110,16,29,42,21,2,20.0,전북특별자치도,전주시,완산구,평화동2가,평화동2가
apartment,69500d9f632080cb26b54424821e1e31e9535054d36005964cda34a226a82eaa,metro_city,le15,le20,dong,224,10,41,99,63,11,15.0,대구광역시,북구,동천동,,동천동
apartment,696d28c289465ffca56bb3b936e72febad21f855922016d5b3c30759fcaa41c0,other_urban,le15,le20,dong,174,6,34,72,52,10,15.0,충청남도,천안시,서북구,두정동,두정동
apartment,697dfbe0aed953d7e6fc1418ebe8936b041ea029f0a270385446a1b50c98cc9f,metro,m16_25,le20,eup,136,10,55,52,15,4,20.0,경기도,안성시,공도읍,,공도읍
apartment,698a6742e8c941e9426d44c5d47af70319e7c5fbcd8d83f4f97c0e9b18153595,nonurban,le15,le20,myeon,109,27,0,48,19,15,5.0,충청남도,홍성군,금마면,,금마면
apartment,699c5d03d501cea347d99e1fe4df0210c5d57ea491b9698b0972b31c5f8a49c6,metro,m16_25,le20,dong,254,5,77,139,29,4,20.0,경기도,군포시,금정동,,금정동
apartment,69abf7eda14386a99f5c0d04ac1d39397c010ca7afc027d87bca634f3d93328c,metro,le15,le20,myeon,324,15,61,136,84,28,15.0,경기도,이천시,대월면,,대월면
apartment,69b51f22fb9870a2682b18bafb7ee35dee29e422070f2ddd78441297022285ca,nonurban,m16_25,m21_30,eup,305,14,70,136,76,9,23.0,경상남도,창원시,마산회원구,내서읍,내서읍
apartment,69bf534d24305e95c995cd97d5cfbe7da49bf5ee05b7f9cfb6d19cb471144b53,nonurban,le15,le20,eup,99,11,14,41,24,9,12.0,경상남도,김해시,진영읍,,진영읍
apartment,69cfa397f14278ca60c83733aa345c672882155041adfd9f56f1220a2aa643e7,other_urban,le15,le20,dong,115,7,30,46,28,4,14.0,충청북도,청주시,청원구,율량동,율량동
apartment,69d65024938a13cc0170a96b8769c5578062b0df9359c58ad374c24700fbb393,other_urban,le15,le20,dong,352,27,55,166,97,7,15.0,충청북도,청주시,상당구,용암동,용암동
apartment,69d76fb3b4055c01d95fb724b18b3ce89093af53d8e5f6b4ed1a7dd81b668e5d,other_urban,le15,le20,dong,139,8,29,61,37,4,15.0,전북특별자치도,군산시,나운동,,나운동
apartment,69dd712c446aa7a3d2403dd010b94bc2991b234955c2647dcedb9be498c0ce3a,other_urban,m16_25,m21_30,dong,219,12,58,75,66,8,25.0,전북특별자치도,전주시,완산구,효자동2가,효자동2가
apartment,69e447f296e6e960025966339a4ed9f0974283fe1654e4ab8fe487b55c780be8,metro,m16_25,m21_30,dong,240,8,75,106,49,2,25.0,경기도,고양시,덕양구,성사동,성사동
apartment,69f1dd1b412b0faf77eaecb9916dfb086a630ce806bd610ed3cc7b86385b62ef,nonurban,le15,le20,eup,135,11,28,52,41,3,13.0,경상북도,포항시,남구,오천읍,오천읍
apartment,6a017ba493b34cf9b1ca9e26415c0d6ffe453ab2586f3486d242bd901115e2ae,metro,le15,le20,dong,69,8,13,21,22,5,15.0,서울특별시,강북구,번동,,번동
apartment,6a03cfbf922445e7be9c6d9840562921dafbfc6274e40511f0c8c5e62a760240,nonurban,le15,le20,myeon,520,32,108,187,145,48,15.0,충청남도,아산시,음봉면,,음봉면
apartment,6a15c7eb60f7811facc1d09fd2244f087ce94c7fe360d7550091f2b41874d79d,metro,m16_25,m21_30,dong,159,6,36,73,41,3,23.0,서울특별시,성북구,하월곡동,,하월곡동
apartment,6a210876d57488521a315e0e9822213a6e6e21a02488fb59e16014ae8b085a7c,metro,le15,le20,dong,73,6,17,34,13,3,15.0,경기도,이천시,송정동,,송정동
apartment,6a3f99b50a4fe3b48462d67ae88eb7c7b7d11dc0da7135ee198a8e5ca2b233ee,metro,le15,le20,dong,64,14,0,30,10,10,5.0,인천광역시,계양구,계산동,,계산동
apartment,6a4ba045eb950d207b1f7f15cc210f09151a38e119b4dac95c28cfa66744d7f0,metro,ge26,m21_30,dong,200,7,61,84,46,2,28.0,경기도,하남시,망월동,,망월동
apartment,6a54f55983c181d3b8c2b70cce5c670db78f7754e3a51943ff38acf567e96dcf,other_urban,m16_25,le20,dong,127,9,28,61,26,3,19.0,전남광주통합특별시,서구,금호동,,금호동
apartment,6a651f9bfb0def454316f950bf7b70a348a7ae06b50536655320a375e350266e,metro,m16_25,le20,dong,96,6,25,47,17,1,19.0,경기도,동두천시,송내동,,송내동
apartment,6a6f592e49e28137d51189a4290a3c584c9541eeba6032a5c51b176b8613c16b,other_urban,m16_25,m21_30,dong,89,11,12,36,28,2,23.0,충청남도,아산시,실옥동,,실옥동
apartment,6a7849d64c1449c1704b524d7264a8aec4d7ad0fa9883066712a58d4d0c1bd97,other_urban,le15,le20,dong,128,12,26,54,25,11,15.0,전북특별자치도,남원시,향교동,,향교동
apartment,6a8cc257d30e0cdaea23654da906b07858bfc3c18b5bc0da6ff90ac67914c464,metro,m16_25,le20,dong,181,8,51,67,52,3,17.0,인천광역시,검단구,원당동,,원당동
apartment,6a9398b64d61e17372abbba172fca2eb8973ae7a21f49fafa7007a2a0cd50f96,metro,m16_25,le20,dong,150,7,45,74,22,2,20.0,경기도,안양시,동안구,비산동,비산동
apartment,6a9756b4cc529973e56168ba2a3417087e80e99ac2d24b6193eab65991412c8b,metro,le15,le20,dong,121,6,25,50,34,6,15.0,경기도,의정부시,신곡동,,신곡동
apartment,6a99d343fb5068611f000bbacf4f2677c39db92ad986c7c3e56d78bc86f4d863,metro_city,m16_25,m21_30,dong,273,5,65,130,68,5,21.0,울산광역시,북구,효문동,,효문동
apartment,6a9e0261a908ed0ccaec955bce6fde6e41916594303147451b62d719dc6fe726,other_urban,le15,le20,dong,61,5,14,26,14,2,15.0,강원특별자치도,원주시,단구동,,단구동
apartment,6aa1ea286eb37e7c9704f16743e8434167bc3fa3f45ba06f248a08269713ed95,other_urban,ge26,m21_30,dong,219,8,54,103,50,4,29.0,전북특별자치도,전주시,덕진구,송천동2가,송천동2가
apartment,6aaab6416956f8aa1ebc29e21e19cbea1be8fed7ab127b19745196e1666410f5,other_urban,m16_25,le20,dong,92,7,25,37,22,1,20.0,전남광주통합특별시,남구,행암동,,행암동
apartment,6ab00415b9d5713974df4166a742ae506e3463387642b0a0a8db73b28856aa2d,other_urban,ge26,ge31,dong,308,9,74,141,77,7,33.0,경상남도,진주시,가좌동,,가좌동
apartment,6acf41d82dc10ec3ae9b35b9aa3797d1099fc8ce9224ff27c048edc984274358,other_urban,m16_25,le20,dong,119,5,37,35,29,13,18.0,경상남도,창원시,진해구,마천동,마천동
apartment,6add85e677051427ea469949516dff0fd54b5c4bb635ad84f8b331984f5aaab0,other_urban,le15,le20,dong,94,7,28,38,15,6,15.0,전북특별자치도,남원시,도통동,,도통동
apartment,6b0eb7400d14dfd8d54165c154019208a8acc5d3dc063a4f54ba09c73e6a1582,other_urban,le15,le20,dong,152,8,26,61,47,10,15.0,전남광주통합특별시,나주시,용산동,,용산동
apartment,6b192bd8cc8ae8a62d3ebc8ff2cd70507e96d96ef777319133731dc8129abf3b,nonurban,m16_25,le20,eup,83,6,27,25,20,5,18.0,충청남도,예산군,삽교읍,,삽교읍
apartment,6b1978b0095173b759ddf400107a439f77c28312f08280cad51a20374f1b8fdb,metro,m16_25,le20,dong,184,7,53,87,36,1,20.0,서울특별시,은평구,녹번동,,녹번동
apartment,6b33de25d0848eb6653a8c3fc91043952e801fe7268a03a2d3d466dfcab805bc,sejong,ge26,m21_30,dong,369,9,130,187,41,2,29.0,세종특별자치시,,다정동,,다정동
apartment,6b3960b98c023e9b4abb10def42ffb8d78d448a637b146cd065f0c678a5f5d83,nonurban,m16_25,le20,eup,101,9,21,50,20,1,20.0,충청남도,금산군,금산읍,,금산읍
apartment,6b4e081ce34769c3800bb0c0123c2879fe1aeee696e445e9509e01a6ab2f495e,other_urban,le15,le20,dong,54,12,0,24,7,11,5.0,강원특별자치도,춘천시,후평동,,후평동
apartment,6b637f0b4c5435c045149196bcd64e6d3d3adb7cd7eeee931a92da05d7441db4,metro,le15,le20,dong,177,11,27,89,47,3,15.0,경기도,성남시,중원구,여수동,여수동
apartment,6b63acf18edee61bb4d8f985134f6d5ffe112ea8bc58ee685e34e4304fe4fc71,metro,ge26,m21_30,dong,178,7,50,89,31,1,29.0,인천광역시,부평구,산곡동,,산곡동
apartment,6b9855fd35a9f4038fa98c9001cfa2324c44bad264380d784597ca8b522bc98a,other_urban,le15,le20,dong,371,15,63,161,110,22,15.0,충청북도,청주시,흥덕구,복대동,복대동
apartment,6b996cd4d0d42f0eb74cccaaea78263c1e6061e893e0faea608f5aa51bfbf8db,metro,le15,le20,eup,171,7,32,70,52,10,15.0,경기도,김포시,양촌읍,,양촌읍
apartment,6ba104f853811c5643af5b1438839e07decd2036767d79c7304ab0023d0a942d,other_urban,ge26,m21_30,dong,209,5,63,100,34,7,27.0,충청남도,천안시,서북구,불당동,불당동
apartment,6ba88071f65416ae12056465964097a212a71df3d667d7ba44c7768d181e94b9,metro,le15,le20,dong,293,29,68,153,41,2,13.0,경기도,안산시,단원구,초지동,초지동
apartment,6bac70313abe10fbcb830515d591ea29555cf549a3aabd3966006435623beef9,other_urban,m16_25,le20,dong,272,10,74,137,44,7,20.0,충청남도,천안시,서북구,불당동,불당동
apartment,6bbdaef83b6d4bb53cff655f0cf67bb030b16d99e7d2dca7f0478aad438540e2,metro,le15,le20,dong,105,6,24,50,24,1,15.0,경기도,안산시,단원구,초지동,초지동
apartment,6bbf74a7b9002f1263bc5767b63dfc9c422f94aa52423e4b9c46e73ca65ce104,other_urban,le15,le20,dong,114,13,0,53,21,27,6.0,충청북도,제천시,청전동,,청전동
apartment,6bc4614748348053a4d1e7f62893822c3bea3aa3810f17ad4e4ce58c584ae9cd,metro,m16_25,le20,dong,97,11,19,48,18,1,16.0,경기도,의왕시,학의동,,학의동
apartment,6bc6bb1f9a08a7db18e3e9b6b926f2d3a0ba8423e54f39ed3bff2ceee67d471d,other_urban,m16_25,le20,dong,125,6,20,53,39,7,20.0,전남광주통합특별시,광산구,운남동,,운남동
apartment,6bd08e885bbb19061b552986564cf1051ad48a992ff97069ed79c631f96620db,metro,le15,le20,dong,216,11,37,86,67,15,15.0,경기도,화성시,병점구,병점동,병점동
apartment,6bd16319e05ac57a026d6d2bb544d82f27bb4174533ec11194b0ddd9f60180db,other_urban,le15,le20,dong,121,9,17,54,30,11,13.0,충청북도,청주시,흥덕구,강서동,강서동
apartment,6bfc2aa7b430ca5d7de05b41365108c68ce387563f0f6d0c107b040bd4d64a04,metro,m16_25,le20,dong,192,9,59,108,13,3,20.0,경기도,안양시,동안구,호계동,호계동
apartment,6c04247e64106b64c6587cad4d4e41716e1e37f583773cc0be803a5202d862b9,metro,m16_25,m21_30,dong,167,8,42,63,48,6,21.0,경기도,용인시,처인구,김량장동,김량장동
apartment,6c064ae202e81703f5482bfa4334fd75540da47e70604b6ffb5f72bbf60220b2,other_urban,le15,le20,dong,69,7,17,27,16,2,15.0,전북특별자치도,김제시,서암동,,서암동
apartment,6c1647859b8096a1797714d7396a4f9f2651020955f2e961c8656955eab47319,other_urban,m16_25,le20,dong,170,10,53,59,38,10,18.0,전남광주통합특별시,목포시,옥암동,,옥암동
apartment,6c35579174138eb33944a315e2c130e1c6846d2506256a2d7e86d3b9c8cc86d9,metro_city,m16_25,m21_30,dong,97,6,24,41,25,1,22.0,대전광역시,유성구,하기동,,하기동
apartment,6c44141bd084e3fd74024ef38c2921c8ec04f1f80e50fc2042c1754dace60884,other_urban,le15,le20,dong,129,10,29,53,29,8,15.0,경상북도,구미시,구평동,,구평동
apartment,6c458834435e602974241c9aa0d59217ef975937b6f53460c894414700185694,metro_city,m16_25,m21_30,dong,117,5,22,56,33,1,22.0,부산광역시,금정구,장전동,,장전동
apartment,6c5031a9293bf66aa0c9c084a963939e934bb058aeb7e20224c6e30407296955,other_urban,le15,le20,dong,74,6,12,33,20,3,15.0,충청북도,청주시,청원구,사천동,사천동
apartment,6c61c9e80c0b92efdb5c680c833832ec312dfd9cfc6c9e19c8a8a5bc43be9414,other_urban,m16_25,le20,dong,180,11,42,75,49,3,17.0,경상남도,김해시,부곡동,,부곡동
apartment,6c623100dc23454d727df8e6a67580ae3b14ab85db0c87419ff12998c41d197b,metro,m16_25,m21_30,dong,260,11,72,134,41,2,21.0,경기도,남양주시,별내동,,별내동
apartment,6c69e6c93a563ee4b9e7f1a0f8079c5ac14741314fe84538bffa8d6cba555d2b,metro,m16_25,m21_30,dong,351,9,101,141,97,3,25.0,인천광역시,미추홀구,학익동,,학익동
apartment,6c6b69dc38f365e4b4829491e820a983ffc95da878d7969f4315d93a23c0b05d,metro,m16_25,le20,dong,224,6,61,109,42,6,20.0,서울특별시,은평구,녹번동,,녹번동
apartment,6c6f0d88fcee93c091effe048d40ea371b708725f873bb60fa656c3006fc7289,metro,m16_25,le20,eup,79,5,20,31,22,1,20.0,경기도,평택시,안중읍,,안중읍
apartment,6c80ba6b2347092e58788c2d240be4bd637aad7dc727ec5b491a170076e3d62d,other_urban,le15,le20,dong,176,12,41,63,53,7,15.0,강원특별자치도,원주시,단구동,,단구동
apartment,6c86fb13e037085101366422decea2a3718b21bcd8d338739124eced71bb0da9,other_urban,m16_25,le20,dong,210,18,39,80,58,15,18.0,충청남도,공주시,신관동,,신관동
apartment,6c8bc75c946939eec85ebbf087b2fe13c6a0a27dfa2ee561e91b2b290a966f10,other_urban,le15,le20,dong,65,6,7,32,13,7,11.0,경상남도,김해시,동상동,,동상동
apartment,6c8e6d7bdfb1cfb03009b2cf36207c6cbd999feb7cdec383a2d8a319238d4ca3,metro,ge26,m21_30,dong,305,20,153,104,26,2,27.0,경기도,안산시,단원구,초지동,초지동
apartment,6c98765069fc1c05d73169b4e77a0f63c027b9ae3b419db3e32f115a5f240bb2,other_urban,le15,le20,dong,75,9,0,27,24,15,5.0,충청북도,충주시,교현동,,교현동
apartment,6c9b0aa7b6f4303b2b16923499550064b7cded0241cda599e431b7f5dde6046d,metro,m16_25,m21_30,dong,72,5,21,25,20,1,24.0,서울특별시,강동구,암사동,,암사동
apartment,6c9cb5cdd037045ca3b11e805e8dc0031ba0d826ca3e29e5d2ae10c98fda9b2c,other_urban,m16_25,m21_30,dong,275,13,83,107,61,11,25.0,경상남도,진주시,하대동,,하대동
apartment,6c9e32b782f5c5db9859de478373e7286bd6f9d0587960b894aa6c469a61c99d,sejong,le15,le20,dong,124,7,26,52,34,5,15.0,세종특별자치시,,종촌동,,종촌동
apartment,6c9e9ae350c3f540afc92559e0d4354d29f804c44c10b96a17419d224d443e53,nonurban,le15,le20,eup,83,22,0,36,14,11,5.0,경상남도,거창군,거창읍,,거창읍
apartment,6ca138e9e8dab695ef76cbc705ea8a63d3822fe3a0a2d0740ca11e300c7e75de,metro,ge26,ge31,dong,444,6,124,207,105,2,36.0,인천광역시,영종구,중산동,,중산동
apartment,6ca6b0621b3cd7a85b069218c65b738daa3c74886e81778ee3ab1621e18dac60,metro_city,le15,le20,dong,75,5,16,31,21,2,15.0,대전광역시,서구,둔산동,,둔산동
apartment,6cae2d5a3dd6b9decbfa2285906b2b977785c680618b136066d9c351011c073c,metro_city,m16_25,le20,dong,87,7,22,34,22,2,20.0,부산광역시,영도구,청학동,,청학동
apartment,6cb203b339be420c765551a8a66d583d50b0425b62e28729c52a21c0d8ed7371,metro,m16_25,le20,dong,88,7,12,48,16,5,20.0,경기도,화성시,만세구,새솔동,새솔동
apartment,6cbbbeec4da8f2c739dd10d94ff0528272a2cffa43a6323ceabea5a1a01077d4,metro_city,le15,le20,dong,116,14,26,41,28,7,15.0,대구광역시,수성구,매호동,,매호동
apartment,6cdc3ad465f85057c14904b34748b28214069e83bf0710239f4d0ba96e783df0,metro_city,m16_25,le20,dong,270,10,56,129,71,4,19.0,대구광역시,북구,동천동,,동천동
apartment,6cec13712178a5e9305f8f9890d03f1b9f1adbd8d13e587e7b473cb0ac3d315b,nonurban,m16_25,le20,myeon,143,8,47,62,24,2,18.0,강원특별자치도,춘천시,동면,,동면
apartment,6ceecfa4587b8ad1c4ffc0c12052c82e96c4423f9fd340ebb53edf55efedce06,other_urban,m16_25,le20,dong,84,12,20,37,14,1,18.0,경상북도,영주시,휴천동,,휴천동
apartment,6cfc46b741b5c91f4a0d544f4bbd720d50f10c9fa1679930adc22abd98e7a305,other_urban,le15,le20,dong,340,21,70,134,94,21,15.0,전북특별자치도,정읍시,수성동,,수성동
apartment,6d00a18aa6de049ebc27b61b83f1db41f22dfd3c205b8ac5d9138519487a37ee,metro_city,m16_25,le20,dong,164,7,38,77,34,8,20.0,울산광역시,중구,태화동,,태화동
apartment,6d134787ca6ff82be281cf82b4a9657ce581fb5eaab00d82f8782bce4ed4b937,metro,m16_25,m21_30,dong,162,5,50,76,30,1,22.0,서울특별시,양천구,신월동,,신월동
apartment,6d19148310b30b9d9fc3cf866798bb8fc28b2178368fb1ea23129b788496b2c8,other_urban,le15,le20,dong,398,21,71,160,108,38,15.0,경상남도,거제시,고현동,,고현동
apartment,6d1ae57244a9aaa5a503bed3b96208d180082010667dc2e434c5de4f1f0a66a9,other_urban,le15,le20,dong,128,10,32,53,30,3,15.0,전남광주통합특별시,목포시,대양동,,대양동
apartment,6d2ef03ad2f9bb659afe68c5f62dc1ad74cfc1ba69f5326b4339b54bed90a06d,metro_city,le15,le20,dong,155,10,24,58,55,8,14.0,대구광역시,동구,방촌동,,방촌동
apartment,6d3e58a4e67eaba8d48ed57133c91bf4b667207d751099ee11cec0034ea556b7,metro,m16_25,le20,dong,98,9,32,40,15,2,20.0,경기도,성남시,분당구,구미동,구미동
apartment,6d410178f18235b2a1e04edb37fadace71c54e042dc19e2b8ba54c2cc81ba2c2,other_urban,le15,le20,dong,153,14,38,54,41,6,15.0,충청북도,청주시,상당구,용담동,용담동
apartment,6d4911e1c3bb5395698587bb0a783393837e2b463ec6f360a3c4903b2f7aecba,metro,le15,le20,dong,82,5,14,34,21,8,12.0,서울특별시,도봉구,방학동,,방학동
apartment,6d53f9aee2510fe3f7ca92974f3d4adbbddf52fdac696c035aa8c067547767ee,other_urban,le15,le20,dong,65,5,9,35,15,1,13.0,전북특별자치도,군산시,산북동,,산북동
apartment,6d54e993eddd2af97dcd2074ee1ef3698d31c3685d67d7e50747208299c91e85,metro,m16_25,m21_30,dong,115,5,30,60,19,1,22.0,경기도,남양주시,별내동,,별내동
apartment,6d56732b2878c3ed6360c0623088221e6cf8adb1e3b8b4ac8e8027a792cf18ec,metro,ge26,ge31,dong,393,9,143,199,39,3,39.0,경기도,용인시,기흥구,중동,중동
apartment,6d60342a661335da0c9494bdde1f79a1c63741843cb51e104675ec48df08f254,nonurban,le15,le20,myeon,63,9,12,24,17,1,14.0,경상남도,사천시,정동면,,정동면
apartment,6d7de065c519ed4a332e9743c1779db5f54b94c42e872461e89a383553770458,other_urban,le15,le20,dong,300,18,57,120,84,21,15.0,충청북도,청주시,흥덕구,신봉동,신봉동
apartment,6d97ebcc46a4b5cb5c004c1cedf0d57444a6bc823e342eb182668e188b967226,other_urban,m16_25,le20,dong,130,5,28,55,41,1,19.0,충청남도,논산시,내동,,내동
apartment,6d9b0d3732034364bf7f159980fcdd0c6ef7c7e4e2699c6c27fcdcf22cfe827a,metro,m16_25,le20,dong,273,17,81,116,53,6,20.0,서울특별시,성북구,돈암동,,돈암동
apartment,6d9c027bdbde4b6b308d10968b06546a48a74a9a9077632c85a9e3026bf02c2e,metro,ge26,ge31,dong,579,22,189,275,91,2,33.0,경기도,광명시,하안동,,하안동
apartment,6da71623d0572ae3c99cc68d89808d163f4de373c14855f02cbd35bb248d2998,metro_city,m16_25,le20,dong,165,6,50,66,34,9,20.0,대구광역시,북구,국우동,,국우동
apartment,6db0f03a4e65e9ec9f2f207eb467430f2681f4b394c25a3d9703256a420829cd,metro,m16_25,le20,dong,102,6,25,45,24,2,18.0,서울특별시,구로구,항동,,항동
apartment,6dca669ef250fafacd190670577b63d6dbae55003e82cd77f254be26917da3cd,metro,m16_25,m21_30,dong,311,28,123,145,12,3,25.0,경기도,안산시,단원구,고잔동,고잔동
apartment,6dd8dd4eb0e24620929f256ec03946453e9d238ea7b0959f0c9b244b4d2695cf,metro,m16_25,m21_30,dong,134,11,41,69,12,1,22.0,경기도,안양시,동안구,관양동,관양동
apartment,6de491c0413dcde58cc7c8ecb39db994b027ad2d5a4b784c14bba57ac195f35c,metro,ge26,ge31,dong,781,5,214,353,201,8,39.0,인천광역시,연수구,송도동,,송도동
apartment,6e038286c786e6bdc234de43ea1fd72197560e4c7f4da9876db5fe9814b13384,metro,m16_25,le20,dong,330,11,88,144,81,6,20.0,경기도,광주시,쌍령동,,쌍령동
apartment,6e0fb3d814d72f2d85fe2442432351cfe5c95916a938ec068ada6b3368fd1aff,other_urban,le15,le20,dong,64,17,0,31,5,11,5.0,전북특별자치도,전주시,완산구,동서학동,동서학동
apartment,6e2500bcb41013090dbba8aba7ef9a8ff769b9f9154af6c78e932f4c1b70d213,metro_city,m16_25,m21_30,dong,210,7,47,90,65,1,23.0,울산광역시,북구,신천동,,신천동
apartment,6e25b7933c8137d5a431cd8e8bbf9d40d1bfaa18ad3903a2e51306ee2e5bd632,other_urban,m16_25,m21_30,dong,375,21,102,161,85,6,25.0,강원특별자치도,춘천시,후평동,,후평동
apartment,6e27d44d08a3c2ed0f61492fba25abe51339cfac67d0fad6f640f7eecfc4947c,other_urban,le15,le20,dong,60,5,12,22,19,2,15.0,전북특별자치도,군산시,삼학동,,삼학동
apartment,6e289cda5b2f85ab29267fd8151c355925e13657e546b2298cd26314be86bb69,other_urban,le15,le20,dong,85,6,20,30,26,3,15.0,강원특별자치도,춘천시,요선동,,요선동
apartment,6e3a122c5ca949a1bb4b20851eda2da862ea33222ae8dcb8ce4b91ab5225395e,other_urban,le15,le20,dong,75,5,13,31,23,3,15.0,강원특별자치도,춘천시,석사동,,석사동
apartment,6e491951e617088fbb9d1b6fd56032eedf7455f2f7e9a2aa7b612c4c51b4e3c1,metro,m16_25,m21_30,eup,158,7,37,75,37,2,23.0,경기도,화성시,효행구,봉담읍,봉담읍
apartment,6e57c2173ad3a7cedb8e36c19abdf8bff674b9362bfc2110798c6ca5070d4685,metro,le15,le20,dong,66,6,23,24,8,5,14.0,서울특별시,관악구,봉천동,,봉천동
apartment,6e719ef4eb0e60a23543277f293860b083f86addd862db9d97ba4fb6e13a3d26,other_urban,m16_25,le20,dong,433,26,104,185,98,20,18.0,강원특별자치도,춘천시,퇴계동,,퇴계동
apartment,6e840d8278dc0df859ca0114e8b58d4ea3ae2f0db9f65a4f452aabd29aba94f9,metro,m16_25,le20,dong,155,12,48,73,16,6,18.0,서울특별시,강동구,길동,,길동
apartment,6e8e2b46adc7160e4faee9c9c5f4582d1511c83241221f0c535d588b6ac5c761,other_urban,le15,le20,dong,154,9,26,69,46,4,15.0,충청남도,천안시,서북구,백석동,백석동
apartment,6e9b4b6834ae1f311bcfc44c8b6cd12ab901f1b9a762b71ed89e83afd5b0cb94,metro_city,m16_25,m21_30,dong,305,16,93,127,63,6,25.0,대전광역시,유성구,상대동,,상대동
apartment,6ea0960ab66ce8b881f84e5bb6aaa2a34a97fb01ca6c539c508911cffc361c87,metro,le15,le20,dong,85,7,16,32,22,8,15.0,경기도,용인시,처인구,고림동,고림동
apartment,6eb14641ef66f35e8818009126352f2c84d0cb15f68852aa80e7c9aa4077adec,metro,m16_25,m21_30,dong,142,7,38,73,22,2,23.0,경기도,하남시,덕풍동,,덕풍동
apartment,6eb6f84b8e91d976fa9260df39ce08247d6036f9424a92daa6d899dbddbbe81e,metro_city,m16_25,m21_30,dong,157,6,35,84,30,2,22.0,울산광역시,중구,태화동,,태화동
apartment,6eb805e3287c00653d47a599fb89c718df155d85c7edfe5a69d6bbf1a8cc284a,metro,le15,le20,dong,260,21,41,115,74,9,12.0,경기도,수원시,권선구,권선동,권선동
apartment,6ec40b6ede07b8c64cca8aafd84b4cf4455d6705922911ca661150857911d020,metro,le15,le20,dong,92,7,14,47,21,3,15.0,인천광역시,연수구,연수동,,연수동
apartment,6ec439272067be6896ada2622b46b26271ef154fa94414b6da247d020096cc7a,nonurban,le15,le20,myeon,67,14,0,33,8,12,6.0,충청남도,예산군,봉산면,,봉산면
apartment,6ec53b656ef89b4dc66d9b14871bee251d9da20a1aa42cdfa5dfb6061eb15e8d,metro_city,m16_25,le20,dong,96,5,34,40,16,1,20.0,대전광역시,중구,사정동,,사정동
apartment,6ed9be1450407ba9218c006f060ae83fccbe497109fd617024ae3aa1ff48c807,metro,le15,le20,dong,219,15,44,97,52,11,15.0,경기도,수원시,권선구,세류동,세류동
apartment,6eedccfa193c0fc9190d1c58c46f06943d7d5149cd9c208fb2ad518d1770bd60,other_urban,m16_25,le20,dong,199,13,59,82,39,6,20.0,전북특별자치도,전주시,덕진구,장동,장동
apartment,6efa1a7573d89f18ccebc992519789a9907ea5fda487bcac1a7098a969cbd7aa,metro_city,le15,le20,dong,79,5,18,30,21,5,14.0,울산광역시,남구,옥동,,옥동
apartment,6efe95593d4383dc7ffd78e7356926c51bee18f5dadf5442c1914af5df4391ab,metro,le15,le20,dong,138,14,22,57,38,7,15.0,경기도,안산시,상록구,월피동,월피동
apartment,6eff86dd9c633a347df4af7d905994df4365d329a5a0f54f3988e5ca297d0841,other_urban,le15,le20,dong,157,25,44,59,26,3,15.0,충청북도,청주시,상당구,영운동,영운동
apartment,6f01fde7824eec0794e11b98d6878a78129552155e554703db0ad1026712e30b,metro,ge26,m21_30,dong,191,9,61,88,28,5,30.0,경기도,남양주시,다산동,,다산동
apartment,6f0662f96b3eec2bb8e098f0442c0f60bd835db94bc384d424889236616df675,other_urban,le15,le20,dong,214,12,45,94,54,9,15.0,경상북도,포항시,북구,학잠동,학잠동
apartment,6f0a62ee90736f1dcddc4ff58edcd055d2dafe24652b13d28a757c17e1381c65,other_urban,le15,le20,dong,108,11,16,48,23,10,14.0,전남광주통합특별시,북구,매곡동,,매곡동
apartment,6f0e9c0b1bf19173ab0d028e853a52bc421674d6bb1704bd341ad35b86f5ee56,other_urban,m16_25,le20,dong,74,11,26,29,7,1,20.0,전북특별자치도,전주시,완산구,삼천동1가,삼천동1가
apartment,6f1c505be69973c44196dd3ecf3e51bfecebcdf92f77908837f3c3366cba6318,metro,le15,le20,eup,171,7,29,73,50,12,15.0,경기도,남양주시,와부읍,,와부읍
apartment,6f27555b6bc7225230b4a620bbfc16f95fcd111cf14c82e82ac65b58a5db831e,other_urban,ge26,m21_30,dong,144,6,39,64,33,2,28.0,전남광주통합특별시,서구,화정동,,화정동
apartment,6f29ea607c7bec014230f0201da1d74a9b3592e60d46f2a9dbbf0dc16a269f7b,metro,le15,le20,dong,91,5,21,38,25,2,15.0,경기도,용인시,기흥구,상갈동,상갈동
apartment,6f2a39271b1f5989191cd0314d5511d1b643939195f779436a5ac216ca0efaeb,nonurban,m16_25,m21_30,eup,201,8,52,99,39,3,23.0,전남광주통합특별시,무안군,삼향읍,,삼향읍
apartment,6f2d5dc9e906b98b6bef5bf99a30272653a4842db888bda367fa7a87e57e1999,metro,le15,le20,eup,56,5,11,24,13,3,14.0,경기도,양주시,백석읍,,백석읍
apartment,6f5d7e52dc57b60a9dbaa0261c36cb64d3b6988e50dd35d55bf9fe2170e69d3e,metro,m16_25,le20,eup,221,12,57,99,48,5,20.0,경기도,포천시,소흘읍,,소흘읍
apartment,6f5e29dd8c7002fa9de413cd115d78edc4c0c9c6d9867d41ffc2f0727f984f8f,metro,m16_25,le20,dong,124,5,25,55,36,3,18.0,경기도,수원시,영통구,매탄동,매탄동
apartment,6f610fa6bf57ce33d116e26ac1611c5da7caa156c2a4737bd6f36581d7613755,metro,m16_25,le20,dong,193,7,53,87,45,1,20.0,인천광역시,부평구,부평동,,부평동
apartment,6f62e373452b251cca69e3451907d27758d3578334eb07925e2a4d36f97b4b9e,metro,le15,le20,dong,94,7,17,42,23,5,15.0,경기도,용인시,기흥구,언남동,언남동
apartment,6f6de636dcb82cfeab935761657d6a88fc8e3a358989274931e7c702847d4f5d,metro,m16_25,le20,eup,54,5,11,24,12,2,20.0,경기도,남양주시,와부읍,,와부읍
apartment,6f7fdbee7b39baf3bd470b0b8a0b7573d4137764374152dcdf14aacde9c9f2c8,other_urban,le15,le20,dong,106,10,0,56,22,18,6.0,제주특별자치도,제주시,월평동,,월평동
apartment,6f9b9a34585e3038f6bb907bec1de5ffb8bb9b991bab5e5f27a7fce90f4ed21f,metro_city,ge26,m21_30,dong,369,6,140,150,72,1,30.0,부산광역시,동래구,명륜동,,명륜동
apartment,6f9c92200920598d3032b82af70ec8a1a78c89fd78e6b6e21457a380a9aef0b0,metro_city,le15,le20,eup,155,13,28,66,40,8,15.0,울산광역시,울주군,온양읍,,온양읍
apartment,6f9ccc692d33c1764f624d6717c3f222644c1a7dcc415e35d8e576bb8cb93f95,other_urban,le15,le20,dong,282,18,59,111,74,20,15.0,강원특별자치도,원주시,반곡동,,반곡동
apartment,6f9df893136a7c70562170005ffe0201a6fc2eedd8f6f43a1e69372fe54cdbad,other_urban,le15,le20,dong,65,7,0,19,27,12,5.0,강원특별자치도,동해시,천곡동,,천곡동
apartment,6fa14659faceef9d4d02025a6fe8bec142633b4a8989470906ca813ca9cd9754,metro,ge26,m21_30,dong,196,5,65,80,44,2,29.0,경기도,남양주시,별내동,,별내동
apartment,6faa79204d7e10e97b4436a272188bdebef8febfdb42a6506129b89995d10f09,other_urban,le15,le20,dong,72,6,10,28,20,8,15.0,강원특별자치도,원주시,단구동,,단구동
apartment,6fb181a6e47c579da1dc8b4c83f7d3e4de7011956032c246f69e29cc9d4267d7,metro_city,ge26,m21_30,dong,599,17,168,262,147,5,30.0,부산광역시,부산진구,전포동,,전포동
apartment,6fc01e136e697b77d1b0b188948d6e2e74da585274a0a8aa5a80060bc24c7c1d,other_urban,m16_25,m21_30,dong,315,19,104,166,24,2,21.0,경상남도,양산시,남부동,,남부동
apartment,6fc202e1a4f6fdfd61b4655723f798131ed830ea5306c12ad61afa814d6325f5,metro,m16_25,m21_30,dong,142,5,53,69,14,1,25.0,경기도,부천시,원미구,중동,중동
apartment,6fc78cfe9ef9bb28529567df92af6fe4767e5ec060a64e91d81389a12b7fdf6f,nonurban,ge26,m21_30,myeon,271,7,74,124,62,4,29.0,전남광주통합특별시,순천시,해룡면,,해룡면
apartment,6fca0f910992d81d272c817e249399a7ce2bf7e751e64d54d822626b98c31ee8,other_urban,m16_25,le20,dong,101,9,28,44,19,1,20.0,전북특별자치도,전주시,덕진구,반월동,반월동
apartment,6fde5b0c1cf440a8e8f96a2d8c22155393cf07c96501908448ea98048c7f58d6,metro_city,le15,le20,eup,94,7,0,45,18,24,6.0,부산광역시,기장군,정관읍,,정관읍
apartment,7007b8512fbea9663af51b293435c901b1c2d13640dcd03d23f226604670da5c,other_urban,m16_25,le20,dong,80,5,22,34,18,1,20.0,전북특별자치도,정읍시,상동,,상동
apartment,70182bcb0ac9a576321b0b94f590c86ea2f04b96ebe13bed8d3ebdb749eeaaad,metro,le15,le20,dong,56,5,12,29,8,2,15.0,경기도,안양시,동안구,호계동,호계동
apartment,702621d9e3093980b47d4ab04cd0c2ff2643463b3c87ca01a3cc3e0d8da15e99,metro,ge26,m21_30,dong,174,8,59,89,17,1,30.0,경기도,안양시,만안구,석수동,석수동
apartment,702a8ed5d969b05fae2e4f9176caf2d73348e42d6b1fef80913cf0a00757343b,metro,le15,le20,dong,106,7,19,59,19,2,15.0,인천광역시,검단구,마전동,,마전동
apartment,702ec2a050ea5e4653e7722f65add61b8578357b6feeb75d204c107f26e832f3,metro_city,le15,le20,dong,495,36,92,203,128,36,15.0,대전광역시,서구,갈마동,,갈마동
apartment,7034d31bc38fb5918ff4c64509126849785e161bb826f652350de360ca28f686,other_urban,m16_25,le20,dong,163,8,45,63,43,4,18.0,전남광주통합특별시,순천시,용당동,,용당동
apartment,703f62ba855bea857377694a54286b4fa31a71f6e8186e17ebe3773719dbe364,metro_city,le15,le20,dong,193,6,42,77,57,11,15.0,울산광역시,남구,달동,,달동
apartment,7045c217622e80e433a2057aefb66bf6facb27ab289d2ea7de9a45ef9819c49b,metro,m16_25,le20,dong,309,14,74,130,68,23,20.0,인천광역시,검단구,마전동,,마전동
apartment,704a60ac2a3811814f425289f46917cde9fd44970e590651c6f9ac7fdb3a01e6,nonurban,le15,le20,eup,96,5,25,34,26,6,15.0,강원특별자치도,강릉시,주문진읍,,주문진읍
apartment,7062a8ceda5727ed51925ed8cd2bf746b2c515f6ea4b9d8f25322661ae4329a9,metro,m16_25,le20,dong,112,11,28,45,23,5,18.0,인천광역시,연수구,옥련동,,옥련동
apartment,708de953cff66e38d19c0c3d3736966399b10e71f2e12bc31a4e9778b5999a93,other_urban,le15,le20,dong,114,9,18,41,40,6,15.0,경상북도,안동시,정하동,,정하동
apartment,7090044498b40fe7bb39ffb2a24e393b38e38f74a811aea1486442e9679360c1,other_urban,le15,le20,dong,87,7,19,34,22,5,15.0,전남광주통합특별시,목포시,옥암동,,옥암동
apartment,7098c7fd7a29cf45b1fd2881c8b78f17f4139183179bea75343aaa25cf510e2c,other_urban,m16_25,le20,dong,492,24,132,263,69,4,20.0,경상북도,포항시,북구,창포동,창포동
apartment,709ddaaaee61973cb622f0490ddac2fced3c81fe9302f82ddda1fd9b8a004917,other_urban,m16_25,m21_30,dong,295,11,66,125,76,17,25.0,충청북도,청주시,상당구,용정동,용정동
apartment,70a13dc8a5861d5c29bef19aa40ab886b4c74c349fe6d91a96a43dee01a944fc,metro,le15,le20,dong,51,5,10,19,16,1,15.0,경기도,안양시,만안구,안양동,안양동
apartment,70aa8fbb40b9b8b6ffd11ee8fcefd02f290cd32a12a3bc4cb1c904fbf0c81acd,metro,le15,le20,dong,97,20,0,42,18,17,5.0,경기도,수원시,권선구,서둔동,서둔동
apartment,70c489c4107792da8128fe0916b3d659bf70f3d55fbce82a7f5930dac8a351c0,nonurban,le15,le20,eup,51,13,11,24,2,1,15.0,충청북도,청주시,흥덕구,오송읍,오송읍
apartment,70c9d28649e237345d4e72ff204e871a47d68e7b25fe33e1aeee16d50df32efe,other_urban,le15,le20,dong,91,22,0,45,14,10,5.0,충청북도,제천시,신백동,,신백동
apartment,70d77a09d0bd301144f123f79dccc9d8e1231933c8d19baca2c0ceb127f3050e,metro_city,m16_25,m21_30,dong,135,7,50,63,13,2,23.0,울산광역시,남구,신정동,,신정동
apartment,70df613d42fee03bb5e9645f84cca954608966f3be332efe92ec6726c8995a1e,other_urban,le15,le20,dong,102,7,18,40,29,8,15.0,강원특별자치도,원주시,태장동,,태장동
apartment,70e9cf22b0b9e2f0a7c2eb0b6a44dc62963c9f7e7be821ee13f37ad02dd93df4,metro_city,m16_25,le20,dong,183,10,39,78,46,10,19.0,대구광역시,달서구,이곡동,,이곡동
apartment,70edf15b5d8ff2c31f2c411a09870bb078afc48e9596df733af27f94b0793b54,metro_city,m16_25,m21_30,dong,210,13,48,86,53,10,25.0,대전광역시,유성구,봉명동,,봉명동
apartment,70ef56347784f08d9ea5223f62e5c4e73811fdd3c3963ca5b543b85a4801de11,other_urban,m16_25,le20,dong,333,19,88,136,79,11,20.0,전남광주통합특별시,서구,유촌동,,유촌동
apartment,70f2405dc210131afe13d9d200c4d723a374bcaa4523551d0a09de379b60f3bb,metro,le15,le20,dong,82,10,24,34,12,2,15.0,경기도,고양시,일산동구,백석동,백석동
apartment,70f824d4d2e849390b3065339b9475dff8591280c14f95d6cdfc4e93a2b12217,nonurban,ge26,m21_30,eup,301,5,57,141,94,4,30.0,충청남도,아산시,배방읍,,배방읍
apartment,71135fbea320d640428bc19c75d0a29494d3d766855e7fbff872d8511191243a,metro,m16_25,m21_30,dong,72,5,25,28,11,3,21.0,경기도,부천시,원미구,상동,상동
apartment,7122a29ef1b27a456ef4240a6ebf7dfedeb319731fa4628bf6b77df0ed7396fb,metro_city,m16_25,le20,dong,109,5,25,56,21,2,20.0,대구광역시,동구,신천동,,신천동
apartment,7124f44813840ff14998664494199e665b55a04385fa1124ab4ed2ed2f9ee8b9,metro_city,m16_25,m21_30,dong,133,5,33,74,19,2,23.0,울산광역시,남구,달동,,달동
apartment,714908c12a64ea230c7889b8ed5fd4dd09a2bf05e018aa20495aed8de253dbd5,metro,m16_25,m21_30,dong,130,6,34,51,35,4,25.0,경기도,의정부시,신곡동,,신곡동
apartment,71560fbfb3f1dc2c7e88cfdcb01ce62fb8cfb9325befb0869e27a4ee0de7dc86,metro,m16_25,m21_30,dong,310,10,81,161,53,5,25.0,경기도,화성시,동탄구,장지동,장지동
apartment,715bc483945d6cf331cdc400bd4163c2d4aebe5af0cc1daf4488105e8dd3dfbb,metro,m16_25,m21_30,dong,141,5,36,65,32,3,22.0,경기도,용인시,수지구,동천동,동천동
apartment,7160d22228380aa782832031e8e8118db022a679da1165eb5950544c3282dbcd,other_urban,le15,le20,dong,169,16,36,67,40,10,15.0,강원특별자치도,춘천시,퇴계동,,퇴계동
apartment,71618ef26a03fb7808530be0f446d247cf2d3b31c69cd82f695c146b64114bdf,nonurban,m16_25,le20,myeon,444,11,147,192,86,8,20.0,충청북도,충주시,중앙탑면,,중앙탑면
apartment,716ee4de5c52045429fb4577a0a5b17ccc60dca4ca5be7ee4cfee66110426997,nonurban,le15,le20,eup,78,5,24,20,23,6,15.0,충청북도,진천군,진천읍,,진천읍
apartment,71859bfefd8e8d691d9edaa68f85b021817d917a26ddf5c417c6a6352fae69e1,other_urban,le15,le20,dong,197,14,49,73,52,9,15.0,충청북도,청주시,흥덕구,봉명동,봉명동
apartment,718610d0a30b1e641252e9d757d8f445aeb153c1ba18dccfb711eabff6bf9966,metro_city,le15,le20,dong,405,25,78,163,100,39,15.0,울산광역시,동구,동부동,,동부동
apartment,7191294e2c43ab52d8b8a5c8e904379467c1f2c4321ed661c2bc839965a5c408,nonurban,le15,le20,eup,56,8,18,29,0,1,10.0,충청남도,태안군,태안읍,,태안읍
apartment,7197801084a0c9f026dfb78f7e2174cae1c539f7099125c1101177423550344b,metro,m16_25,le20,dong,215,10,46,82,65,12,18.0,경기도,화성시,병점구,능동,능동
apartment,719d30572142912f321d304c0e6fa45f582c4c8dbcf071c85a58fb5d45b3083a,metro,m16_25,le20,dong,72,5,11,33,20,3,18.0,경기도,용인시,수지구,성복동,성복동
apartment,71aa8e555b91dc74243072758b0b17b43df81eb18fb10c622ba7bc3a65f9e0e3,other_urban,m16_25,m21_30,dong,231,9,62,89,67,4,25.0,충청북도,청주시,청원구,주성동,주성동
apartment,71b8247d10245e1d5299aebbfb498b6f4004b2051bfe7a0090dab93236b189f9,other_urban,le15,le20,dong,152,14,36,44,52,6,15.0,경상남도,창원시,성산구,남양동,남양동
apartment,71b9b8f392f36ac5f191b71663f57e16a3fdfad00e27cb0b89883cc96d84764b,metro,m16_25,m21_30,dong,209,12,76,112,8,1,25.0,경기도,고양시,일산동구,마두동,마두동
apartment,71bf10044fafecfdb83a3d35e68cea763872248fb0d77e94e613f05a49a66622,other_urban,le15,le20,dong,68,5,19,26,14,4,15.0,충청남도,공주시,신관동,,신관동
apartment,71c2929059b12366fae01a1eb6c9b6d4592ab400dd1e2aa5b13ea53e35119ee4,other_urban,le15,le20,dong,118,5,21,43,40,9,15.0,경상북도,구미시,도량동,,도량동
apartment,71d58d132ac08eff60f0912e0668b44a4ca0b4904585c97c53a0283e43003784,metro,m16_25,le20,dong,455,18,107,193,125,12,20.0,경기도,수원시,영통구,영통동,영통동
apartment,71dde078cbd799d2b07e1f0eabe15704857400dda5abfd593f9ff5a4acf7ee40,metro,le15,le20,dong,57,8,0,25,15,9,6.0,인천광역시,남동구,만수동,,만수동
apartment,71e1005a2edd084717c4cad1d90040c81998227a3cee1daec92455ec8c184e01,other_urban,le15,le20,dong,102,10,23,43,20,6,15.0,전남광주통합특별시,목포시,연산동,,연산동
apartment,71e762e108643200c904cc664b09b123ea62913c39b315a8de1896156b252b12,metro_city,m16_25,le20,dong,220,6,54,101,57,2,17.0,대전광역시,동구,용운동,,용운동
apartment,7205a63404baedb3b85eb8df9821f015b1f80859859cd8c4fa9634c54d32095a,metro,le15,le20,dong,65,7,10,30,14,4,13.0,서울특별시,동작구,본동,,본동
apartment,721402e6e7b956940d079a5ba1d5e2b855def614dbacd2b8fe990e9b37162a5e,nonurban,le15,le20,myeon,131,13,27,52,36,3,15.0,강원특별자치도,춘천시,동면,,동면
apartment,722d13572b90fdb6c4368684482634e10adad1c6c09e1008aee190f7ed5359d9,other_urban,le15,le20,dong,59,16,0,22,10,11,5.0,전남광주통합특별시,목포시,용해동,,용해동
apartment,72340a5be52e9d7d24583ed6e05eade50171b44d7221f4d29100639637461c6f,metro_city,m16_25,m21_30,dong,359,7,87,160,95,10,25.0,대구광역시,북구,대현동,,대현동
apartment,7239ec25bda00b23e012943131d1bfba7ee10d4dfc4ef939b1cad8ca95fbcbc3,metro,m16_25,m21_30,dong,122,8,31,51,30,2,21.0,경기도,화성시,병점구,안녕동,안녕동
apartment,7241f212bdbd82753e3bfcb97060cd6b2b45d3a9a44972fef5bf50865268159f,metro,m16_25,le20,dong,114,6,37,48,19,4,20.0,경기도,군포시,산본동,,산본동
apartment,724b369e85ce5a0a5e7eb57a8c7ca016b416ea5c901279fff0d942c32a803a64,metro,le15,le20,dong,130,10,18,45,48,9,15.0,경기도,화성시,병점구,진안동,진안동
apartment,724da72d78039892dcb774f24a275c3d49dad8c1f1792815765af01fbf2ef1f5,nonurban,m16_25,le20,myeon,272,13,73,104,72,10,20.0,경상남도,진주시,금산면,,금산면
apartment,72541725868ce1b8b651be6aaea94d25f521ee1cd53de832548ca190ed8335eb,other_urban,le15,le20,dong,76,5,21,31,16,3,15.0,강원특별자치도,강릉시,입암동,,입암동
apartment,725f5e50ada64575312b7c07d98feda9f1cfd70451a4e29f7baef467d5875d9d,metro,le15,le20,dong,53,7,10,23,12,1,11.0,경기도,수원시,권선구,탑동,탑동
apartment,725f8a829677a3281e4b43bf37bff212af0f9cfbead84e47265152030cd157d8,metro,m16_25,le20,dong,224,9,45,99,66,5,20.0,경기도,고양시,일산동구,풍동,풍동
apartment,7278699355f9276d1ecf46333419a557030e3c2a67b0b45c34d7a23c5ec988ae,metro_city,le15,le20,dong,87,5,18,41,16,7,15.0,대구광역시,북구,서변동,,서변동
apartment,727ea0b9c59fa4d1ebf1b9d57f4d5793855692ff3c42060a4859f5ce0f170cd1,metro,ge26,ge31,dong,170,7,51,75,35,2,33.0,서울특별시,송파구,거여동,,거여동
apartment,728596fbdb180099274792f6b0854be538d0f52944fd44ca3c930980954037f7,metro_city,ge26,m21_30,dong,68,6,21,26,13,2,26.0,대전광역시,유성구,상대동,,상대동
apartment,7297034c02538bc20df16405f93d963a631b6bc8f696752027df3e8a777ebd85,other_urban,m16_25,le20,dong,140,11,35,59,30,5,20.0,전남광주통합특별시,북구,일곡동,,일곡동
apartment,729d255f041375e9b7feba7567b6269dc93803142471b5289ed000e0c5f73234,other_urban,le15,le20,dong,133,10,30,44,35,14,15.0,강원특별자치도,원주시,단구동,,단구동
apartment,729df7f4631fae3326deded5fc75b8854fd5f925aeac6e961114d0e7019d55bf,other_urban,m16_25,le20,dong,61,5,14,23,18,1,18.0,경상남도,진주시,평거동,,평거동
apartment,72d84adbc058ebdaa1a2fa50fe5ff1bb316ef0b9fc600c987b44e2c413c36179,other_urban,m16_25,le20,dong,329,23,80,137,77,12,18.0,강원특별자치도,춘천시,소양로2가,,소양로2가
apartment,72dbcc498ee25e6134e849e641328cc28902f05fbc326a812a67c4f657a87703,other_urban,m16_25,m21_30,dong,153,13,40,74,24,2,25.0,경상남도,양산시,남부동,,남부동
apartment,72e85f67f97e1b3af2eff61ac9fd75434bed81fae67a7a3704d0132ffb547902,metro,m16_25,m21_30,dong,149,5,34,52,51,7,25.0,인천광역시,남동구,간석동,,간석동
apartment,72f04a23a514abcad06383cef0151781c029ff37a60cd5336e62fa724117cd97,metro_city,m16_25,le20,dong,366,24,85,139,98,20,20.0,대전광역시,서구,둔산동,,둔산동
apartment,730b5b3de70abc4a8caf49889532429194651944cf909094e420a563473c1800,other_urban,le15,le20,dong,63,6,14,26,15,2,15.0,충청북도,청주시,상당구,금천동,금천동
apartment,7328fa25ef0033398d38d07bc02424e50b6a30c1167cb2881902fe52a85630df,metro,m16_25,m21_30,dong,204,9,60,94,36,5,24.0,인천광역시,서해구,심곡동,,심곡동
apartment,732badf6d779be357d2e9492d823b39e1606799a7c8ddee69b7479ce5a3cdf97,other_urban,le15,le20,dong,56,10,0,32,6,8,6.0,전북특별자치도,전주시,완산구,삼천동1가,삼천동1가
apartment,73383723abf4550d45f766feaaf1510d4a221ac1e39d30a04dcf2c64e82e8374,nonurban,m16_25,m21_30,eup,194,6,55,67,58,8,24.0,경상남도,양산시,물금읍,,물금읍
apartment,733847a7a0db07013127b06c8a42d6fb7954416a09871ca59c75a03955434db8,metro_city,le15,le20,dong,133,6,20,64,40,3,15.0,대전광역시,유성구,송강동,,송강동
apartment,733e9475b93f26f5fd504c2fac95fab0d74b464eefa800ae66016c6e715dc47b,metro,m16_25,le20,dong,102,6,27,39,23,7,20.0,경기도,용인시,수지구,죽전동,죽전동
apartment,7340f59e75a96e34563810821c3b8ab789e532481728fefd351139b571aadf38,other_urban,le15,le20,dong,88,14,0,43,13,18,5.0,전북특별자치도,정읍시,시기동,,시기동
apartment,734e2c2917aed2bbe3b9eafab7b894c8abd55f176a9ca0aa1423426b994314c1,other_urban,m16_25,le20,dong,112,9,27,49,23,4,18.0,전남광주통합특별시,목포시,옥암동,,옥암동
apartment,734f4e7e085211ae46f0f9576843007d68a98f276e6a270bfe52c878f1f433d3,other_urban,le15,le20,dong,146,8,24,58,45,11,15.0,충청남도,천안시,동남구,청수동,청수동
apartment,734fbbf2794a64dc63966ee40b3cebef80375d35581de6b5103d358989a4286e,nonurban,m16_25,le20,eup,222,10,73,97,38,4,20.0,전남광주통합특별시,무안군,일로읍,,일로읍
apartment,737441686aea8b311847c0ed7856948172bc85c2ab6dbcc06aa03783e4e590f5,metro,ge26,m21_30,dong,304,10,85,122,84,3,27.0,서울특별시,중랑구,중화동,,중화동
apartment,7377af613921b37c3085da551027588536354247024997f2f4d357587b10352a,metro_city,le15,le20,dong,66,7,0,33,13,13,5.0,대전광역시,대덕구,연축동,,연축동
apartment,737a25216e3761d6addf5374b265fa8e4ec5632b29eb943bbcda323319c7d960,metro,m16_25,m21_30,dong,166,10,43,79,31,3,25.0,경기도,수원시,영통구,망포동,망포동
apartment,737c393229c1582e73703e626deb8a059aa359431f41eee7e91c8dcaeeb94375,metro,m16_25,m21_30,dong,206,5,58,105,32,6,23.0,경기도,안산시,단원구,원곡동,원곡동
apartment,738054eeec2a7a5058206880747a185594a7f89339afc0a5160af058e2e618a4,other_urban,le15,le20,dong,158,6,37,75,38,2,15.0,경상남도,창원시,진해구,경화동,경화동
apartment,738a861869083a185248316ded927658894ef91cc98520abdc8a4aa01f1ddb66,other_urban,le15,le20,dong,263,31,47,116,56,13,15.0,강원특별자치도,원주시,태장동,,태장동
apartment,739eb9ff6f351889a292c0ca9cf70f5d639f654869f6db8b10b9495955ce697b,metro_city,ge26,m21_30,dong,206,6,38,98,61,3,28.0,울산광역시,동구,전하동,,전하동
apartment,73a9cd591b678043599834807e69278208e3ac42c98b9ff38c4a106e7f1a946c,nonurban,m16_25,le20,eup,92,6,29,43,11,3,20.0,경상북도,경산시,압량읍,,압량읍
apartment,73d3c1efe913611ba21df896bcc168f80e7a7fd9d52a052b6fe9f6b93f983899,metro,le15,le20,dong,66,7,19,23,15,2,15.0,서울특별시,마포구,공덕동,,공덕동
apartment,73e38787de328bf1faa6b69c8e7ad46d35aa7d85270697af336dd762046dac7e,metro_city,m16_25,m21_30,dong,183,11,46,84,41,1,24.0,부산광역시,해운대구,좌동,,좌동
apartment,73e5177eecd173a13d6f0afbd3f30c6a4a887af25b7a032c9b8e373bef39fece,other_urban,m16_25,le20,dong,125,8,28,65,22,2,19.0,충청북도,청주시,상당구,탑동,탑동
apartment,73f37f2aa10bb95c666edfa7518b78f037c038449aed4704eb93a3bb6175ee77,metro_city,m16_25,le20,eup,150,9,40,73,27,1,20.0,울산광역시,울주군,범서읍,,범서읍
apartment,73fe7917daa1cc34b6dbdcffe805a03f1dcc83520eaf16f80711bf3f0268f386,other_urban,le15,le20,dong,64,13,0,26,11,14,5.0,강원특별자치도,강릉시,초당동,,초당동
apartment,74058cc75996dc950242082606a0d8248e65fa738237b8c1df026a060f450e27,nonurban,le15,le20,eup,194,14,57,50,60,13,15.0,충청남도,아산시,배방읍,,배방읍
apartment,740a426a9e36cac72771d7bc0aa643028fcaf9a2ca7ad07ab74176dbf00eb3a7,metro,le15,le20,dong,154,10,37,59,34,14,15.0,경기도,평택시,합정동,,합정동
apartment,7419d47676d4c4e046bdfcadc06683111cebbf11b7ef65da4eebb8263dc1495f,nonurban,ge26,ge31,myeon,210,5,60,84,60,1,37.0,충청남도,아산시,탕정면,,탕정면
apartment,741a65561dad31c535b821bcaf21a2173c59ba6f7777e664a550fb066ddbcee5,other_urban,le15,le20,dong,74,10,14,28,17,5,15.0,경상북도,안동시,안막동,,안막동
apartment,742ffeda3713d4272403ad0448fc8ee512e94529ae8653c66f17588a686dd6a9,metro_city,m16_25,le20,dong,364,7,88,163,100,6,20.0,울산광역시,북구,매곡동,,매곡동
apartment,7462c762f17d0517ef98e20b3261977caa617b1cf97e25b2625949b5b0a53cac,other_urban,ge26,m21_30,dong,192,5,43,77,63,4,29.0,충청남도,천안시,서북구,불당동,불당동
apartment,74661695478ff474aac8b4799f8c2776a3a55564134dd93d65fbe519dd114e25,metro,ge26,m21_30,dong,304,10,96,118,76,4,27.0,서울특별시,동대문구,장안동,,장안동
apartment,74754603f85111d320f2bf1d438f63cf3e28dc94699129de80ec0054e4ad1e53,other_urban,le15,le20,dong,58,12,0,21,14,11,5.0,충청북도,제천시,청전동,,청전동
apartment,74789d900ad0bd776eb3b94cf2084a0c8f65e401ec9e2f67a2c8fb43b6157c3b,metro_city,le15,le20,dong,271,24,53,98,67,29,15.0,대전광역시,서구,둔산동,,둔산동
apartment,7486405aaa920116d587ea44420505af08280df70488a05a9643febc49310f15,metro,le15,le20,dong,167,18,48,49,43,9,15.0,서울특별시,양천구,신정동,,신정동
apartment,748724e1040ed9b6cf414485207fffb27f85d94793e6e6d61b00b0f1f8e9c400,metro,m16_25,m21_30,dong,53,5,13,23,11,1,21.0,경기도,의왕시,포일동,,포일동
apartment,748a1a8d07e95be45851fd241617526d6a7563f5c6a7e9781935610ad7c364bb,metro_city,le15,le20,dong,103,6,22,38,34,3,15.0,대구광역시,동구,신서동,,신서동
apartment,748e51a47884c5b14b9a4456abff146f7bae04ab56af1dec7295bcf569984323,metro,m16_25,le20,dong,161,5,42,75,35,4,20.0,경기도,용인시,수지구,성복동,성복동
apartment,7493265c80c7dc72b34f2b9c444eb1a6c59f7de79d9391c8b4ca3b9cd90da8e8,other_urban,le15,le20,dong,286,18,55,119,72,22,15.0,경상남도,창원시,의창구,명서동,명서동
apartment,749b7409b2f044c39e5f51969c9c13316db7c7fa97d24e9992d0ed0a4178192e,nonurban,m16_25,le20,eup,454,13,76,183,156,26,17.0,경상북도,포항시,남구,오천읍,오천읍
apartment,749ebb6e984bb8401a258b2b5878b6306e5596eed7c698d12312af4b0817fc0a,other_urban,le15,le20,dong,175,7,38,78,45,7,15.0,충청북도,청주시,상당구,용암동,용암동
apartment,749efa417069f4604a5d402ed7197f1f972b862d3873865b32d39a8c693c7ab7,sejong,ge26,m21_30,dong,333,8,124,170,28,3,29.0,세종특별자치시,,소담동,,소담동
apartment,74b28c70b82c4a2af4db52708ec07c85fe810ef68c06052160e23a55a79f98e6,other_urban,le15,le20,dong,61,9,0,22,14,16,5.0,충청북도,청주시,흥덕구,복대동,복대동
apartment,74be50113ea05ff805b81d9c71bd3d53f12594bfe1214f7402a3e74d0d0ea602,nonurban,le15,le20,eup,69,13,0,36,12,8,6.0,충청남도,천안시,서북구,직산읍,직산읍
apartment,74c007442ad0ff53540273bbfb5a9b17b45f3393719a9041dfdab5fa8ea0cb85,metro,m16_25,le20,dong,159,11,38,57,47,6,17.0,서울특별시,강서구,염창동,,염창동
apartment,74c1fc9ad4be9ecf643c4250384080157e58ff21cf9d5fba7cd775f0012f14ec,metro,ge26,m21_30,dong,314,5,90,154,63,2,30.0,인천광역시,서해구,청라동,,청라동
apartment,74d52ed96f5141117265066b5f92db70228160c8329260d11a46d0512ce90346,metro,le15,le20,dong,124,14,45,43,16,6,15.0,경기도,안산시,상록구,월피동,월피동
apartment,74d9807eb69823fc543673b4e68cd2ebfe6fd1733c6c48bd4a2b9d94d9c9633a,other_urban,le15,le20,dong,85,16,0,40,12,17,5.0,충청북도,청주시,흥덕구,복대동,복대동
apartment,74f6e6cc62e8ba7c76471ae6394d48cf2551801db3a90ee628a22fff99263946,metro_city,m16_25,m21_30,dong,244,6,73,92,62,11,24.0,부산광역시,금정구,구서동,,구서동
apartment,7512e412ad7888e2da9181af91ed0f5a5adba72d59a2a6903ff8e278f1d3edac,metro,m16_25,m21_30,dong,203,11,46,102,38,6,23.0,경기도,부천시,원미구,상동,상동
apartment,751478a5367681d40cf476d700a54822505f1631333139bd78aa399f1ca6a7ba,other_urban,m16_25,le20,dong,66,5,20,22,10,9,17.0,전북특별자치도,정읍시,시기동,,시기동
apartment,751cf6c890bf052f927c5eb4e04b62d7d993ca5e240f648cbc6f724e2b934a32,other_urban,le15,le20,dong,123,9,25,49,33,7,15.0,경상남도,양산시,삼호동,,삼호동
apartment,753893802c2406b915d91eb773f7a90ee18a202c83eb17974a894d751a6d83b9,other_urban,le15,le20,dong,138,13,20,61,34,10,15.0,전남광주통합특별시,여수시,둔덕동,,둔덕동
apartment,753e02bc4647eca60e5a2ab1c35e60476d5e5df616e4f755fffeab3e8e9c62fa,nonurban,le15,le20,eup,51,7,0,25,6,13,6.0,충청남도,서산시,대산읍,,대산읍
apartment,754e24adf57ee4d9b8490a57debbf0597ed090d0d39b60f6dca1e22bb31c02fa,other_urban,m16_25,le20,dong,122,10,36,38,36,2,18.0,충청남도,천안시,서북구,쌍용동,쌍용동
apartment,7558c5967af7cfa7b716e0b349215f4a44993af30fd930ec27fe0cbc63f26310,metro,m16_25,le20,dong,168,8,49,64,42,5,20.0,경기도,용인시,수지구,상현동,상현동
apartment,7564402c235fdd2e6bc3a3bd7083d38ee9b19f3635702d6a2ac6ef50965eab42,metro_city,m16_25,m21_30,dong,113,11,41,53,7,1,25.0,대전광역시,유성구,노은동,,노은동
apartment,756796d7712cff118b922c5306be9946bd546872d1ac9df3ec9e084ad053a1d1,metro,ge26,m21_30,dong,284,5,92,132,52,3,29.0,서울특별시,영등포구,신길동,,신길동
apartment,756eeeeaca95a1fd3a8a30760f9f9c2dd5b8708b6d6f1d2d65d5ed5fea1aa002,other_urban,m16_25,le20,dong,157,5,44,54,48,6,18.0,강원특별자치도,원주시,우산동,,우산동
apartment,75787beee0efd628efce55a4ea134aba56a45b5c14c3c0775b6c263827a364e5,metro,ge26,m21_30,dong,143,11,33,63,34,2,28.0,경기도,안양시,동안구,비산동,비산동
apartment,7582f7100840fdd30dd828ed4a85ac9545bb0552d10b7ba652da9e872cd5272b,metro_city,le15,le20,dong,57,5,10,21,19,2,15.0,대전광역시,서구,괴정동,,괴정동
apartment,758357576bee79533fe4eecb87c2d1f3eb24f798351d35ab546510fd6fba4f1d,nonurban,le15,le20,myeon,79,15,0,31,16,17,5.0,충청남도,당진시,순성면,,순성면
apartment,75890aefc89d0136d46c542cdf416e54af4681bcdc1cb9d0b103e1967f1c98dc,metro,le15,le20,dong,324,22,71,147,70,14,15.0,서울특별시,강동구,명일동,,명일동
apartment,759060e4e032242aad9523c3ac9c78dd7533be9b864e4250ec3beb903fc6e046,metro,m16_25,m21_30,dong,261,8,71,109,62,11,25.0,경기도,고양시,덕양구,도내동,도내동
apartment,75906ed69f175e445df5aa9a3314f6847bf52b20d2611b2d387f2eba4c8b7ad5,nonurban,le15,le20,myeon,722,54,150,271,197,50,15.0,충청남도,아산시,음봉면,,음봉면
apartment,75930da6b990df9da65da4913bafb95b2dcaf325135b52b91df84c6e56f86022,metro,ge26,m21_30,dong,65,6,22,23,13,1,27.0,경기도,고양시,일산서구,덕이동,덕이동
apartment,7596c180f39b884049d2507cf26e195a5e47cfc876d54584c65bf0dc26571af7,metro,ge26,m21_30,dong,634,14,172,297,140,11,30.0,경기도,평택시,소사동,,소사동
apartment,759c43584fb9c4e2c9ca8cb1718c80ee7ce46cad3d61797e66ead4778b53dbfb,metro_city,le15,le20,dong,92,6,16,34,31,5,15.0,대구광역시,수성구,지산동,,지산동
apartment,75a12e88125c20e44f832c259ddd81ecb2278bf52340fc2cdf5fd7bfbc84eb9b,metro,m16_25,le20,dong,84,6,17,26,30,5,18.0,경기도,용인시,기흥구,동백동,동백동
apartment,75a6d0a242060b1fa59c461924a1a9a7102484b27127c303d089febd450f4d60,other_urban,le15,le20,dong,163,6,33,74,39,11,15.0,강원특별자치도,춘천시,퇴계동,,퇴계동
apartment,75cb38b4ae779e0fdbf2b600bc7813caeedf9947c344009fe7342b51f7bf1760,other_urban,m16_25,le20,dong,323,20,71,144,73,15,18.0,강원특별자치도,춘천시,석사동,,석사동
apartment,75d06463b0e50d718e846d84f8bb353a66d8e81a1d1ff80e97a6098f3238e7c4,metro,le15,le20,dong,76,5,9,37,16,9,13.0,서울특별시,강동구,상일동,,상일동
apartment,75db9b9c64065c9ccbfcd614543b2a59325b1b4e555937dd9c84e547fd137bdd,metro,m16_25,m21_30,dong,66,5,27,31,2,1,24.0,인천광역시,계양구,효성동,,효성동
apartment,75e97c0e8ad473958f58dce0f766999dd0904018e5682c4a9d284a2723051adc,metro,m16_25,m21_30,dong,167,7,50,81,28,1,23.0,서울특별시,강동구,명일동,,명일동
apartment,75f8dba3caaf2f793f9b3eee154d6b2bd1d7c1ee3bdd2f658071cdc507028524,metro,m16_25,m21_30,dong,113,6,36,59,11,1,24.0,경기도,군포시,산본동,,산본동
apartment,75f8eab8e270f9fd4dbfe4a6e3a4a9777d639530c4daaae54d05d6fef0872627,other_urban,le15,le20,dong,84,16,0,36,15,17,5.0,경상남도,창원시,마산회원구,합성동,합성동
apartment,75fbbbbbd6b647386aed6732f78db44375611992a9c69d51dfc7d1019d545223,other_urban,m16_25,m21_30,dong,256,14,75,113,51,3,23.0,전남광주통합특별시,나주시,대호동,,대호동
apartment,75fcbe0a40e27a442c9f79e8859e93dd41c4faf920c994a94196ce8479f0b236,other_urban,m16_25,le20,dong,210,11,50,92,51,6,20.0,충청남도,당진시,읍내동,,읍내동
apartment,76023b9361ce4d57e54943ab1b6d811386c3558b7066eed024b18ad3e3724dff,metro_city,m16_25,m21_30,dong,373,8,98,181,85,1,25.0,대구광역시,동구,신암동,,신암동
apartment,7603c01de30602f6df8fe1439873dc1cf821c93c4a4c721b530fa387679889c4,metro,m16_25,m21_30,dong,205,10,64,106,24,1,25.0,경기도,의왕시,내손동,,내손동
apartment,7603d9ac94645e69547182c48bccbd7a819b190744436405a2032ed8e1e5f646,other_urban,le15,le20,dong,216,17,62,70,62,5,14.0,전북특별자치도,전주시,덕진구,송천동1가,송천동1가
apartment,7604493ee16f1e5d32adca4d408e6445ccd9e217524c86aeaa13a518199f9136,metro,m16_25,le20,dong,171,7,54,59,45,6,20.0,경기도,용인시,수지구,성복동,성복동
apartment,76044de5f9da8c66a70f7d7be76d471e8a932fdec6da378a47c8fe2b5960ddc8,other_urban,m16_25,le20,dong,345,26,96,154,59,10,20.0,전북특별자치도,전주시,완산구,평화동2가,평화동2가
apartment,7606d05383815e06bf9d24ecd06a3caaacee956371f38542b4a75e0ca79a43c1,metro,le15,le20,dong,85,6,31,43,4,1,15.0,경기도,안산시,상록구,사동,사동
apartment,7610a3e54c85356cd493e1ab7767253726fc978f838158a57715c4ca3dee53a4,metro,m16_25,le20,dong,79,6,16,34,16,7,19.0,경기도,용인시,기흥구,공세동,공세동
apartment,76119af9cdffa7dd506b1a8779d55fb0f022c72465de4d93287ebc4a8e277e95,metro_city,ge26,m21_30,dong,171,7,55,89,19,1,26.0,부산광역시,해운대구,좌동,,좌동
apartment,76236b8008a39130a70c84c90bda88aa8939a859740af958ab7277570a10fa28,metro,le15,le20,dong,174,28,56,58,18,14,10.0,경기도,시흥시,정왕동,,정왕동
apartment,76248c5e6987f99ce56d442870aa1a78a2623c621e092a1ee71c217783cafd79,metro,m16_25,le20,dong,126,5,26,56,33,6,18.0,경기도,평택시,이충동,,이충동
apartment,7627ace0b14d45a943bcefe6a25ce62d3c82f202bc5ef9c26ff551e25c3adf4f,metro,m16_25,le20,dong,97,8,17,41,28,3,20.0,경기도,부천시,원미구,중동,중동
apartment,7633540f2d4af8ab6573d9e111d36c69fc157ebaa14196f0c232014586ce38bf,metro,le15,le20,dong,83,13,0,31,16,23,5.0,경기도,안산시,단원구,선부동,선부동
apartment,7633d926377262bdea19492588fb90515666f6e91d38d1b670db08dd8be32474,metro,m16_25,m21_30,dong,338,10,86,173,68,1,25.0,경기도,수원시,팔달구,인계동,인계동
apartment,76353809d2c5de65458532ba78b309d76a25f5acfce01865aa72ff57a20822c2,metro_city,m16_25,m21_30,dong,204,9,61,87,43,4,24.0,부산광역시,사상구,주례동,,주례동
apartment,7637ca40e8845854a8f46c42f426bcfb215202e12402a13b0cee78af755d86bc,other_urban,le15,le20,dong,151,6,23,67,47,8,15.0,전북특별자치도,익산시,어양동,,어양동
apartment,7646e6aa4631e878489660cb1cc882aaaa39c06ebdaf18c9483deb46d1cfd9fe,other_urban,le15,le20,dong,82,9,19,37,15,2,10.0,충청남도,천안시,동남구,다가동,다가동
apartment,764900eae5f0a8dd309c4a1ad22061038d6f2d0778fa3150f554eff366e95a63,other_urban,m16_25,m21_30,dong,108,8,31,64,4,1,23.0,충청북도,충주시,연수동,,연수동
apartment,7650c743b9538ad95c2723187d25ab258946ad8348c03d68c12342fab78008ff,other_urban,le15,le20,dong,114,21,0,56,27,10,6.0,경상북도,경주시,황성동,,황성동
apartment,765636a3e09cb65b81b0ef047efa50bf9839b484050b4b9bbcb09fdb2ddfb93a,metro,ge26,m21_30,dong,183,8,45,89,35,6,30.0,경기도,고양시,일산동구,식사동,식사동
apartment,765663770fc13071c45faea66604a230ecfc0a4ce576fcb3359c30a1c5ff2c09,other_urban,le15,le20,dong,214,15,38,81,65,15,15.0,전남광주통합특별시,북구,두암동,,두암동
apartment,765d88e03f737595411b45d72f14875f9e27cb3eb8f1d0e8e535bd0e1b4fce31,metro,le15,le20,dong,52,5,9,24,12,2,15.0,경기도,광주시,삼동,,삼동
apartment,766451d91e80624b1400d1c7e1d4b2f423f6166fa394f74bf7ebd49b1eee84da,metro,m16_25,le20,dong,97,6,22,44,20,5,20.0,경기도,시흥시,도창동,,도창동
apartment,766b5bc3e91ab87942d82d9284f85c1105df417c2cbc55572a87593b9cf8d4df,metro,m16_25,le20,dong,64,5,16,30,12,1,18.0,경기도,수원시,장안구,정자동,정자동
apartment,766f73e8c53bed835835286134d1247c5a4b1c8437a07f58f14d0a9bdbfe7ec3,other_urban,le15,le20,dong,56,5,9,27,13,2,15.0,전남광주통합특별시,목포시,상동,,상동
apartment,766fadd33d13a4da223189f6ba62117af82ff7149cdd38f6debd9a508ebf910e,nonurban,le15,le20,myeon,77,10,14,26,17,10,10.0,경상북도,경주시,현곡면,,현곡면
apartment,7676d3bac35848050b354990100babfbe599e9004c3099ddc7c025f1f5007e5c,nonurban,le15,le20,eup,298,15,37,132,70,44,10.0,충청남도,천안시,동남구,목천읍,목천읍
apartment,7676d716cead87f0fff183964c7f4f2f954ee13c6e323e9d81e15b314693dd08,metro,m16_25,le20,dong,226,6,62,86,64,8,20.0,경기도,용인시,기흥구,보라동,보라동
apartment,76830ca0389926a4953b4a46f2a291b66fe90b8b6be0e1c733f2863872f0d1b3,metro,m16_25,le20,dong,142,8,47,44,36,7,20.0,서울특별시,서초구,잠원동,,잠원동
apartment,768c0eb60e8bee028b1f086590f56f71f1ed6370f770f24a37c00be4e80b0161,metro_city,m16_25,le20,eup,117,8,22,42,40,5,18.0,대구광역시,달성군,화원읍,,화원읍
apartment,7698b397c547a76e1a4af6e08fc1cb1ea7b56733314a875b0f979a1d4af0316a,other_urban,m16_25,le20,dong,78,10,21,27,16,4,20.0,전남광주통합특별시,북구,운암동,,운암동
apartment,769cddf85e4fb03fc4be188451e954172d9b11b9a4f022503e48c0030f0dc236,metro,le15,le20,dong,87,12,0,51,10,14,6.0,인천광역시,계양구,작전동,,작전동
apartment,769d9f55f01dbb926cd11277bed2d77b3d8fd698a0aaa20c14ac7d158eddc181,metro_city,le15,le20,dong,92,9,7,47,18,11,15.0,대전광역시,중구,태평동,,태평동
apartment,76a219d98c6f9865f547bc952e91c9018620c036650be0716a3147ac4fd6a342,other_urban,le15,le20,dong,69,6,13,35,13,2,15.0,강원특별자치도,원주시,우산동,,우산동
apartment,76b502823faddefe074d1375ea74e07611b02c5d83813f35dc25ca417739a866,metro,ge26,m21_30,dong,188,10,49,86,42,1,29.0,경기도,고양시,덕양구,향동동,향동동
apartment,76da9fb32a241895b565e4067b6e08e436c9bded200517388da1c6a3817f228e,metro_city,le15,le20,dong,80,6,14,39,17,4,13.0,울산광역시,남구,달동,,달동
apartment,7703fbe5d8b9fc6d7f32154cb106a82094e19109acd95a70d26b2a4ea07ffbea,metro,m16_25,le20,dong,185,9,55,69,45,7,20.0,경기도,용인시,기흥구,중동,중동
apartment,77047d65e48135c7cbc21c22f006fcf078aa49bed53d32db628d890248024bce,other_urban,m16_25,le20,dong,300,17,93,114,62,14,20.0,전남광주통합특별시,광산구,비아동,,비아동
apartment,7710be48966c39e22d11bb934861be965f5a03136488a07ab6e5c8ae0a051f7d,metro,m16_25,m21_30,dong,171,11,42,105,10,3,23.0,경기도,안양시,동안구,평촌동,평촌동
apartment,7719b151ac08d858d67424c3db9b703b154cee0c8a66e1571f0de036e837be28,metro,le15,le20,dong,240,10,55,110,49,16,15.0,서울특별시,노원구,상계동,,상계동
apartment,771e890534c2601eec8b1e8643b222ecd9d4c8fc4b2f954f37632fa350d4a1bc,nonurban,le15,le20,myeon,91,7,21,37,24,2,14.0,충청남도,당진시,신평면,,신평면
apartment,7724a475a92be6dced3841a0ba17a865fff7c092eac2140c8b825742c3779798,metro,ge26,m21_30,dong,228,12,98,93,24,1,27.0,경기도,과천시,중앙동,,중앙동
apartment,773ba4703f778057ad8151295f6b71108a4860121c5308880703a86d923292ac,metro,m16_25,le20,dong,150,7,48,78,16,1,18.0,경기도,안양시,동안구,비산동,비산동
apartment,774758bf84f784abb66752db8b86908b5b8c095161955869e154378b9af8d713,metro,m16_25,le20,dong,65,8,10,24,19,4,18.0,경기도,의정부시,민락동,,민락동
apartment,774a5d5255414ae24505312db6d21dedb26cb7421be3b3c5b759539363d869f6,other_urban,le15,le20,dong,113,7,23,54,24,5,15.0,경상남도,김해시,신문동,,신문동
apartment,7760c2b67dbb0613133032a829767c948f20162a3a4a6e3907417ae3e4070e11,metro,m16_25,le20,dong,374,14,102,165,74,19,20.0,경기도,수원시,영통구,원천동,원천동
apartment,77698644e349d5a32eac229a66e865764fb55b89977fe89b2808eedfe405c70c,nonurban,le15,le20,myeon,72,17,0,32,13,10,5.0,전남광주통합특별시,장성군,황룡면,,황룡면
apartment,778b077fac09b592f7a24f5f1c8320f6785add26821e7b3ebe45f6438f10b889,metro,le15,le20,dong,340,25,73,143,75,24,15.0,인천광역시,부평구,부평동,,부평동
apartment,779fa6781c445cc3b1bafabd7431f097e9873325cbae9001fe913a722219e969,metro_city,m16_25,m21_30,dong,181,9,48,94,29,1,23.0,울산광역시,중구,복산동,,복산동
apartment,77a11136f2bde693582adafb64eca6795a91cbdb64afd53d793d6668b01adce8,nonurban,m16_25,m21_30,myeon,230,6,50,114,54,6,22.0,경상남도,창원시,의창구,북면,북면
apartment,77a2c6b90f94e08cc8cce789cf3a7a072f895f952ca13b49057db4decbb9f92f,metro_city,m16_25,le20,dong,52,5,7,24,11,5,20.0,대구광역시,수성구,범물동,,범물동
apartment,77a2ec0bba1f6207c9bf3935b46de4210c7522c65685e3c4ae0eaefc2e1a702b,other_urban,m16_25,m21_30,dong,256,7,61,115,69,4,25.0,경상남도,김해시,율하동,,율하동
apartment,77a807a389e7cc6eb9a27f754cee486f08cd9335db1a48e036b4c7e6dbf09664,metro,m16_25,m21_30,dong,127,8,33,58,27,1,21.0,서울특별시,강서구,가양동,,가양동
apartment,77b01b8afabac19a5dfc8dd6ab60651993f366e675d77e67bf391c3c3a9ba241,nonurban,le15,le20,myeon,180,7,39,80,40,14,15.0,충청북도,음성군,감곡면,,감곡면
apartment,77bacd094d25e953345347c3b8ad7aae47c908454f5e51a81a98534c8b5234ab,metro_city,ge26,m21_30,dong,399,16,113,183,85,2,29.0,대구광역시,수성구,범어동,,범어동
apartment,77c5c2966c1973cabd8eae01b882c33be36fe1ac1b8260bf35132f0f1a8ddf13,other_urban,le15,le20,dong,73,7,17,34,13,2,15.0,전북특별자치도,전주시,덕진구,덕진동2가,덕진동2가
apartment,77cf542e052a0b6e47648d4d30916f5228b0aa79ef9aa594aea1da24a68642fc,nonurban,m16_25,m21_30,myeon,122,7,34,58,22,1,23.0,경상남도,진주시,금산면,,금산면
apartment,77dbe7e9d6535e9b62b52ba32868b7ef5dbe72e807dfb92bd973ab7a87dd0d7c,other_urban,m16_25,le20,dong,233,13,52,92,58,18,18.0,전북특별자치도,전주시,완산구,삼천동1가,삼천동1가
apartment,77e793f8362e2cb9af120d22b9c5cd3b4661be45895e8164bd11e643be890c7d,nonurban,le15,le20,eup,245,39,48,85,41,32,10.0,충청남도,천안시,서북구,직산읍,직산읍
apartment,77f83220fc8006c1fd7ccd9f56f33953e74d583022af69d413320cbc61ae465a,other_urban,le15,le20,dong,89,8,11,42,20,8,13.0,전남광주통합특별시,광산구,송정동,,송정동
apartment,77f86ec04c081325b2e07fd95707d1175a9ccc0e176c4db8e65aee4a485c5bc1,metro,m16_25,le20,dong,98,8,23,52,11,4,19.0,경기도,안양시,동안구,호계동,호계동
apartment,77fcc3b16e3fe26f375ba5d712ad7ed986697e4812b8a156dcb07a3c0e65c5e5,other_urban,m16_25,le20,dong,244,27,70,120,25,2,19.0,전남광주통합특별시,광양시,금호동,,금호동
apartment,77fd1293df8e0212346708a23ea77c1e10db2ce2472819decc7d7dbcf93cf253,metro,m16_25,le20,dong,143,5,30,78,28,2,19.0,서울특별시,영등포구,당산동,,당산동
apartment,7802c62c08e2c827e233bbda828a5a71f2393fba5fdd1ab0d418b980d52eb512,other_urban,le15,le20,dong,65,7,11,27,11,9,10.0,충청북도,청주시,서원구,개신동,개신동
apartment,780494d9f431199c86c5c33c65c8757a31846be60af7b1cfad2a4af75cd32bb5,metro,m16_25,le20,dong,121,7,24,55,25,10,16.0,인천광역시,연수구,연수동,,연수동
apartment,780700bf549d3793271eacab8f95dfafba51112240c056f46017c1de9cb3cc24,metro,le15,le20,eup,77,7,18,25,23,4,15.0,경기도,광주시,초월읍,,초월읍
apartment,7812f407544b19309b030af87abd8bd881997f61ed7c7cdd6cc47d6a8c061d0e,other_urban,m16_25,le20,dong,104,8,26,43,19,8,20.0,전남광주통합특별시,남구,송하동,,송하동
apartment,7817aa9b98bf5895d3ac8697959252f177aaec74b5bdb2aa358cb9a8b9ffb4c3,metro,le15,le20,dong,91,5,12,42,22,10,12.0,서울특별시,용산구,이태원동,,이태원동
apartment,781882007bc149c9dc4ec43892be94e6482e4e42e41fcb88c2d716ac9c14d74c,other_urban,le15,le20,dong,133,13,19,46,46,9,15.0,충청남도,천안시,서북구,쌍용동,쌍용동
apartment,781ef7a9148c363ac306e4d0975603b01d0ddaeffeb5d25f0af952c741fdc26b,other_urban,le15,le20,dong,170,10,35,76,39,10,15.0,전남광주통합특별시,여수시,둔덕동,,둔덕동
apartment,7821d02642acdd7d063ecfa6f70633e5961cea9c4a2d27b1f527ba15aab1069c,other_urban,le15,le20,dong,173,37,0,91,28,17,5.0,전남광주통합특별시,광양시,금호동,,금호동
apartment,7828f21c3ac352fa4a723884f4e8a5affd84b0a5d09083eb36d8420dd611c030,nonurban,m16_25,m21_30,myeon,186,10,44,100,31,1,23.0,충청남도,서산시,성연면,,성연면
apartment,782b09f6b2a16496d9633d0be6886e8fe624b04eb681b836fdd109c0f1a0cbeb,other_urban,le15,le20,dong,70,5,18,26,19,2,15.0,충청남도,천안시,서북구,쌍용동,쌍용동
apartment,782e4df3d81cb952a712a58222d6f8bc1e41ce064fc0cef44f8a5574e6a72f6d,other_urban,m16_25,le20,dong,124,7,29,55,30,3,18.0,전남광주통합특별시,광산구,선암동,,선암동
apartment,78306bdf43186986f4c6b6918d7e0f3778a3e636918cb601fd980453a9801277,other_urban,m16_25,le20,dong,96,9,26,40,19,2,18.0,충청북도,충주시,연수동,,연수동
apartment,7832d3b604129c872ea435f6a80ff95d10608cf6208ba556960ccce20426d896,metro_city,m16_25,le20,eup,84,5,15,36,27,1,20.0,부산광역시,기장군,기장읍,,기장읍
apartment,78392ae24d3393447400fbf958f11c3133b8f6d03b63425338329e748dca736a,metro,le15,le20,dong,50,11,0,19,10,10,5.0,경기도,고양시,일산동구,중산동,중산동
apartment,783e839005e3ba5bead9ed0a587e82468a221e51859cf00622e51458f431d312,other_urban,le15,le20,dong,208,14,45,75,58,16,15.0,강원특별자치도,강릉시,교동,,교동
apartment,7844bc260467d694678ee8be45a06006900c5a1a085a44d0d1a957e62d551fb7,metro,m16_25,le20,dong,169,7,51,68,37,6,20.0,경기도,고양시,일산서구,가좌동,가좌동
apartment,7854efd7827a3e98e723340da51700a6f6ff88fd4df41fa4a2c7da414dd3697e,metro,m16_25,le20,myeon,103,6,25,45,25,2,20.0,경기도,남양주시,별내면,,별내면
apartment,78687a8d2f09c4ce296d2691994cd34b8d8a2a6e72862423ed0e894403e4c1b8,metro_city,le15,le20,dong,69,6,13,26,19,5,15.0,대전광역시,서구,둔산동,,둔산동
apartment,7869cc7d7bb4f7690c60fe9d4e46e2bc0dab50e468d378d5cd2186f398f2027a,other_urban,le15,le20,dong,218,10,41,84,65,18,15.0,강원특별자치도,원주시,관설동,,관설동
apartment,786a045bab15ffd088f6b8607a5e0413e3d14131e1dd931c5263f1897c9c069d,nonurban,le15,le20,myeon,143,5,33,64,30,11,15.0,경상남도,통영시,광도면,,광도면
apartment,786ae4e35db8f5784d40cc33b0a86bf63d03c34ce61e73ce5811ec2ab4e2895a,other_urban,m16_25,le20,dong,69,5,18,28,17,1,20.0,전북특별자치도,전주시,완산구,중화산동2가,중화산동2가
apartment,786b15f3707a19a5f63398dc67a2e22be51aeb0d6f1bcdeb79dbce1a6db9d4f0,metro,le15,le20,dong,258,24,43,110,58,23,13.0,서울특별시,강서구,방화동,,방화동
apartment,786b5584bee4c8072fe925d7b8d61451bde48ef0aaf683d34ad26da090bd71d1,metro,m16_25,le20,dong,101,10,20,41,28,2,18.0,경기도,안양시,동안구,비산동,비산동
apartment,786ba21fa19e89e54f04ddce3f32a6d5c3a251170e27283c7bd3f591720bafca,metro_city,le15,le20,dong,88,12,21,29,23,3,15.0,대전광역시,동구,용운동,,용운동
apartment,786f86dcefa7829ff29a315dbd57d6ac8fd49acc7d45b7bcfeceea7fb1063532,metro,le15,le20,eup,134,7,20,65,36,6,15.0,경기도,남양주시,진접읍,,진접읍
apartment,78709ab89e51151c997c73c1359911e8aa1df596e4549e5343d2aa15e41713c4,other_urban,le15,le20,dong,341,18,70,150,79,24,15.0,충청북도,제천시,왕암동,,왕암동
apartment,787317754dce90e844797d525ac47511c3302e559d24cea12ad536314edd874a,metro,le15,le20,dong,86,8,22,28,23,5,15.0,경기도,안산시,단원구,고잔동,고잔동
apartment,78755bd30d5dab21966edeb0024b3e6a1c4bda864d6dd99390ee4b916317b40f,other_urban,le15,le20,dong,167,8,42,82,33,2,15.0,전남광주통합특별시,순천시,조례동,,조례동
apartment,78766dc6965cfb7419b7540d758ddb1b22dab425c95fa8202d779e9291dddd10,metro,le15,le20,dong,84,6,17,38,16,7,15.0,서울특별시,서대문구,홍은동,,홍은동
apartment,78794daf9eb4c7458672435b067583b74204782e7eccc212cae3497438e3cc57,metro,le15,le20,dong,133,12,36,42,37,6,15.0,경기도,화성시,동탄구,영천동,영천동
apartment,787bed12972ef0ba03d356c5b28af1fff8e28f4cbba3974562f775ce2d1e6c47,other_urban,le15,le20,dong,106,6,26,29,28,17,15.0,경상남도,진주시,가좌동,,가좌동
apartment,787d7d500f84fc107b979413cd19f3e80fae14ee1128142957a714a5c98c3347,metro,m16_25,m21_30,dong,127,5,33,65,23,1,22.0,경기도,화성시,동탄구,반송동,반송동
apartment,7885910c46a2e04ffbffc9a3fdb13ac85d853f39af61a69d7a1821dcb605644f,metro,m16_25,le20,dong,167,12,39,67,42,7,18.0,경기도,화성시,병점구,병점동,병점동
apartment,788bf7e2f1f644958c8b8a68abef4fd467e71304bee7a1584e5696ffaa587e56,other_urban,m16_25,m21_30,dong,149,8,45,65,27,4,22.0,전남광주통합특별시,서구,양동,,양동
apartment,7892ce29ab7c9d98c5680ab4d787241e52a16bd294cef870037cd610bc874d48,metro,m16_25,le20,dong,253,9,65,106,59,14,20.0,경기도,오산시,갈곶동,,갈곶동
apartment,789f394f0aea0a50288b0280ce31cf9fd9f4baa403615fcc012857ef8cbe1e8d,metro,le15,le20,dong,92,16,21,38,13,4,10.0,경기도,시흥시,정왕동,,정왕동
apartment,78a16dfebd0a03ce2b09a268f8c7b56ca8ae71ca088ff8814f36d09a1bb756cb,metro,m16_25,le20,dong,113,8,36,45,22,2,20.0,인천광역시,부평구,산곡동,,산곡동
apartment,78ad45d0a0f31634724e10d105e126f68fecc9486f5c96701fe285aecc70c723,metro,le15,le20,myeon,156,12,26,67,46,5,15.0,경기도,안성시,일죽면,,일죽면
apartment,78ad891a10f94454a4affaa34d3f4423e7a8a99a48238dd532840f0a25920d82,other_urban,le15,le20,dong,102,8,20,44,26,4,15.0,경상남도,거제시,장평동,,장평동
apartment,78af3aac41d357f2f0ac504ceae4b380ce21cdb8cf8b018b46238dd37033afb1,other_urban,le15,le20,dong,61,9,0,26,11,15,5.0,충청남도,아산시,용화동,,용화동
apartment,78be1ade3fced4d17817b53c131e6341a6f2ca19d77ed5cff002fcd393c2d2a0,metro,le15,le20,dong,218,8,40,96,62,12,15.0,경기도,화성시,동탄구,여울동,여울동
apartment,78c2617f117cb64b275ddee96fc0cc1bfbc7ffea86bb1d899203f2a7b08efa82,metro_city,le15,le20,dong,87,7,17,31,21,11,15.0,부산광역시,금정구,부곡동,,부곡동
apartment,78c474978f59fb8f95b87d51c3170072eebc90b2824fc0bdf19e60ff98429ce3,nonurban,le15,le20,eup,152,9,38,76,22,7,15.0,충청북도,음성군,대소읍,,대소읍
apartment,78d390eafaed104a95b1fe10a16ce4f9c6b33a2997aa5ffbaf4503ad5d8738a5,other_urban,le15,le20,dong,121,7,31,48,30,5,15.0,전북특별자치도,익산시,어양동,,어양동
apartment,78db7f41a4b3c7acadb5f32a2b99e557cecd9a5c9fd45f6f04178e7b90a21dbb,metro,m16_25,le20,dong,131,9,32,48,37,5,20.0,경기도,고양시,덕양구,화정동,화정동
apartment,78f9d32520392408125156fa35466847c74d8b4edb370eadf435c4947511d9eb,metro_city,m16_25,m21_30,dong,200,6,57,84,49,4,25.0,대전광역시,유성구,봉산동,,봉산동
apartment,78fae34afbe1f3679d072b4addb4f5fecf14ef077a446648403ea7ca6d22d8a1,nonurban,le15,le20,myeon,69,7,8,36,16,2,15.0,강원특별자치도,평창군,대관령면,,대관령면
apartment,79112df4ce364047e08ac6d3e1819398c5cc6b728f3db5e09e7267da21ec1c6a,metro,m16_25,m21_30,dong,130,6,28,65,29,2,25.0,서울특별시,영등포구,문래동3가,,문래동3가
apartment,7924f74dce8ead1c0f80afe6b71b659ee9de6e3b0590738764280d5dc4dbfebd,metro_city,m16_25,m21_30,dong,248,12,74,121,39,2,25.0,부산광역시,해운대구,반여동,,반여동
apartment,7929f38a5683831d69e3be61f8d732c2178c7f3237f0897691c8fcb57ee01f7f,metro,m16_25,le20,dong,123,9,33,41,32,8,20.0,경기도,수원시,영통구,영통동,영통동
apartment,792e532288e1bf26f85b3809c2a06ebad48d4443701ae69fb5518558ece2d868,other_urban,le15,le20,dong,176,13,32,85,40,6,15.0,경상남도,창원시,진해구,청안동,청안동
apartment,7936bce797abea9fa20068d33cc3aabf653a1927764511c5c6a6fd974adfd0b8,metro_city,le15,le20,dong,51,5,10,12,22,2,15.0,부산광역시,부산진구,가야동,,가야동
apartment,7936e77881764010c11f3339484b321e499e5d53b66b6b597d4b48b606ce6deb,other_urban,m16_25,m21_30,dong,181,7,48,81,43,2,25.0,전남광주통합특별시,북구,중흥동,,중흥동
apartment,7958fc472ee3a4ce97f7e6cc9ac72e8e6d37796f6995231e51e4c86ea6dcae2b,other_urban,m16_25,le20,dong,84,9,20,33,20,2,20.0,전남광주통합특별시,북구,일곡동,,일곡동
apartment,7980deee20f16dd52360f3d9719bc3f0fc1e3774b87c232134acdf38dae7e979,metro,le15,le20,dong,64,7,7,39,10,1,13.0,경기도,화성시,병점구,병점동,병점동
apartment,79a668817ca40a41fc31a603f518ba934641e8439bfec70fb6a64a5f04c80c79,other_urban,le15,le20,dong,245,11,56,103,58,17,15.0,충청남도,천안시,서북구,쌍용동,쌍용동
apartment,79b1cde9545fb6f1a4fdcaaa383cec20d184edc406bef60ed970a36295eea310,metro,m16_25,m21_30,dong,92,7,33,37,13,2,22.0,서울특별시,성동구,하왕십리동,,하왕십리동
apartment,79c29f82240a60b63cecfbe41d3d7d68899f853fc3b27ff777ccdfb1f6fe881b,metro_city,le15,le20,dong,495,29,103,194,141,28,15.0,대전광역시,유성구,송강동,,송강동
apartment,79c9def0c09535652bc5ae2df06616f303054f4f25ba0040f74024d972c7e378,metro,m16_25,m21_30,dong,74,6,15,33,17,3,22.0,경기도,군포시,산본동,,산본동
apartment,79ce299e0e9df2e1c82557c21cc4cb0b9367e439cce149cb842efda84d02698b,metro,m16_25,m21_30,dong,149,7,50,74,16,2,22.0,경기도,김포시,구래동,,구래동
apartment,79eacd8c5801c2778529818c68c1f6a53e21baafeb1bccd6a62aa0382e997502,nonurban,le15,le20,eup,116,19,0,63,17,17,6.0,충청북도,영동군,영동읍,,영동읍
apartment,79f0cba368f66a4142dcefdad46d841b5f99b8bdd117827b6de392cdb706958f,nonurban,le15,le20,eup,330,28,72,139,70,21,15.0,강원특별자치도,원주시,문막읍,,문막읍
apartment,7a01bbf6f59c32f47e1f13eee3513f784a87b9492c6eb428753430ad0e461bff,metro_city,m16_25,le20,dong,75,5,14,35,20,1,16.0,대구광역시,달서구,용산동,,용산동
apartment,7a13da4e2132513e0a85ee926290a60b9fd3aca98139922d6a263d268fa3f140,other_urban,le15,le20,dong,296,14,50,135,81,16,15.0,전북특별자치도,군산시,나운동,,나운동
apartment,7a179c19f9b106ddd2995f4a848f6756e394b0ba967a5778fca0bd9c5adfe9b9,other_urban,m16_25,m21_30,dong,158,11,40,80,26,1,23.0,경상남도,창원시,마산합포구,신포동1가,신포동1가
apartment,7a1eacac047595fa7621fa93674c6e7c487c0f184cf0ffaf539d6fe3cf2ab051,metro_city,le15,le20,dong,59,7,20,17,13,2,15.0,부산광역시,사하구,장림동,,장림동
apartment,7a22f1fe44f2772a4fa9c43a113fcb8bc3becf90fd2662432f006e444ae68ffc,metro,le15,le20,dong,93,8,25,48,11,1,15.0,경기도,성남시,중원구,도촌동,도촌동
apartment,7a24f31cb1e1d491de1ad90691428429d53c68bb44c08b6dcf3bad99e7d717e5,metro,m16_25,le20,dong,187,5,62,89,30,1,20.0,경기도,용인시,기흥구,신갈동,신갈동
apartment,7a3d04c9625fce955440abb19182a4d659938ce5e32c9a8278cf494ec2ec7c70,metro_city,m16_25,m21_30,eup,175,7,46,69,51,2,25.0,부산광역시,기장군,기장읍,,기장읍
apartment,7a4d058a4555b07b3ef35a65df374701db73f3c8296ec7679afdfe73bfe4c53d,nonurban,ge26,m21_30,eup,143,5,45,52,39,2,28.0,전남광주통합특별시,광양시,광양읍,,광양읍
apartment,7a625b966718b04de22b874b6ef5757130d348617ab1929724c602273e581dab,other_urban,le15,le20,dong,59,13,0,24,11,11,5.0,충청남도,공주시,웅진동,,웅진동
apartment,7a7a677d2444c3723ca1c85715ab9b3de0c7ba889f30f6585fae70b92244da56,metro,le15,le20,dong,104,8,25,45,17,9,10.0,인천광역시,미추홀구,주안동,,주안동
apartment,7a7d2d546113d367935a3f4ca8bc2fc67604f01ee01d15599260dceec4cb5c5d,metro,m16_25,le20,eup,385,9,121,185,61,9,20.0,경기도,포천시,소흘읍,,소흘읍
apartment,7a868813f22015be01e2126e51dd5d7b0e271a53853dae1f8292e0a12c3a3c04,other_urban,le15,le20,dong,98,17,21,42,12,6,8.0,전남광주통합특별시,목포시,옥암동,,옥암동
apartment,7a86988191a82b1fef18a15e67c8181737f0c635fb2f42b23820c17e722db8e4,other_urban,le15,le20,dong,122,17,0,55,26,24,5.0,경상남도,진주시,이현동,,이현동
apartment,7a8936a687a0867a46d0e1d82b587559fa928322fb8cf168763ab61562b3dca4,metro,m16_25,le20,dong,108,6,22,47,28,5,19.0,인천광역시,연수구,송도동,,송도동
apartment,7a8ed4d0da42fd0af5fe88f2bfae7fa68ceb3d0f99057fbfe8520548463b97a4,metro,le15,le20,dong,100,8,24,50,15,3,12.0,서울특별시,강서구,화곡동,,화곡동
apartment,7a8eee9de9b0b1b3fa65e4f0b2f4ae4023ae91a6ec34cc198f66caaed8ddbca7,metro,ge26,m21_30,dong,156,5,58,83,9,1,26.0,경기도,성남시,분당구,수내동,수내동
apartment,7a99612bd9e1640895914962c7855be6ed9ba74f136e8b7fe49707b2c4137990,metro,m16_25,le20,dong,327,16,89,141,66,15,20.0,경기도,의정부시,용현동,,용현동
apartment,7a9f1c6fde1887afebca45f86e358ea7aecf4613dc64d258d48738ae35c3fe4e,metro,m16_25,m21_30,dong,116,8,36,61,10,1,22.0,경기도,성남시,분당구,정자동,정자동
apartment,7abce0560fb3ad38bb678ace28bde367acac3ac422e020180febc3855838aa41,metro,m16_25,m21_30,dong,115,5,29,47,32,2,21.0,인천광역시,서해구,심곡동,,심곡동
apartment,7ac65fd4e2adb007d83d35411e5c1f2bc4b52bd73cadb8d3a58ce15f9ffc5e3c,metro,le15,le20,dong,64,5,13,29,13,4,15.0,경기도,파주시,동패동,,동패동
apartment,7ac925ae2847413fd7a555516ea06737c22a0355f8e1ce16123b98fcf3b69ee8,metro,m16_25,m21_30,dong,98,5,33,50,9,1,22.0,경기도,성남시,분당구,이매동,이매동
apartment,7ac9b8740b92416e7b2f901f776d9f9be9f13542becb7cb6bcac07a22b2ab803,other_urban,m16_25,le20,dong,142,7,44,54,33,4,20.0,강원특별자치도,춘천시,효자동,,효자동
apartment,7acac16a9f19be69c05c14edc879f7d38ab5f2996335d80c54cc9f0cfb5c05b6,metro,m16_25,le20,dong,147,8,29,74,30,6,19.0,경기도,용인시,기흥구,상하동,상하동
apartment,7acd044721d0e4d5f7d0ffe026658d643ae27f17409213df61497ac0780fc44f,other_urban,m16_25,le20,dong,70,9,20,21,18,2,19.0,경상북도,안동시,노하동,,노하동
apartment,7ae1c2ba2833955a78d5fef18d9e004290d60fcaacaeef040fbfd7cb8c0addd1,metro,le15,le20,dong,107,8,21,46,28,4,15.0,서울특별시,중랑구,신내동,,신내동
apartment,7ae1f84e89030659f468c06e0981522d1114403b12d474373fe1d6b9a29731dd,metro,ge26,ge31,dong,193,9,55,77,51,1,37.0,경기도,양주시,옥정동,,옥정동
apartment,7aea33eb614d731a9ae01703c7c4e57eb9bcdd8133900d262b5f337bb5acefa4,other_urban,le15,le20,dong,55,11,0,26,9,9,5.0,전북특별자치도,전주시,덕진구,우아동3가,우아동3가
apartment,7aea696b4780de4c8dfefce5a553dc4a383c4b2ee2883e7b9ba226a0a0b2139e,metro,m16_25,le20,dong,542,31,125,191,165,30,18.0,서울특별시,중구,신당동,,신당동
apartment,7af4a1087bc743af6366ed855bb112560b21353401451ed6c7971b4275cbe7f6,nonurban,le15,le20,eup,167,13,35,63,43,13,15.0,전남광주통합특별시,영암군,삼호읍,,삼호읍
apartment,7af7e8cf0c0341d710ed06d361bd0671f71c53d0c6299102db8c1cbcd19ce8cd,metro,m16_25,le20,dong,86,5,22,38,16,5,20.0,경기도,수원시,영통구,영통동,영통동
apartment,7afc3b0506dc37bb6916dadb30a920e79c7cfe2b6ae37a91ebfbb183eba9855e,other_urban,le15,le20,dong,103,7,26,34,26,10,15.0,전북특별자치도,익산시,부송동,,부송동
apartment,7afdcae6f048c3eb51b2a1da1bfbffe0e39c2e3be8aa47d0b4608d8924f7630f,metro,le15,le20,dong,157,7,33,67,40,10,15.0,경기도,수원시,장안구,천천동,천천동
apartment,7b22e6bdbcb0846af1e31ab2c426987d5affb2ead90be4f751d77db8c80a7934,other_urban,le15,le20,dong,124,6,22,47,42,7,15.0,전북특별자치도,전주시,덕진구,호성동1가,호성동1가
apartment,7b3017d728c9aaf99f5939a9559fcdf73ec171d51a90d71171dffbed44bc1f7d,other_urban,m16_25,le20,dong,95,6,19,33,29,8,18.0,경상북도,문경시,모전동,,모전동
apartment,7b3f9b710af5e56cbf2029bd83c82574902b2c1f994d22da1f1a908f43b80307,other_urban,le15,le20,dong,81,6,21,38,12,4,15.0,충청북도,청주시,청원구,율량동,율량동
apartment,7b4352687ce4cad25f1c9ac7432a844cf50bd979c8b16e4d0b1a89704ca5e784,metro,le15,le20,dong,208,13,42,79,62,12,15.0,서울특별시,강남구,수서동,,수서동
apartment,7b573f727279d8280ac3e5d55a3a908426acb829b9bb2a6584f51dbb659c9a64,metro,le15,le20,dong,92,9,19,33,25,6,11.0,경기도,부천시,소사구,괴안동,괴안동
apartment,7b62a47cc9eb620b70ff0d13224ed06a2ebd86141b60a26d9f69e08650760eb1,other_urban,m16_25,le20,dong,173,16,38,71,44,4,18.0,전북특별자치도,전주시,완산구,서신동,서신동
apartment,7b6f5a7e6577ff8d46eaacfa6e9b2a23377ab4773f43bcb958a8c265ae4e5f8d,other_urban,m16_25,m21_30,dong,313,8,89,120,90,6,24.0,경상북도,포항시,북구,양덕동,양덕동
apartment,7b8e3cdde16a3cf663ef439392c85669bc504ee3110185e564b1df17c3a29505,metro_city,m16_25,le20,dong,235,11,55,90,69,10,20.0,대구광역시,달서구,이곡동,,이곡동
apartment,7ba545165ecc4f15d42352f3bfd9df279da114ee7a28f2076abd29ce2d7497aa,other_urban,le15,le20,dong,79,8,13,33,23,2,15.0,경상북도,안동시,정하동,,정하동
apartment,7badbbd8c385b767f746df7f4ba7b637720f41807d98067c0e2c26434b3c8ff0,nonurban,le15,le20,myeon,103,9,17,47,25,5,15.0,충청북도,진천군,광혜원면,,광혜원면
apartment,7bc353175614aadcb95cda28873edb28a2897f439c4eff65237faccf967aec4b,nonurban,le15,le20,eup,111,7,21,46,23,14,12.0,충청남도,천안시,동남구,목천읍,목천읍
apartment,7bc5139d867f94dbd4a370099baa0ca92005f47ae9f7b1939a1e4b9781b0109c,other_urban,le15,le20,dong,59,6,13,18,19,3,15.0,전북특별자치도,전주시,덕진구,여의동2가,여의동2가
apartment,7bd486bfe7a8974e8a890d419ef32ecec6157704a81f3ab86db8d431de5d4b1b,metro,le15,le20,dong,106,10,19,50,24,3,15.0,경기도,화성시,동탄구,장지동,장지동
apartment,7bdef6f47ef2c177879b9ca5b87e57942d78e311d7f8aa1bfd042129b326c87a,metro,le15,le20,dong,75,5,12,40,15,3,13.0,경기도,하남시,덕풍동,,덕풍동
apartment,7bdf911ab2d0d6aebab22adf32a47cde204286df0e0a536fe1cee24566485672,other_urban,le15,le20,dong,94,7,21,28,33,5,15.0,전남광주통합특별시,광산구,산월동,,산월동
apartment,7bf9830de61d3e395e24751a0a6c5e8fc454bc7fd66f4f16b71d52f7fdec71de,metro,le15,le20,dong,134,15,22,57,28,12,15.0,경기도,수원시,권선구,입북동,입북동
apartment,7bfd252b15b70eb3747dfd2dcd4d3650cc370c8c5a4ac9a33619c6b887e6c610,metro_city,m16_25,le20,dong,76,10,15,27,22,2,18.0,부산광역시,북구,금곡동,,금곡동
apartment,7c03b6d5896c54dd4806eb29139a7bd454f3ca35e9d93187f86094e94d84c357,other_urban,le15,le20,dong,106,11,15,50,23,7,15.0,경상남도,진주시,호탄동,,호탄동
apartment,7c0c8fef4bc47a995b7ab3d7e134ee1c9541472c0acc1570727fb9858afed963,metro,ge26,m21_30,dong,832,17,275,440,95,5,30.0,경기도,수원시,영통구,매탄동,매탄동
apartment,7c19d57b75f498711fd1e8d1343a44182ae85f20d1385295a95cba7814f6aef1,metro,m16_25,m21_30,dong,140,9,46,62,20,3,24.0,경기도,고양시,일산서구,일산동,일산동
apartment,7c1d54b32c4bf21a5cd924d9e482b4901c125e457fcd79079a845d1a12d9c733,other_urban,m16_25,le20,dong,93,6,30,37,17,3,17.0,강원특별자치도,속초시,조양동,,조양동
apartment,7c36232e456c7ee6c140d645fc046200ccefe2b949af951a662b0be3213f90db,metro,m16_25,le20,dong,179,10,41,79,47,2,18.0,경기도,하남시,창우동,,창우동
apartment,7c39156ec473f925665a8fae5ca093417b5fffd49250d2460253ac1f52274be2,nonurban,le15,le20,eup,58,8,8,26,14,2,10.0,강원특별자치도,횡성군,횡성읍,,횡성읍
apartment,7c3c735e58714a77f326a23a2046f1d4d2feb516bbbcaf02f90279317dd32d73,metro,ge26,ge31,eup,207,5,51,96,51,4,33.0,경기도,남양주시,진접읍,,진접읍
apartment,7c4b0540c6cb503027b8b9ecea2ff11e401a94103cba6bbd6d7a945c129b9920,metro_city,m16_25,le20,dong,146,6,39,60,39,2,17.0,대구광역시,북구,복현동,,복현동
apartment,7c4cf7f3fa5bca8aa9548a2bf2e526c71f06c332451265e288ab5198d8cf741e,nonurban,ge26,m21_30,myeon,237,5,77,107,43,5,29.0,강원특별자치도,원주시,지정면,,지정면
apartment,7c4d76e200f645deac24c1fc762d6037f3c9e4d606f00921b8805516da0ff5c9,metro,le15,le20,eup,169,10,36,66,49,8,15.0,경기도,남양주시,진접읍,,진접읍
apartment,7c4f409e73e03644a9db3e74ea70c140d09b663b0e0e4298099df41549bbf081,nonurban,le15,le20,eup,143,10,33,51,39,10,15.0,충청남도,아산시,염치읍,,염치읍
apartment,7c509f5ad413b827fc6bff82bb889691087c396ba94be0955cd897f95a27a463,other_urban,le15,le20,dong,57,5,13,20,17,2,14.0,강원특별자치도,원주시,학성동,,학성동
apartment,7c5e07106aa6ff136708a94fcfdd345166483f417fefe1da5930cf09129820da,other_urban,le15,le20,dong,50,6,8,24,8,4,12.0,강원특별자치도,원주시,명륜동,,명륜동
apartment,7c61a753d9f2dc9d1b407fbdcc1679f65d9ff91e3715e386a56077b9b4ca1ba1,other_urban,ge26,m21_30,dong,312,7,78,146,76,5,29.0,전북특별자치도,군산시,조촌동,,조촌동
apartment,7c63d54ed63e0ec7fa86c39454966ccf4a101660f4c3d424acd30e61814dc6d7,nonurban,le15,le20,eup,117,11,22,43,31,10,15.0,충청북도,옥천군,옥천읍,,옥천읍
apartment,7c72ec4620e79dd6f16ac713b1f0c3a0eaa36531d9e547394c97ffdd4367b4f5,metro,le15,le20,dong,139,12,29,54,28,16,10.0,경기도,수원시,영통구,매탄동,매탄동
apartment,7c78454bde177cfd1fbb63b2e0f82ad4a9d312ebfa71eb44d1eae65b938581c5,other_urban,le15,le20,dong,132,16,29,51,26,10,15.0,경상남도,진주시,상대동,,상대동
apartment,7caa1a434091cb701281b1035e73e0878cd7ca6d526e5753f2d15fcc8c2a1c8e,metro,m16_25,m21_30,dong,211,5,53,94,56,3,25.0,서울특별시,노원구,공릉동,,공릉동
apartment,7cb183eeeb291f757d98e20a92e92965f2f73e4d13de3e2dc1fdfd97747aac80,other_urban,m16_25,m21_30,dong,292,6,69,152,63,2,25.0,경상남도,진주시,충무공동,,충무공동
apartment,7cb819cfdd7fb8b59f5fac9c3b539946e2a176b0f4991031006a2164de0c089a,metro,m16_25,le20,eup,98,6,31,47,13,1,20.0,경기도,남양주시,진접읍,,진접읍
apartment,7cb8649b64be832978efddb410ad9db8a2b2e5b967eadfebd353872c86deeffb,other_urban,le15,le20,dong,309,26,71,129,75,8,15.0,충청남도,논산시,강산동,,강산동
apartment,7cc3612813217dda71a56fb30424f3b2e369b59d4eed3ca920af09e5d5820f2f,other_urban,le15,le20,dong,129,10,24,54,31,10,15.0,경상북도,안동시,정하동,,정하동
apartment,7cc3e567455c79166b2137490abd59dd5ddfe46f2eb94a94c6bc7d74603ac38f,other_urban,le15,le20,dong,122,10,31,38,32,11,15.0,강원특별자치도,춘천시,사농동,,사농동
apartment,7cca1e1a3c986739ad56a715a5141b13f688a8e9234d7ffd2adb7255a48f2ad4,other_urban,le15,le20,dong,99,18,0,38,17,26,5.0,전북특별자치도,남원시,도통동,,도통동
apartment,7cca651bf285382a571e06ac0fa9e960a1f8d06e8729fee512e6c9768d04b309,nonurban,le15,le20,myeon,577,46,109,214,176,32,15.0,충청남도,계룡시,엄사면,,엄사면
apartment,7ccd5eaf8254a559832bea81839be72281fb646b9bd504f2dda16b7df8ea29e4,other_urban,m16_25,le20,dong,208,9,49,95,47,8,20.0,강원특별자치도,원주시,반곡동,,반곡동
apartment,7ccdd27ba6ae9d8d2f0c45ad12d2f2b53a662ac0420a3c1880ffeb860a316674,metro,m16_25,le20,dong,56,5,17,21,12,1,18.0,경기도,안양시,동안구,호계동,호계동
apartment,7cce78691753903aaba05872fce2db61fcc7e4e173965727f43fbcac9972148b,metro,le15,le20,dong,163,5,46,85,22,5,15.0,서울특별시,성북구,삼선동2가,,삼선동2가
apartment,7cd055427f46a73496cb614003eab08da3e9fe634cbb663914f8cd25c40c6a64,other_urban,le15,le20,dong,416,39,98,136,100,43,15.0,충청북도,청주시,상당구,용암동,용암동
apartment,7cd08edd63c6da668bbf82b1f3d0e73054c4e2a9d523380f85da4d626bf1d632,metro,m16_25,m21_30,dong,198,11,50,85,50,2,21.0,서울특별시,구로구,고척동,,고척동
apartment,7cd6d0f73a249e34b81d604fb9b232978b2aec272b917b9715646f0889f9af6c,other_urban,m16_25,m21_30,dong,144,5,30,69,37,3,25.0,경상북도,김천시,율곡동,,율곡동
apartment,7ce03c4bc5c299e2aadbfce764d5e8b014dfc9d6d0d8900a8e3f357d0c94e5bb,other_urban,m16_25,le20,dong,92,9,25,42,12,4,19.0,충청남도,천안시,서북구,쌍용동,쌍용동
apartment,7ce0e54f583ff1162daa31162f312b91d73111ae035a6404fdf922c3289dba63,other_urban,m16_25,le20,dong,161,6,38,67,43,7,17.0,충청남도,천안시,동남구,청수동,청수동
apartment,7ce17e7580d0d11a8a4bad1741f73dcd3dde34facf9c2621ff40b8daf37d84e8,other_urban,le15,le20,dong,59,7,14,23,11,4,15.0,경상북도,안동시,태화동,,태화동
apartment,7cea596ffb69afbdee39ec88fc1e21980b40852928f5a3cd4848ee20a956ba55,metro_city,ge26,ge31,dong,852,27,295,438,89,3,35.0,부산광역시,동래구,온천동,,온천동
apartment,7cee1aa041b81266a6249ad557cf1e43786e7049506dd14ae6facce96a1de6a7,other_urban,le15,le20,dong,59,6,13,28,10,2,15.0,경상남도,양산시,북정동,,북정동
apartment,7cfa053759612759279b8fbe581b5527bf1f14d2816ffdf81401580d4e68e8c7,metro,ge26,ge31,dong,191,5,61,76,47,2,35.0,경기도,성남시,분당구,운중동,운중동
apartment,7d04acf01ad6f3644b69efbb014e6ad241731c5b86694b0dd01f061afb1c75b0,other_urban,m16_25,le20,dong,141,6,41,64,28,2,20.0,전남광주통합특별시,나주시,빛가람동,,빛가람동
apartment,7d10496f63b623d789cdb9f3f39edf853b2d1ba7ce96c0f9971a2069f1b0d355,metro_city,le15,le20,dong,53,5,14,23,8,3,15.0,부산광역시,해운대구,재송동,,재송동
apartment,7d20628d8cdc770eef6d0ccf3636a5ff657ed1ee2a61693ff0bc2de54e0b4c6c,metro,m16_25,le20,dong,338,11,96,145,73,13,20.0,경기도,고양시,덕양구,행신동,행신동
apartment,7d2ea1ef1acbedcefbdcadcd0842f4855cfd59ac673f7734d5b8aad2fd2aa436,metro_city,m16_25,m21_30,dong,157,6,44,73,33,1,23.0,대구광역시,동구,신천동,,신천동
apartment,7d387d8c266ff21a1fac2af8ccb182d7245efc1ea998ad153ea968db8c498304,metro,m16_25,le20,dong,104,5,25,38,28,8,18.0,경기도,의왕시,내손동,,내손동
apartment,7d3df22616620301d8b7cf3c15baffba301b3f97ec5636abbbeac25cc4f9218d,metro,m16_25,le20,eup,120,5,29,50,34,2,18.0,경기도,김포시,통진읍,,통진읍
apartment,7d5e0d32c4c5ef3c8203692fa865ffe82ee7082b66f7b99db8fb9626291c44bc,metro_city,m16_25,le20,dong,99,8,15,37,35,4,20.0,대구광역시,달서구,송현동,,송현동
apartment,7d5eb8b2c6a818b58eb4215d77fa6d0b6b5908d67802faf9a3654a8524c9749d,metro,ge26,ge31,dong,1043,33,309,506,185,10,36.0,서울특별시,송파구,신천동,,신천동
apartment,7d66c294a5aad7ffa40c6c7312ed875c0f480f08cba2c08c5a2107284a8c7fd7,other_urban,le15,le20,dong,134,10,33,61,26,4,15.0,충청북도,충주시,호암동,,호암동
apartment,7d6efaabd661978c0dfcf911147af40094972e6e26d4f9dc6f7723b965bba96a,metro,le15,le20,dong,198,13,44,85,50,6,15.0,인천광역시,검단구,마전동,,마전동
apartment,7d930bc61a2e9fcdc78e243a74636bebbf90ce26310d36b53cd12fb6629cc361,other_urban,le15,le20,dong,63,5,22,18,14,4,14.0,전남광주통합특별시,북구,각화동,,각화동
apartment,7d9a20250237fd4d494272504a11604d61f5c1adff1c27c611eebeb37f786b6f,metro,le15,le20,dong,220,21,57,68,56,18,14.0,서울특별시,송파구,신천동,,신천동
apartment,7d9fddfe8db6373a35802600ab440b7f4ece4f625ce086ec5602fdb24662991c,metro,le15,le20,dong,183,33,0,77,38,35,6.0,경기도,안성시,아양동,,아양동
apartment,7dabc1258e2852e99e8f814fc62fb3423dfbfa47612d485f9b8e783d81d18c96,other_urban,le15,le20,dong,81,16,0,35,10,20,5.0,경상남도,창원시,성산구,신촌동,신촌동
apartment,7dbdb0cbb6b47ce4e6ae9d2a8c5a74f9a2b8f6512a0f5e989b4226bfeaab6de6,metro,m16_25,m21_30,dong,260,18,59,122,57,4,25.0,경기도,부천시,원미구,약대동,약대동
apartment,7dbffb29831ca335db8180f2ad69c3566777e35c69a210b1153cfb6dc05e0f3a,metro,ge26,m21_30,dong,196,6,52,100,35,3,29.0,서울특별시,성북구,장위동,,장위동
apartment,7dc0c95b77aa8c365041598905ff86a6f677097f6a08852deb36d6099f0cc339,nonurban,le15,le20,myeon,111,7,21,38,33,12,15.0,충청남도,당진시,신평면,,신평면
apartment,7ddac2c00a76bc5931b91c3ab47493c0bbf5331a32af3f7be34a92554e304999,metro_city,m16_25,m21_30,dong,166,16,42,75,32,1,22.0,대구광역시,수성구,만촌동,,만촌동
apartment,7ddcc65795718a9d7544e5e6fb4a6e1a1c1abe6b044b135a586dab0c28ecc3aa,metro,m16_25,le20,dong,55,5,19,21,8,2,20.0,경기도,용인시,수지구,죽전동,죽전동
apartment,7de4620c69bc3d1320c42fe69ab3981235637162dae0782f42264e418904d7e4,other_urban,le15,le20,dong,185,7,41,74,55,8,15.0,경상북도,경산시,사동,,사동
apartment,7df3ac302dc02e9255a58ea8182bdebe0e9227754d1a77db0b33f134fc52ae11,metro,m16_25,le20,dong,133,7,48,68,9,1,20.0,경기도,고양시,일산서구,일산동,일산동
apartment,7df6339ecab1267185b432bf138356ab14711669fe684e3683fe38232d3194c3,nonurban,le15,le20,myeon,56,5,0,37,10,4,6.0,충청남도,천안시,동남구,병천면,병천면
apartment,7df9939c417591d2aeadd97419c996542290dafbd2cd721561650afe09fa6f92,other_urban,le15,le20,dong,176,7,28,69,58,14,15.0,전남광주통합특별시,북구,일곡동,,일곡동
apartment,7dfdf3160d06e83e3b6d6c0f5e089cfda3327898eecef856ff4c6b55400e95ff,metro_city,le15,le20,dong,257,14,58,110,60,15,15.0,부산광역시,강서구,명지동,,명지동
apartment,7e0b64452356e669db54813782f2b6878d8dcbf056fe66551c744549c3e82e29,metro,m16_25,le20,dong,84,5,11,32,32,4,19.0,경기도,용인시,처인구,유방동,유방동
apartment,7e0be482618fab03f9c7c69f96d8e61f7913329f55802eca3df2db92d46b835c,nonurban,m16_25,m21_30,eup,209,6,60,110,32,1,25.0,경상남도,양산시,물금읍,,물금읍
apartment,7e2436150c2d5795c83ba727581879aa6930ce4c66b518167c9e7bc9764c6874,metro,le15,le20,dong,177,15,31,66,52,13,15.0,서울특별시,강서구,방화동,,방화동
apartment,7e2487c8518fbf1ab2f71d4624d2f4adb38a38ae3a58083eebecb3b52a71dbe6,metro_city,le15,le20,dong,77,5,14,36,15,7,15.0,대구광역시,동구,용계동,,용계동
apartment,7e37fa9154ea56913649ff98f8f8fe786f84483412fb83448c962a6e64ec6b5a,other_urban,le15,le20,dong,98,10,12,47,27,2,15.0,경상북도,포항시,북구,용흥동,용흥동
apartment,7e381cde95b1d0e1e41821186cb7e807569128cab78ce453705c17021181f6b1,metro,le15,le20,dong,50,7,0,25,9,9,6.0,경기도,성남시,중원구,상대원동,상대원동
apartment,7e399b0dc2570e1694d52f3e94e84eecb3cfb626f100e8735f673dc8ccb0e977,other_urban,le15,le20,dong,75,9,20,30,12,4,12.0,경상북도,영주시,영주동,,영주동
apartment,7e48794dc0212e2f542aa0c4e385866155ed266cc6a75005e147b811cd86e009,metro_city,le15,le20,dong,52,7,15,23,3,4,10.0,대전광역시,중구,사정동,,사정동
apartment,7e4ba32ea3b2164195beefb0e084bd7d9a27df656c03e6d13e5160f80d3304e2,metro,ge26,m21_30,dong,554,22,146,276,102,8,28.0,서울특별시,강동구,암사동,,암사동
apartment,7e57d3c67a2e6a693a07db9b3dd1009ac21f61a99349a44bb46d8743b09de7fa,metro,le15,le20,dong,186,17,36,72,46,15,12.0,경기도,고양시,일산동구,중산동,중산동
apartment,7e5c713d9b16209d88a6485c3788fab5c6e5aa0d529d035308c78a2c0577199f,nonurban,ge26,m21_30,myeon,264,7,82,104,63,8,30.0,강원특별자치도,원주시,지정면,,지정면
apartment,7e655a5c4e327d3af887b5201a5e7d00526165a258535c945c71d9c0a9c1b252,metro,le15,le20,dong,113,14,30,49,14,6,15.0,경기도,안산시,단원구,고잔동,고잔동
apartment,7e8ac71b934a4c61e06212745fb15b2d635223e52dbbba7df7546b185a5632e7,metro,m16_25,le20,dong,89,5,15,50,16,3,19.0,경기도,고양시,일산서구,주엽동,주엽동
apartment,7e91355da468734b438979f7abe121e9522838292c8618f9a273898aedbbf704,metro_city,le15,le20,dong,83,8,21,35,15,4,15.0,부산광역시,남구,용당동,,용당동
apartment,7e92f79ffd67562798a9540fa200d3879f13a8df68f45d5c0c9338af98384343,metro,m16_25,m21_30,dong,242,9,57,105,61,10,22.0,경기도,오산시,세교동,,세교동
apartment,7e9fbb741148995dacc9d10af4c7d07aba024c0b061200b5b788e246385c49e8,metro,m16_25,m21_30,dong,166,6,45,79,33,3,25.0,경기도,의왕시,내손동,,내손동
apartment,7eb1e65961e958187369d87a253d939e09c2b167d270258ee241c417abee12a0,other_urban,le15,le20,dong,280,23,64,112,66,15,15.0,전남광주통합특별시,북구,오치동,,오치동
apartment,7eddeaab79736fa733e36ee9152236739355212ba8186871d3a9229170b43010,metro,m16_25,m21_30,dong,217,9,45,115,44,4,23.0,경기도,수원시,장안구,정자동,정자동
apartment,7edeeed9dc3df90e38447db9cb30bf86053c579a28be4cf4eb3721b3b4b6ed18,metro,m16_25,m21_30,dong,109,6,27,42,30,4,25.0,서울특별시,노원구,상계동,,상계동
apartment,7ef3b6c30f5eacd0e00b29f3b305488aeae26d96a00399843e932ab820fffe31,metro,m16_25,m21_30,dong,237,9,64,80,77,7,25.0,인천광역시,서해구,가정동,,가정동
apartment,7f0846926bbfe4fe9d307ca188d9327cfd724b086aec4ef27a49360d3a85759c,other_urban,le15,le20,dong,73,5,13,23,26,6,15.0,충청남도,아산시,용화동,,용화동
apartment,7f0d574527b877c864bf2a75f6f21adf66dfdd79043a95522331ec03d17b1e63,other_urban,m16_25,m21_30,dong,293,8,58,138,74,15,25.0,경상남도,창원시,진해구,남문동,남문동
apartment,7f18ff2e71494d8d8bf4aa394563bf3d9f06b225906926560c57c0ff51ddc506,nonurban,le15,le20,eup,119,7,21,41,46,4,15.0,전북특별자치도,고창군,고창읍,,고창읍
apartment,7f3216279b3ee7b90d8bca7814900cefc9c51a3edf0d77d208475fec5202bbe6,nonurban,m16_25,m21_30,eup,928,41,200,380,272,35,22.0,충청남도,아산시,배방읍,,배방읍
apartment,7f374aa88d6638d6a5fda97334516c96c3dd2b02fde6e7067b7116e7094c30ac,other_urban,m16_25,le20,dong,114,8,31,46,24,5,20.0,충청남도,서산시,석남동,,석남동
apartment,7f38b62b13df7b30697acd96369b3d36c12813243dd2916c67b9c2effb154af1,other_urban,m16_25,m21_30,dong,228,14,58,104,50,2,22.0,전북특별자치도,전주시,완산구,중화산동2가,중화산동2가
apartment,7f3deb9c437e80b043f33f48bb30b9a083dcd6a1ceec2878757da483659333bc,other_urban,m16_25,m21_30,dong,243,9,61,109,57,7,25.0,경상남도,창원시,마산합포구,현동,현동
apartment,7f3ecef634d33cc319ebc0fe4d8783efd96a455b310487bbea8412c2cba2d82e,other_urban,m16_25,m21_30,dong,192,6,64,92,29,1,23.0,충청남도,서산시,예천동,,예천동
apartment,7f51b6761c00910aa0f083e0820b32a15551b18368619595d5d6ae3da210c470,other_urban,m16_25,le20,dong,130,7,30,61,30,2,20.0,경상북도,포항시,남구,이동,이동
apartment,7f5ab29990598a6b9dabd4e942cfe98b3697abcb7e34874c9d5544039365ba63,metro_city,ge26,ge31,dong,271,5,95,132,38,1,50.0,부산광역시,해운대구,중동,,중동
apartment,7f6f15210726f93de41d4235eb5f94cc45cb3d0a3d66916a54d03ba70d083fec,metro,ge26,m21_30,dong,130,7,36,55,30,2,26.0,경기도,화성시,동탄구,반송동,반송동
apartment,7f7729e646cdc9757e8166f1334b9c4306a7c1e3d5e89783b70e1fa48fd9a406,metro_city,le15,le20,eup,113,7,23,51,25,7,15.0,대구광역시,달성군,논공읍,,논공읍
apartment,7f7867eeb046664e96bf811353c8fe0030aaed38ed373de338fb5d0e30018872,other_urban,le15,le20,dong,66,6,10,35,10,5,15.0,전남광주통합특별시,북구,매곡동,,매곡동
apartment,7fa971a5d5a81d13e3d8f6a982ffe9fd09bef3469d8942f2a3114c491d52fc10,metro_city,m16_25,m21_30,dong,206,5,63,90,44,4,25.0,대전광역시,유성구,봉명동,,봉명동
apartment,7fafb8060586309e7d38764f41280ab1f3f12565fac6ff3afa23aceffaadd044,metro,le15,le20,dong,83,15,11,27,21,9,10.0,경기도,시흥시,정왕동,,정왕동
apartment,7fbf1369b765e559069322db46cadd92fe345db8b22ae28e916dc6359de35d7c,nonurban,le15,le20,eup,81,10,12,30,20,9,15.0,경상북도,영천시,금호읍,,금호읍
apartment,7fbfeaf05c3f0ef2ef52519d2dfe98e31564fc24fdcc08ee2ddcef578872ed11,other_urban,le15,le20,dong,70,6,12,29,22,1,15.0,전남광주통합특별시,목포시,옥암동,,옥암동
apartment,7fc75574bdf2127938204b25393a92ec5993de21a21119dfb16499284f13952a,metro,m16_25,le20,dong,365,12,98,170,77,8,20.0,경기도,화성시,동탄구,산척동,산척동
apartment,7fe8378e8c83ae80b080376d80b40a0dff7eeea36f0bc73db6c06b9e1d67a0d0,metro,le15,le20,dong,124,5,23,41,44,11,15.0,경기도,광명시,하안동,,하안동
apartment,7ff071c020d049f7d51cd9c24b144a57e546fd053d88023f16262bab4dd281c1,metro,m16_25,m21_30,dong,373,23,88,144,108,10,25.0,서울특별시,성동구,행당동,,행당동
apartment,7ff1421e02666e71d977f61ba1080df0d89366c53ed6cc5770bbb28c57a5236a,nonurban,le15,le20,myeon,465,30,106,201,96,32,13.0,강원특별자치도,평창군,대관령면,,대관령면
apartment,7ffb4bc67ea6d2665d32d2f45b084c294e279692b17353b1e3acf873e2161dbd,metro,le15,le20,myeon,71,5,21,30,14,1,15.0,경기도,이천시,신둔면,,신둔면
apartment,8002e3252bb00ca05b036a92402ac8672a23f1c96ecc47fd9e2f0d65b90d4d3a,other_urban,m16_25,m21_30,dong,159,5,37,83,28,6,25.0,충청북도,충주시,호암동,,호암동
apartment,800b656fed10b7ecbf9f069a33a3f9c6e0bb3df0d2e0c908d2bece4c6e7aa968,other_urban,le15,le20,dong,65,16,0,16,15,18,5.0,강원특별자치도,동해시,부곡동,,부곡동
apartment,80360dca3e300849f8031167ba510749d0ab248902bf1cf33b669d293ea6f61d,metro,m16_25,le20,dong,89,9,20,29,27,4,17.0,경기도,수원시,팔달구,인계동,인계동
apartment,80436609298048ad396235e1b3b49e0923f0a85950307caa2599e36bba8de61c,metro,ge26,ge31,dong,315,15,89,154,55,2,33.0,경기도,화성시,동탄구,석우동,석우동
apartment,804a16713b7abc6dc16105d9aec4376f394ed37241dadc6722d1bfd7992a6e1e,metro,m16_25,m21_30,dong,339,8,102,126,94,9,21.0,경기도,김포시,장기동,,장기동
apartment,8052b162b7aea7f9ffcb77ef873ecc0050110dded41ff4a66baf5d865ade9140,metro_city,m16_25,m21_30,dong,138,8,58,44,27,1,24.0,부산광역시,해운대구,좌동,,좌동
apartment,80534451a95469bb3a79bb712a04c7d3226076fec4c87b45b6c312a2d7bb297e,other_urban,m16_25,le20,dong,120,8,24,50,37,1,19.0,강원특별자치도,원주시,일산동,,일산동
apartment,8059dd56fb2bccec267dddbb65e686df7a0789218c2684bd4f7c3fc17745fc95,other_urban,le15,le20,dong,99,13,16,36,21,13,7.0,전북특별자치도,전주시,완산구,서서학동,서서학동
apartment,805b99f2295482c49c118361ace6bd0d53bb1b25b635b0705dbd753de81fa902,metro_city,m16_25,le20,eup,128,10,37,58,22,1,20.0,대구광역시,달성군,화원읍,,화원읍
apartment,80608ac75c13d01f7f99b461d2fc8a6728d4ba2ac30658d8f121babccc4d8dc3,metro,m16_25,m21_30,dong,98,7,27,52,10,2,22.0,경기도,성남시,분당구,백현동,백현동
apartment,806a0f2fa92ee0a85d2cb8527aed5f8b356f1ad86636144ec0ce7bc3edf6f60d,other_urban,le15,le20,dong,86,5,15,37,23,6,15.0,충청남도,천안시,서북구,쌍용동,쌍용동
apartment,806a431e786ace4f1481348bead2df4d2c1f9b06c6b4ee8bf8e03d596eddeb5f,other_urban,le15,le20,dong,118,11,26,41,28,12,15.0,전남광주통합특별시,목포시,산정동,,산정동
apartment,807593134ce8b590241e0b1c5d56d583806dc82301ba3949c59385ed91410afd,other_urban,m16_25,le20,dong,128,6,49,52,20,1,20.0,충청북도,청주시,흥덕구,복대동,복대동
apartment,8078433167896a398e04234de70ed18413738727999e64a583d2a726a5687fcb,metro,le15,le20,dong,303,27,59,115,91,11,15.0,경기도,안산시,단원구,선부동,선부동
apartment,80930af40e03e62a5668ef93d8f148d005c5b281426ea28e87f834a68ace353e,other_urban,le15,le20,dong,87,9,26,34,16,2,15.0,충청북도,제천시,신백동,,신백동
apartment,809343439ee664563518e5133aa701efc5ab396ba3ece01c157d08984725c248,other_urban,ge26,m21_30,dong,224,6,59,103,49,7,28.0,충청북도,청주시,상당구,금천동,금천동
apartment,809c8440324b21a0e8d58817405f67f14b40cbffe9023ea55c12afa1ca8018e4,metro,le15,le20,dong,108,19,0,36,24,29,5.0,경기도,안산시,상록구,본오동,본오동
apartment,80a0435c28761c7b9be1673f36f75f5fe932bc80e34da6bfeee8f1799b8dfbc0,metro,le15,le20,dong,219,13,51,90,55,10,15.0,서울특별시,중랑구,신내동,,신내동
apartment,80a2b7383ad06ff2649a0d39e238d0d1537d41a46e799d899dec4d8e64adcaef,metro,m16_25,le20,eup,57,5,19,25,7,1,20.0,경기도,이천시,부발읍,,부발읍
apartment,80abdded201bdd912e78abc36a2c326e226a72790dc2506fa9d3dd5bf4c7347c,nonurban,le15,le20,eup,205,9,41,77,59,19,15.0,충청남도,천안시,서북구,성거읍,성거읍
apartment,80acb9bcc397a17da0ff363934775422e971a3821270ea9574e7f75ef8ebc57f,metro,le15,le20,dong,140,14,25,56,36,9,12.0,경기도,수원시,팔달구,매산로2가,매산로2가
apartment,80b85ff57909f79419f3f64aeff43a50396beb3adbc9049d2b251441f601c2f9,metro_city,ge26,ge31,dong,371,11,134,167,57,2,47.0,부산광역시,남구,용호동,,용호동
apartment,80bc23e8d9ade4ad951b3b38d4fa5e4ca4b8f5d515746186cb30745eddcadab7,metro,m16_25,le20,dong,118,8,37,44,25,4,20.0,경기도,용인시,수지구,성복동,성복동
apartment,80c5350c0a10cecb8eb9d36b9df28733bfc1ec6d319460385554c9e5febdb8c2,metro,m16_25,le20,dong,65,7,13,29,12,4,18.0,인천광역시,계양구,작전동,,작전동
apartment,80c6be77261e129ca7a03178bab7bb2754cfb7617e2c70d2646183546171e6e9,metro_city,m16_25,m21_30,dong,198,6,41,86,62,3,25.0,부산광역시,북구,금곡동,,금곡동
apartment,80d46120db8d3dcfd5149020671af1876e4597578f5afdc9d28f227edebf5a3b,other_urban,m16_25,m21_30,dong,467,10,106,200,139,12,25.0,경상북도,경주시,용강동,,용강동
apartment,80dab2b9303a795cb42dd763d427945af0cfdde13a9da898446ad3433eaf2687,metro,le15,le20,dong,195,15,43,80,54,3,15.0,경기도,용인시,수지구,풍덕천동,풍덕천동
apartment,80dcdc239a049fd441840741ab65fed95d3262a05297617aa57734f959fdf130,other_urban,le15,le20,dong,160,8,26,66,42,18,15.0,전남광주통합특별시,여수시,문수동,,문수동
apartment,80e7e160057f22dbb0abd488cb9b749ed372d8f7cd58dfc5061fd5147eda2447,other_urban,le15,le20,dong,511,43,142,260,61,5,15.0,충청북도,청주시,청원구,우암동,우암동
apartment,80eb10f0351a5ba6990b4e15399de906510f3e04dff28ecb9ae23eb7cea30432,metro,le15,le20,dong,59,5,10,24,15,5,12.0,서울특별시,강서구,화곡동,,화곡동
apartment,80f0f655813dc810d75d50aa542bd3cd982e632139ee2b223698df62a91b498a,nonurban,ge26,m21_30,eup,251,6,70,118,54,3,27.0,충청남도,홍성군,홍북읍,,홍북읍
apartment,80f2f2114a24706b69c10ea044c5f85269c44aebfdaa6226510e70cd7d5346e2,nonurban,le15,le20,eup,50,6,0,30,7,7,6.0,충청남도,아산시,배방읍,,배방읍
apartment,8101a9a85754417dbec85ede4d1d217e98b79052314bfd8d2dc4e045c8c0bfe3,nonurban,le15,le20,eup,99,11,23,45,17,3,15.0,경상북도,경주시,외동읍,,외동읍
apartment,81033e5f53cba0827ef2557e30ed94e12e72ba69108b4d4a68784d9619f6fba7,metro,ge26,m21_30,dong,373,18,88,160,102,5,29.0,경기도,하남시,망월동,,망월동
apartment,8108444aeb6362f18dab538c726b0d60d6820879b903a076a2efb61adf767fde,nonurban,le15,le20,eup,132,5,21,55,47,4,15.0,충청남도,홍성군,홍성읍,,홍성읍
apartment,810a6b6bad5a8c6cb2dca5e4f58b67db0c92efd48487a50923d9c3a00cf54865,other_urban,le15,le20,dong,230,12,60,95,50,13,15.0,전북특별자치도,전주시,덕진구,송천동1가,송천동1가
apartment,810af5b28d6589d928967a6915cc02d5149fe2ad8748d4075a08d932f4f98135,other_urban,le15,le20,dong,62,9,11,23,16,3,15.0,경상북도,구미시,공단동,,공단동
apartment,810f61fee4db293cc449f40d122e798e65c6358b733269b95e7d34c0589cc36e,other_urban,m16_25,le20,dong,171,9,37,72,52,1,17.0,전북특별자치도,전주시,완산구,효자동3가,효자동3가
apartment,810fa21509263cd9a0bdc4a76437dfdfa84aeddeac30e8a1ff167166e1996f6d,other_urban,le15,le20,dong,230,18,29,101,67,15,15.0,경상북도,김천시,부곡동,,부곡동
apartment,811456993fbda899e75de16df6d33d4112a31f4609cd71c4e27e4c3d462cda8a,metro,le15,le20,dong,63,19,0,27,11,6,6.0,인천광역시,계양구,병방동,,병방동
apartment,8123298480d46ec86874b7e18388751d50ff0c2fea2e9b610f696580348a2b37,metro,le15,le20,dong,50,9,0,17,14,10,5.0,경기도,평택시,서정동,,서정동
apartment,8123e7a01063bbf7589098eb850fc5b68c31aae03b49864a8641e9fd97ad7874,other_urban,m16_25,m21_30,dong,203,10,43,104,42,4,23.0,전남광주통합특별시,남구,방림동,,방림동
apartment,8123e966849b31165d97a12cc55d4fd62973e234092959b1c3384e36406bc455,metro_city,le15,le20,dong,120,15,0,69,24,12,6.0,울산광역시,북구,화봉동,,화봉동
apartment,812692af2851ff535179a04183200cd10d5acf96aa074b38cf57cfe1d2e2ab57,other_urban,le15,le20,dong,114,5,18,48,33,10,15.0,경상북도,경주시,충효동,,충효동
apartment,812f182706ae93a822538493929a38825266bba77d4357cbdd266751950d01b6,metro,m16_25,m21_30,dong,253,13,87,130,22,1,25.0,경기도,부천시,원미구,상동,상동
apartment,8131bd5b5fe3412c88e3777012349a4d3c93b6f2b8bc735476c35e0605596df9,metro,m16_25,le20,eup,145,7,39,70,27,2,20.0,경기도,남양주시,와부읍,,와부읍
apartment,813c32cb61d09c940848e506c2dd1df79b2f7eee22316530461badfe40920cbe,metro,le15,le20,dong,54,7,6,29,6,6,9.0,경기도,광주시,신현동,,신현동
apartment,814ffd10942396e03b29f06b7f1ff2bd1e28309da41531f9bfdd6f88630347d1,other_urban,le15,le20,dong,384,21,89,138,108,28,15.0,경상남도,창원시,성산구,대방동,대방동
apartment,815646bcabad99c5d291e7de87c6b6d17db6ca3b9aab21f406695523bff0f027,other_urban,m16_25,le20,dong,51,7,14,22,7,1,18.0,경상북도,경산시,상방동,,상방동
apartment,8168180f121490b8ca7561c8da6c67428d4e23e306b50461c0b8cc66e82fff92,metro,le15,le20,dong,137,11,27,55,37,7,15.0,서울특별시,노원구,중계동,,중계동
apartment,817681e2371631e03bfe341c28f0a78b978d0a0dc52f78fb0d0684f56b6a4d19,metro_city,m16_25,le20,dong,128,8,22,55,33,10,18.0,대구광역시,달서구,용산동,,용산동
apartment,817949dbcc5d0de3a2200490a4bfc238e17d39c05d7cfe7d0468334ffbfd8156,other_urban,le15,le20,dong,317,16,68,104,87,42,15.0,충청북도,충주시,칠금동,,칠금동
apartment,8180165da872b11449845111cd5aa8f3fe001f7faec009ad23a1af9b6aa79ad5,metro,ge26,m21_30,dong,337,12,115,163,45,2,29.0,서울특별시,강동구,상일동,,상일동
apartment,81855bb5843b40d0c3e0ba7a8cf59725a673905bde7f2775a028b8cfaa3055db,metro,le15,le20,dong,111,18,12,47,26,8,8.0,경기도,평택시,지산동,,지산동
apartment,818855521d47ba3fe176365ddb12e06819ec1b025d589e21b148f584118d4413,metro,m16_25,le20,dong,201,14,38,74,59,16,18.0,서울특별시,노원구,하계동,,하계동
apartment,81940f265252c4df6bebc7f225d661bf4d2a9aa359fd9d2d9b64a6b94d79e667,metro,m16_25,le20,dong,143,11,41,76,13,2,20.0,경기도,고양시,덕양구,화정동,화정동
apartment,819cfc013873f743aafe5fb132e61ef8cd8933a082e5a761855ba7f3bd5e6f5a,metro,m16_25,le20,dong,378,14,82,186,81,15,20.0,경기도,화성시,동탄구,장지동,장지동
apartment,81a37f07ab17639a08af4b13d48e4f24e5dfa4701bb58f7fae3f0280f947aead,metro,m16_25,le20,dong,262,12,76,111,48,15,18.0,서울특별시,동작구,사당동,,사당동
apartment,81a66b9337395dc5bb48961eed09628d2dbec26098d3c37956189f49bd9b815d,metro,ge26,m21_30,dong,138,6,52,63,15,2,29.0,경기도,남양주시,다산동,,다산동
apartment,81ae6f835358eb0cbb735801041ebb414ade5788c4234f59288d72e743eda1d4,other_urban,le15,le20,dong,64,8,8,32,15,1,13.0,충청남도,아산시,권곡동,,권곡동
apartment,81aee16edab2ba1618d7c7aae8d98cc1a01d420e43ee65bf71793e96663c7955,metro_city,le15,le20,dong,156,15,38,54,38,11,15.0,울산광역시,남구,두왕동,,두왕동
apartment,81b248c15f614083c7acf2b87faa67bb894ff61daa8d598a24d886e5ae3bec8f,other_urban,m16_25,le20,dong,156,15,42,64,27,8,19.0,강원특별자치도,원주시,행구동,,행구동
apartment,81b3c1d04d4202f2ca6020b943fe0169735f5b19b17d084243afa26d71812374,other_urban,le15,le20,dong,129,8,29,49,31,12,15.0,전남광주통합특별시,북구,임동,,임동
apartment,81b5b4b8af857942797e5a66babe6ff2a0767d0ed2ad0f3541fcec91a52234ce,metro_city,m16_25,m21_30,dong,79,7,24,38,9,1,25.0,대전광역시,대덕구,비래동,,비래동
apartment,81bd5bf04a76b477f4fd34e7394495d30e44be7561d43ed912dd624bb2989f3d,metro,ge26,m21_30,dong,182,7,46,94,34,1,26.0,경기도,화성시,동탄구,반송동,반송동
apartment,81c3348feb15456f3161969a00191ff3ab18dd979f68c3668710109f68ae3099,metro,le15,le20,dong,93,9,17,38,19,10,10.0,경기도,시흥시,정왕동,,정왕동
apartment,81d006911ae02c4bb0cd584767feaf0ba98bbd60be43b4d8a35f6e2ec1026c6b,metro,m16_25,m21_30,dong,99,7,36,49,5,2,24.0,서울특별시,동작구,상도동,,상도동
apartment,81d5ab508220146eb5238c56eccd9d7b3eec3500f4b641afcea62e4cb831449f,other_urban,le15,le20,dong,124,27,0,55,23,19,5.0,경상북도,안동시,용상동,,용상동
apartment,81d6495178994f8521af762b5dc376858a9645ce2155aa1fff7f17685550ee1a,other_urban,m16_25,m21_30,dong,205,8,42,92,61,2,24.0,충청남도,아산시,모종동,,모종동
apartment,81db8991d8b3aa890c2dbfc136eefc6aac2631cc5d2b8304c711a201a93fbd9c,metro,m16_25,le20,eup,228,13,68,81,60,6,20.0,경기도,안성시,공도읍,,공도읍
apartment,81ecc6907f1d439b8122b687791cd7f5567838a9dfc762187a530c101d5bb35d,other_urban,m16_25,le20,dong,221,10,61,95,51,4,20.0,경상남도,창원시,의창구,팔용동,팔용동
apartment,81ffe186008cddd546bb5f297e6b2961f5a4044334884501e4092c4f96948675,metro,m16_25,m21_30,dong,243,13,64,133,32,1,23.0,경기도,부천시,원미구,중동,중동
apartment,821687e3185a35e34cd20eda6ed9ec7b9cb1f083da18879bcae2508f9de19ae2,metro,le15,le20,dong,75,11,0,40,16,8,6.0,경기도,성남시,수정구,태평동,태평동
apartment,8217a0c52168e1500c58f80828702ef11e160cef0bebb3646199d16b92ba56d6,other_urban,m16_25,m21_30,dong,126,11,36,42,35,2,22.0,경상남도,창원시,마산합포구,교방동,교방동
apartment,821aa59f26584ea782c61a4ec3d64831c3cc60b860a2c2983e14582d2cab617f,other_urban,m16_25,le20,dong,315,7,59,144,80,25,16.0,전남광주통합특별시,광양시,광영동,,광영동
apartment,821adb920e12591a2961a124b57c3c02d5119928dd2147a42d233a54a1c54a84,other_urban,ge26,m21_30,dong,177,5,52,78,40,2,27.0,전북특별자치도,전주시,덕진구,반월동,반월동
apartment,8224e81bd53a5fd77e9d929ec48c99187f6c2a962e6cd0963eaf48fcb9e19ccf,other_urban,le15,le20,dong,113,8,33,50,18,4,15.0,경상남도,진주시,주약동,,주약동
apartment,8235d8fe996e4740292180fd607b34b5bd4ecb058b74d2b0d98229f3136eb6dc,sejong,m16_25,m21_30,dong,89,6,33,43,6,1,22.0,세종특별자치시,,보람동,,보람동
apartment,823c0c1ed9144972672b7a63417d6f740ecbd082b689497a9ae4fa98b7455fbc,other_urban,le15,le20,dong,109,16,0,52,20,21,5.0,경상남도,거제시,고현동,,고현동
apartment,824803d2edc7f5e43bef87e625cba454bf98173d89e7daa7f44b8ac155358a5a,nonurban,le15,le20,eup,69,12,0,35,10,12,6.0,충청북도,청주시,청원구,내수읍,내수읍
apartment,824a48b3d2e36c483f8fd80a9497e672c6c1de36e8300cff4e18a5038a9351b9,metro_city,le15,le20,eup,79,15,0,47,12,5,6.0,대구광역시,달성군,논공읍,,논공읍
apartment,825e39af91b38a176bdb69d84a757b55af9b3d82cd62191f803166e6194c46f4,other_urban,le15,le20,dong,118,6,34,47,28,3,15.0,충청북도,제천시,고암동,,고암동
apartment,82610b21de569691a081197f96aca1a9cd92bce9f51ed5ccb921749c870e2cc5,metro,m16_25,le20,dong,70,5,20,35,8,2,20.0,경기도,광주시,쌍령동,,쌍령동
apartment,826956bf749d4b0030e5c3962757769ec7553c12f3adb7495403db5c23c9ebe8,metro,le15,le20,dong,51,6,9,20,11,5,12.0,경기도,고양시,일산동구,중산동,중산동
apartment,826c4f1e262e0d5c210b55c43790cc941a56238b30ada253d087c58345e57878,metro_city,le15,le20,dong,158,13,29,65,48,3,13.0,대전광역시,중구,중촌동,,중촌동
apartment,827b8a5168dd804cd2fb7971af267fc262f05f664a0b718cbdd9b67690ba3ddf,other_urban,ge26,m21_30,dong,184,5,57,85,34,3,29.0,경상남도,진주시,초전동,,초전동
apartment,827e04f658abba237030be879e4965619053427b552f1183aeb8595c889a4ac4,metro,le15,le20,dong,86,17,0,36,13,20,5.0,경기도,안산시,단원구,선부동,선부동
apartment,828a39553238f9eab2c9918f6d5e5a4ff3846035095a108d85c075c9a2c059ee,other_urban,le15,le20,dong,62,5,15,22,14,6,15.0,충청북도,청주시,흥덕구,비하동,비하동
apartment,82962cfef519eb21c37a7c62889f81eee67447a440e5c3a8256e879712af2bbc,metro,le15,le20,eup,95,10,19,45,17,4,15.0,경기도,남양주시,화도읍,,화도읍
apartment,8297c2e058eee47015c24d407fb5058e95ce7d9b70f83e99eab57cdc79b37961,metro_city,le15,le20,dong,255,17,55,99,67,17,15.0,울산광역시,북구,천곡동,,천곡동
apartment,829e2dcb8313c4cdb46f1ddc9bf1c23bca716baad0b8b94fa3dcc3c6c661af96,metro,m16_25,le20,dong,142,9,37,59,30,7,20.0,경기도,용인시,수지구,상현동,상현동
apartment,82a5de86fad6ed85021b47d1f91cc279acf11222e20bc77ac9c3725d3bd3bcc4,metro,le15,le20,dong,128,20,30,52,17,9,10.0,경기도,시흥시,정왕동,,정왕동
apartment,82bdd32412e792548363a4fe0fca9197339a5de0625f20f3737aa67d4b284069,other_urban,le15,le20,dong,95,11,19,40,17,8,15.0,전남광주통합특별시,목포시,상동,,상동
apartment,82ca84129c680670417ed88a858003f2576cd615541e1dc2da3a08a0ed2595b9,metro_city,m16_25,m21_30,dong,163,7,45,91,19,1,25.0,대전광역시,유성구,반석동,,반석동
apartment,82e3889f537cd5fe3751ec308fc35eb9cf04253e7932f31a17b3b7a6539e1eaf,other_urban,le15,le20,dong,112,5,24,51,26,6,15.0,경상남도,진주시,평거동,,평거동
apartment,82f92662fedd2037c4a5b11cf73ed450bd34280051a8318a236037eeaed060b2,metro_city,le15,le20,dong,126,20,25,43,28,10,7.0,울산광역시,북구,연암동,,연암동
apartment,83046af488ea4723026419df44ad2c645529927eaeb8ff05498de4e5d9c3144f,metro,le15,le20,dong,54,5,16,16,16,1,15.0,인천광역시,검단구,왕길동,,왕길동
apartment,831341168e9688fd22af0a372455eb867d577b649c2967c96195608959a4220c,metro,le15,le20,dong,58,14,0,20,14,10,5.0,경기도,오산시,은계동,,은계동
apartment,832a9ae840736db8f1b0679a9131cdcac73fb4c0180ba808b98ef230379ae942,metro,m16_25,le20,dong,149,7,23,71,46,2,19.0,경기도,시흥시,하상동,,하상동
apartment,8345cb55a441cd885f2d5c5e2cceb70ba9b8f88966c2252c3344991153385471,metro,ge26,ge31,dong,504,8,135,196,147,18,34.0,경기도,용인시,수지구,성복동,성복동
apartment,834d7a07c1b5f04e49b48481b7c071e9459e30195e6dbac54cf2aeb46b2836ce,other_urban,le15,le20,dong,179,8,25,77,54,15,15.0,경상남도,거제시,상동동,,상동동
apartment,834df57a211c27ab4acf18db15712d18a1ccdfe43e70a4a4e26bb00b14b859a4,other_urban,le15,le20,dong,144,7,30,59,43,5,15.0,전남광주통합특별시,순천시,조례동,,조례동
apartment,8353b089e158885736a497cfb72b1c1c1ec03f21ee2bf6ac7475af881f6e67fc,metro_city,ge26,ge31,dong,456,5,118,204,120,9,36.0,대구광역시,중구,남산동,,남산동
apartment,835ec47040f84e9c99fe75705072e85ff79152844926c8139efc73416ce42285,other_urban,m16_25,le20,dong,106,9,19,46,25,7,19.0,경상남도,김해시,외동,,외동
apartment,83631562798e69fddfccfe7d4dd03a6cd503cf0ca3f0f96f52baae5d0d5db68a,metro,m16_25,le20,dong,144,5,39,65,31,4,17.0,서울특별시,마포구,공덕동,,공덕동
apartment,8366932b0758da051ae02518e09e1bf47d857a4137e77937e419f926dfc8a192,nonurban,le15,le20,myeon,53,9,0,26,11,7,5.0,전북특별자치도,익산시,낭산면,,낭산면
apartment,83675c87eaa2685b00192a4d618d4d8fa27b57e4871dcffe3032830668552630,metro_city,le15,le20,dong,53,6,8,22,14,3,15.0,대구광역시,수성구,신매동,,신매동
apartment,836d1a2d660272c9f497453c8366a035cba9edfd213c7b7b5f20247dcaffefc7,nonurban,le15,le20,eup,65,9,9,23,22,2,12.0,강원특별자치도,철원군,동송읍,,동송읍
apartment,8370f2aae42e1b5b40ba94cc8abd6b0b7ea1509ec4a48eb905741225054d69f1,metro,le15,le20,dong,93,18,0,31,23,21,5.0,인천광역시,영종구,운서동,,운서동
apartment,837bc0df64a1b55fba89cabe22dba0eadc486cc8b1a00edfdbbe5a69720c518c,metro_city,m16_25,m21_30,dong,194,6,65,89,33,1,24.0,대전광역시,중구,목동,,목동
apartment,837e177cbb89bd229ab8b8530bd4e0f913b8459451fccfa85cb379ab889a9aeb,other_urban,le15,le20,dong,77,8,16,32,14,7,15.0,경상남도,창원시,진해구,경화동,경화동
apartment,8381902c1fb871200939d5314281ea8def0a94d6a4e274a4a094f1a149e18184,metro,m16_25,m21_30,dong,58,7,7,32,11,1,25.0,경기도,구리시,인창동,,인창동
apartment,838dd2a2b1560e4312439b113309da38aebcfe547a458512ce4d42b4a922fc8b,other_urban,le15,le20,dong,163,7,24,64,56,12,15.0,전남광주통합특별시,목포시,상동,,상동
apartment,838f9d5f8184307b74fd0aa9b691ab60017534b487127d61551b59f0673bef0a,metro,m16_25,m21_30,dong,120,5,29,58,25,3,21.0,경기도,수원시,영통구,망포동,망포동
apartment,8397136a446d00984d7503df0b7ae0e493189d4534a22892e783e6f8f23bde1b,metro,le15,le20,dong,76,5,15,34,21,1,15.0,경기도,성남시,수정구,단대동,단대동
apartment,839e9bdfe0d1d5301b5967479432165e6198087ae239746c59a232bb9991c386,nonurban,le15,le20,myeon,52,10,0,26,5,11,6.0,경상북도,포항시,남구,동해면,동해면
apartment,83b81448987e053a338d7d33ee9da7a43ccc3c740bfda9ad89eb2032f036466d,metro,ge26,m21_30,dong,340,10,105,154,69,2,28.0,인천광역시,영종구,중산동,,중산동
apartment,83c2061ad6ef2d850f87e8459476907df1fceda3305d9f175b2c1c6be0405316,metro,le15,le20,eup,79,10,19,29,14,7,10.0,경기도,화성시,만세구,남양읍,남양읍
apartment,83c61cf3a590f39c5bf0df283d3f54946fc565829122e558575060e89e93b67e,other_urban,m16_25,m21_30,dong,186,6,53,82,43,2,25.0,전남광주통합특별시,광산구,수완동,,수완동
apartment,83ce4816b250245a503f94d2b3385803c2bcc1c3ffcfdd1123f952adec710db7,other_urban,m16_25,le20,dong,106,5,26,38,35,2,20.0,전남광주통합특별시,서구,치평동,,치평동
apartment,83d21e2c872bf075e08090bf0d4033775776d01a78f1f0fcd63d8f51366d7d27,other_urban,m16_25,le20,dong,289,18,54,143,72,2,19.0,전남광주통합특별시,서구,금호동,,금호동
apartment,83dafd8b5edb9e01ebf08e1411de8088a943c7639ac045a39da6f957f20c04d4,metro,m16_25,m21_30,dong,252,10,57,103,73,9,25.0,경기도,안양시,동안구,관양동,관양동
apartment,83e1dea6b0ac85d0380132b4f6d23092309c3127843056b05a9ab2d315d95906,metro,m16_25,m21_30,dong,174,6,48,78,40,2,22.0,인천광역시,서해구,신현동,,신현동
apartment,83f9b0348503a6191ae81e299f63ea44df005fa2a12122c16752c5e3b9cb98b5,metro,m16_25,m21_30,dong,108,8,26,40,27,7,21.0,인천광역시,남동구,간석동,,간석동
apartment,83fb89c4ea97c4337bb3d513f42a6ebc97e553f9c2ddda5fb9568bfd793bf38d,metro,le15,le20,dong,147,21,0,74,29,23,6.0,인천광역시,계양구,계산동,,계산동
apartment,840ba85b75b0ce3ac4b4fdb1c4f8662b5c29712431000d805542962e8fa83f9b,other_urban,le15,le20,dong,158,16,39,60,35,8,15.0,충청북도,제천시,장락동,,장락동
apartment,8417a0f71e16601d4c89d8d39c7231d27280fa7434a9502de9aa672281c7ceab,metro,m16_25,le20,dong,74,5,33,29,6,1,18.0,경기도,성남시,분당구,분당동,분당동
apartment,842fc40a46ca66eb58e5103a3b65539812cc6d9f764fdcd485f64f6e9aa68a45,metro_city,m16_25,le20,dong,196,9,37,103,46,1,19.0,대구광역시,달서구,본리동,,본리동
apartment,843aedc083e4ee7468ec555cc37c623190523a2d79b1569ab46f59581c2551a4,other_urban,m16_25,le20,dong,440,23,95,192,110,20,20.0,경상남도,진주시,충무공동,,충무공동
apartment,84549493e21fbb48210b28765e8af2b46ef7cd5426f94339dfa65e4d45597e69,nonurban,le15,le20,eup,148,18,33,67,23,7,15.0,경상남도,함안군,칠원읍,,칠원읍
apartment,845f99330f8ce548279f69229d0f22c75334261844330c73c00d680f1ef7f0e1,other_urban,le15,le20,dong,117,10,25,50,29,3,15.0,전남광주통합특별시,광산구,산월동,,산월동
apartment,8461e3a9a3984852ddb1772b9c5fd65d16e26b618801f1b352cce4b244c3e4d5,other_urban,le15,le20,dong,372,27,63,143,101,38,15.0,경상남도,진주시,가좌동,,가좌동
apartment,847c54f0284d61df8b9b46e613aec8306d87f818d33d5f3b63343744d23026bd,other_urban,le15,le20,dong,102,8,19,42,23,10,15.0,경상북도,안동시,송현동,,송현동
apartment,8484a60376e6d74066bd5814493bbffa77a341670918d94ed3028e8c70bef516,nonurban,m16_25,le20,myeon,273,20,67,97,72,17,18.0,전북특별자치도,완주군,상관면,,상관면
apartment,848bd545c1d2459d5c4d3125962b8c81c158817575d356fb743a39bfbcf9b09b,metro,le15,le20,myeon,105,8,15,55,24,3,12.0,경기도,평택시,진위면,,진위면
apartment,849296772eb6af7720dd161526276465f4cc1b60a34491dd572ab204265f076e,metro,m16_25,le20,dong,133,15,43,61,13,1,20.0,경기도,고양시,일산서구,일산동,일산동
apartment,84acf53284384b891edba891850b646a7528d5b49207ef5ee40a34aee6797119,metro_city,m16_25,m21_30,dong,186,13,42,67,56,8,25.0,대전광역시,중구,중촌동,,중촌동
apartment,84b668c5fc2537a8eb42de2c2cb0a08f665e65465be4218c6419a6c55a029092,metro,m16_25,le20,dong,72,6,18,25,21,2,17.0,인천광역시,남동구,만수동,,만수동
apartment,84b8c3673106012a2138be28a770e550540640cbdaf417a7a1e0f48f9b2ad949,nonurban,le15,le20,eup,122,6,28,42,42,4,15.0,충청남도,당진시,송악읍,,송악읍
apartment,84bbcaf2dfc30fe3eac4b48c912ecc87829287d1a981f55a8580cfa524f54776,other_urban,le15,le20,dong,52,7,8,26,10,1,13.0,전남광주통합특별시,남구,주월동,,주월동
apartment,84beda014abec6d045d9281443f63a98d02c29c9af807ebd58642e417e77b4d1,metro,ge26,ge31,dong,529,19,145,307,57,1,32.0,경기도,화성시,동탄구,반송동,반송동
apartment,84c1e621b107b1a3a43d473dcdce38ecbc6418b3353569fafa9716991f2ce5df,metro,m16_25,le20,dong,94,5,30,48,10,1,19.0,경기도,안산시,단원구,고잔동,고잔동
apartment,84c63b1b1d69734149d4aed6b6765d1f2f6af07baa6854e56ec35ad96ebc1445,metro,m16_25,le20,dong,181,9,46,80,42,4,20.0,경기도,평택시,용이동,,용이동
apartment,84ca22a409b41880daee11bec7281411574a39a15e3883b82b7153405143cb58,other_urban,le15,le20,dong,136,10,33,60,32,1,15.0,전남광주통합특별시,순천시,조례동,,조례동
apartment,84d1b2d4e3e8646a06b1947eb8c966dccecde4dffe2c4cf8c9fb898522512ad1,other_urban,le15,le20,dong,112,8,26,51,19,8,15.0,강원특별자치도,강릉시,입암동,,입암동
apartment,84e59a7c79f8f3a75d2328505904c99d2bf4fbff04be0605473395ad4e3eb836,other_urban,m16_25,m21_30,dong,147,7,40,65,33,2,25.0,전북특별자치도,전주시,덕진구,장동,장동
apartment,84e6e75cd1406a0f827bd3b2c76cbefc12661a7c23bbb84b6afc25dcf182369c,metro_city,m16_25,le20,dong,98,10,16,36,29,7,20.0,대구광역시,북구,태전동,,태전동
apartment,84ea1b1e113d7d698ec5fee824955cdd5952cd90668390713e495078cf6ec756,metro,m16_25,le20,dong,127,6,28,59,29,5,20.0,인천광역시,서해구,가정동,,가정동
apartment,84ea3b1420cd5100027c162aff1f8dd6199515e59193090675d09b2d1e1ebe20,other_urban,m16_25,m21_30,dong,245,7,87,97,53,1,25.0,충청남도,천안시,동남구,청당동,청당동
apartment,84eb397da967cfc521aa2f87efb6d32078ad3aba3d56a8d466432289205bce42,other_urban,le15,le20,dong,132,12,25,51,36,8,15.0,전북특별자치도,군산시,나운동,,나운동
apartment,84effcc20f4b29048342c075c6b18d3e3911d51526a0c6094f4a22dde8feb7ad,metro,m16_25,le20,dong,80,6,17,30,24,3,17.0,인천광역시,계양구,용종동,,용종동
apartment,84f6c7ccceb3c35852f2f05dd4c2812583a083f59ec978f78fd7b697a9d15c08,metro,m16_25,le20,dong,155,9,40,77,28,1,20.0,경기도,남양주시,호평동,,호평동
apartment,84fc5d6d414b8c433cab7396f39086f877344124dbf82c9f8d38ca3733630b09,metro,m16_25,le20,dong,59,7,29,19,3,1,20.0,경기도,안산시,상록구,사동,사동
apartment,85009d6124cc52824e85cbdab8a06cfc28858ab8c1be5dc4b7c5476599a3f4c4,other_urban,le15,le20,dong,497,35,73,203,149,37,15.0,강원특별자치도,원주시,관설동,,관설동
apartment,85020e3ce81f67401c6337ee1dbf62b2f842fc34c7805b566ee3ec67fc91a0b0,nonurban,le15,le20,eup,55,10,0,28,11,6,5.0,강원특별자치도,정선군,정선읍,,정선읍
apartment,8506de117961c09c1ee31d122bdc5ace9d86955c172050688ffe9468bb74c930,metro,m16_25,m21_30,dong,369,12,100,148,104,5,21.0,서울특별시,강서구,화곡동,,화곡동
apartment,8518ba3d9a38edaea74cdcc837835aa416735c6311e4b95d9c0afaac6a5b9864,other_urban,m16_25,le20,dong,174,12,27,70,61,4,18.0,전남광주통합특별시,서구,금호동,,금호동
apartment,85197eac9e5f326dc1996198037ee7f823b7a7eba49350df98c5220a89553d8d,nonurban,le15,le20,eup,54,6,3,21,16,8,8.0,경상북도,영주시,풍기읍,,풍기읍
apartment,851cddc4ef23d4f3eccad68e4d89894583395675b976fc86dbd86735fb209b16,nonurban,le15,le20,myeon,174,10,34,82,30,18,10.0,충청북도,청주시,흥덕구,강내면,강내면
apartment,851db822ac7d78bfa7ef68df32e4a6630d9d9c936f1a75b9f10dc535565a093e,metro,le15,le20,dong,123,12,17,49,38,7,15.0,경기도,군포시,산본동,,산본동
apartment,851e9b68c21576ab69d1bc1bb3d0c0036b6f8a6f63491caa0e4c264ead38da87,sejong,ge26,m21_30,dong,279,5,93,134,46,1,28.0,세종특별자치시,,고운동,,고운동
apartment,8520d2bb18f9164224819e46014df43c671804a8384ae3bf502928278e02f077,metro,m16_25,m21_30,dong,66,5,14,28,17,2,21.0,경기도,성남시,분당구,백현동,백현동
apartment,8525d8b7c6875764e45b63d2efd7f349cc3ebbce3fbeaee6acb41caa3f7af969,metro,m16_25,m21_30,dong,125,5,37,62,20,1,21.0,서울특별시,종로구,무악동,,무악동
apartment,8527934ff3621ee089f930814e6a688e32b6c9cba6305571e0dbd26af14618c2,metro,m16_25,m21_30,dong,123,6,35,47,30,5,24.0,경기도,의정부시,호원동,,호원동
apartment,852cc0a8da955bb7728f2e1b7dda7c24918c537d525f7109866ebcbc2a6a5403,metro,ge26,ge31,dong,127,5,30,54,33,5,31.0,서울특별시,영등포구,도림동,,도림동
apartment,85338d77cdbc042295f039a01c7a8dbfde4fe90980de741e57a2e5341bf88f75,other_urban,m16_25,le20,dong,91,7,23,24,31,6,20.0,경상북도,김천시,신음동,,신음동
apartment,853acbd35679da493c4f464da4f2525b9b2b193392f59f7cd60b37635574c3ec,metro,le15,le20,dong,79,6,17,32,22,2,15.0,경기도,남양주시,다산동,,다산동
apartment,853bd059f1bdaaaa08904fec6e40db31c3b5457ebc55d7f2604e4b5596b2963f,other_urban,ge26,m21_30,dong,253,8,81,129,32,3,29.0,충청북도,청주시,상당구,용담동,용담동
apartment,85493550b769fcb6381b11aec46a41c63957668d0f66df859ad7610e28efa0cd,metro,m16_25,le20,dong,273,15,71,96,78,13,17.0,경기도,파주시,목동동,,목동동
apartment,854963bf58840330f35ecc6762e59105e709e9081fe3540607f3a2d4319d499b,nonurban,le15,le20,eup,72,8,0,39,14,11,6.0,충청남도,천안시,서북구,직산읍,직산읍
apartment,8558b0c91e5eb9a4e805003f510deee1d6e52ca937d0ce68101c039b0370fb2e,metro,m16_25,le20,dong,144,14,37,51,38,4,18.0,경기도,성남시,분당구,삼평동,삼평동
apartment,855aa8106d8d8bfbf9a6e904030e8945aed76095ff248812224e4f82dd500d53,other_urban,le15,le20,dong,172,6,27,68,48,23,15.0,충청북도,청주시,서원구,산남동,산남동
apartment,855b88479bf452ebdb162db5d60299aeb12cdf0986dc49862494caf7b7321c6a,other_urban,le15,le20,dong,61,8,12,19,15,7,15.0,경상북도,안동시,옥동,,옥동
apartment,8586cbd0698d8ba27e9c079e1cb27897d95ae8bcfe4a7770e109f28bb784b53f,other_urban,le15,le20,dong,199,17,40,76,61,5,15.0,전남광주통합특별시,순천시,왕지동,,왕지동
apartment,8586d4d67792ef43f154a051a20db9897b6d9faed2f087af6c054ba62f31c425,other_urban,le15,le20,dong,333,23,67,130,86,27,15.0,강원특별자치도,춘천시,퇴계동,,퇴계동
apartment,8592597e4d3615926ca3f2124883eed90ecc10d7d527e4d04dcbc2c0585e9ff4,other_urban,m16_25,le20,dong,249,13,69,122,38,7,18.0,충청남도,천안시,서북구,불당동,불당동
apartment,8595ccf7c5828fd15f344f952b4a2a27bdc6d441841d3ec7c3b2795759904177,other_urban,le15,le20,dong,112,5,29,49,26,3,15.0,전남광주통합특별시,목포시,연산동,,연산동
apartment,859afa0cca148b0d14a77de79ca3bb91d4d374356e9c2a5ea302d3dae377c5db,nonurban,m16_25,le20,eup,149,6,41,68,31,3,20.0,충청북도,청주시,청원구,오창읍,오창읍
apartment,85a0f864a70ecb876ab5a30de5b4917faef9d2a87cf2322d96483c672255ba43,metro,m16_25,le20,dong,90,5,34,37,11,3,20.0,경기도,고양시,덕양구,화정동,화정동
apartment,85b4c05096a8f0451f5fe3e211e826e23e51c46fd145b0b3a0da12f2d5dbbb9a,other_urban,le15,le20,dong,97,6,15,43,29,4,15.0,경상남도,진주시,상봉동,,상봉동
apartment,85b60229927bb22a750441a12417b3085d51163f6bf45bccb2fe47d474beb103,other_urban,le15,le20,dong,71,6,18,29,16,2,15.0,경상남도,밀양시,내이동,,내이동
apartment,85e583acd890ac2120405c2bdc5a79277951fb53e4371194c1365c2839bb7567,metro,le15,le20,dong,124,8,24,49,33,10,15.0,서울특별시,동작구,사당동,,사당동
apartment,8603e8746e60b817a4cd34dd5c370993bd56d6295107ff78971f643bc498c3f9,metro_city,m16_25,le20,dong,65,6,23,32,3,1,20.0,대전광역시,대덕구,오정동,,오정동
apartment,86385b1ecaf7d6246bed5126d95ae4a2316cc9c2b6a32ce74b63d07fb152ab37,metro_city,ge26,ge31,dong,354,12,98,132,103,9,37.0,부산광역시,연제구,연산동,,연산동
apartment,864480e47a46d201eaeeba3ae750b21bc90f5594287a22b60c607cb09707dd39,nonurban,m16_25,le20,myeon,178,7,38,69,59,5,18.0,전남광주통합특별시,순천시,해룡면,,해룡면
apartment,8651c3f8b14513ff7a9ee9998421c580edf8293a921928cd98d676156838455c,metro,le15,le20,dong,120,10,24,62,20,4,13.0,인천광역시,연수구,연수동,,연수동
apartment,86593060cf010928ac75a6466009aca5615b489aecaab477b27119ace0420a49,nonurban,m16_25,le20,myeon,149,9,41,71,27,1,20.0,경상남도,통영시,용남면,,용남면
apartment,8674bb7e211d9270d63da3fd2ff1b73a2edf816350ebda45bf93cb6f7a187aab,metro,m16_25,m21_30,dong,543,28,163,284,61,7,23.0,서울특별시,은평구,응암동,,응암동
apartment,867afec14e54f6082b0ff0f40d7fd1dbba0c1abca4e8e17ef7b611f53037fe04,other_urban,le15,le20,dong,122,8,23,44,34,13,15.0,충청남도,서산시,석림동,,석림동
apartment,86862534249d5ba0ca8f44ebfe82901f3b2c342d54e2248c217ee3069e51ed98,metro_city,m16_25,m21_30,dong,350,17,109,159,60,5,25.0,울산광역시,북구,양정동,,양정동
apartment,868ab4ac45e39494a7672313f058edfc202e09471d124da19097ac60e7529ad2,nonurban,m16_25,m21_30,myeon,122,8,25,69,19,1,23.0,경상남도,통영시,광도면,,광도면
apartment,868bf15afe141b4696b30156b335e08ba144385b2df31980371e90010a552b24,metro,ge26,m21_30,dong,245,6,66,120,51,2,29.0,인천광역시,계양구,서운동,,서운동
apartment,869555c2bee83fea1f2c07d5bc25b69d121dcfa97fcae8ee5e46ee1be472fd5a,metro,le15,le20,dong,194,6,40,85,51,12,15.0,서울특별시,양천구,신정동,,신정동
apartment,869631ffbedb3f83385ead55625308b6e8c7d12a8e062322704da599f15042dd,metro,le15,le20,dong,160,10,28,62,48,12,15.0,경기도,파주시,금촌동,,금촌동
apartment,869ed687aa55b1abb38dbf354f44fc09415e85ca56adc2fb5719dd3d274ae4e7,metro,le15,le20,dong,88,6,22,38,20,2,14.0,서울특별시,성동구,응봉동,,응봉동
apartment,86ad5779b8a7f3ce972e37867a04e010776e5973d46f26d6920f181faac65948,metro,m16_25,m21_30,dong,194,12,61,82,37,2,25.0,경기도,파주시,목동동,,목동동
apartment,86ae83cc2569a9989adc9b592c5088945857c6a0c01eb0ba010a4ec8d192bd9f,nonurban,le15,le20,eup,141,19,14,62,29,17,8.0,경상남도,사천시,사천읍,,사천읍
apartment,86b1ea3253de8bc19ca0ecc6610b26f477fff87088bf76224c0613e26d67858e,metro,m16_25,m21_30,dong,135,10,40,61,23,1,25.0,서울특별시,강서구,화곡동,,화곡동
apartment,86b310863b56d3acfcdbe69bd20e839099ec56b143d39340c0bef795f4d9907d,metro_city,le15,le20,dong,142,13,26,57,35,11,15.0,대전광역시,서구,둔산동,,둔산동
apartment,86c7f1237b5f9cdd6cd2156a408b22c14e8a3da9421cc7abbac4fe4e63458cee,other_urban,le15,le20,dong,74,6,19,26,22,1,15.0,경상북도,영주시,휴천동,,휴천동
apartment,86d74169b4f5ba1c7fc26ab3b848e2a1908bede3a9298d949f3b364382717f2c,metro_city,m16_25,m21_30,dong,87,7,24,50,5,1,25.0,대전광역시,서구,복수동,,복수동
apartment,86d78c8d2a24f668b250018c024173045b68695fd0aa493b5789479b907734aa,other_urban,m16_25,m21_30,dong,150,10,36,78,24,2,23.0,경상남도,창원시,마산회원구,구암동,구암동
apartment,86de1abfaaff99e768ef9c18efce4018506860ff2a3e2287eac5dae46ce43379,metro_city,m16_25,m21_30,eup,248,7,54,107,72,8,22.0,대구광역시,달성군,유가읍,,유가읍
apartment,86e62626fba723b7a4fcd84d09f5d13180d99fd7d8c54a2ec06a0148032e7436,other_urban,le15,le20,dong,87,23,0,36,13,15,5.0,경상북도,안동시,용상동,,용상동
apartment,86e7c456ecd2f6b3f0f3e0ad135b9472b8f50c86a8679a34049b355ce1395df2,metro,le15,le20,dong,212,9,39,106,45,13,15.0,인천광역시,남동구,만수동,,만수동
apartment,8706a0f6e4996e1cf13c6732ae815365cda595ba301581a3646006c0108dc01a,metro,m16_25,le20,dong,121,6,31,49,32,3,18.0,경기도,고양시,일산서구,탄현동,탄현동
apartment,870ba19c282bed74cab040424f541b31a53ee9a801834bc5a57ee4c31008015b,other_urban,ge26,m21_30,dong,280,13,110,115,40,2,30.0,전북특별자치도,전주시,덕진구,송천동2가,송천동2가
apartment,873e3b982ac0c373299cec9c5b708b7923b7886afd7a8b08ea070275c269de79,nonurban,m16_25,le20,myeon,213,5,66,79,56,7,18.0,충청남도,당진시,송산면,,송산면
apartment,873e70fc774b66c6a01293b5a44e5003dd30145117dc8f29f8baa5286b25a50d,other_urban,le15,le20,dong,52,6,4,27,13,2,15.0,경상북도,경주시,동천동,,동천동
apartment,8745f9ae33ccfbaff193838e7d5ce1c28fda0cb19256c46dfd0cf730269d3f35,other_urban,m16_25,le20,dong,103,9,18,37,31,8,20.0,충청남도,서산시,동문동,,동문동
apartment,8747d94999fea580f744c05e5ab85201affee12c3b77eade6c3deede17a674a5,metro,ge26,m21_30,dong,179,6,46,68,51,8,28.0,서울특별시,성동구,마장동,,마장동
apartment,874fddfc4dac0bfce8ff1f41e4a4dd7d28fa1fd83951340ba3e11059b4df5584,metro,le15,le20,dong,71,5,19,31,14,2,15.0,서울특별시,노원구,월계동,,월계동
apartment,8762bff7a4ce5096712959fde6b5adb9d1feae0ccd7405e69f3c32fe1b84c6b8,metro_city,le15,le20,dong,122,13,30,45,26,8,15.0,대전광역시,서구,둔산동,,둔산동
apartment,8765c62f63b4645ba7f643a028d0e86551c9215f0d38fccf5a6d028d06fc0e98,nonurban,le15,le20,eup,238,15,47,97,66,13,15.0,전남광주통합특별시,영암군,삼호읍,,삼호읍
apartment,87699e49b62649729a2fa4b30d5085e0d186e2d5c0f726b6e6a0dc581f53d5a4,metro,m16_25,le20,dong,90,9,24,31,24,2,20.0,경기도,용인시,처인구,삼가동,삼가동
apartment,8788309ea76cf90d4bbcb15e38d94a246d996887d8413d3a02ff97a871e168c2,metro,m16_25,le20,dong,160,10,31,72,42,5,16.0,경기도,성남시,분당구,야탑동,야탑동
apartment,8799266894ee106911148765a94a9988520974c1699d0381dbb5b68e55a4fe5d,metro_city,ge26,m21_30,dong,158,8,42,66,37,5,29.0,부산광역시,부산진구,부암동,,부암동
apartment,879e9b748798489bb94fe9dbdbea483780056e43efb46993d486c2ecda84c7c4,metro,m16_25,m21_30,dong,227,10,57,124,32,4,23.0,경기도,수원시,장안구,정자동,정자동
apartment,87c2d63a107f3c5c384300503b596d7bd527ec945249d9ccb3934a773f828034,metro,m16_25,le20,dong,137,7,37,58,31,4,16.0,경기도,의왕시,학의동,,학의동
apartment,87d86244981382aea2fe3549040917e343391090d63f4265e7e3039a76fbeeb7,other_urban,le15,le20,dong,147,7,35,56,37,12,15.0,전북특별자치도,정읍시,상동,,상동
apartment,87e31f080f84ec9f953d169025bc9b1ca7f0e2e73286ba7a00588ae6e0314af0,metro_city,ge26,m21_30,dong,312,8,89,141,72,2,29.0,대전광역시,서구,복수동,,복수동
apartment,87e3f9222e47db3e549f7b9b62a63f527e91459526c4ef9a60c15e2f2e3a7860,metro_city,m16_25,m21_30,dong,193,11,61,70,46,5,24.0,부산광역시,부산진구,당감동,,당감동
apartment,87e6a9f26e9197030164b683d5faaf03f936bb43ee042273228a33c0ee733e44,nonurban,le15,le20,eup,99,13,21,47,16,2,15.0,전북특별자치도,김제시,만경읍,,만경읍
apartment,87ecb464ff6b284fb90d7009d4a706139ec844b20bafddb2530fedbde8839914,metro,le15,le20,dong,69,9,0,34,11,15,5.0,경기도,수원시,영통구,매탄동,매탄동
apartment,87f15091aa311a149c2e2a633554c6fe969531eebf32846442f00ef8a8b948e1,metro,m16_25,m21_30,dong,59,7,18,18,13,3,25.0,서울특별시,동대문구,이문동,,이문동
apartment,87f29ec4e43c719835fde31b0c5d24c6830c89f0361567f47659977873b50259,metro_city,m16_25,le20,dong,53,6,16,19,11,1,20.0,부산광역시,남구,감만동,,감만동
apartment,87f831f78361e81bbb353dab3e7e0420a32b81bb524acd53a268544c6af30ee8,metro_city,le15,le20,dong,194,16,32,73,58,15,15.0,대전광역시,유성구,송강동,,송강동
apartment,8830f020547b89bb78023b4678660566d54595b305e81d74440b33cf620d2bb2,other_urban,le15,le20,dong,202,17,28,88,59,10,15.0,전북특별자치도,익산시,영등동,,영등동
apartment,8855e7d1b367f373fb72594c6fba3587313e6326eb6c310bc17aa0d090eed957,metro,le15,le20,dong,143,9,28,65,33,8,12.0,경기도,평택시,이충동,,이충동
apartment,885ad4224ea728c13bb01df9c32788564582c132cd78d19e11c074dd4e6b8fea,metro,ge26,m21_30,dong,245,7,65,104,63,6,30.0,경기도,남양주시,다산동,,다산동
apartment,885e23cc02783b2eefe2845b7ff83a98b9118fb1cd679b374029cb85ad16a2a5,other_urban,le15,le20,dong,69,6,5,30,21,7,8.0,제주특별자치도,서귀포시,동홍동,,동홍동
apartment,88660d6a765db1c8d7c68d65c3a341bbb50a52c10f8695d04d5116cd4443f0f6,other_urban,m16_25,le20,dong,299,16,77,141,62,3,20.0,충청북도,청주시,흥덕구,복대동,복대동
apartment,8866f7b7004377b1ff0ccb7bc3dc8459708cae99f8eb35ba394d36b2d69902d5,metro,m16_25,le20,dong,219,17,55,95,48,4,18.0,경기도,성남시,분당구,삼평동,삼평동
apartment,886b034e23e0e20edb1c4a4c2bf13cc36ce626a16e7cbe861d6466dec5a68ea6,sejong,le15,le20,eup,250,8,71,114,53,4,15.0,세종특별자치시,,조치원읍,,조치원읍
apartment,886b88691a1e1077ad1894f79844997eb47c8d60aa9ba1cfac2aa11916b937b6,metro,m16_25,le20,dong,82,5,34,27,15,1,18.0,경기도,고양시,덕양구,화정동,화정동
apartment,886d690f4f7269e9b313eed262277a30e4152b6fdc4625df2468bb041fec490b,metro,le15,le20,myeon,88,8,23,37,17,3,15.0,인천광역시,강화군,선원면,,선원면
apartment,88793db085632e703795ce02728a066bb32c6f74158c5b4c2f0bd240c3bff425,metro,ge26,m21_30,dong,499,19,133,209,126,12,29.0,경기도,남양주시,다산동,,다산동
apartment,887c0cecff822fd12d194aea8af92156a645f6cab20cf9bccaec653e8dc85189,metro,ge26,m21_30,dong,111,6,38,45,21,1,29.0,경기도,파주시,야당동,,야당동
apartment,888582210e0b13e5f5218ab07afcb322507b132ddb5ba69ab5f28d9b706733b5,other_urban,le15,le20,dong,145,5,33,65,35,7,14.0,충청북도,청주시,흥덕구,복대동,복대동
apartment,888ac5b1aacd32fc5a8dae28b58ce741587376c54e77630853b025e6aefafe5e,other_urban,le15,le20,dong,67,5,13,33,13,3,12.0,제주특별자치도,제주시,도련이동,,도련이동
apartment,888e7fccebf407fd44a0c76931b481e1c8a8caccbe98f2f28887beae57f2a6aa,metro,le15,le20,dong,52,5,10,17,13,7,13.0,서울특별시,강서구,등촌동,,등촌동
apartment,889a69cb0d43ba21c7605715def40585eb7287f154b411844e557a8f638bee5d,metro,m16_25,le20,dong,102,6,27,49,19,1,19.0,경기도,고양시,일산서구,주엽동,주엽동
apartment,88a1d50b5b71b33dc2aab39f9f4a1e511aa3c0da5949194b569afd83dba57142,other_urban,le15,le20,dong,177,18,36,60,49,14,14.0,강원특별자치도,강릉시,입암동,,입암동
apartment,88a29cc620f6d5d6217b92abe252e77996d8b6e5d6e52f66392c1eecaacf8bcc,metro,le15,le20,dong,71,5,21,30,12,3,15.0,경기도,안산시,단원구,신길동,신길동
apartment,88ac0a2be51e16f3629a3b17b0a1cfd8fde962dc1d4055c8757fbf939cad4f83,other_urban,le15,le20,dong,69,7,17,30,10,5,15.0,충청북도,청주시,서원구,모충동,모충동
apartment,88affdb56dd49e231e3f21ae41df029400c2168e437fc6e51822de3e9be04b28,metro,m16_25,le20,dong,229,11,57,83,68,10,20.0,경기도,수원시,권선구,금곡동,금곡동
apartment,88b784f4e1a1623df89b1886a83d19c8355bc403abe77e976abd2a490b892c34,nonurban,m16_25,le20,eup,168,9,34,75,41,9,18.0,경상북도,칠곡군,석적읍,,석적읍
apartment,88cd8cec0372ce7313156fc559ce71e81a9d3760e688f355b5066e128d3b4923,other_urban,le15,le20,dong,93,21,0,36,19,17,5.0,충청남도,아산시,방축동,,방축동
apartment,88d4c547e48b216b7f326cf4284b5c57ab9b5e3708c3873d547648cd56114fc8,metro,m16_25,le20,dong,430,13,131,198,81,7,20.0,서울특별시,강서구,화곡동,,화곡동
apartment,88ea4ddbdfc695c09df5ca514abec95dcf68996b94187acc9e326017fa9456d1,metro,m16_25,le20,dong,320,18,99,137,65,1,18.0,경기도,성남시,분당구,야탑동,야탑동
apartment,88ef68a4f061cb227a085e3898c9402bbd439ecee5f11ed4ce72370f28b3c863,other_urban,le15,le20,dong,52,11,0,23,10,8,6.0,제주특별자치도,제주시,월평동,,월평동
apartment,88f72a309ef5dfaf5491d3f7f93f0fdfe7ca8b09b774b61dc4d96c85f6262797,other_urban,le15,le20,dong,181,17,44,75,33,12,15.0,경상북도,문경시,흥덕동,,흥덕동
apartment,88f891a7ffe39b0d5fd732a27928796d1a4077601ad9521f57614aa601c7d299,other_urban,m16_25,le20,dong,129,8,33,52,35,1,20.0,전남광주통합특별시,순천시,조곡동,,조곡동
apartment,8918f3a2efd556c28bb2dff12602f16d352d936d346af6d7db56c1f884a91a6c,metro,ge26,ge31,dong,182,7,57,86,29,3,33.0,인천광역시,연수구,송도동,,송도동
apartment,892745b9c15f81ecdb126ace4e0d7fe1f766c0ca18e4e860c72ca876a0928644,metro,le15,le20,dong,125,10,27,56,28,4,15.0,경기도,양주시,삼숭동,,삼숭동
apartment,892dc741e1b48984d222171d423c36dea09f71ca815878e16626b510de8ed0c5,nonurban,le15,le20,myeon,95,19,0,47,20,9,5.0,경상남도,창녕군,도천면,,도천면
apartment,893d2b3c9e7aaa1f2a6e5830516c0923083461dd30d0de779fbc53e8e3f12a32,other_urban,le15,le20,dong,353,28,62,130,98,35,15.0,전북특별자치도,전주시,덕진구,인후동1가,인후동1가
apartment,893d670997614283af93c5fa331b5d026494c9128c7a32e101d64f860d1a6beb,other_urban,ge26,ge31,dong,438,7,119,207,99,6,33.0,전남광주통합특별시,서구,화정동,,화정동
apartment,894d9f61f3bf1c230cc3b3fefb078fe8e29bb94e2a96a114d83988a8af3288c7,other_urban,le15,le20,dong,79,5,22,31,18,3,15.0,전북특별자치도,군산시,나운동,,나운동
apartment,89727e7e78ca41a2f98776b22d7abc7a02e64f3d51d19f77c9cd745c605ac127,metro,ge26,m21_30,dong,356,6,94,153,91,12,29.0,경기도,의정부시,신곡동,,신곡동
apartment,89730f877d2383f2ca813238e8c2ba2787281baf9a1ac6c4163dc5aed1791319,metro,ge26,ge31,dong,214,9,74,98,32,1,34.0,경기도,광명시,철산동,,철산동
apartment,89733d585b8db8a6c75daa193e1cd65ab984af5d94761a22112fa288eeba47b0,metro,m16_25,le20,dong,159,13,46,69,25,6,18.0,경기도,성남시,분당구,운중동,운중동
apartment,8978102c33b0e4510338bd241ecddf497fd81e008851fb502cd6c967b0d3c59c,metro,m16_25,le20,dong,346,18,79,165,75,9,20.0,경기도,수원시,영통구,영통동,영통동
apartment,89885b7c324197db7201012240cf32fde77f9a8d43c5b7c97d2f9cb885f8c26f,other_urban,le15,le20,dong,84,5,17,28,27,7,15.0,충청북도,청주시,상당구,금천동,금천동
apartment,898c80fd0067d23e7137d2f19e9ea7674a1f2ca8d09d3ba92c00e744d8058645,other_urban,m16_25,m21_30,dong,206,10,55,81,57,3,22.0,충청남도,서산시,읍내동,,읍내동
apartment,898f7c08229df1e0537f8c05ed9ffb30504d85c043da0da924e69296d5aaf72b,other_urban,le15,le20,dong,75,8,16,32,17,2,15.0,강원특별자치도,태백시,화전동,,화전동
apartment,8994f907b85781c435ab5372e7bac8bc241169d68a337717285cb8bf531a95b4,metro_city,ge26,ge31,dong,405,12,140,187,64,2,36.0,부산광역시,연제구,연산동,,연산동
apartment,89950667e1805b72f036a377b0c87b2255bc3c6bc22570d49b00777ac9a1f51a,other_urban,le15,le20,dong,124,5,32,57,27,3,12.0,충청북도,청주시,청원구,율량동,율량동
apartment,89be328f3fae2e084fe9607c2de59bd5b851d64ef6ec037e1b83bf1c555b9328,metro_city,m16_25,m21_30,dong,81,6,23,38,13,1,25.0,부산광역시,사하구,하단동,,하단동
apartment,89c38d86d3771370e78540c61bd474fec0255daeead9b30196e6b086b621f96e,other_urban,m16_25,le20,dong,181,5,47,78,45,6,20.0,전남광주통합특별시,동구,월남동,,월남동
apartment,89c67fd51b8cef73325311b1fcad422c6043c000856752217cfc162f3052946a,nonurban,m16_25,le20,eup,102,7,21,42,29,3,20.0,전남광주통합특별시,화순군,화순읍,,화순읍
apartment,89c91804a76869b950881457438af6b81a679daa55b2cf5a5101ec4fcb882644,metro,le15,le20,dong,64,6,15,23,16,4,15.0,경기도,수원시,영통구,망포동,망포동
apartment,89dec25fa36cad5d49f9421431d0e48f4814c0619dbccca24b011dbc56ed1061,metro,le15,le20,myeon,68,5,9,36,12,6,13.0,경기도,이천시,대월면,,대월면
apartment,89f624e9162858965cb5ca763e171b7e4fa6dcb9abc0374b5155a57dd11a4b8c,nonurban,le15,le20,eup,106,6,26,48,21,5,15.0,경상북도,예천군,호명읍,,호명읍
apartment,8a0122a6615b6a11799d32fdfba9a2c722c939613708143dd068d0a663aab273,metro_city,le15,le20,eup,59,14,0,23,10,12,5.0,부산광역시,기장군,기장읍,,기장읍
apartment,8a02b5e7891089b10e25a4fb17c2f02d8ae10c69e39fbd30cc7c7e78cf6da4ef,metro,m16_25,m21_30,dong,211,13,68,100,28,2,25.0,인천광역시,연수구,송도동,,송도동
apartment,8a141785a6d44f3f1da82f9d305f77b71e9005221d8eab8c79c4084560484b7b,other_urban,le15,le20,dong,104,7,11,48,33,5,15.0,전북특별자치도,군산시,장재동,,장재동
apartment,8a2fa4f03d05dfd4e24b3fbeda15b5bc1dfe533bd86d7c47553f3629aa6d9061,metro,le15,le20,dong,58,7,11,21,15,4,15.0,서울특별시,노원구,중계동,,중계동
apartment,8a32e36ce6ef53ca31df058e8e36a3864dedaac0a6b13ebacc4bec18bb18d751,other_urban,m16_25,le20,dong,292,8,64,114,95,11,18.0,경상북도,구미시,진평동,,진평동
apartment,8a3d3bbb8365b5ca58cedc2fe4288c6acfdf00106c20581e7fdaca40bb3f3f9c,metro_city,m16_25,le20,dong,255,9,72,106,60,8,20.0,대구광역시,달서구,이곡동,,이곡동
apartment,8a4a330f9dc7e25149b4eb92c1bdd163df93cb4eb605eb3cc73fc2e3baf96e61,other_urban,le15,le20,dong,57,5,14,20,15,3,15.0,강원특별자치도,원주시,명륜동,,명륜동
apartment,8a4c509e522aed23e0303e22d8f75ca3cddbb73a4ad270e5a8f46a93a2de2932,metro_city,le15,le20,dong,76,5,11,34,20,6,15.0,부산광역시,부산진구,전포동,,전포동
apartment,8a5706855010c6b280bd03aa0d150e73341866ccb2c08ffdff1e52a21e7bf6c5,metro,le15,le20,dong,107,5,20,40,29,13,15.0,인천광역시,부평구,삼산동,,삼산동
apartment,8a6953f2dd831242b1a3c78e8fa508e47e5a52470cf31c44bba6b4194064c893,metro,le15,le20,dong,61,11,0,28,12,10,6.0,인천광역시,남동구,만수동,,만수동
apartment,8a6bd8591924d3d26cf2883706ad41896b88f35beee40e4e2a2245c3908f8486,other_urban,m16_25,m21_30,dong,284,17,72,138,54,3,23.0,경상남도,김해시,무계동,,무계동
apartment,8a6d0a5629da5348062ca527df99201c777cbf956b5bdc4b73f8a2e30e9eb2c5,other_urban,le15,le20,dong,97,9,22,32,28,6,15.0,전남광주통합특별시,광산구,신가동,,신가동
apartment,8a707db4084b655004b15f35056969553baa9bbead749b9f3113c6ef1ea4cf00,metro,le15,le20,dong,106,9,21,42,29,5,15.0,서울특별시,서대문구,홍제동,,홍제동
apartment,8a74b8747e208049163daf9e252d4301986cd63ad0bedd02bcd1b2ea31dcc07e,metro,m16_25,m21_30,dong,79,7,37,25,9,1,25.0,경기도,용인시,기흥구,보라동,보라동
apartment,8a75e68e00767b904ae1ef84d9bf3cfe073d5e9329336683671be4e5fec2df00,nonurban,le15,le20,myeon,302,21,53,137,78,13,15.0,경상남도,사천시,사남면,,사남면
apartment,8a7ccbc39b1def6878eb296e2507a04215a3597afcd108cc1a5fde7c8d1fb824,other_urban,le15,le20,dong,264,11,53,96,80,24,15.0,강원특별자치도,동해시,쇄운동,,쇄운동
apartment,8a888facf017bc0331bdcdd539a901d9081954ebb4191cb7e2e4d92e08306f13,metro,le15,le20,dong,65,9,0,31,15,10,5.0,서울특별시,구로구,오류동,,오류동
apartment,8a895af57c2d078aeedfdda3859060363c498f4d663364c89f2b0d8bb3186925,other_urban,le15,le20,dong,52,5,11,14,16,6,13.0,전남광주통합특별시,남구,진월동,,진월동
apartment,8a8a08e1be9c9caf071bb6f730c9c12ffc84a05a2c3ffaaf664cd8654684393a,metro,m16_25,m21_30,dong,161,6,47,80,24,4,25.0,경기도,파주시,와동동,,와동동
apartment,8a8e8aabe61c60af44735d38ed06f376359e602ae3ef79bbd22927c56e27846a,metro,m16_25,le20,dong,168,12,38,67,42,9,20.0,경기도,수원시,권선구,금곡동,금곡동
apartment,8aa5c091b5fcf058e06d21f371a29ddcad4ec09258b52066e679a197c716c2ca,other_urban,le15,le20,dong,96,8,16,35,26,11,14.0,경상남도,통영시,미수동,,미수동
apartment,8ab40ecb371eb82f9df45dfdbc3c25b0a7170c3ca81a0da3b67388e4bb5823e7,metro,le15,le20,dong,73,6,18,30,18,1,15.0,경기도,양주시,고읍동,,고읍동
apartment,8ab4b7d81768297b0abcba7fce433fdef57253f7378d7b6ea67961f32e68d58f,other_urban,le15,le20,dong,480,36,79,206,127,32,12.0,전북특별자치도,전주시,덕진구,반월동,반월동
apartment,8ac0af48760456eb4981e266fab9d0597e1c431bd32830c1fa887db3b8a28a36,other_urban,m16_25,m21_30,dong,394,19,89,183,100,3,24.0,경상남도,김해시,어방동,,어방동
apartment,8ac8398e671b8aa7fa2b7121533ff42e789874e6e5d16b8c582956a9f4b303d4,metro_city,m16_25,m21_30,dong,115,7,27,56,24,1,24.0,대구광역시,중구,남산동,,남산동
apartment,8ad5db554d914b4c6b28e7d7d87b612a9facecf56ebe72107c3e24b8c3df623c,metro,m16_25,m21_30,dong,403,7,123,171,86,16,25.0,경기도,양주시,옥정동,,옥정동
apartment,8ad96e9ba9cda9614534aa75cc7b69557842390dd3707107ed57621f7a022e3e,metro,m16_25,le20,dong,161,8,40,81,30,2,20.0,서울특별시,마포구,상암동,,상암동
apartment,8ae2e53d7626919e738b8c96900d16a5d8430f54cda5ec82a310dc81d694d87d,metro_city,le15,le20,dong,80,5,19,36,18,2,15.0,대구광역시,수성구,범어동,,범어동
apartment,8af46d887950d01f2a42f12f23f19714e7b57322c86508408ed58896c46f3a57,metro,m16_25,le20,dong,182,14,42,69,55,2,18.0,서울특별시,양천구,신정동,,신정동
apartment,8afb5e66c4bed3f37b53c017a5b8958ce2d0bccef318d0eb3e9d45785a9430e4,other_urban,le15,le20,dong,106,12,27,31,25,11,14.0,경상북도,문경시,모전동,,모전동
apartment,8b05ed189133b3980f2fac61a85b0fbfe5cc55bed863301310c034b92cfa4cb6,other_urban,le15,le20,dong,103,14,19,47,15,8,10.0,전남광주통합특별시,남구,봉선동,,봉선동
apartment,8b0a962fc3ab45e36196ce59a5c17d7400bd8f769be1be8033170a8cb0449cb3,metro_city,le15,le20,dong,193,9,35,72,64,13,11.0,울산광역시,중구,약사동,,약사동
apartment,8b2231c52a2dea26225fb0721a2822f6bbf14386006b25b83f013cd4a047b3cd,metro,m16_25,le20,dong,77,5,21,38,11,2,20.0,서울특별시,마포구,현석동,,현석동
apartment,8b27db45a8015fdc40c4bed3b09a3768bc79ea887fa89e77e4f4a89326940adb,other_urban,m16_25,m21_30,dong,119,6,35,51,26,1,22.0,전남광주통합특별시,남구,양림동,,양림동
apartment,8b289761f6e083eac8d5e69ee4078eb9c1b87fcecd6c6be199476d88cb6f5cc9,other_urban,m16_25,le20,dong,136,7,40,56,31,2,19.0,전북특별자치도,전주시,완산구,중화산동2가,중화산동2가
apartment,8b2ad28eb687ec7ed368ac3620c54a6ae5ccbf1a8b1b1cf1a35a98a261dbd162,metro,m16_25,le20,eup,56,5,9,28,13,1,16.0,경기도,용인시,처인구,포곡읍,포곡읍
apartment,8b346f98531bc8c23c5ddffe191c49fff5ecc47fb47ea0f2d59c432f64c38f33,other_urban,m16_25,le20,dong,185,6,64,69,37,9,20.0,전북특별자치도,전주시,완산구,중화산동2가,중화산동2가
apartment,8b359f8287036cfa2dd6203b0322eb4e6e6c9d805c1a13c217fc6d0a84ebd643,metro_city,le15,le20,dong,278,12,44,126,78,18,15.0,부산광역시,부산진구,개금동,,개금동
apartment,8b38fb6b721f794658bdb7b377400fb67e954d26c466c1533b443490d81f7c45,other_urban,le15,le20,dong,111,14,17,44,31,5,15.0,경상남도,김해시,내동,,내동
apartment,8b3f2822486e8109b2098d2efda5423cd441272df4b12c71acc158a40089b81f,metro,m16_25,m21_30,dong,66,5,22,23,13,3,21.0,서울특별시,중랑구,상봉동,,상봉동
apartment,8b406aa1df85a570568ff88811bd462b08a60e53be73feb7d3ed94540b1bd45f,other_urban,le15,le20,dong,118,5,17,55,35,6,15.0,전남광주통합특별시,목포시,상동,,상동
apartment,8b422a44d936101ff034aee532101b94936ed8a3345ff0d52d905211fa1b7cbb,metro,le15,le20,dong,158,11,44,59,36,8,14.0,인천광역시,서해구,가좌동,,가좌동
apartment,8b454234d0a31b02848d2ad862bc5da3cd8c45b5ea14c0c8b994d81c20250aed,metro,le15,le20,dong,64,11,0,30,15,8,5.0,인천광역시,검단구,마전동,,마전동
apartment,8b479959ab9e44abc8c050363fcc4f0b32b1747aebdc7be00521d34ea0cd523c,metro_city,le15,le20,dong,96,8,24,38,24,2,15.0,대전광역시,서구,만년동,,만년동
apartment,8b4b39eaa66a126e32bdfeda1632ca996a075e41e6a4b3dc6f6bd1702b2f5905,metro,ge26,m21_30,dong,231,7,79,104,39,2,29.0,경기도,고양시,덕양구,삼송동,삼송동
apartment,8b518696a327abcc7158cc8530581ae3186acca8b7b2498071a77a8dc39f4d35,other_urban,le15,le20,dong,125,5,21,59,34,6,15.0,전남광주통합특별시,여수시,웅천동,,웅천동
apartment,8b5c13f773b58b4b22efcbf37dde5145f0fe639a07bdd3defa32757cc88ea6ea,other_urban,le15,le20,dong,70,7,13,26,21,3,15.0,강원특별자치도,동해시,평릉동,,평릉동
apartment,8b616ad6fc744bc4d2c7e3f571c880b0d6a7fe037c17da6808e68c0ff27bb655,other_urban,le15,le20,dong,202,10,43,79,53,17,15.0,경상남도,진주시,평거동,,평거동
apartment,8b636d37105d09ac0fead3e6702604c7b1a5f1ae130d66e554f291d613a9890a,metro,m16_25,m21_30,dong,276,8,87,125,51,5,21.0,경기도,김포시,운양동,,운양동
apartment,8b68cdebbc17574481146399266b0bdf96cb6a3dd5a190ba1f0f5b117781eafe,nonurban,m16_25,m21_30,eup,72,5,18,27,20,2,21.0,경상남도,함안군,가야읍,,가야읍
apartment,8b778fc46b446e23881b6308b1cb2b136763c277bd143ae1315a17da0209b967,other_urban,ge26,m21_30,dong,268,11,97,122,35,3,29.0,전북특별자치도,전주시,덕진구,송천동2가,송천동2가
apartment,8b7b1fbfce170ca850ee957e78712dc1efc3a4d32098c14254ef1b1fa28acf56,nonurban,le15,le20,eup,57,10,0,27,12,8,6.0,충청남도,예산군,예산읍,,예산읍
apartment,8b81d21eff6f14f822cf49fb08a52c219b4ca01e06961e4940d35faa7bd6ccc1,metro,m16_25,m21_30,dong,170,5,32,76,52,5,25.0,경기도,양주시,옥정동,,옥정동
apartment,8b83b4dc794c0cbd3846b04e67dba5be6bfccec01e1ce01570e7af2503278087,metro_city,m16_25,le20,dong,135,8,34,58,33,2,20.0,대전광역시,서구,복수동,,복수동
apartment,8b853967a89c81d50ee06acef6cd4506f59d482e7f22ce4b5e6de4689649354f,metro,ge26,ge31,dong,138,7,46,64,20,1,36.0,경기도,양주시,덕계동,,덕계동
apartment,8b8bb1ac4f374ef938893756ec39a206d2151f4217faef8cd11c532e90f304b5,metro,m16_25,le20,dong,135,6,30,59,36,4,20.0,경기도,용인시,기흥구,신갈동,신갈동
apartment,8b9a90ed72c73181b7c186cd0d3a25a6fbd24bc8c9619e8fc811c8498c974289,nonurban,m16_25,m21_30,eup,216,11,47,104,50,4,23.0,전남광주통합특별시,나주시,남평읍,,남평읍
apartment,8b9b29928478b168be4f43c3c5ba69c915de70c8057dbd581ef0cd108bb70c65,metro,m16_25,m21_30,dong,165,7,37,76,43,2,23.0,경기도,수원시,장안구,율전동,율전동
apartment,8baa847c48acfa4516f1333cf24c5a13d3c7f98b4fb6fa56e9fa7dc99a9a2d15,metro,le15,le20,eup,63,5,18,16,19,5,15.0,경기도,양주시,백석읍,,백석읍
apartment,8bb2d1b4b427fee7204cf3fcaaf01e1e981cb5fde245b12aa8efa675ee526c2a,other_urban,m16_25,le20,dong,52,6,12,26,7,1,19.0,경상남도,창원시,마산합포구,중앙동3가,중앙동3가
apartment,8bc285c95446011e02c532227005753753a0f66b4994e2e4c4de9cb5fd358530,metro_city,m16_25,le20,eup,116,5,27,64,19,1,19.0,울산광역시,울주군,범서읍,,범서읍
apartment,8bcc8b8cc76ee3b4f5faf019733ab9889a181c1c4d5bcbbb9da123251984969c,metro,m16_25,le20,dong,273,5,84,109,64,11,20.0,경기도,화성시,동탄구,목동,목동
apartment,8bd6ed6cdb7ffbca2247813316ed50a7f2875b968b4769291798b52b2f34677a,metro_city,ge26,m21_30,dong,409,8,111,175,103,12,28.0,부산광역시,남구,대연동,,대연동
apartment,8be0b5547751b9067062ffac884122c1029fada5c19ba829ae5912301a5813b8,other_urban,m16_25,m21_30,dong,123,8,29,55,29,2,22.0,충청남도,보령시,명천동,,명천동
apartment,8be2041ae8833a937ced75212587e0e04a547c60cebc766900584523b10ce42b,other_urban,le15,le20,dong,102,23,0,41,23,15,5.0,강원특별자치도,춘천시,석사동,,석사동
apartment,8be22e07326e31f94a56ad70333f8b0cc8e1ee98e0fc86de2ee8c5b593735cde,metro,m16_25,m21_30,dong,128,8,53,45,21,1,24.0,경기도,성남시,분당구,백현동,백현동
apartment,8be309f2ee42e7f3241d2dfafab25801af75f6393041dc1deefc6bbbaaf2d562,other_urban,le15,le20,dong,96,5,17,47,26,1,15.0,충청남도,공주시,웅진동,,웅진동
apartment,8beac394c012ec611c43e2d94739d6ce127f7c5d125e1ef9d1b0cb7b3010a186,other_urban,m16_25,le20,dong,123,5,32,51,33,2,17.0,전남광주통합특별시,북구,운암동,,운암동
apartment,8bf14ee42f07d8c880fca958744c000a3e848bc17b99549dd18ac7415982cf22,metro_city,le15,le20,dong,51,5,7,26,11,2,13.0,울산광역시,중구,태화동,,태화동
apartment,8bf44146dfd7e16764a4a1b413a230784ad65094acd5f44147e8fc19b013bc3d,metro,m16_25,m21_30,dong,94,6,22,50,15,1,23.0,경기도,용인시,기흥구,보정동,보정동
apartment,8bf51aeec0c5c9d51ed2df07988c98504de631d8f6ab648cfc5ed64205e4df49,metro_city,le15,le20,dong,186,12,55,66,45,8,15.0,대전광역시,대덕구,법동,,법동
apartment,8bfa8dc23acd6c0750b45d328ac8d9a29158756aea7660584bc23f8b805526a4,metro,le15,le20,dong,90,16,0,43,11,20,5.0,경기도,과천시,부림동,,부림동
apartment,8bfdba0854a74b18029873cb277ddd0a634ceeea632533ca45719cc9c54fb0df,other_urban,m16_25,m21_30,dong,233,8,61,95,62,7,25.0,충청북도,청주시,서원구,개신동,개신동
apartment,8c07b5625b33822eea05371d1e6ea767d701c5d7a82961bf61b4d1265278e42e,metro_city,m16_25,m21_30,dong,111,5,44,39,22,1,25.0,울산광역시,남구,신정동,,신정동
apartment,8c1684e2373ce26c46359260b86122a23b5d247d2f247a44fff20c33baa77f06,nonurban,m16_25,m21_30,eup,171,8,44,74,40,5,25.0,충청남도,홍성군,홍북읍,,홍북읍
apartment,8c2d13c735aa49341d6dba4bf1f2298134ccc3d269dbcfddf740b8c66b95d07b,metro,le15,le20,dong,68,6,13,26,22,1,15.0,경기도,동두천시,지행동,,지행동
apartment,8c430f076ac0012af1bfe13f9d69c0de8a0a0cd7a719e8650903471b51c310bb,metro,m16_25,le20,dong,343,19,93,137,81,13,20.0,서울특별시,성북구,하월곡동,,하월곡동
apartment,8c4452a87f1325db64420e6047159752d017d312aac8e21b01008a13f2c9b77f,metro_city,m16_25,le20,dong,173,10,32,71,55,5,16.0,부산광역시,북구,화명동,,화명동
apartment,8c50822cd387978e7ad9436823d8f9495631df85a58e09fe1e0287aad4fa8ebb,other_urban,m16_25,le20,dong,140,8,35,46,42,9,20.0,전남광주통합특별시,북구,연제동,,연제동
apartment,8c5bf570d79f5284527a74fd7f7060311b9966f418283cccd3afcec2d7ee5da9,metro_city,m16_25,m21_30,dong,407,22,89,163,119,14,25.0,울산광역시,남구,야음동,,야음동
apartment,8c64681c86329558d8ffca5a5b666e23d96d30ff0b9ae9f5eb8cfd3034b4e965,metro,le15,le20,eup,97,16,0,37,22,22,5.0,경기도,평택시,팽성읍,,팽성읍
apartment,8c7fd8b75c4f79fb34bb3b9a8f21a0647d450ca95e4107acecc85300d389f4d0,other_urban,m16_25,m21_30,dong,109,6,16,49,34,4,25.0,충청북도,청주시,흥덕구,송절동,송절동
apartment,8c90e240cec876f2524cfb7a33bf0a6860a92582efe50c22fa22b060b2033f13,metro,m16_25,le20,dong,122,7,30,59,23,3,20.0,경기도,구리시,수택동,,수택동
apartment,8c9fb483e3c4ebb3303571b16e98a84f3f3f1b123354427d8c7ee43bc49cbf58,metro,le15,le20,dong,146,7,38,60,33,8,15.0,경기도,고양시,덕양구,행신동,행신동
apartment,8ca4a9d73063d659a36d9fd843856b4059db9db489fd7a329d4d7e30452446ce,metro,m16_25,m21_30,dong,168,6,55,71,35,1,25.0,경기도,파주시,목동동,,목동동
apartment,8cb1e07386b11e555f2dcc621b8608529a9af035875c9d1c8ed56113810eb900,metro,m16_25,le20,dong,137,5,44,55,32,1,20.0,경기도,화성시,동탄구,신동,신동
apartment,8cb3b6abb930fe8d17fa55c59ef432113249c5a291008ecf02e4b3619ba0c8f6,other_urban,le15,le20,dong,130,21,0,49,25,35,5.0,경상북도,구미시,황상동,,황상동
apartment,8cba1389e4b71e8fcbed251e67140a222357b546255d5004380edade8fa4999c,other_urban,le15,le20,dong,59,12,0,26,9,12,5.0,전북특별자치도,익산시,마동,,마동
apartment,8cc79a5e91ec4cf4c599250370f4aa3513d766c29fd81968c61379241554047e,other_urban,le15,le20,dong,128,7,31,43,40,7,15.0,충청남도,천안시,서북구,두정동,두정동
apartment,8cc85431004eaaab3f6dc2c0beeabd1c35d2140a5db83a273ff54d51d1e841b5,metro,m16_25,le20,dong,133,8,35,54,35,1,18.0,경기도,고양시,일산서구,탄현동,탄현동
apartment,8cdc1fe6dd2ae04ccbe3d5e45960ee666caf7babecfd5d3b4b50531e75d52948,metro,ge26,m21_30,dong,560,20,178,268,90,4,29.0,경기도,화성시,동탄구,송동,송동
apartment,8ce5a6b977ed699831244a42527fb3875cb7a3314b84b4276adf91f67b2298d4,nonurban,le15,le20,myeon,662,47,137,287,150,41,15.0,충청남도,아산시,신창면,,신창면
apartment,8cfd92aba86857dcd1d4310a52ad1d80a38d021c25d8c2024724dc61d3aa9232,metro_city,m16_25,le20,dong,110,7,29,54,18,2,20.0,대구광역시,달서구,성당동,,성당동
apartment,8d016ec18d84fffad59aa9cad8fc5b3abc91ccda14527a8c852c3718f5562fcd,metro,m16_25,m21_30,dong,129,9,24,66,28,2,23.0,경기도,광주시,탄벌동,,탄벌동
apartment,8d07b46755c2788a846e7c00611d9a77c163b6184a9acfc4d5ce040d4283b58a,other_urban,m16_25,le20,dong,238,13,51,90,66,18,20.0,전북특별자치도,전주시,덕진구,송천동1가,송천동1가
apartment,8d0aae4c7b6b63abdf2fb22c6e56570ef9dc9af6586fcf5cb73bcc5de5de5787,metro,m16_25,le20,dong,134,6,30,72,23,3,19.0,서울특별시,동작구,흑석동,,흑석동
apartment,8d19c10c7e30f27950b0406d28e188795694d0127bd3fe2c1f58b1c3e2a1a90e,metro,le15,le20,dong,331,19,67,148,77,20,15.0,서울특별시,강서구,가양동,,가양동
apartment,8d33e09b0a124bcb770fab19f0381700bd36e0f376d199f8432fc7c9bc79d6f3,metro,ge26,ge31,dong,415,16,143,216,38,2,33.0,경기도,화성시,동탄구,목동,목동
apartment,8d3e8578c2c7fd4fd96e2c3b5e96f2ad7611f2e06746a4f83ce109ebd25a59a0,other_urban,m16_25,m21_30,dong,92,5,17,31,35,4,21.0,전남광주통합특별시,광산구,장덕동,,장덕동
apartment,8d3eea256b2436e1205ccd6c83fbae21d573e3ee03620a055d995e433195362e,metro_city,m16_25,le20,dong,139,5,46,46,38,4,20.0,대구광역시,북구,칠성동2가,,칠성동2가
apartment,8d46d65772782afdaa0abc554b183bf68d8fb5858bd1c7de4a9985e862388a9f,other_urban,le15,le20,dong,143,16,21,52,40,14,12.0,충청북도,충주시,연수동,,연수동
apartment,8d4a9280d50b80224561d60b0260ce6b0a170e91cdd39dc9e4c14e9630c41c11,metro,le15,le20,dong,69,6,16,31,15,1,15.0,인천광역시,부평구,삼산동,,삼산동
apartment,8d56246c188f588cb40e25e3040254e838fceed4ee25486abec9592806530846,other_urban,le15,le20,dong,327,31,67,122,89,18,14.0,충청남도,천안시,동남구,신부동,신부동
apartment,8d5bc04cdb8c81767c7c1b945c8c1bf7a5bb42cc6644bf06377b30977ebf8a4d,nonurban,ge26,m21_30,eup,305,13,93,125,73,1,28.0,경상북도,구미시,고아읍,,고아읍
apartment,8d6f770d0e6aa8deb8f336a3bb02dca991aef26ef3359d1ed88965be61b7dae4,nonurban,m16_25,m21_30,myeon,214,16,56,105,36,1,25.0,충청남도,계룡시,두마면,,두마면
apartment,8d74b5ed6b295b07890ab2ed8985c2e282319ce842d7155cd50121e177ec7d5b,metro_city,m16_25,m21_30,dong,60,7,10,28,13,2,23.0,부산광역시,영도구,청학동,,청학동
apartment,8d7a1b347a4eff432ac5ce35d91ec8fa0a028de19eff0599fa4e0a1d48e44ec5,metro_city,le15,le20,dong,189,12,40,75,50,12,15.0,대구광역시,북구,검단동,,검단동
apartment,8d86065cbbbce2022aa33121c07fd3616c7ba6254757cc4c36440471d8b6f3c5,metro,ge26,m21_30,dong,401,11,130,190,66,4,30.0,경기도,하남시,망월동,,망월동
apartment,8d9246a0eee9670cf32013222c2a49bdd467638ae47c0d63701dc55e223c0318,metro,le15,le20,dong,58,6,11,20,20,1,15.0,경기도,양주시,덕계동,,덕계동
apartment,8d946557791c68a6d0f4829bf14b7156b94a91e4f7b8450e6abe1172e86f91ea,metro_city,le15,le20,dong,71,15,0,26,15,15,5.0,대구광역시,서구,내당동,,내당동
apartment,8d95469b96674e618217bcb2bd160d4e0ebbb7b1ef63b82e917d270cf66f7829,metro,m16_25,m21_30,dong,381,14,128,214,21,4,23.0,경기도,안양시,동안구,관양동,관양동
apartment,8d9c33f0368e5df9a4ab10c49b7a14fdfc5f9999d0f61a9245bddf9fefcff1cc,metro_city,le15,le20,eup,50,6,9,20,14,1,14.0,부산광역시,기장군,일광읍,,일광읍
apartment,8da01a2ff8e44f78ea0c86d5ef6dfdfb2692b1ef33b3aa060d89d70bbd56c112,metro,le15,le20,dong,102,6,24,42,26,4,15.0,서울특별시,송파구,방이동,,방이동
apartment,8da209776d12171af21f6e87a13c6606f21c5110bac087305c8d48ea8408606b,sejong,le15,le20,eup,90,8,19,41,18,4,15.0,세종특별자치시,,조치원읍,,조치원읍
apartment,8da4dbfbd1485eccc4e5efc45f65561d32551132a9c6c2a06bdd47ff0b7ec7e5,metro,le15,le20,dong,50,6,8,21,6,9,10.0,경기도,시흥시,정왕동,,정왕동
apartment,8db8aa98f1bd04b21ad730b4517a876cc5f70ddb584bc350b2e7aef012cb35ba,metro,le15,le20,dong,103,5,26,34,31,7,15.0,인천광역시,남동구,만수동,,만수동
apartment,8dbe2575b768c9dbfd8553a8c7b2cbade5aa5b13d150c54c823973b7234ce588,metro,m16_25,le20,dong,223,23,61,87,46,6,20.0,경기도,용인시,수지구,상현동,상현동
apartment,8dc5d5cfc991075f1802ae9f6689bfd070346d9a5db9409f8216dbdf6d69241f,metro_city,m16_25,le20,dong,93,8,22,35,21,7,16.0,울산광역시,북구,매곡동,,매곡동
apartment,8dc66883c2b26d8acbfb4d5aac13c7b18f58f52a8315b2268bb7e7b0f33a8aec,metro,le15,le20,dong,90,9,15,32,28,6,15.0,경기도,김포시,사우동,,사우동
apartment,8dde3a08d1496c7d177c027e3c29e2f8a3fc734365249179ca06312bc664805c,other_urban,le15,le20,dong,188,18,40,74,44,12,15.0,충청북도,청주시,청원구,율량동,율량동
apartment,8dea2088a5442bd695ac8085f2327431dc5521e53e1a6d0c3fc45956dfbe3a98,metro,m16_25,le20,dong,162,8,45,73,28,8,18.0,경기도,화성시,효행구,기안동,기안동
apartment,8defa0f4c11565909e0c8de1542009527cab7e9538a175f799d96665af09237a,nonurban,le15,le20,myeon,112,6,23,61,16,6,12.0,강원특별자치도,평창군,대관령면,,대관령면
apartment,8e0309058f92032e098068f3f6a3611926cdab3d0999ab3002a1ee0404c97536,metro,m16_25,le20,dong,143,7,31,61,39,5,19.0,경기도,시흥시,포동,,포동
apartment,8e06bfa31eec56aa4fe6660aabb67b756c88a28455e481d9213be6a60603cb75,metro,m16_25,le20,dong,114,5,19,42,40,8,17.0,경기도,용인시,수지구,풍덕천동,풍덕천동
apartment,8e06dadb474fed3c07309c1b5145d1d9980348e5f1ad12e90f6281eeb1a23845,other_urban,m16_25,m21_30,dong,227,5,60,119,40,3,25.0,경상남도,진주시,충무공동,,충무공동
apartment,8e178fa5d0e18ca95ca91a5dc78fbc4442a4b8fae405525e58f2605456e3221c,metro_city,m16_25,m21_30,dong,102,7,20,59,14,2,23.0,부산광역시,해운대구,좌동,,좌동
apartment,8e378e5f2fe56456ec1d7547040877d76fea8117eab9a9f5b171f2b633fb2237,metro,m16_25,m21_30,dong,144,5,41,59,34,5,25.0,인천광역시,제물포구,송림동,,송림동
apartment,8e40eb577834f800e446afe7757ddc44e244e05cd8195f4648cecbcb915b767c,other_urban,ge26,m21_30,dong,358,5,85,181,86,1,26.0,전남광주통합특별시,동구,계림동,,계림동
apartment,8e51e934153fd6f52d2e4b0f86e508dbc3ded4b7fa74316d51a878aa588558d8,metro_city,m16_25,le20,dong,194,5,40,89,51,9,20.0,대구광역시,북구,산격동,,산격동
apartment,8e5d43b44a4c3ceb8c2705c51bb808075fd1b00a2a9c80ff76dee9f6c03a5272,other_urban,le15,le20,dong,133,6,29,52,38,8,15.0,전남광주통합특별시,여수시,문수동,,문수동
apartment,8e94c2b95ec45095c5b67321e739589b0c24fc2a9772cfd9002eb843a8771efd,metro,m16_25,le20,dong,136,8,27,50,46,5,18.0,경기도,용인시,수지구,죽전동,죽전동
apartment,8e963dc59639c840d02665f2ff457fe4c3a7043ae24adbffb0c538d16c5ad21c,metro,le15,le20,dong,66,7,12,30,16,1,15.0,서울특별시,영등포구,신길동,,신길동
apartment,8e9e15a262af3492edd4b215f160d30902e22f9e6a691a20f8cf6f0eb3c29b3f,other_urban,le15,le20,dong,51,5,11,23,10,2,15.0,경상북도,구미시,오태동,,오태동
apartment,8eab0b7d2031c7cab940f72bde83255f6bc42ab1a0664880cc4bc2a2d2d49aaf,metro,m16_25,le20,dong,131,6,40,58,24,3,20.0,경기도,남양주시,호평동,,호평동
apartment,8eb090c62e591f44398181a7dde7c1872f306b821e424fa924e50b1b8e285304,metro,m16_25,le20,dong,99,5,29,26,36,3,17.0,경기도,고양시,일산서구,탄현동,탄현동
apartment,8eb256e9d79468d6637e9dd3c273ac46d1bb674cd7560de057c91196e3d0fefd,other_urban,m16_25,le20,dong,105,8,29,46,18,4,19.0,전북특별자치도,전주시,덕진구,송천동2가,송천동2가
apartment,8eb88e0bd14719a515c0deabfb4aee0dbf3a555922b7e197db1373cef5ba0c22,nonurban,m16_25,m21_30,eup,260,8,63,136,48,5,25.0,충청북도,청주시,청원구,오창읍,오창읍
apartment,8eb90605d09fed5b1d546d7efdf68900846371fff858a2b96f45e471c79cb299,nonurban,m16_25,le20,myeon,159,10,51,55,38,5,17.0,충청북도,진천군,광혜원면,,광혜원면
apartment,8ebee1626fd783f77ac8156f44843d985c2c20a04cd55ba70187414f7b27a335,metro,ge26,ge31,dong,143,5,50,53,34,1,34.0,경기도,용인시,처인구,유방동,유방동
apartment,8ed06054607a5ba0cc255ba76823e6bb6f0663cb5a2c21437eaa818d671abadc,other_urban,le15,le20,dong,90,7,13,39,27,4,15.0,경상남도,양산시,평산동,,평산동
apartment,8ed3fc6f600c45c2cd8ab820479b0192ecb01412bdc78f0be68a47484a222d0d,other_urban,m16_25,m21_30,dong,221,6,49,102,57,7,25.0,경상북도,포항시,북구,창포동,창포동
apartment,8ed8a96516c330cebba305e434a11fe608bb61dcc14c11a6b0f83a4a4e5f03fd,metro,le15,le20,eup,58,6,8,22,21,1,15.0,경기도,남양주시,오남읍,,오남읍
apartment,8edd7016dc9814703fde582a462e52d2d5d8f9d9b19fef03bb74768931a7009f,metro_city,le15,le20,dong,140,7,22,57,44,10,12.0,대구광역시,북구,관음동,,관음동
apartment,8ee0449d244a1680e19e14677173d1f8dc85d8a0229611675f44c521e92ecd8e,metro,ge26,m21_30,dong,244,19,121,75,27,2,30.0,경기도,성남시,분당구,서현동,서현동
apartment,8ee1bfc85aff6dee21482971f740257d1fc3f15d80ae221d6a88404b3350003b,other_urban,m16_25,le20,dong,146,9,30,62,41,4,18.0,경상남도,김해시,부곡동,,부곡동
apartment,8eee0f61a440be3fa001d1301c5f575e2fc2a2367cf21ae9bcc0e0d6bfb988b3,metro,m16_25,le20,dong,254,14,84,120,35,1,20.0,서울특별시,성동구,옥수동,,옥수동
apartment,8eeea41bbb1847137251beca0c33fbedcf0267cb7e23d22cc7294851b922ca21,metro,le15,le20,dong,58,8,6,31,9,4,15.0,경기도,고양시,덕양구,행신동,행신동
apartment,8ef75901ec9b95ecb1e1bf14a3a0e0835da639ca687d88e1fe38b088093a3203,metro,le15,le20,dong,204,9,47,90,48,10,15.0,서울특별시,강서구,가양동,,가양동
apartment,8efc055d2e3c416d1b7b5b1ccceada8454a2956ef4ae2a710d595bb3289ac6ff,metro,m16_25,m21_30,dong,529,24,161,233,103,8,25.0,인천광역시,남동구,만수동,,만수동
apartment,8f0697a34526f434ed982fb79f91446fc56636b3ac9b01da5f2eb50702e8d26b,nonurban,m16_25,le20,myeon,296,14,83,130,64,5,20.0,충청남도,당진시,송산면,,송산면
apartment,8f122c6cf55783a4bbca17f7457c8e08d063fe5be8319413237d806159c82636,metro,le15,le20,eup,202,15,25,97,53,12,13.0,경기도,평택시,팽성읍,,팽성읍
apartment,8f28442ce2ad227091c980ee8b4e008676ccc259484642f700db7157ecf98fac,metro_city,le15,le20,dong,101,6,15,46,24,10,13.0,대전광역시,동구,인동,,인동
apartment,8f2cf7786df0ecff27cd57ca730ad404bfa5e478a1f73b84d122aacf58e30142,other_urban,m16_25,le20,dong,152,7,35,71,38,1,18.0,경상남도,김해시,구산동,,구산동
apartment,8f33b1b3adbcd3a7d66b63e036198ed505fbadbb4b697df056dc03eef22638bb,nonurban,le15,le20,myeon,72,7,21,22,19,3,14.0,강원특별자치도,인제군,북면,,북면
apartment,8f47bff957e53a85cd6125c2665844bdc758b4e404736f61c644c6ae1611bc7e,nonurban,le15,le20,eup,73,7,14,28,16,8,8.0,충청남도,홍성군,홍북읍,,홍북읍
apartment,8f4b2b4f4e8e9423d2cefc6203afb4fcbbff676395afdf9296c5144d3503eb4c,metro,m16_25,m21_30,dong,118,6,39,63,8,2,24.0,경기도,남양주시,평내동,,평내동
apartment,8f4c2ff596b60ca4ec68cf815dcd78edb0b605bb78983758dc11d71f9d4b56f4,other_urban,m16_25,le20,dong,108,5,32,39,25,7,20.0,전남광주통합특별시,북구,연제동,,연제동
apartment,8f4f0e99cbc21880c55e41de90f79b0aabef0bf3d60d34b1f89ef2bbd10688ef,metro,ge26,ge31,dong,107,6,41,52,7,1,35.0,서울특별시,광진구,구의동,,구의동
apartment,8f52e18b224e386cfce20b330bf2324de6a483a566b0685f5caa2c8ec3a22b3b,metro_city,le15,le20,dong,165,12,27,73,44,9,15.0,부산광역시,사상구,학장동,,학장동
apartment,8f56ecda67adda9019610aece44d16e917ca67d658b57c0af214dff64e85f56f,metro,le15,le20,dong,115,5,27,45,36,2,15.0,경기도,평택시,세교동,,세교동
apartment,8f5ad4f12ede3bbae54ae4020e9a9bcd2a3da58171e06a10da99feb0c07ee637,metro,m16_25,m21_30,dong,82,8,22,31,19,2,21.0,경기도,고양시,덕양구,삼송동,삼송동
apartment,8f5c6f0e3078f2af4a8fd6a3fb7c421965f040bca66b8d23de9bc59ffc825cf7,other_urban,le15,le20,dong,152,11,35,60,37,9,15.0,전남광주통합특별시,광산구,신가동,,신가동
apartment,8f6e05ce483f8fee2d57aa6eddedcb2ec1ac893355cd9fe10fe1451f1c7a85a7,other_urban,le15,le20,dong,55,15,0,22,12,6,5.0,경상남도,밀양시,삼문동,,삼문동
apartment,8f740b08387b77c55ad6bdcf8cb27f3d8bd40b41d5dd6bec11a5b6dd6604f820,other_urban,le15,le20,dong,88,11,27,29,13,8,15.0,전북특별자치도,군산시,소룡동,,소룡동
apartment,8f7515af679f3b8a8f825a743255a1471772f1975523ac0e901d412334e3ba4b,other_urban,le15,le20,dong,139,5,25,58,42,9,15.0,전남광주통합특별시,순천시,조례동,,조례동
apartment,8f7e11ac5f4e49f073eee318ae21d5b20b3dcad4ac6a13338f76d231c10b04c6,other_urban,m16_25,le20,dong,50,5,14,18,12,1,19.0,전남광주통합특별시,남구,백운동,,백운동
apartment,8f847655e19b9583a1cfafd3a8ea54f5671f653d463ef8b2bb2e7afe7bd79ac8,metro_city,m16_25,le20,dong,474,29,135,215,93,2,18.0,대전광역시,유성구,어은동,,어은동
apartment,8f87789333dd229ef44a64ed9b6d1afac64b9b0c2279b97cb854c487bfdee7df,metro,m16_25,le20,dong,100,9,18,46,25,2,18.0,경기도,성남시,중원구,중앙동,중앙동
apartment,8f947780c37bef4cb3ca851042e619be45656256bfb232a20298f2d277033df0,metro,m16_25,le20,dong,115,5,15,57,32,6,18.0,인천광역시,부평구,갈산동,,갈산동
apartment,8fb8cefb69386266246f2cea4c83f25e8256c04acc42e5dbc32bfe6262040eb8,other_urban,le15,le20,dong,224,11,38,99,57,19,15.0,경상남도,양산시,삼호동,,삼호동
apartment,8fc7785180b8c61ebd7d8efed912aa321ce64652bbe1c66250fa60aa16bd567c,metro_city,le15,le20,dong,170,16,29,80,37,8,15.0,대구광역시,북구,관음동,,관음동
apartment,8fd49652d8f9bbe8c12ef6e9bf4312915d85002303ff64a2a4c2bf29a7e826de,other_urban,le15,le20,dong,301,14,59,123,86,19,15.0,강원특별자치도,원주시,단계동,,단계동
apartment,8fd8262feb45dca4ed8a4ceb5ebd648a74543078ffb23c959d0134619f049eb7,metro,ge26,m21_30,dong,161,8,55,67,30,1,27.0,경기도,군포시,산본동,,산본동
apartment,8fdbad8840458e9c2ea958038c7adad510a2b08781a64d7cc6d0d9111bd00edd,metro_city,le15,le20,dong,203,22,30,88,51,12,15.0,대구광역시,수성구,상동,,상동
apartment,8fe39b069d1778c6dc69e25d001c7e9758e820088b9d28dbc148c30b96c8af78,metro,le15,le20,dong,64,10,0,33,14,7,6.0,인천광역시,미추홀구,주안동,,주안동
apartment,8ff6b80d81c988590e2f5cffc2a7e4cb17fb20dc89ffed352e3d6a3a885f20de,other_urban,m16_25,le20,dong,165,7,44,68,43,3,20.0,경상북도,구미시,공단동,,공단동
apartment,8ffcc38adf2fb8542b27bb6f964c394e3ccd4df6159d7c4a3766e03f1734231a,metro,m16_25,le20,dong,152,11,41,64,33,3,18.0,경기도,성남시,분당구,운중동,운중동
apartment,8ffcd3a44857dbcc07b3c2fb7b79bd90fdd211427b959456b285aae5b89b95d4,metro_city,le15,le20,dong,81,13,24,23,17,4,11.0,대전광역시,서구,도마동,,도마동
apartment,900a9b3aa3f73adffd2e5fa5aea00b99b8eb46d3169426b8203181c4f1780e26,metro,m16_25,le20,dong,109,11,42,41,13,2,20.0,인천광역시,미추홀구,주안동,,주안동
apartment,9017daef3cda53991c9e106411ba6e6f16c159bb86db1cb0078e77a89aa7512e,metro,le15,le20,dong,63,7,14,26,14,2,14.0,경기도,고양시,일산서구,대화동,대화동
apartment,9018b0ac0bd4b40e108251215f567ef8165e50595de91fb95dbbd6e857442817,other_urban,le15,le20,dong,138,8,32,66,27,5,15.0,전남광주통합특별시,순천시,조례동,,조례동
apartment,9020799cc1d36fa1c78f1b7aed0153d87a843e4c23147097d2abdaae82c6e372,other_urban,m16_25,le20,dong,101,9,26,40,24,2,18.0,충청남도,천안시,서북구,쌍용동,쌍용동
apartment,90331815cb47ae210cbd1438890c50d614401d2d959b903ce896b2eec11d1551,other_urban,le15,le20,dong,129,8,33,49,30,9,15.0,강원특별자치도,원주시,단계동,,단계동
apartment,9036717d838f4fa2119d1dbe0599dde0ad2ee095f787ab4f4fe99c2d15de5106,metro,m16_25,m21_30,dong,113,5,24,64,19,1,23.0,경기도,평택시,서정동,,서정동
apartment,904ac782bf66f6e33ba80816571f3a7a5c79416411ea3e7ff85cd73d6f356e9d,metro,le15,le20,eup,70,16,0,27,14,13,6.0,경기도,연천군,전곡읍,,전곡읍
apartment,9051a3913bcf82420262ba8aa76c099eff89949141e8ee27b5571f69a2d6f37f,metro,m16_25,le20,dong,134,7,49,50,27,1,20.0,서울특별시,동대문구,청량리동,,청량리동
apartment,9057cf4d7aaabea47843ddaa1b342187560e317186c59b229dfbeadd3e43f06d,other_urban,m16_25,le20,dong,197,12,56,98,29,2,20.0,전북특별자치도,전주시,완산구,효자동1가,효자동1가
apartment,9068436eeaba245d661f0c5264786e92de4e685be0d32836dfc5b92272906520,other_urban,le15,le20,dong,163,7,37,68,43,8,15.0,강원특별자치도,춘천시,후평동,,후평동
apartment,906fd417dc0ff8e4be698ab396cd67ee14b4652d5b839f799cce7ec8e7d5786d,metro_city,ge26,ge31,dong,316,8,88,148,67,5,35.0,부산광역시,수영구,망미동,,망미동
apartment,9077c0a4d662a197f6d3b1e16d51a235b69a20e68092c6fd11b3e6448d2076e7,other_urban,le15,le20,dong,83,19,0,32,18,14,5.0,충청북도,청주시,흥덕구,신봉동,신봉동
apartment,907af76a4139dc07b53f5e6e5f3f756114cca1a848766926a40f40c3f0a7af1a,metro,le15,le20,dong,87,11,16,34,24,2,14.0,경기도,수원시,권선구,권선동,권선동
apartment,907cb9f05b98e86b30d2c9a0042fe9e7c1fa96696e47ca23b277081cdd541d6f,other_urban,le15,le20,dong,95,23,0,47,13,12,5.0,경상남도,거제시,장평동,,장평동
apartment,908f78b9d998fd43aefdac9ea0b7ea6729878be230c8a360251aaf6e9df1585b,other_urban,m16_25,le20,dong,89,5,24,37,19,4,18.0,전남광주통합특별시,순천시,연향동,,연향동
apartment,90a0ffa706237dea50735180e22adeef395cb988d848952f20971351e1a425df,other_urban,m16_25,le20,dong,119,9,23,48,34,5,20.0,전남광주통합특별시,서구,풍암동,,풍암동
apartment,90a5a6988fbfde7def64b2b66a63ca44c591d63a42222bdbad99f2e6f39feb4d,nonurban,le15,le20,eup,113,7,19,46,36,5,15.0,충청북도,증평군,증평읍,,증평읍
apartment,90acd635781e0bc70a13cacfb897f10b397bd824c337e4d758df412cc8e8cbf7,nonurban,m16_25,le20,myeon,56,9,11,28,6,2,17.0,강원특별자치도,춘천시,동내면,,동내면
apartment,90b17056fa54960a44424d86672820ab51b101a1df5418ec8868d6075c5cffbd,metro,ge26,ge31,dong,473,12,149,197,114,1,34.0,경기도,군포시,산본동,,산본동
apartment,90b81e1374ddd51b0c2733f7ab0b59b88a5935bcabf8f52d481dc668502fdd33,metro,m16_25,le20,dong,104,6,36,44,14,4,20.0,경기도,용인시,기흥구,언남동,언남동
apartment,90be654a8f41710e54009a0031554cf51288afc2875078f6b422ef2df2aff148,metro,m16_25,m21_30,dong,255,16,77,100,54,8,21.0,경기도,안산시,단원구,선부동,선부동
apartment,90cb3db3b5e1ecb28ecc079359904c1359a5d3a640b8d515f932789ddc0bb300,nonurban,le15,le20,eup,75,9,7,29,21,9,9.0,경상남도,창녕군,창녕읍,,창녕읍
apartment,90d00f58976040c00752fc4ccb0afb172ff78ed8eb72e97d575376f9dddd4105,metro_city,ge26,m21_30,dong,122,5,32,59,23,3,28.0,대구광역시,달서구,월성동,,월성동
apartment,90d72113da4c883796a340fb228c6e435f91b0f5109e9fe94101d456a7cfd7c4,metro,m16_25,m21_30,dong,131,7,37,70,16,1,22.0,경기도,성남시,분당구,정자동,정자동
apartment,90d97a0ade061c35ea7a29c919b7d8155a9e97b5ecd4789e9718ee5f862f555a,metro,m16_25,le20,eup,94,6,32,42,12,2,20.0,경기도,안성시,공도읍,,공도읍
apartment,90df42c674e0640b9e9b6138f9f8b128b21f0dbb142cdaff579a3781c6be7aa8,metro,le15,le20,dong,75,7,12,26,26,4,13.0,서울특별시,강남구,압구정동,,압구정동
apartment,90e8e73dd825abd7409c781ed9c36e8033934b8087ca71d433ffe4e1ccaab507,other_urban,m16_25,le20,dong,207,9,53,89,46,10,20.0,경상북도,포항시,남구,대잠동,대잠동
apartment,90f05055f79cf0620a9f625d6e2c0e4b08b11543ec7e041a25a53b3db5b7fd5e,nonurban,ge26,m21_30,eup,186,6,69,91,18,2,30.0,충청남도,홍성군,홍북읍,,홍북읍
apartment,90f120c920f0dfcd57d442e83a5a4acff831fccc9bf1f563f488dfe5b13e05a0,other_urban,le15,le20,dong,82,8,9,32,25,8,15.0,전남광주통합특별시,목포시,산정동,,산정동
apartment,90fac456236d1a3ac7a6214c19402940e618117c7fb79c3199e0417ca447c946,metro,m16_25,le20,dong,73,6,20,17,28,2,18.0,경기도,용인시,기흥구,신갈동,신갈동
apartment,90fedf5712522e9538b3ce6c7662ca5edb43cd3ef56aba1bf972729dd19ee828,other_urban,ge26,m21_30,dong,240,8,67,108,55,2,29.0,강원특별자치도,원주시,단계동,,단계동
apartment,910122b6654d81d8b9d0ff7fa2b9b21007f8e1a1b1044c0e84bc7d7619e9de9a,other_urban,m16_25,le20,dong,114,5,30,37,37,5,20.0,충청북도,제천시,강제동,,강제동
apartment,9102fd52f9e4695673886faa8e8d5bf87cb1793bd1714850868a3c23fe96a960,other_urban,le15,le20,dong,128,11,40,49,27,1,15.0,경상남도,양산시,어곡동,,어곡동
apartment,9103a65df6ccd9998918ba3415068a6e35f55238c059b7a5a96252454628c971,metro,le15,le20,dong,90,7,18,37,23,5,15.0,인천광역시,검단구,마전동,,마전동
apartment,9104fceea1c080b102d2c46bfee17b8b2ff57d4887e7d0e21b91196723cecf5d,metro,m16_25,le20,dong,269,13,77,131,39,9,20.0,경기도,성남시,분당구,금곡동,금곡동
apartment,910e1f65485868667824cfde89079840e177b489528e61f8e6f1c2818c92f333,metro,m16_25,le20,dong,155,5,35,66,41,8,20.0,경기도,파주시,동패동,,동패동
apartment,910f9997a14691372462e762ad08c59f455c888fadae4a8713d0a27c1559af34,other_urban,le15,le20,dong,112,10,31,46,21,4,15.0,충청북도,제천시,청전동,,청전동
apartment,91158baf8f51b3bd5beebc4a77032fab413242dfd5447398b6d485d1932bbb14,other_urban,le15,le20,dong,72,5,13,29,20,5,15.0,전남광주통합특별시,여수시,여서동,,여서동
apartment,911e6ab8191e71275695af99550050809acf7213ddf108c3930415b1f7974204,metro,m16_25,le20,dong,200,11,52,89,37,11,20.0,경기도,부천시,원미구,중동,중동
apartment,911fc0d7ff499c5c8a9453ecaf3718906b5ff590e05594f37c6b585e637b3d20,metro,m16_25,le20,dong,179,6,60,82,29,2,20.0,서울특별시,관악구,봉천동,,봉천동
apartment,9121799ca572cdb79f382a8e1219b92b8f110d7289843cba3342e26b2559847c,nonurban,le15,le20,myeon,110,8,17,56,27,2,15.0,강원특별자치도,강릉시,연곡면,,연곡면
apartment,9125e71cf0fa59045a1b2e3a3638205952c230e9b5b23300f97080b92c7f6934,metro,m16_25,le20,dong,106,5,30,44,21,6,20.0,경기도,고양시,일산서구,일산동,일산동
apartment,912cdfb7a0e322b14673ce8c08fd5d66f61425eac3fca3f6bd2664c74180f9de,other_urban,le15,le20,dong,250,16,37,116,54,27,15.0,경상남도,진주시,평거동,,평거동
apartment,912e3084c892240de96707889054125b2c84f33d89ae432a97bab59d2ced26e4,other_urban,m16_25,m21_30,dong,174,9,44,79,41,1,22.0,충청남도,당진시,읍내동,,읍내동
apartment,913ed254ea5ccdc9deee1dba7913c6b2c8e4154b375fa4441f4fac9061ef8828,metro,m16_25,m21_30,dong,92,8,25,37,21,1,23.0,인천광역시,남동구,구월동,,구월동
apartment,914011c8dc86fada7b8ff4f39143e80311b7ee5c42a10617b70e0b522bf3e6b4,other_urban,m16_25,m21_30,dong,186,13,47,88,37,1,23.0,경상남도,창원시,마산합포구,월영동,월영동
apartment,91506af0349c824c2ae2cd7626e619983d37fe0b3bd8754a04277d94ea672932,metro,m16_25,m21_30,dong,221,13,55,94,58,1,22.0,인천광역시,계양구,작전동,,작전동
apartment,915e042232912d0bc7ca1b473dffb8cfc51c8cf03bc81508c535ba3034cc7b2a,metro,ge26,m21_30,dong,168,5,52,76,33,2,28.0,서울특별시,동작구,상도동,,상도동
apartment,917143f73f7528bfbf093504ef69f9debab3c4e1b05e030dc735b12f4682e1b3,metro,le15,le20,dong,101,21,0,45,19,16,5.0,인천광역시,제물포구,화수동,,화수동
apartment,9172635992074708113c622d3ab66e07bb8cc7176370e98ba1318050f70ce688,metro_city,le15,le20,dong,78,5,18,32,19,4,15.0,부산광역시,부산진구,가야동,,가야동
apartment,919108f59386b0c3e6e98fba19aab846d5b5c6785c3356853044bd5c587e735e,nonurban,ge26,m21_30,eup,530,11,137,212,163,7,28.0,경상남도,양산시,물금읍,,물금읍
apartment,91918c10ab5960c2eaf2ef8563b15569337defe6b2390ecb70d4644cd4049176,sejong,m16_25,le20,dong,117,8,36,56,16,1,18.0,세종특별자치시,,고운동,,고운동
apartment,9198499ce6c8001b276fc528420a44d50b3a7ad25072263ab2111ae8daf8e10d,other_urban,m16_25,m21_30,dong,177,8,32,88,44,5,25.0,전남광주통합특별시,북구,각화동,,각화동
apartment,919a23e4b4b5ee96d5cc4115842cd1644e81e6f71461032b7203a14d680d6e07,other_urban,m16_25,m21_30,dong,357,11,113,138,94,1,24.0,경상남도,김해시,장유동,,장유동
apartment,919bfe7f15b55bd0af956fdc984636107a5024c6e84b8ef23a4138acfadb91bd,other_urban,le15,le20,dong,349,27,59,130,107,26,15.0,충청북도,충주시,연수동,,연수동
apartment,91a93edc2f5b81dd9c194d2fbf646b851bcca8b456c4fb8822be3064a2a36ad6,metro_city,le15,le20,dong,52,7,10,18,12,5,12.0,대전광역시,서구,탄방동,,탄방동
apartment,91ae2f4f49cfd21b8e621650bab2c80706faf71659637a32c01eb601f77f7df6,metro,m16_25,le20,dong,58,5,11,29,11,2,19.0,경기도,성남시,분당구,백현동,백현동
apartment,91b4f2e00d63eff26739a4d38230aaa4f7ab7b6ccc86987ac1091f9eeb601c08,metro,ge26,m21_30,dong,324,9,127,152,35,1,28.0,서울특별시,강동구,상일동,,상일동
apartment,91b7b4338a651663eaa3ddd297aacc07a8c9880924067a67158e8a28a58c72d4,other_urban,le15,le20,dong,113,8,20,46,35,4,15.0,강원특별자치도,동해시,평릉동,,평릉동
apartment,91be1a04bb45c22e02a92237dc9148ece0398d03e458c2e8d00ded5b5c1434cc,sejong,m16_25,m21_30,dong,125,8,43,56,15,3,24.0,세종특별자치시,,집현동,,집현동
apartment,91bf95d413a7ea308c3c8583b59dd8121e0609c1989f0ac545cb78573ed6ed0f,metro_city,m16_25,le20,dong,180,5,44,88,40,3,20.0,울산광역시,중구,유곡동,,유곡동
apartment,91c1d975a40374c7999320c4c74a32388f645d3dfc899adf94340f50153ef072,metro_city,m16_25,m21_30,dong,215,9,46,93,62,5,25.0,울산광역시,북구,송정동,,송정동
apartment,91c32c6bb50b375c4cd793c91bacf37f92b1abcf647ee7f02948b9c2afe8ba39,metro,le15,le20,dong,74,15,0,35,12,12,6.0,인천광역시,미추홀구,학익동,,학익동
apartment,91c520e631231067492a19bf87a8caea4018b3a236f1698be4ba22d8b6029c12,other_urban,le15,le20,dong,263,23,49,114,61,16,15.0,충청북도,청주시,상당구,용암동,용암동
apartment,91cd9c47375743707e08b6b5062ddfc08faf9c38e9b18577fc14888d8b233d71,metro,le15,le20,dong,57,7,11,21,10,8,12.0,서울특별시,광진구,자양동,,자양동
apartment,91d4c3d23c8470e9dac590c9f0b48b33ce41aa74e2dbfadcf270a0054c0e964b,metro,ge26,ge31,dong,87,5,19,43,16,4,40.0,경기도,양주시,회정동,,회정동
apartment,91d4cbfdf40beaecc612db43ea0cdee7de9427b281c351e8b974c6a4b870fbf9,other_urban,ge26,m21_30,dong,144,15,34,76,18,1,26.0,경상남도,김해시,삼계동,,삼계동
apartment,91d9252c1e7d52b60d59f2d0875f58ae9d2509d8dd9f80e49133089a7738e6bc,other_urban,le15,le20,dong,126,8,26,51,31,10,15.0,전남광주통합특별시,남구,방림동,,방림동
apartment,91dc7367d574d07457542ea8590ba2a29159e4be872c7147c645912ad7d53a4d,sejong,le15,le20,myeon,164,13,30,72,38,11,15.0,세종특별자치시,,금남면,,금남면
apartment,91e344a7e81f01cda4213573702042f19e35bb79a1c6f29dbb7d056423e67c89,other_urban,le15,le20,dong,171,6,43,67,49,6,15.0,경상남도,창원시,성산구,대원동,대원동
apartment,91ec7ca4e1a0351ed82ff726794099ed4280bca5b31f401f21a13df2ab89a685,metro_city,m16_25,m21_30,dong,128,6,38,70,13,1,23.0,대전광역시,유성구,관평동,,관평동
apartment,91f75ced01550ee084b7f62781a64e4e1a5fb7459cb57690c8ea37518b89a223,metro,m16_25,m21_30,dong,264,6,69,98,71,20,25.0,인천광역시,서해구,가정동,,가정동
apartment,91f8c813d94ee02eaa02e778e66957b925eaf3f3c5a76cbed7c0feb7c8025b0c,metro_city,le15,le20,dong,268,12,52,97,83,24,15.0,대전광역시,서구,갈마동,,갈마동
apartment,91fcdf91fe1b1eceb08db310f4db864990ab9688830290c361ecd42422e576df,metro,le15,le20,dong,226,18,29,99,64,16,12.0,경기도,수원시,팔달구,인계동,인계동
apartment,920721f4e42ac2180394093323a4c42e1bf49e32ecb349c0af54fce12fd5fa38,metro,m16_25,le20,dong,129,5,32,69,22,1,19.0,서울특별시,서초구,내곡동,,내곡동
apartment,921d4da69d6cb0130ae629cf058efc188abb5aa040a6f4360b09660a08a7e313,metro,ge26,m21_30,dong,278,8,78,128,59,5,29.0,경기도,고양시,덕양구,향동동,향동동
apartment,921d84e33642e274407625c34f4a2f7022d5ac6b390f48c3dcbfb94d85c19b81,metro,m16_25,le20,eup,96,10,21,43,20,2,19.0,경기도,화성시,효행구,봉담읍,봉담읍
apartment,921e58241df0e4da30382683820191f55dd7791d7b61ca16b1910305c9ad189a,metro,m16_25,le20,dong,76,5,10,36,23,2,16.0,경기도,안성시,숭인동,,숭인동
apartment,9224c1fd903ee60aae25157e239b1a02369d49db8380e8752cb21147ef171974,metro,m16_25,m21_30,dong,139,5,24,66,42,2,23.0,서울특별시,광진구,광장동,,광장동
apartment,923b739428d771a1f8811161820ae92eb4d8e52e2e32ae6b21622554f46e153f,metro_city,le15,le20,dong,97,8,16,45,23,5,15.0,대전광역시,유성구,신성동,,신성동
apartment,924d8d0eaf6d6ab009e867b986d224cc90972d0563e16d0bd4db35af22b0c4e2,metro_city,le15,le20,dong,198,13,29,97,55,4,15.0,대전광역시,유성구,송강동,,송강동
apartment,926c1246949102276a524623f7bc3e213e3cf222e417b9ea6f6065c7e8cdb6d0,metro_city,ge26,m21_30,dong,184,9,52,86,35,2,30.0,대전광역시,유성구,상대동,,상대동
apartment,9279a616589da09a0d8c47abccb1797f4c8715cddc120aa8112e7651c7f48fde,other_urban,m16_25,m21_30,dong,144,8,30,66,35,5,25.0,경상남도,양산시,덕계동,,덕계동
apartment,928245391125316628a153951a0c30479f396dfc040ad7262b327cf3ae66b538,metro_city,m16_25,le20,dong,140,10,28,72,29,1,19.0,대구광역시,달서구,장기동,,장기동
apartment,9286576dc2f490d8877395e69b3e353880986ce6e53e935fcc701e7053b10045,nonurban,m16_25,le20,eup,84,9,21,29,20,5,17.0,전남광주통합특별시,영광군,영광읍,,영광읍
apartment,9286d959ff10aa317d96ca2c455e690c08f8d871107c13bf9219240d2e0064ca,metro,m16_25,le20,dong,269,12,101,106,47,3,20.0,경기도,화성시,동탄구,영천동,영천동
apartment,92941d9a091f86ecb5fbf9e87c4b66a70b80105a376d3f5b7a6c03d96aa30636,nonurban,le15,le20,eup,164,12,37,75,32,8,15.0,충청북도,영동군,영동읍,,영동읍
apartment,92990fbe8f798c0add68e7c09bdf7b227ee038fbf489911fec2a82070b0f41cd,metro,m16_25,le20,dong,326,28,146,88,57,7,20.0,경기도,안산시,상록구,본오동,본오동
apartment,9299290f2045aa74e6fbb3e884de39faf2453c2b987ad232b6bf66411f9f6905,nonurban,le15,le20,eup,115,19,0,41,22,33,5.0,충청남도,당진시,송악읍,,송악읍
apartment,92a6c14218672d41ba59143edca0cb0b7ecce50ce5d8358e4f522891f1a9f85f,metro,m16_25,le20,dong,273,18,82,121,47,5,20.0,서울특별시,성동구,옥수동,,옥수동
apartment,92a7acdcfe2a2817210b2567b4b460419de29cc8c7f9b850553b11bc1f24d710,metro,le15,le20,dong,95,6,16,44,26,3,13.0,경기도,용인시,기흥구,신갈동,신갈동
apartment,92b5cfc8cf9c68cf3102299fa68c6bfc20936c5de2d85693eff17970ab9cc8c1,metro_city,le15,le20,dong,275,29,53,110,62,21,15.0,부산광역시,사상구,모라동,,모라동
apartment,92c373293ba0ec411ca8aab58906db5b5c4d8c02f9836f6c33e7ccacd957ddbd,metro,le15,le20,dong,281,18,50,116,73,24,15.0,경기도,광명시,하안동,,하안동
apartment,92c9925dfc32bf1234b1d791eb945672e167627066577bd37eed5623658d4d06,metro_city,le15,le20,dong,215,13,44,93,50,15,15.0,대전광역시,서구,월평동,,월평동
apartment,92d5c9d057fff1ca423709793f7e2956c4879269cc12e8b65ca376e030801aae,other_urban,m16_25,le20,dong,104,7,18,41,32,6,18.0,강원특별자치도,강릉시,송정동,,송정동
apartment,92d749f3a58f89ab665450bf4bb5debfec7ab5b7b25f7aa6ec9e39d17fbfb89f,metro,m16_25,m21_30,dong,360,18,69,162,97,14,23.0,서울특별시,영등포구,영등포동,,영등포동
apartment,92ec0f0efbbdc871ee69ac7185b6aaca54b2273c699be21ed5cd2eda12898696,metro_city,le15,le20,dong,69,6,12,26,21,4,15.0,대구광역시,남구,이천동,,이천동
apartment,92ee420399f002c094bc3a791660227a1df551de98e5dc6ba9f8cfea4105e6f0,metro,m16_25,le20,dong,114,5,31,65,12,1,19.0,경기도,고양시,일산동구,마두동,마두동
apartment,92f0f708f20be7c2fc4ff86f49fe610b7c1b06166be5ea5de67dbd72ccd6f7b3,other_urban,m16_25,le20,dong,151,10,51,53,32,5,20.0,충청남도,당진시,원당동,,원당동
apartment,9303230c6579e7532da5f1ad96b3d8abf47d326022b4b0e02834d0c50db7413a,other_urban,le15,le20,dong,75,11,18,24,17,5,15.0,전남광주통합특별시,북구,용봉동,,용봉동
apartment,9304f43161ed85751b963fa589242c8f932b307431fc99d487e2175e40af36ad,metro,m16_25,le20,dong,82,7,18,33,20,4,20.0,경기도,고양시,덕양구,행신동,행신동
apartment,930f8bfe4b38976fb5b40ae3cc19a9eb02bc3ef9bd3304b19d2c3e3016d3aea5,metro,m16_25,m21_30,dong,119,5,38,41,31,4,21.0,인천광역시,영종구,운남동,,운남동
apartment,932a6a762b8ed3b2a0aba3784dbfdea6e928cd7d82d18b8e19a955624a1aacb5,other_urban,le15,le20,dong,57,7,11,27,11,1,15.0,경상남도,김해시,삼문동,,삼문동
apartment,932f5c1ab23ee2207918cace5461095f7483c05904f494e2385ba9e2a0c91ca3,metro,m16_25,le20,dong,81,6,16,35,23,1,19.0,서울특별시,서대문구,연희동,,연희동
apartment,9330287012e47d1d3a2cc7facea0ffa986b6782d015a877aea7239cec271fadc,other_urban,le15,le20,dong,105,28,0,34,21,22,5.0,경상남도,창원시,성산구,내동,내동
apartment,933172eb2da9b4e4e8cb3edf28d169618d1b4bc2874d15aa0ec8f65c7eae4b2a,metro_city,ge26,ge31,dong,229,8,91,102,27,1,31.0,부산광역시,서구,서대신동2가,,서대신동2가
apartment,9334b51babbf4e16161201ee5647ff44540a852ad903577edf0f139e33ef96c6,other_urban,m16_25,m21_30,dong,120,5,32,51,30,2,25.0,경상남도,양산시,덕계동,,덕계동
apartment,9335242a88bab4f86e69b44e75f23794706a884c3dde79dd345d9bec3cab6de0,other_urban,le15,le20,dong,232,14,52,88,63,15,15.0,충청북도,제천시,하소동,,하소동
apartment,933545b595ec9709481cb8be39f5527584531c99fa2a8ca10ae7cf037f68d98a,metro_city,m16_25,m21_30,dong,152,8,36,64,41,3,25.0,부산광역시,사하구,신평동,,신평동
apartment,9338337126ef0f737e96a3df3b2c14c5e500c6f0453554e5ba063dc42f960f0a,metro_city,m16_25,le20,dong,153,5,31,66,46,5,20.0,부산광역시,영도구,동삼동,,동삼동
apartment,935fad391dbe38d883e062f2e6d84994fa877d72da6ab42b9060a2a9754d5d10,other_urban,le15,le20,dong,225,13,45,91,57,19,15.0,경상남도,밀양시,삼문동,,삼문동
apartment,9363dc8d0b05ac5ef984a24fab265c40b1d921a11cf8eb49897ffc877e6f4d3b,metro,le15,le20,dong,381,15,80,161,96,29,15.0,서울특별시,노원구,상계동,,상계동
apartment,937107e57c041a98a21df3e3022da1c09495e7d6a8504467159169fa311f5709,metro,le15,le20,dong,61,7,10,22,19,3,15.0,경기도,고양시,덕양구,행신동,행신동
apartment,938d85871b81fa45d5e5e94cb38ef284620b6b1683faba6e56f82f962d8639aa,nonurban,le15,le20,eup,132,11,27,46,35,13,15.0,강원특별자치도,횡성군,횡성읍,,횡성읍
apartment,939452c892743221fdb921b634a18ace6a200913600bd8c1217b9d8bf21c77f6,metro,le15,le20,dong,86,9,17,30,24,6,15.0,서울특별시,노원구,하계동,,하계동
apartment,939d2704277ad4c308d2fb69efa8628408226dd3fe221b4969d0bc2c1521dfaf,metro,le15,le20,dong,72,6,16,33,16,1,15.0,서울특별시,성동구,응봉동,,응봉동
apartment,93aa125127731eef0fc86f214e054cf6acb3f8467446920d266cb2bfefd5987c,other_urban,le15,le20,dong,67,6,4,33,20,4,15.0,강원특별자치도,강릉시,교동,,교동
apartment,93b1bbff0dc0ad3b23407bb04cc0a4c429294777b16d403a37268002919cb36f,metro_city,le15,le20,dong,102,7,17,46,26,6,15.0,울산광역시,북구,신천동,,신천동
apartment,93c4147c8c6f422f566c37e1c838785e5f0219bbd270a2720d8872e726a4c288,metro,le15,le20,dong,279,17,50,114,75,23,15.0,경기도,군포시,산본동,,산본동
apartment,93cc2b26b340ac7cb8560404bcb9eed7c93e16d18e5f211e7b02b23677d80916,metro,m16_25,le20,dong,75,8,21,36,9,1,20.0,경기도,부천시,원미구,중동,중동
apartment,93ce4d675367a1c473096f007e003688c2a0b2092159c1fdeb3eba9887c19e34,metro_city,le15,le20,dong,84,5,17,35,23,4,15.0,울산광역시,중구,복산동,,복산동
apartment,93cf968d6f9fa02da150a4c6d0874f7b05309e0e273b379db75547c436c2fd1e,metro,le15,le20,dong,137,10,30,62,27,8,15.0,서울특별시,노원구,중계동,,중계동
apartment,93d463035202275d0719112cc489728c2590bb12bcfd327e7e8c0dbe7521b2a5,metro,m16_25,le20,dong,199,11,61,82,41,4,20.0,경기도,부천시,소사구,소사본동,소사본동
apartment,93d607631c9dde309473af9362c6a2a999afef7ad8d95c66ec6b24ddd7b84c5f,other_urban,le15,le20,dong,69,5,14,29,17,4,15.0,전남광주통합특별시,목포시,옥암동,,옥암동
apartment,93d77ee3934250296324134a5c4b2621f609e8eb51d43a614b93a5469158ead3,other_urban,le15,le20,dong,94,9,19,46,18,2,15.0,충청남도,아산시,권곡동,,권곡동
apartment,93e02dbc700773e9970dfdd682e08c0c02a8bc226772915e6025854cf9484a12,metro,m16_25,m21_30,dong,174,11,45,78,34,6,23.0,경기도,안산시,단원구,원곡동,원곡동
apartment,93e870ee46603ec519ccfb7cc8d2e52b112aa31c9462b9fffc0d23944902be26,other_urban,le15,le20,dong,60,5,4,27,18,6,15.0,경상북도,안동시,옥동,,옥동
apartment,93fed852a74c5c1b7b229fbc170750d307c5c9063969e8193fcc60c5ecf2545a,metro,m16_25,le20,dong,151,12,55,77,6,1,20.0,경기도,안양시,동안구,호계동,호계동
apartment,9404b9c4a81310f375617720e60f63191c2ad357b80ff176e464c6208dbb868e,metro,m16_25,le20,eup,168,19,51,76,19,3,20.0,경기도,남양주시,진접읍,,진접읍
apartment,94160dda87dfcbfbfc55ce63e269c645c59523eec90f7c2cfc30696b85663db1,metro_city,ge26,ge31,dong,225,6,79,109,30,1,33.0,대전광역시,대덕구,석봉동,,석봉동
apartment,9418b67a794c33b962b72e8561685bd1d9f4c93aa563c3d20e3c157feabb2634,metro,le15,le20,eup,125,26,0,51,24,24,5.0,경기도,화성시,만세구,향남읍,향남읍
apartment,9428f139f925af7f6b28da1aced174e4b3e69e0e534e1ae0682e5bcee1d78289,sejong,ge26,m21_30,dong,149,6,72,58,12,1,28.0,세종특별자치시,,한솔동,,한솔동
apartment,942e551f64375e2ef8df342371a77b3c2b25d70f475b17ec398ea9a599a9b293,other_urban,le15,le20,dong,153,10,31,53,53,6,15.0,충청북도,청주시,흥덕구,가경동,가경동
apartment,9435d42ef020d0fc483ae9f1714e8c053fc005f87e222577da86436587d80889,nonurban,le15,le20,eup,88,12,17,30,27,2,11.0,전남광주통합특별시,나주시,남평읍,,남평읍
apartment,9435f8604abd40506bb875a10cd4ccd025ebb91a4bdca076a644bc8aabce78c9,metro,m16_25,m21_30,dong,206,7,51,99,47,2,25.0,인천광역시,검단구,당하동,,당하동
apartment,9447066880ac8716dc1322cafd357a0e48092f1d3971caa7316dda048d5bf3ab,metro_city,m16_25,le20,eup,177,12,45,75,42,3,18.0,대구광역시,달성군,옥포읍,,옥포읍
apartment,9449f0d4a20ce991afaebbf74d35d91bb9b355b074a90e047a24803becd0234a,metro,le15,le20,dong,58,8,13,22,12,3,12.0,서울특별시,영등포구,여의도동,,여의도동
apartment,94513b9aa8ddf12898adcf33893115e97e840c4143e2ae8087ef1fb641a5d662,metro,m16_25,m21_30,dong,77,5,13,48,8,3,21.0,경기도,안양시,동안구,평촌동,평촌동
apartment,9464eaae36b575e4e6e3c7d36301b739559e16d02a7cc41058cc76bca7a6d345,metro,le15,le20,dong,81,6,18,34,19,4,15.0,서울특별시,노원구,하계동,,하계동
apartment,946976f0388d902cb100bd1d5aa10a6406899858e9479a5fd69fefeb497a1ed1,other_urban,ge26,m21_30,dong,279,10,76,124,64,5,29.0,경상남도,창원시,마산회원구,합성동,합성동
apartment,94712d6e1de8f7ed19ecdf4965da00f1f3510845acef645ed4dee99b34a0d105,metro,m16_25,le20,dong,96,5,26,50,14,1,19.0,경기도,군포시,부곡동,,부곡동
apartment,9483c0bdb7fcfdd7164411069f514a876b310fc842800a292040078c17eeab99,metro,ge26,m21_30,dong,128,5,40,49,32,2,27.0,서울특별시,구로구,신도림동,,신도림동
apartment,9485fc0051cb99d6977899936ddbe7e9c519843d908e63ff11851757a4ab624c,metro,m16_25,le20,dong,352,23,101,152,67,9,18.0,경기도,수원시,팔달구,화서동,화서동
apartment,9486d328f5a5ffc44bb74e26e8f54aaa4f7ea54d3c5d5e22d9497c37a7186a54,metro_city,le15,le20,dong,290,28,65,130,56,11,15.0,울산광역시,중구,다운동,,다운동
apartment,948eedd1540bf275614f7e0768ee3d5d940dd074035ef7e6b111f4e4baa6e535,metro,ge26,m21_30,dong,158,6,44,71,35,2,29.0,경기도,광명시,철산동,,철산동
apartment,9492991e5981e7038bb47b0adfd919a9b596522025dbd9801a8617302bbe8fe8,metro,m16_25,le20,dong,138,5,41,62,23,7,20.0,인천광역시,부평구,산곡동,,산곡동
apartment,94a595ef3e67e62456ad7ffee3e2d36b42b10fb5b347fe9bcae5c019402d6fe7,other_urban,m16_25,le20,dong,390,21,84,160,110,15,20.0,전남광주통합특별시,북구,동림동,,동림동
apartment,94a6b4485cd8b68ac5702b3a8fa1ea81205ecf4efec0a53139524566f13ee0ea,other_urban,le15,le20,dong,124,6,20,54,35,9,12.0,충청북도,충주시,금릉동,,금릉동
apartment,94b701cb5743c02185ed69307b64b88ca51c794f22e024bdbba1f329c75f79ed,metro_city,le15,le20,dong,182,21,31,78,40,12,12.0,울산광역시,북구,화봉동,,화봉동
apartment,94b756d1ac6105a06556241eaa8ade63aaeec218de6acd05fae82415629423a4,other_urban,le15,le20,dong,101,9,18,37,26,11,15.0,충청북도,충주시,칠금동,,칠금동
apartment,94b88e7a0c913b204985192d7362bf90989973d1af9df8a061acd7883cf403f7,other_urban,m16_25,le20,dong,140,9,30,56,39,6,20.0,전북특별자치도,전주시,덕진구,송천동1가,송천동1가
apartment,94bd413e4a42668663aa0c3dd64617a4aa0167ab6c78a38175c567b3865e2c42,other_urban,le15,le20,dong,73,10,26,22,12,3,15.0,충청북도,청주시,흥덕구,봉명동,봉명동
apartment,94c242235c97d690ae59c08eb1695e4637c3517aeae9a9a1feb0f4f26c071839,metro,le15,le20,dong,126,10,26,51,31,8,15.0,경기도,용인시,수지구,죽전동,죽전동
apartment,94c67a8f3d27e578d1bc32a1146f54f08fc1d45f2e50e079bdc41cead4319af4,metro,le15,le20,dong,177,10,32,72,55,8,15.0,경기도,용인시,수지구,풍덕천동,풍덕천동
apartment,94c6c60c10a6d97acae1f1d91b6a718da6ae5abce28babb9531f064ddfa6c968,metro,le15,le20,dong,114,6,24,50,30,4,14.0,경기도,파주시,검산동,,검산동
apartment,94dccdd082eab15a98bcad47b55d0ca74ea8f39574cddc0a4ac99b9777bb37c5,metro_city,m16_25,le20,dong,66,6,22,25,9,4,20.0,부산광역시,동래구,온천동,,온천동
apartment,94f3f33209978f0abf17789ea684519390ba90be232dc3543851d3d162618841,other_urban,le15,le20,dong,92,6,16,37,22,11,12.0,전북특별자치도,전주시,덕진구,덕진동2가,덕진동2가
apartment,950fa9ae4665680d56ec7a217e1227c7b60bded47012f6289c5f4c2a3e6ba166,other_urban,m16_25,le20,dong,177,7,68,86,13,3,20.0,강원특별자치도,원주시,무실동,,무실동
apartment,9519b3d6cbcf48f52509f1a44cc136559bc9d56aa24e93b88be23550c801d081,other_urban,le15,le20,dong,93,12,0,32,23,26,5.0,경상북도,영주시,휴천동,,휴천동
apartment,951a6b72751600d0141ff6eb842f334fdfa02974410107e15fd4d8387e92d5af,other_urban,m16_25,le20,dong,227,10,38,123,50,6,16.0,충청남도,천안시,서북구,두정동,두정동
apartment,951bc23a44b06ce4f1244f2717589dc23175b80b417d224407a4b529331a51c9,other_urban,le15,le20,dong,66,10,0,27,13,16,5.0,경상남도,김해시,외동,,외동
apartment,9523bcdd488149f8f24ef0e4453067770eade39b7f7c28a314fe90ddcd01c990,metro,le15,le20,dong,347,29,68,139,80,31,15.0,서울특별시,도봉구,창동,,창동
apartment,953df8cdd27ebb854c18ebbe35122971a6bd08af5257b7e930821026b656dde1,other_urban,m16_25,le20,dong,176,5,55,86,28,2,20.0,충청남도,계룡시,금암동,,금암동
apartment,9542ac9f6e243356bd60e6a4521ee20340db1d161e54f845856a864235217624,metro,le15,le20,dong,53,5,6,28,11,3,13.0,경기도,성남시,수정구,단대동,단대동
apartment,95485736f24093ba97816781070804613b1a509e672c042dfed4d13f1639dc03,metro,le15,le20,dong,74,8,16,26,19,5,15.0,경기도,성남시,수정구,신흥동,신흥동
apartment,9557dedde1034f9f24609687f2da0618ae2d86c197d5e50949783e772b021ccb,nonurban,m16_25,le20,eup,170,10,47,75,35,3,17.0,전남광주통합특별시,무안군,삼향읍,,삼향읍
apartment,955cf7a8250fa070c7c39895837444bbbdbdc1d1c7a80b894c2840ce4368ab93,other_urban,le15,le20,dong,63,14,0,29,11,9,5.0,전북특별자치도,전주시,덕진구,호성동1가,호성동1가
apartment,95643d594e9883a6eb680793727fb1690f275ffbbec132501a36aa8448b8ff8a,metro_city,ge26,m21_30,eup,259,7,77,117,56,2,28.0,부산광역시,기장군,일광읍,,일광읍
apartment,956fa3167112abf771088d870302f1499b503bb3481bd89046269cca2f1b5151,other_urban,m16_25,le20,dong,194,12,42,93,46,1,20.0,경상남도,김해시,부곡동,,부곡동
apartment,957a42cf603872f879f6bfa0668cc728700220df9bc70cdc6494559898836a4f,other_urban,le15,le20,dong,56,5,13,22,14,2,14.0,경상북도,포항시,북구,장성동,장성동
apartment,9598d518d85057ea353e74a85910b1a3c3c959d370c1838ad00ed96619dbe2ca,other_urban,m16_25,le20,dong,264,20,57,93,86,8,20.0,전남광주통합특별시,서구,금호동,,금호동
apartment,95a08cca7c009435878efbc8b83e65a4a4e2f66e4dfe999901ceee3275ee1d40,metro,m16_25,le20,dong,211,8,52,90,52,9,20.0,인천광역시,부평구,부개동,,부개동
apartment,95af917219c9c7f1a37e3c5b19fb4ca104be0628c645443c9e6010d08a31b6b5,other_urban,le15,le20,dong,275,18,57,111,78,11,15.0,전남광주통합특별시,여수시,소호동,,소호동
apartment,95bee3b0838e1ec45f8abc4c942ff333f18d73ed9e3e88d4d71a672c557c1b91,metro,le15,le20,dong,68,6,12,32,12,6,10.0,인천광역시,영종구,운서동,,운서동
apartment,95d0e0e94722ec3741aa237acd81426012ba2915d35a007ca9bca5f78d408819,metro_city,le15,le20,dong,83,8,12,36,19,8,13.0,대전광역시,서구,가수원동,,가수원동
apartment,95debe8a3cded4172b41e438aa7f1608d1da122dca3c5021d72847a11ce4a186,other_urban,le15,le20,dong,74,8,16,34,13,3,15.0,전남광주통합특별시,여수시,덕충동,,덕충동
apartment,95ec70ee4acd7a47bce6c5931a94182dd408c2b94be3e9e0f8c3808fd68084e8,metro,m16_25,le20,dong,130,7,28,69,23,3,19.0,경기도,광명시,소하동,,소하동
apartment,95ef91c3d1569fff55496458204e44ff83ed3024889fc7592c05933372a4e50d,metro,le15,le20,dong,74,19,0,26,12,17,5.0,경기도,수원시,팔달구,우만동,우만동
apartment,95f1a02e601801bec2609345c9b386013349a8170f8cbcff9c3fdf3b272fdb7f,other_urban,m16_25,le20,dong,102,5,17,41,35,4,18.0,경상북도,구미시,사곡동,,사곡동
apartment,95fb41105b1ad1ecf792c9e55df1111ae84ab0f210f9ff4d82731f78b1c65aeb,metro,le15,le20,dong,69,9,10,22,24,4,15.0,경기도,포천시,신읍동,,신읍동
apartment,96065e22abbd0e2d7dc61c71a8236b80056b9e2135b683df1b10d4989d788fac,other_urban,le15,le20,dong,57,10,14,22,8,3,15.0,충청북도,청주시,흥덕구,강서동,강서동
apartment,960c3cfa84fe5d7dc9a9d1a4adeb95617e7b53387cfd7c1e7c762915e61980cd,nonurban,le15,le20,eup,253,53,0,102,51,47,6.0,충청남도,태안군,태안읍,,태안읍
apartment,960d2cb4e50f6010558bfcd02437039ae8e432ceb66ec79a56e30a5ce1aecd6f,nonurban,m16_25,le20,myeon,306,13,78,133,76,6,20.0,전남광주통합특별시,순천시,해룡면,,해룡면
apartment,960e388af842db9fda6d42b446d33e58a2d2882dc6f037dce95763646e306852,metro,le15,le20,myeon,187,14,34,75,56,8,15.0,경기도,포천시,신북면,,신북면
apartment,960e6ccdba3ed5102a14415e4e33a9e05c357176759f2a319b592fc6e417d956,metro,le15,le20,dong,96,12,22,46,12,4,10.0,경기도,시흥시,정왕동,,정왕동
apartment,960ea469b23951336ce4c11eeb5a21c7b2960d5ea86c95ce4e0e23b4eb3a18fc,nonurban,m16_25,le20,myeon,359,28,115,142,63,11,20.0,충청북도,충주시,중앙탑면,,중앙탑면
apartment,961692e0db4ba8f714acf693e5c6bce7eab4edd933f10f35e722ae6e3c569535,other_urban,le15,le20,dong,128,25,0,54,21,28,5.0,전북특별자치도,군산시,산북동,,산북동
apartment,9631596e1ec921e16845c57ea6be86f390308d3e2aea7237e9aa8b8b91b5943c,metro,le15,le20,dong,232,19,36,95,56,26,15.0,경기도,안성시,중리동,,중리동
apartment,9633a9e632bf5a2eca4c333cd3e76cc663627734a462833b76e5d81ceaeffb57,metro,m16_25,le20,dong,85,9,26,32,16,2,18.0,서울특별시,영등포구,당산동5가,,당산동5가
apartment,9636c3145f901f472f90a96e33dc713887cc5967c2bf4f815e6a88231b4a212a,other_urban,le15,le20,dong,130,10,31,53,29,7,15.0,강원특별자치도,원주시,명륜동,,명륜동
apartment,963fc23e571029d4fd5921a47d836b135fa0ea4f7e6accdf1fcbaca5ff14150d,metro,le15,le20,dong,55,6,7,30,10,2,13.0,경기도,용인시,기흥구,서천동,서천동
apartment,96401fc14f90a267e714ce0ca8e25e2b0d934158bb710edefc0ad3cceaef775b,other_urban,m16_25,le20,dong,321,10,56,126,112,17,20.0,경상남도,양산시,덕계동,,덕계동
apartment,96448cae77657a1b5ca57d72a7678f41894292377f0340ddf79d115df8aac4ba,metro_city,m16_25,m21_30,dong,254,8,65,102,73,6,25.0,대구광역시,동구,신암동,,신암동
apartment,9644e70804cc6053b27b597e03adadfeecf7ed6289f563f6719ee41cfcefc0a6,metro,m16_25,m21_30,dong,131,6,29,55,39,2,25.0,경기도,수원시,권선구,금곡동,금곡동
apartment,9646b2e500d885d3960f4078a3ece7261c69c0075abcaaf5d59f7dabc3062594,other_urban,le15,le20,dong,409,40,85,147,105,32,15.0,전북특별자치도,전주시,완산구,평화동1가,평화동1가
apartment,9653763a7a44bb8f47023adc440695bf78615216675823b26ffdf2506810cfc6,metro,m16_25,le20,dong,107,5,26,46,29,1,17.0,서울특별시,동작구,사당동,,사당동
apartment,965fec8c766c7f8a22e71fd43df5d945a916aae38c242ad7a7299a5761328d45,metro,le15,le20,dong,94,17,0,31,23,23,5.0,인천광역시,연수구,연수동,,연수동
apartment,9662655445d2f591a85c58f95f72d174e94e33642cae0c97c87b54edd4d7db62,metro,le15,le20,dong,85,5,14,42,19,5,15.0,서울특별시,동작구,흑석동,,흑석동
apartment,966aa6c46fa39206856c105ad273ec660764bc86596d1abb5df318dadb867a30,other_urban,m16_25,le20,dong,107,5,20,52,27,3,18.0,전남광주통합특별시,순천시,조례동,,조례동
apartment,9679eb38d4cd096a1720f1d1ae03e23450806c0d5aa7b2bb0963a866c6f952cf,metro,le15,le20,dong,171,15,27,68,49,12,15.0,경기도,안산시,단원구,고잔동,고잔동
apartment,967f4061a6fee9d924de91a69dc84eb65e3bafcca19e715eaee54593352bde34,other_urban,m16_25,le20,dong,536,39,108,233,133,23,18.0,전남광주통합특별시,광산구,신창동,,신창동
apartment,96842184de03f904e31cb76afd1f509098188a49d53c5cdcda6db699950d248f,metro_city,m16_25,le20,dong,225,9,65,85,52,14,20.0,부산광역시,해운대구,우동,,우동
apartment,96875fd891286fe2761757ec0d51327d1fc8e0cfc5199774e4260fae50651be5,other_urban,ge26,m21_30,dong,149,6,39,70,32,2,28.0,충청북도,청주시,흥덕구,가경동,가경동
apartment,9689e0b95707da09a19a4b0c66e06a2b7cea3c142937b03b66f16d747432b585,other_urban,le15,le20,dong,155,15,33,58,35,14,15.0,경상남도,창원시,진해구,용원동,용원동
apartment,968a480a7fa9548661755ae1e894b1ea534ae2948be5edd3f1daebd53715bab5,metro,m16_25,m21_30,dong,59,7,19,25,7,1,21.0,경기도,성남시,분당구,서현동,서현동
apartment,968ba267199d787bec246a0c7d23017ed37c49db4338c6d1f76f2c18ffed3bed,metro,m16_25,le20,dong,122,7,38,58,18,1,20.0,서울특별시,마포구,공덕동,,공덕동
apartment,96900a99800052b72a76289eae50177c060789b622375f78b914f111a1ddf5c6,metro,le15,le20,dong,117,21,29,47,16,4,10.0,경기도,시흥시,정왕동,,정왕동
apartment,9694bfd600f4b5f8d71f55ed8d05bb9a9977b997780b7f54561a624d0cd840e3,other_urban,le15,le20,dong,85,5,17,29,27,7,15.0,전북특별자치도,군산시,나운동,,나운동
apartment,969541c58d4024619c12b412b02307786c1a60010c5fe652916d27e302138dc1,metro,m16_25,le20,dong,164,10,48,71,30,5,20.0,경기도,용인시,기흥구,마북동,마북동
apartment,9697e85a001156fbc548e4a91567036514f3c247eb15e0fd242a15207e86af48,other_urban,le15,le20,dong,125,5,33,42,42,3,15.0,경상북도,영주시,상망동,,상망동
apartment,969e27931e0d48bc1a4bed6fc5adfd825e84938ebb0072129fe25d209940e164,metro_city,m16_25,le20,dong,124,5,31,48,34,6,18.0,대구광역시,달서구,용산동,,용산동
apartment,96a2c6379fa7a8aaaf71d3128c18bbd24ee13534d9372ad853b7ac36b9fe1504,metro,m16_25,le20,dong,134,8,42,54,27,3,20.0,경기도,부천시,소사구,송내동,송내동
apartment,96a8f36a2ebc77636eeeeb875cc5901c5bddcaf3beab87bde16620fb4aa526cb,nonurban,le15,le20,eup,117,8,31,54,23,1,15.0,경상남도,진주시,문산읍,,문산읍
apartment,96ad84d264f091e89a2f085d1113fb4ddd16bb595c86969500a3912ebf193df6,metro,m16_25,m21_30,dong,139,8,23,61,44,3,25.0,경기도,화성시,만세구,새솔동,새솔동
apartment,96aee1562b4c226d55d5d0edf14572fc153c014761f3ea51ba5965f436c00740,metro_city,le15,le20,eup,130,8,29,52,37,4,15.0,울산광역시,울주군,언양읍,,언양읍
apartment,96bc1c452c34316f3890745c57fbcc7fccf5fc1acc6874fd44ffccf0af932100,nonurban,m16_25,le20,eup,217,15,64,96,36,6,20.0,경상남도,김해시,진영읍,,진영읍
apartment,96c13fcdc6478dc62a363e9912f1076ef1a204985e0dc0eb54c725f6bbb4051d,metro,m16_25,m21_30,eup,165,5,63,59,35,3,25.0,경기도,광주시,초월읍,,초월읍
apartment,96c7d881a7a218645cbe4a7e21b4194f4035e0e68b0b4e0d976eaa1afb10dbac,metro,ge26,m21_30,dong,195,9,56,77,46,7,28.0,서울특별시,구로구,개봉동,,개봉동
apartment,96f1c54ba5466084e458ddb766e642925ab99bf692b36101cd7348a76c9ff663,metro,le15,le20,dong,216,9,41,87,67,12,15.0,서울특별시,도봉구,쌍문동,,쌍문동
apartment,96f71f76ca13d78f3b725ad13a762062db55524981e2c0c3b5da5039a1c907bb,metro,m16_25,m21_30,dong,156,8,46,75,25,2,25.0,서울특별시,동작구,사당동,,사당동
apartment,96f876e6c41a014fc3791a9fcde54061c656302612aad8ad094da377557773ed,metro,m16_25,le20,dong,105,8,22,52,22,1,19.0,서울특별시,강동구,상일동,,상일동
apartment,96fd3b5d7406645146d1b608387b4995f089b24ae349d02d337c781dd7049290,other_urban,le15,le20,dong,361,24,69,146,93,29,15.0,경상남도,진주시,신안동,,신안동
apartment,97043caa34c391717dfddf97e3b75e4085bc951e6a81a7d8a29f1451bbf4072c,metro,le15,le20,dong,307,12,60,134,88,13,15.0,경기도,수원시,권선구,곡반정동,곡반정동
apartment,9705262ad5d039a4f346fee221cf32244f17abd615483912aaa7cac00c39d5d4,other_urban,le15,le20,dong,79,5,13,33,23,5,15.0,경상남도,양산시,평산동,,평산동
apartment,97062744233bf32d8dc5472f37984f28b146db8464b3a219c984e3a475eb9ca6,metro,m16_25,le20,dong,53,7,22,14,9,1,17.0,서울특별시,양천구,신정동,,신정동
apartment,9706a98a4de05a591380eb0d54cd08f9c838270f024f0c855adebceeb3f771c3,nonurban,m16_25,m21_30,eup,229,9,53,114,49,4,25.0,경상남도,양산시,물금읍,,물금읍
apartment,97074e22f0d09a114e343326bdb23b344ef29121a4b12b88e5d38de70361b77f,other_urban,le15,le20,dong,94,5,24,36,23,6,15.0,전남광주통합특별시,남구,노대동,,노대동
apartment,970982e2eb80093fc8040d0e665e38ea525dd6c063cfdbe8fecbf666d35ee060,other_urban,m16_25,m21_30,dong,109,6,22,51,22,8,23.0,강원특별자치도,원주시,봉산동,,봉산동
apartment,970f47534a2fda0c19acf98292c7543d3c661d238e1dd0dadc4a253f0a47b73f,metro,m16_25,le20,dong,278,13,65,124,64,12,20.0,경기도,수원시,팔달구,화서동,화서동
apartment,971fb53299277ee71166736fec55e1aa6befbb4129b56ef963063acb1f369d6d,metro,le15,le20,dong,159,9,26,68,43,13,15.0,인천광역시,제물포구,송현동,,송현동
apartment,9737515c4aa485c9f06aec41823eb1b48935e922f2d3e016b73982f0826f0192,metro,m16_25,m21_30,dong,200,12,43,76,61,8,24.0,서울특별시,관악구,봉천동,,봉천동
apartment,974ba2157d5ea6681e625f29b6a5d49987b4f44e961fdcb87b1c6f96432aaa98,other_urban,m16_25,m21_30,dong,1654,75,436,633,465,45,25.0,경상남도,창원시,성산구,신촌동,신촌동
apartment,975048ce573b6b9344182a2a0c20698e3314e22c5116cc2842501436e5f8d1bd,metro_city,m16_25,le20,dong,254,12,66,123,47,6,20.0,대구광역시,달서구,본리동,,본리동
apartment,975653708014c3189a1034f2290b5a9d70532198afbc22744c06fa927ddeddd2,metro,m16_25,m21_30,dong,237,9,62,120,45,1,25.0,경기도,성남시,중원구,금광동,금광동
apartment,97593a2423fba42b0e469499547a048bc2d3776f892f0926729938d0047fe64e,metro,le15,le20,dong,179,6,46,66,53,8,15.0,경기도,화성시,병점구,기산동,기산동
apartment,97683092f69412e23e2f50ca255dc533241242cd25056f87db707277770a26da,metro,m16_25,le20,dong,300,10,88,138,63,1,20.0,경기도,고양시,덕양구,화정동,화정동
apartment,976acaa01068e4ec932e8afd962ccf45b5eca27ef1e31928ff7e32086cbd1c5c,metro_city,m16_25,m21_30,dong,207,6,56,97,43,5,24.0,울산광역시,남구,달동,,달동
apartment,978c1777618edb30422beb4f05d4d6c94ce1fa1e2d2250166703e62b7cac685a,other_urban,ge26,m21_30,dong,405,6,106,166,118,9,28.0,강원특별자치도,원주시,명륜동,,명륜동
apartment,97961104c8745569e0e129ab7c911e07af4efdaf31f0ede860e7b8b478235c26,other_urban,le15,le20,dong,249,24,70,92,59,4,15.0,경상남도,창원시,진해구,남양동,남양동
apartment,9796d3a87bfbb03e8e35b961f87296abf03e41e7c707ee10001b030ce6daf535,metro,m16_25,le20,dong,173,9,34,91,36,3,16.0,서울특별시,마포구,도화동,,도화동
apartment,979bcb07b3da1acbad37cdfaed56c239e4ff7de4d510bd9c3bde6f2a1283531e,other_urban,le15,le20,dong,321,29,73,134,74,11,15.0,충청남도,서산시,석남동,,석남동
apartment,979fefefedf8373fed573bd060c71d2077c6695b7c9b8454b72e0cfba1ef2d8c,metro_city,le15,le20,dong,189,17,34,81,44,13,12.0,대전광역시,서구,둔산동,,둔산동
apartment,97a1658b0942eea9678584a30daef68b1eeb90cce7a0b48d68585340d3783bbc,metro,m16_25,m21_30,dong,136,8,38,70,18,2,23.0,서울특별시,동대문구,답십리동,,답십리동
apartment,97a1dbb4da7f5af0f43c97cf791fd5e7e627691eeade8cc22f57e8d50e1fa2f9,nonurban,le15,le20,eup,115,11,12,55,35,2,15.0,강원특별자치도,홍천군,홍천읍,,홍천읍
apartment,97b03139d8af6fe6e7043d84cb9fe1604c6104d79a67bd713a8b73414804dbeb,metro_city,m16_25,le20,dong,58,8,6,22,21,1,18.0,대전광역시,유성구,지족동,,지족동
apartment,97bc794f469842326cf0658520e7a4a4e5bb7108bb91748419c39e75ff453033,metro,le15,le20,dong,133,12,18,48,41,14,12.0,경기도,구리시,수택동,,수택동
apartment,97bed10640cacf4ee623728bbae317ca2494a4cb31f8f2c9cb48459fc6dded18,other_urban,m16_25,le20,dong,119,6,35,60,14,4,18.0,전남광주통합특별시,북구,양산동,,양산동
apartment,97c6fe351376b99de32ec0d68ad1a03b4a3aa02b298920b8d01a491257603cb7,metro,m16_25,m21_30,eup,228,8,62,111,44,3,21.0,경기도,김포시,고촌읍,,고촌읍
apartment,97c7e7dd37c2efa2de2ca2d23d0a28a603c61a22bd545c40cb6f174a8495482f,metro,m16_25,m21_30,dong,308,20,73,139,74,2,22.0,인천광역시,계양구,작전동,,작전동
apartment,97c84d203815beb14bc4b0ca05c6dc8d07260b9743945c4063b31a126068ae25,metro_city,ge26,m21_30,dong,317,9,84,151,72,1,29.0,부산광역시,북구,화명동,,화명동
apartment,97d4e2f33d8a40b2b24d256598fada25536604e89c0db8ba450be0f2628dc0d9,other_urban,le15,le20,dong,149,27,0,48,41,33,5.0,충청북도,제천시,동현동,,동현동
apartment,97d6f9dcca7b9bb4bb412420fa41d9dd9a21fa1a2aeea7c8ee93d597d49e24df,other_urban,le15,le20,dong,107,12,16,45,23,11,12.0,전북특별자치도,익산시,부송동,,부송동
apartment,97d78cbc20bd66a308b232b33e6dc7a58e87b8b624441e741adc732d8d467375,metro,m16_25,le20,dong,249,10,73,117,46,3,20.0,경기도,고양시,덕양구,화정동,화정동
apartment,97e918f3d7c40268155ff9541f66d2ffb70d0e93626a35a0c8a7499a7d6f4fa9,other_urban,m16_25,le20,dong,208,14,52,71,63,8,18.0,전북특별자치도,전주시,완산구,서신동,서신동
apartment,97eff7b51739a7ba4921cbb3a593eeb2c304e82416376284cce2af06e59ac007,metro,m16_25,m21_30,dong,216,7,52,100,56,1,25.0,경기도,군포시,산본동,,산본동
apartment,97fe8f1aaf357dba86d75e272e129394a9f521a19d0039062c3e54d1d7ff654b,metro,m16_25,le20,dong,430,26,125,158,90,31,20.0,서울특별시,성북구,돈암동,,돈암동
apartment,98005387d7da4d6522f892d519e76cc990c69f48c6f72ccd1b1f4092fe3d04f7,metro,le15,le20,dong,176,13,42,71,41,9,15.0,서울특별시,은평구,응암동,,응암동
apartment,980b4b3bfdd6493b7a23b460ce9838d97468c5e36328d502cc5dd575ad75696b,nonurban,le15,le20,eup,91,5,12,40,23,11,15.0,전남광주통합특별시,완도군,완도읍,,완도읍
apartment,981fca7589a47b8fb013c2ca0698e321a52b9a023ffafa48a9d4295da90d5b71,metro_city,ge26,ge31,dong,399,6,95,191,100,7,32.0,대구광역시,중구,대신동,,대신동
apartment,982f55893e5616d1d1cfc45847cd8d3d1f3cd2434c6b0fd8e0829fd17f2c4c40,other_urban,le15,le20,dong,91,6,25,38,19,3,15.0,경상북도,구미시,거의동,,거의동
apartment,98362059f89da56b75dbe7766224b6f7835f233601d543b0dd800ba6d18b7a4d,other_urban,le15,le20,dong,96,5,18,38,27,8,15.0,경상북도,영주시,가흥동,,가흥동
apartment,983adcdc63407a0a99bb388593f144ffe79f8f437df70231f789b42a711e8c76,other_urban,m16_25,le20,dong,91,5,22,33,22,9,18.0,충청남도,천안시,서북구,쌍용동,쌍용동
apartment,984677babc4c529f54e51edb4cce27245ee51b28a660e98f8c03ff0a39ae07c5,metro,le15,le20,dong,140,12,35,59,23,11,10.0,경기도,시흥시,정왕동,,정왕동
apartment,984dc7911370a3ae22e7f5b1faa6bf1d561ee04a3b892df1d0ad9388537e6c9e,nonurban,m16_25,le20,eup,122,8,37,37,38,2,20.0,경상북도,경산시,진량읍,,진량읍
apartment,984ea1367c81522459d3b0c0998556bf02b9cbc071f6c6dbdd2d53d6b73553b7,metro,le15,le20,dong,81,5,10,33,26,7,15.0,경기도,양주시,광사동,,광사동
apartment,98537d4c9fe85f8daa53ce6fcf76e9525814fd2c220b0eb10b5022027225dd45,metro,le15,le20,dong,67,5,15,17,23,7,15.0,경기도,용인시,기흥구,영덕동,영덕동
apartment,98700e69ed0b364f1677a46451a76d8388125e690395dd675f19c1b48b4f02bb,metro,m16_25,m21_30,dong,160,5,52,73,27,3,25.0,경기도,성남시,중원구,금광동,금광동
apartment,989a6f68310cf2e6cd174f5023c986b32ee637a2eb34033ac20d75c6dd0adb0f,nonurban,le15,le20,myeon,50,12,0,24,8,6,5.0,경상남도,하동군,금성면,,금성면
apartment,989da31cef4910182ff3db3bdeea6215fa14b9a489047952bc77a98f85f4a3eb,other_urban,le15,le20,dong,84,9,23,23,25,4,15.0,강원특별자치도,춘천시,온의동,,온의동
apartment,98a1776e474e41be95c7ed219da2e2d9f84192f249d8452613f059eb280ff36f,nonurban,le15,le20,myeon,76,6,20,25,16,9,15.0,경상북도,칠곡군,약목면,,약목면
apartment,98afbc19b826765546faf72828c225181016b9b9ac61991a47d47cd848c7ca78,metro_city,m16_25,m21_30,eup,139,11,32,79,16,1,23.0,울산광역시,울주군,범서읍,,범서읍
apartment,98c21b9ec2798db02f5008570141fa660ef3ba9c340dee15b3d7ebf9ba0ec7db,other_urban,le15,le20,dong,55,5,4,26,13,7,13.0,경상북도,경주시,용강동,,용강동
apartment,98cef66cfbef3a3c57bf32bdf423818f8bad930cdf81cf248422e1227b0add33,metro,m16_25,le20,dong,149,10,33,65,30,11,18.0,경기도,남양주시,금곡동,,금곡동
apartment,99093071d02cedcbd0829a8c3332a0760d7b333371bf29bf7221590dce72d760,other_urban,le15,le20,dong,128,11,29,43,34,11,15.0,전북특별자치도,익산시,영등동,,영등동
apartment,990ba9c5f9cfa31b7fff41b7df72ab011fe55ac5c75c0fff9bf7a968dd844380,metro,m16_25,le20,dong,214,13,55,98,43,5,19.0,경기도,성남시,수정구,창곡동,창곡동
apartment,990ceb9fd608891e445211a367fe6347c2ae76b57601046d0bed826f7edea9a8,metro_city,le15,le20,dong,746,43,127,317,220,39,15.0,울산광역시,동구,서부동,,서부동
apartment,990d0e50586224720ef8b33aee4e48c498d0163725ec88644d76370db42c017e,other_urban,le15,le20,dong,52,6,11,26,6,3,10.0,경상남도,김해시,외동,,외동
apartment,991993d1a49a2ca85c9e9cac8057e26b2b06e90129924646b917048bf9ddb0ae,metro,m16_25,le20,dong,120,5,40,56,18,1,19.0,서울특별시,송파구,장지동,,장지동
apartment,993881b41832d4b4442cacbe4569227a73e7afa8bee96f24071473116f33b60d,metro,m16_25,m21_30,dong,133,7,38,61,26,1,24.0,경기도,수원시,장안구,율전동,율전동
apartment,994bb2348e72003c6f0055d366c951bfcd7f91fab81fd851903c32da9d30a2a2,nonurban,le15,le20,eup,334,20,49,133,103,29,15.0,경상북도,구미시,고아읍,,고아읍
apartment,99501a2587a3bbf8bfe638f03e9abf835bd63600cd9eef2d263bbf6fdd02f1b2,nonurban,le15,le20,myeon,58,8,6,26,13,5,12.0,충청남도,서산시,음암면,,음암면
apartment,995dd3a09bf0882a561b2b8f3c68bb75b9ef35f0bece0319564cbfc6b4a3bfd1,metro,ge26,m21_30,dong,181,5,50,104,21,1,26.0,인천광역시,미추홀구,주안동,,주안동
apartment,997d8ff5c3c74f0859c9f3f19fc842998c8740733b11b9c1ab4cd9653b0c2a88,metro_city,m16_25,m21_30,dong,98,6,38,41,12,1,25.0,대전광역시,중구,문화동,,문화동
apartment,99818d572b65145dd2e1a3863015b083aba91cc28d58bf59eb1dc6c9369232df,metro,ge26,m21_30,dong,311,13,84,114,93,7,27.0,경기도,안양시,동안구,호계동,호계동
apartment,998dc053828b8b9d58341b003370c07008f4f0d789f424e34c7964cff22c1841,other_urban,le15,le20,dong,88,6,18,31,30,3,15.0,경상북도,안동시,옥동,,옥동
apartment,9997fc6aeafbd2975e673cfd0d45e75824c46b7e29d815356227c90b35893a56,other_urban,le15,le20,dong,175,13,35,84,32,11,15.0,경상남도,김해시,삼계동,,삼계동
apartment,999e83961ec66403abca804349bcc7a79b358148962d63e03bb1532e36f832da,metro,m16_25,m21_30,dong,158,11,46,91,9,1,23.0,경기도,성남시,분당구,정자동,정자동
apartment,99a1ae31d5fe23edb3422d87e49852a76439d5f100cfe7c0ccff9bebb815d73e,nonurban,le15,le20,myeon,138,17,26,53,28,14,10.0,강원특별자치도,평창군,대관령면,,대관령면
apartment,99a5bcc478e896fd11f11990b9bd2a82e25c8cea4e9d5f3a953b9512ad65c2b1,other_urban,le15,le20,dong,149,16,30,56,36,11,15.0,충청북도,청주시,상당구,용암동,용암동
apartment,99aa932591a268d7dc90fb5f9bd7a83a35c9d47849ba0e69159efee4416b236f,other_urban,le15,le20,dong,144,16,27,60,33,8,15.0,전북특별자치도,전주시,완산구,효자동1가,효자동1가
apartment,99f3d65526380f0e5ffc7515f54197bbd974ee0b06f6f60cf01ce1cc673fa739,metro_city,m16_25,le20,dong,121,8,27,53,30,3,20.0,부산광역시,사상구,학장동,,학장동
apartment,99f3dfe55e07cc1c2b9ed31b03a219e4b48cdd78f7734daaca9bc28352b9ca11,metro,m16_25,m21_30,dong,248,13,67,100,64,4,24.0,서울특별시,성동구,행당동,,행당동
apartment,99f9b6f3c484f9195a87301f4c309c03aa5b7ef576b17b33ddd7fe6ff6694901,metro,m16_25,m21_30,dong,602,23,192,292,89,6,24.0,경기도,군포시,금정동,,금정동
apartment,99fda780c913167b67486aa3031c8bce12c6f1aef8725db71e2a7dea2491afbb,other_urban,m16_25,le20,dong,207,13,57,92,42,3,20.0,전북특별자치도,전주시,완산구,평화동2가,평화동2가
apartment,99fe2630e5dc7142fabdba17298e08169d182d0237caaa7b02fc06cb9632adab,metro,ge26,m21_30,dong,340,10,79,176,70,5,29.0,경기도,남양주시,다산동,,다산동
apartment,9a0fc3ea112053bdd35952bf58e931003d8474fdb10f76d3b60c08543be9c53d,other_urban,le15,le20,dong,74,5,16,28,19,6,15.0,충청남도,천안시,동남구,용곡동,용곡동
apartment,9a16f951e14fb6c907b03ff3b6c5bfcd9bf237ebb538b033d546d34f7a6475ab,other_urban,le15,le20,dong,98,11,18,37,21,11,15.0,강원특별자치도,춘천시,온의동,,온의동
apartment,9a1d24728897c55f0cededadd6b659f6463d04821fbc99287164b4edea5b270f,nonurban,ge26,m21_30,myeon,194,11,55,89,35,4,30.0,강원특별자치도,원주시,지정면,,지정면
apartment,9a2335948a2e1ab5e26523d538eee580a4cbcc62649109867afff5a5f94f3e48,other_urban,le15,le20,dong,254,13,57,102,68,14,15.0,충청북도,충주시,용산동,,용산동
apartment,9a27cd4381cc1259c119ab5090020c65112ade235ce69c3222ee47ce9604a841,metro,le15,le20,dong,238,17,46,104,55,16,15.0,서울특별시,노원구,상계동,,상계동
apartment,9a3aecd7c3c405bb3e48731d207e5f79558c39d4892d8c07512c2d6a76cd78fb,metro,le15,le20,eup,54,10,0,19,16,9,5.0,경기도,남양주시,오남읍,,오남읍
apartment,9a3d34a74c52a89f6736645c1da5ad7238af8ccb6bd98b1e7e12c6de8e17a816,other_urban,le15,le20,dong,114,7,28,49,24,6,15.0,전북특별자치도,익산시,부송동,,부송동
apartment,9a446a3dec2a75ec22145b362a7fc1422ba85479642c81eec3666a8903c523f8,other_urban,m16_25,le20,dong,89,9,20,36,21,3,18.0,전북특별자치도,전주시,완산구,태평동,태평동
apartment,9a45ff5303c889e5d7ce7b976f42e4e25de9257742f439090949cd89a42725d9,metro,ge26,ge31,dong,316,5,112,129,69,1,32.0,경기도,안성시,당왕동,,당왕동
apartment,9a480945b7ace699efee5eb4df2e1c868a8265c63a2bb9a9e9794a41473a0fc5,metro,ge26,m21_30,dong,214,8,81,96,27,2,27.0,경기도,화성시,동탄구,능동,능동
apartment,9a480bf3a081679d15f57478924ba97cc9a3aa487bd11815d93dbd2cabb764d6,metro,le15,le20,dong,74,6,12,31,19,6,15.0,경기도,이천시,증포동,,증포동
apartment,9a4ad928691d4110c5eb28f3240f553c8b7ed9a18f6dbb01a4dadb9d3a17b920,nonurban,le15,le20,myeon,138,30,0,50,30,28,5.0,경상북도,경주시,강동면,,강동면
apartment,9a4b90999a0e0a8c72f8fa7a7cd91e30d080914b1c9e3629971287c17dce1153,metro,m16_25,m21_30,dong,259,12,84,109,51,3,25.0,경기도,의왕시,내손동,,내손동
apartment,9a5d1c08783254a43b9c1093dbc9367799612c28f1ea5f5daf2d5d60b69867d9,metro,m16_25,m21_30,dong,58,8,15,23,11,1,21.0,경기도,동두천시,생연동,,생연동
apartment,9a73a0c08935ffc7747d728e500494b9596f1c51107b41d65d190501961386fe,metro,m16_25,m21_30,dong,471,17,135,222,92,5,25.0,경기도,안양시,동안구,비산동,비산동
apartment,9a75aebb7af476bd57e7056f4871b7c0270ed3ca43f7fb0c6825040d4b178b22,metro_city,m16_25,le20,dong,126,8,38,49,28,3,20.0,대구광역시,북구,태전동,,태전동
apartment,9a7e46224537c95518b52ecd60fd053da4c3ace622dbcceaffd5ef3cba656edb,metro_city,ge26,ge31,dong,410,5,103,179,118,5,34.0,울산광역시,북구,매곡동,,매곡동
apartment,9ab7fb454f314a7090b2cd652e57da5a35e3d9edac2c16648c6abd5744f1ff55,metro_city,ge26,m21_30,dong,248,13,66,104,59,6,28.0,부산광역시,연제구,거제동,,거제동
apartment,9abaaa3e6bce43154539423597e4f2a9c89f013e1a8d4e6792bc215b3d92b996,metro,ge26,m21_30,dong,364,8,97,172,78,9,29.0,경기도,시흥시,은행동,,은행동
apartment,9af81ebbc106087d1297c21ec064a1cce5e212594c5b976dfebf540918f0394f,other_urban,le15,le20,dong,116,15,24,40,26,11,15.0,전남광주통합특별시,순천시,연향동,,연향동
apartment,9b133967c6f2c124fe89641853b29a141b2fb53bff50e8d43ba4b97f2bcd7aa4,other_urban,le15,le20,dong,141,11,30,50,39,11,15.0,전남광주통합특별시,목포시,상동,,상동
apartment,9b14c4608b891dba1b4994591a56af90f6adf1c15dd711eb06118c79a3a2e1bd,metro,ge26,m21_30,dong,256,8,74,119,52,3,29.0,경기도,용인시,수지구,상현동,상현동
apartment,9b1db40599e979c71fe84fe4c6cf0a3908432cbdd1bf6dbe72d8865c13f32913,other_urban,m16_25,m21_30,dong,134,9,29,45,45,6,21.0,전남광주통합특별시,북구,일곡동,,일곡동
apartment,9b4aed667ec635b0b9395743c999b8fc16deb99274269f8833388e9e1b93b151,other_urban,le15,le20,dong,99,8,19,20,39,13,15.0,전북특별자치도,익산시,목천동,,목천동
apartment,9b53c249f5b02e8d1abe415c023db3f91bcaa48a94d89110b9fd6794ef805bb3,metro,m16_25,le20,dong,160,7,38,67,40,8,17.0,경기도,김포시,감정동,,감정동
apartment,9b5fc51acd2af22ee16537a377fc55ae97727ef2e9a5c98f8df7abc28aa105ab,metro,le15,le20,dong,99,11,14,41,27,6,15.0,서울특별시,송파구,오금동,,오금동
apartment,9b65f46c3e8ff65cd6f9a10675b11d408a42aff10c29184f7df015931ae03e93,nonurban,le15,le20,eup,64,10,13,23,14,4,11.0,강원특별자치도,양양군,양양읍,,양양읍
apartment,9b6644624367d369b251a3bd58145ecbb4e56d4483ab9dca79c3674ac0834ee8,metro,m16_25,le20,dong,140,9,28,63,32,8,19.0,서울특별시,도봉구,창동,,창동
apartment,9b6fcf6f8ff687c8093abb46dbfd2630db081ad14f4cadae4073696f104c70c7,other_urban,le15,le20,dong,71,8,12,25,22,4,15.0,강원특별자치도,태백시,황지동,,황지동
apartment,9b7b761aef1a03325091c19965df2891fd840151598f9062aaad8c5c47ce38a1,other_urban,m16_25,le20,dong,519,15,144,206,133,21,20.0,경상북도,경주시,용강동,,용강동
apartment,9b8969d861dc6708df16db6921583b69da762baba36ad7d6b6fa1d39d2bd6b5c,other_urban,le15,le20,dong,65,16,0,24,15,10,5.0,전남광주통합특별시,여수시,오림동,,오림동
apartment,9b8b12e8f528acdf04817d180bd86dbddc23cf12ac5c8e203ec471bf0eb86223,metro,le15,le20,dong,67,5,14,31,10,7,10.0,경기도,이천시,고담동,,고담동
apartment,9b8e6319566bb9fe500f51d56c62002e9df69beb969e8ace62846d421f79e041,metro,m16_25,le20,dong,85,5,22,34,22,2,18.0,경기도,수원시,영통구,영통동,영통동
apartment,9ba6996ab9c91dfffa24a056f2f5fab5e500070939da5b76194e20483d892a83,metro,m16_25,le20,dong,117,6,34,53,23,1,20.0,경기도,구리시,인창동,,인창동
apartment,9ba7d0b961ba8cac6dd6ae1984c90f697063beed7e266ec70e67fab9b9efa867,metro,m16_25,le20,dong,111,5,32,46,25,3,19.0,경기도,용인시,기흥구,마북동,마북동
apartment,9bac0cce294d6a6980abfb768112cef938557541f25f17a46e6d6dbef4c0559a,nonurban,m16_25,le20,myeon,244,10,75,98,51,10,20.0,전남광주통합특별시,순천시,해룡면,,해룡면
apartment,9bad54de5d7951753074bf484b79bb122cb9ef7e4d3be84bda1be6af0481a916,metro,le15,le20,dong,105,9,19,40,31,6,15.0,서울특별시,성동구,응봉동,,응봉동
apartment,9bc1d04fbc56e3b1bf82d5783436a98f7000942162043642c7c3d071b5aba086,metro,le15,le20,dong,105,8,27,34,32,4,15.0,경기도,평택시,세교동,,세교동
apartment,9bcfd5549e3b6068e99be963ef056c9fbbbcffdebad60e7b887a8c4f49d8de82,metro_city,m16_25,m21_30,dong,159,8,41,78,30,2,22.0,부산광역시,사하구,신평동,,신평동
apartment,9bef62816da7866e6216d3310e2d50bcafae515948d7d03bd8cae126f4c766b3,other_urban,m16_25,le20,dong,104,5,11,48,34,6,16.0,전남광주통합특별시,목포시,용당동,,용당동
apartment,9c096161f291d3d01f60e19d3c562d3ab30549f2497367242586596d3895f8de,other_urban,m16_25,m21_30,dong,265,6,76,114,66,3,25.0,경상남도,김해시,율하동,,율하동
apartment,9c21c8be9174c49fad38e0c84ac9772f83e9ad00771d6ae3485dfc4787019d24,other_urban,le15,le20,dong,97,10,17,31,29,10,12.0,충청남도,논산시,내동,,내동
apartment,9c2971e8ca64fccc7db85f2ba0ff6c2c96e5873e1c74a5734e40ff636aca29c3,other_urban,le15,le20,dong,260,14,37,101,87,21,15.0,경상북도,구미시,옥계동,,옥계동
apartment,9c2a7cdc70e12614f1f7721420c1fbd48007b06521da01b8c6a6efde4c690073,metro_city,m16_25,m21_30,dong,57,6,11,24,13,3,23.0,부산광역시,영도구,봉래동2가,,봉래동2가
apartment,9c2f4fa9872ffd3bc8ee36796679f8e5b8ae30077320bda07f8d9f0c421dbb89,nonurban,le15,le20,eup,61,12,0,31,8,10,6.0,경상북도,칠곡군,왜관읍,,왜관읍
apartment,9c3cad28338b485e18d2dcd27f1e757451a3cd68abfe1fb6832a1ecdfabb7b62,other_urban,le15,le20,dong,60,7,16,17,13,7,15.0,강원특별자치도,동해시,천곡동,,천곡동
apartment,9c42a86dbfa2b0b7be49dc4f413e2e5b1f65b8db23e055eed69ff724af86b851,metro,m16_25,m21_30,dong,240,6,94,120,17,3,24.0,서울특별시,은평구,수색동,,수색동
apartment,9c42f9073d2f1b5b78b64c38924ef50f9dfd9a16a7c448353d863519fb496d96,metro,le15,le20,dong,79,9,16,35,17,2,15.0,서울특별시,은평구,불광동,,불광동
apartment,9c47379dca03afe271af4c049a34938c3d6407c943a8849c63938019ba2a7f3a,metro_city,m16_25,le20,eup,70,5,16,25,20,4,20.0,대구광역시,달성군,다사읍,,다사읍
apartment,9c49b076955368ab76634ae62ed5cf38372b349815c7dd5f17f3ae0d4f905688,metro,le15,le20,dong,125,12,26,47,32,8,15.0,서울특별시,성동구,행당동,,행당동
apartment,9c4e2f1397199b5dbebcf3601327abe6d0f76639c300d606c377b647b62e72b5,metro,le15,le20,dong,61,5,21,26,8,1,15.0,서울특별시,은평구,진관동,,진관동
apartment,9c56e22f3084d6c4a5ebe3d84670bdc3fa6d55e54de62973755b4fd85e6c78d6,metro_city,le15,le20,dong,252,18,48,107,73,6,15.0,대구광역시,달서구,이곡동,,이곡동
apartment,9c62d16c41bb543b2ec8973914dcecf09f8624040b679eb51870c768227cdbb8,nonurban,le15,le20,eup,164,9,33,66,49,7,15.0,전북특별자치도,부안군,부안읍,,부안읍
apartment,9c6b9965d0bd2ff8acf5804ab33a462b73b586698f769093fc2f560ae5b95e7b,metro,m16_25,le20,dong,81,8,15,40,15,3,19.0,경기도,용인시,기흥구,영덕동,영덕동
apartment,9c7a3cee18ab00dd4791648582288282ce175cc5161f38c3ced936d0613add32,metro,m16_25,m21_30,dong,60,6,17,29,7,1,22.0,서울특별시,노원구,중계동,,중계동
apartment,9c804d7308b22868f1664e5deabe1724058ff74261b4eba0918cda303f73785e,metro_city,m16_25,m21_30,dong,212,6,53,88,64,1,24.0,울산광역시,북구,중산동,,중산동
apartment,9c8122b354b5e4a49f22d1a64ba7ea2e5a9de21edd518389a79e9722d8aa621a,metro_city,m16_25,m21_30,dong,62,5,19,29,8,1,23.0,부산광역시,연제구,연산동,,연산동
apartment,9c97aab57890cd7ef312bb9bbedf906f769ec02a384ee0938eb2f6805f43d680,nonurban,m16_25,m21_30,myeon,215,8,67,108,31,1,25.0,경상남도,창원시,의창구,북면,북면
apartment,9c99f5635aebd10da23892458e76e258d0c9b1a4333d42e9de80a5ca1810ecbd,metro,le15,le20,dong,87,5,15,33,30,4,15.0,경기도,양주시,만송동,,만송동
apartment,9ca51831fdae27a834c15a6bdd7dc7e0d7c589a45294c31bcdc0f0b29831a8db,metro,m16_25,m21_30,dong,291,17,91,170,11,2,23.0,경기도,안양시,동안구,관양동,관양동
apartment,9ca71ad8dc89ebe1b1b6da88277afe088a9ba94f4be8d3fac7eac317011eac7a,metro,le15,le20,dong,65,12,12,27,9,5,10.0,경기도,시흥시,정왕동,,정왕동
apartment,9cb20310f2a03601c669c28b4943b0f2ba66f642b9b0e86d67f5e8a4a1cb91ab,nonurban,m16_25,le20,eup,99,8,31,29,27,4,20.0,전북특별자치도,부안군,부안읍,,부안읍
apartment,9cc0089093b3a9fbe7d1d0ec89e7433e664a750e7ae63da167d66f412e7bba59,nonurban,ge26,m21_30,myeon,381,11,125,182,56,7,29.0,강원특별자치도,원주시,지정면,,지정면
apartment,9cc536954895c1c3dff213b746cd3626713884cb5ca55fbfe40a95b317eadc6d,nonurban,le15,le20,eup,111,11,28,49,12,11,15.0,전남광주통합특별시,영암군,삼호읍,,삼호읍
apartment,9cc5c4f34de2565863c2dcb35e23e13c2297a307bc42d321919cd408dd52966d,metro,m16_25,le20,dong,78,7,15,37,17,2,19.0,경기도,남양주시,호평동,,호평동
apartment,9ce5c5f6d23ad8e8c6071025737a61a8f2de41962ac2612270270f022ae8bfff,metro,le15,le20,dong,64,6,14,27,13,4,15.0,경기도,수원시,장안구,정자동,정자동
apartment,9ced11dae42161947a65cc33f18876d5c040c34c778ef10848b748a1cea463e6,metro,le15,le20,dong,54,10,15,18,10,1,15.0,경기도,고양시,일산동구,식사동,식사동
apartment,9cee7ce3bb19b2cbdf47e4e06644b7dd1c76be1b138cbf810fa339604933dee3,metro_city,m16_25,m21_30,dong,136,6,32,66,30,2,22.0,대구광역시,수성구,만촌동,,만촌동
apartment,9cf7b38288f5d7d94db13e82a622e3edd89474837c64b1d578e2552cb8249204,metro,le15,le20,dong,257,17,42,93,85,20,15.0,인천광역시,남동구,만수동,,만수동
apartment,9cf8a33c5109d5b8f48f284d0a5c8ffb07e2206591075eb1e2be7af0f7f17c4e,metro_city,m16_25,le20,dong,147,6,39,52,45,5,18.0,울산광역시,북구,명촌동,,명촌동
apartment,9cfd304b0677779eadd9c8d839b9df567248dfe84a3f182ebb9c24ad09a169da,metro,m16_25,m21_30,dong,213,6,59,102,41,5,23.0,경기도,김포시,풍무동,,풍무동
apartment,9cfe82d5ac31b5fd6a4cce2c37a953b678ae4b327201821418f948870d2b25a8,metro,ge26,ge31,dong,271,11,87,117,55,1,33.0,경기도,화성시,동탄구,능동,능동
apartment,9d01816b0c64363b6af62dee11fe3b1b1a0a55cd533c7f2ed0a5bfef85fd7969,other_urban,m16_25,le20,dong,138,6,26,61,39,6,18.0,경상북도,김천시,부곡동,,부곡동
apartment,9d085364d35130d2aa877ac00977659acc7c3333fc39ad29136ea2ce92b54096,nonurban,le15,le20,eup,50,6,10,18,13,3,15.0,경상북도,포항시,북구,흥해읍,흥해읍
apartment,9d08cd8e8bbea8127e50e76849697ca9b21380e490f4eb44240923d888274312,metro,m16_25,le20,dong,173,6,55,72,30,10,20.0,경기도,용인시,수지구,상현동,상현동
apartment,9d0bf5baec9099f9fbe69304fb78ed0b47296837c9fa76dff3cbd5c771fc8ad5,metro,m16_25,m21_30,dong,140,7,34,58,34,7,25.0,경기도,구리시,갈매동,,갈매동
apartment,9d0cf7c0b56880e99a4a9dab37e4769cbe10602831494217c51252f36cf74573,metro,le15,le20,dong,51,11,0,28,8,4,6.0,인천광역시,계양구,작전동,,작전동
apartment,9d1e11ff6b1c18ddd7e25b2da9e6dfcbcadf9d5072db775b1e7e600df19edd71,metro,m16_25,m21_30,dong,207,9,44,103,45,6,25.0,경기도,광주시,고산동,,고산동
apartment,9d21983c918e28b12b2d9abddfb6ccbe24535fcd270557d19c479f2eda4ad8ba,metro,m16_25,m21_30,dong,116,7,37,55,16,1,23.0,경기도,수원시,영통구,망포동,망포동
apartment,9d29e59990e54f05af68adb722c04bc9a5af86837c369c422833d3b0d64bed86,nonurban,le15,le20,eup,298,16,54,132,79,17,15.0,충청남도,홍성군,홍성읍,,홍성읍
apartment,9d2cc9f4275b87b05394484d53f336af439bda5daeabbddb718f5bed033c18d9,metro,le15,le20,dong,80,8,12,36,19,5,15.0,서울특별시,강서구,방화동,,방화동
apartment,9d2f944136e66bbda09e1ae00a60f1199da25d1a8f7422fd87d877e655535178,metro,m16_25,m21_30,dong,117,6,45,52,13,1,25.0,경기도,용인시,기흥구,중동,중동
apartment,9d3637348e227ffb40281bdf83a0c1303a49c35ac375119b447b42c19768149b,metro_city,m16_25,m21_30,dong,106,5,28,39,33,1,24.0,부산광역시,사상구,학장동,,학장동
apartment,9d372bb58871621b389d78364018491dcb5e104eabe341d62c0e959149146f35,nonurban,le15,le20,eup,55,8,9,17,15,6,7.0,충청남도,천안시,동남구,목천읍,목천읍
apartment,9d3d3fea91c85ff6c6b9f4d3f6ea8a7bc1c8cffe480e497e5e57bed5e1279b82,metro,m16_25,m21_30,dong,83,5,13,37,25,3,22.0,서울특별시,동대문구,제기동,,제기동
apartment,9d42eefd4200e0f08c271e63fd433818a165ec47a37df50c2660bcbf7574ab65,other_urban,m16_25,le20,dong,141,10,45,64,21,1,20.0,강원특별자치도,원주시,단계동,,단계동
apartment,9d46c0ca803ca432613325986dc5e7e0bdd1d8a7bbfed7021f491f386b85fd12,other_urban,le15,le20,dong,160,9,35,67,39,10,15.0,충청북도,충주시,연수동,,연수동
apartment,9d49cc3ed197e6fa89ad89f0e5c8a0c5651a4f68fefaa596a5ae0413cbc706ac,metro,le15,le20,dong,83,14,0,39,15,15,6.0,인천광역시,연수구,연수동,,연수동
apartment,9d54c93551411b541cddc7bb1ead53c1c9128281e24079726b7e5487b107903e,other_urban,le15,le20,dong,69,6,15,28,19,1,15.0,충청북도,청주시,흥덕구,복대동,복대동
apartment,9d6a5f125f16a0447a71ba79f647695f9b7810e42392a89b4ce2869db79aea76,metro,m16_25,m21_30,dong,209,15,47,90,56,1,23.0,경기도,수원시,장안구,조원동,조원동
apartment,9d6a7f40d58652d68117d5b101e432a835a76961003831b57be4b80c7a9d9415,other_urban,m16_25,le20,dong,102,12,21,41,25,3,18.0,경상북도,구미시,상모동,,상모동
apartment,9d6dda70aa50ae58d6ab5ecac1c8b3a3a37018ff9143ef9891194a2b6c739e20,metro,le15,le20,dong,50,8,6,21,9,6,10.0,경기도,안양시,만안구,석수동,석수동
apartment,9d710df2138cbc6271d01047ef7e2c4d62a0cf8d73955e032904a8d1e26e2bd7,nonurban,le15,le20,myeon,121,5,43,41,25,7,14.0,강원특별자치도,평창군,봉평면,,봉평면
apartment,9d7983e92765c89e733b674393f32c24ce00b3fb908644c5ff81d2b9c3e65aeb,metro_city,le15,le20,dong,278,12,58,103,86,19,15.0,대구광역시,북구,동천동,,동천동
apartment,9d877a0a6d9137488c7b7d9182f09e06c6442a0cdda0e60cb995d02062381d9d,metro,le15,le20,dong,259,15,49,112,66,17,15.0,경기도,양주시,옥정동,,옥정동
apartment,9d88883a803cd8d098f25a0fdd5b467b4d1029bb6366f33b2c279b86e8076622,metro,le15,le20,dong,107,8,15,44,33,7,15.0,서울특별시,중랑구,신내동,,신내동
apartment,9d90f2ab2e22ffeecde1b515d0a9d87a64fe045b7219c14bfad43271c2322fbe,other_urban,le15,le20,dong,194,12,37,73,57,15,15.0,전북특별자치도,군산시,나운동,,나운동
apartment,9d9b288b0cda30d6d0228b606a293598dd810ab98810c708d5e25767160dea9d,nonurban,le15,le20,myeon,84,5,8,43,22,6,12.0,충청남도,아산시,음봉면,,음봉면
apartment,9da3dcd11d3b7746606f130ec65c55b04ee0dfa646891bded60e22ff94b68ecb,metro_city,le15,le20,dong,95,8,21,34,26,6,15.0,대전광역시,서구,월평동,,월평동
apartment,9da41e0b3cf90ec47784e7daed40254b24265e887e04bcb29e9f9d9b80930d75,metro,le15,le20,dong,115,13,23,51,17,11,10.0,인천광역시,영종구,운서동,,운서동
apartment,9dac7c6596189aa798fd6ed7bb94d9d80e3005816fbdbb4b269acafd59e519ec,other_urban,m16_25,m21_30,dong,365,13,96,175,77,4,24.0,전남광주통합특별시,북구,연제동,,연제동
apartment,9dacbc1e7abac85974baf871e50d04c54a848eb9a13bb4f973288e4f61c8e005,other_urban,le15,le20,dong,541,22,97,231,155,36,15.0,충청북도,청주시,흥덕구,복대동,복대동
apartment,9db23537da4ab898cd58bb18c90fdf61a6b8bfb203a6d308139b824091fe55d7,other_urban,le15,le20,dong,65,8,11,32,12,2,10.0,제주특별자치도,서귀포시,동홍동,,동홍동
apartment,9db94d014844036ee0e9b490fbc9fb6a75ac198d688963aafcfe9fc4cd45a006,metro_city,m16_25,m21_30,dong,148,7,48,51,39,3,22.0,부산광역시,남구,대연동,,대연동
apartment,9dba88f2237d4c82c5c78c67e606466de192b4093821038c00f637ecc9bbda8c,metro_city,le15,le20,dong,50,10,0,20,10,10,5.0,대구광역시,북구,복현동,,복현동
apartment,9dcf8384c61951b7d96bc86ecd2f35ef4ea9ed060900acb41f6019608e6b7a15,metro,le15,le20,dong,101,16,31,44,8,2,10.0,경기도,시흥시,정왕동,,정왕동
apartment,9dd422c0c5a5f803d7b78c6fd7e6e2c3ae77b60be7c9370bfb05d493af2a9e27,other_urban,m16_25,le20,dong,159,12,44,69,30,4,20.0,전북특별자치도,전주시,완산구,효자동2가,효자동2가
apartment,9ddb470626035d66e2d1065559534e1082b7ec8a20795f9fdb3e4cf246b459b4,other_urban,le15,le20,dong,274,15,69,119,59,12,15.0,충청북도,제천시,고암동,,고암동
apartment,9deed79d3087f08acf98157f5ac5b548a776c9668e9e8ff181484ad96d667857,nonurban,m16_25,le20,eup,85,7,27,35,11,5,20.0,전북특별자치도,부안군,부안읍,,부안읍
apartment,9e02ec950beaddb2dedde8673766fc7d15d4404d77f815e262c9d5c26c035ea2,other_urban,m16_25,le20,dong,228,12,46,103,59,8,19.0,경상남도,양산시,주진동,,주진동
apartment,9e0bb8ad7f3d04201ae0a1b2f049471dc39defd5b2943d10cb83dfe7f65abc26,metro_city,m16_25,m21_30,dong,51,5,11,18,15,2,24.0,부산광역시,사하구,장림동,,장림동
apartment,9e236b1b736b3c9f597fa30420caa351d91075f7244a8a0b42b315039fc99088,metro_city,m16_25,m21_30,dong,99,8,28,43,18,2,21.0,부산광역시,부산진구,부암동,,부암동
apartment,9e254ebb9c22a79ebe145bd5085722935acdd30010aa7703d1046c9659c54f00,metro,ge26,ge31,dong,881,22,373,433,50,3,37.0,인천광역시,남동구,구월동,,구월동
apartment,9e30e519f2b98f20197a8515a270252d50d8d0eefdf64de4a78e24d5a741fdbc,metro,le15,le20,eup,110,10,25,38,32,5,15.0,경기도,광주시,초월읍,,초월읍
apartment,9e32cf7a927f1c777c380b22f163ed5b53a99d05fcd259909a2758b5541e2e82,metro_city,m16_25,le20,eup,59,6,12,19,16,6,18.0,대구광역시,달성군,논공읍,,논공읍
apartment,9e3374a1ab80d6ec3a65e5f6ec28d9408182e1d1e10f24266f26e3d69d726289,other_urban,le15,le20,dong,89,6,21,25,27,10,15.0,충청북도,청주시,흥덕구,비하동,비하동
apartment,9e35970b47651befcc233f9ce94414a4edfe7d1f0d3cd0519aa2e9e62f97c999,nonurban,le15,le20,eup,80,13,12,33,18,4,10.0,전북특별자치도,무주군,무주읍,,무주읍
apartment,9e3ab16c5e6adbfc6fdc4501bc34d9a304591e32c3187f8e3bc4ad911e4750a5,nonurban,le15,le20,eup,120,8,31,56,22,3,15.0,강원특별자치도,홍천군,홍천읍,,홍천읍
apartment,9e3ce9161517e126203408955add6db179963f48bea2a6f6c00c69d4949526e9,metro,m16_25,le20,dong,137,7,30,54,44,2,18.0,경기도,하남시,신장동,,신장동
apartment,9e51920d3b588728660ad84563910add7c16da0973395cfa6246b5e628a7abf7,metro,m16_25,m21_30,dong,211,8,47,85,68,3,25.0,인천광역시,검단구,원당동,,원당동
apartment,9e5f279655bab1be87a3f8a579509f34e648445913832c86ab19946d09c08e60,other_urban,m16_25,le20,dong,144,7,44,70,20,3,20.0,전남광주통합특별시,북구,연제동,,연제동
apartment,9e86206ce20ee6240b3865a7f3237901739fb686e5e3ffdf8a0a9982dcd7d248,other_urban,le15,le20,dong,173,10,43,60,43,17,15.0,충청남도,보령시,명천동,,명천동
apartment,9ea158493ec0eefa9ea81fe711808dfbc24de2ac3d54a7c94c5f5a5593a177e1,other_urban,m16_25,m21_30,dong,88,8,17,53,9,1,22.0,경상남도,김해시,관동동,,관동동
apartment,9ea189a5acc458e460fa52cb8e54963d888a1bc90477ef153e880e267280a294,metro,m16_25,le20,dong,104,7,31,50,14,2,20.0,경기도,성남시,분당구,수내동,수내동
apartment,9ebde9b48c6415f7ff37cb76a63e9e00da714e6951db0ffefea1b3dab3d9395d,nonurban,le15,le20,eup,71,14,0,41,15,1,6.0,경상북도,칠곡군,왜관읍,,왜관읍
apartment,9ed7f87de9aba8f6a1c467babf9505b17583c548fe05631f9e1821f5b86014b1,metro_city,le15,le20,dong,149,10,33,75,30,1,15.0,대구광역시,동구,율하동,,율하동
apartment,9edbe1ca215a1753e51862cfefe6845060edad211d8342e86f952be64c34c277,metro_city,m16_25,le20,dong,95,5,20,46,20,4,20.0,대구광역시,달서구,감삼동,,감삼동
apartment,9ee28392eec2c51523f536e34073c44487e0b88924dd382b7d67dbae2e483344,nonurban,le15,le20,eup,142,12,32,60,33,5,15.0,충청남도,서산시,대산읍,,대산읍
apartment,9ee7f6db95ca32039953ac1bb023f121245ef1b3ef8742e65e6f00413b5e4139,metro_city,le15,le20,dong,78,6,8,46,14,4,13.0,대전광역시,서구,정림동,,정림동
apartment,9eebec8aad4a137d07108a5a1f2d96e36e08da3cdcc93a165dd09f15c6d4a5d9,metro,le15,le20,dong,76,6,14,33,18,5,15.0,경기도,의정부시,신곡동,,신곡동
apartment,9eff2f2c5ded4d5d4ee6001638d8dac10ad9fd6d31e1a3cf32f7f9fa313dc20b,other_urban,le15,le20,dong,138,28,0,48,35,27,5.0,충청남도,보령시,동대동,,동대동
apartment,9f0977040db1dedd780b4d07870904e4c3a262c787c77e07c525aaf2f58a4d8f,nonurban,m16_25,m21_30,myeon,110,7,30,49,22,2,25.0,경상남도,양산시,상북면,,상북면
apartment,9f0aafaf0445115f75c29d08fbd5019e153fb2aedbc319aae3bce021025b583d,metro,m16_25,le20,dong,128,9,30,53,32,4,20.0,경기도,수원시,영통구,매탄동,매탄동
apartment,9f0e59467ebec2c441069a30f133d813bccdf219fd3c1e89696bc0b315b482ca,metro,m16_25,m21_30,dong,93,12,47,25,7,2,25.0,경기도,성남시,분당구,분당동,분당동
apartment,9f12c7721e4e87e48ceb3a5a87eb6353e5c70f0759ee0eb86c7a24fafb5b51b9,other_urban,m16_25,le20,dong,76,7,13,31,22,3,18.0,강원특별자치도,춘천시,퇴계동,,퇴계동
apartment,9f17f92f740179f1d296da46faa2b361b4e77b74a6fe936d793366e2d7386544,other_urban,le15,le20,dong,90,7,17,33,29,4,15.0,강원특별자치도,속초시,교동,,교동
apartment,9f29a5243665d337040c1ec7d2a2523ca6591660347d863e4b442d26020a9b12,metro,le15,le20,dong,71,6,10,29,23,3,15.0,경기도,용인시,기흥구,구갈동,구갈동
apartment,9f41efbc68f3e785931e7a4de115870654462b27e4b34b3c229e15cdc8f329f2,metro,m16_25,le20,dong,166,10,34,72,46,4,18.0,경기도,고양시,덕양구,관산동,관산동
apartment,9f49661908114dbaff26efb5a62493c91e2933508ceeb3013779986860a6d56b,nonurban,ge26,m21_30,myeon,470,15,145,196,107,7,30.0,전남광주통합특별시,순천시,해룡면,,해룡면
apartment,9f4f00282496f2b507986f68be45bd4cf01cfd77007f8c735bdc597b7162a87c,metro,ge26,m21_30,dong,158,9,38,55,52,4,27.0,서울특별시,구로구,신도림동,,신도림동
apartment,9f50ad5d87092fcfbe12b6319375bf85a2e5c60c02a564fa71b64ba56542c246,other_urban,le15,le20,dong,234,15,49,92,66,12,15.0,전북특별자치도,전주시,완산구,서신동,서신동
apartment,9f534c8ce9728699b8c23c7c8edc907e8c4ec67fa18ec7346442daf9d6745210,metro,m16_25,le20,dong,96,5,24,39,23,5,20.0,서울특별시,영등포구,대림동,,대림동
apartment,9f5607b520e8de0361968a7ec03285cb748b85e0e40afa0ba50ab11e2b3ee5e5,metro,m16_25,le20,dong,93,5,19,39,24,6,17.0,경기도,고양시,일산서구,탄현동,탄현동
apartment,9f5786a57e88457dec3a5fca6c4a7aa08878eac154ed4bbf06cbfcfa218aec42,other_urban,m16_25,m21_30,dong,72,9,20,26,16,1,23.0,전남광주통합특별시,북구,용봉동,,용봉동
apartment,9f58c6baefa9e3167b5dbf0e4fea30f15c67ff519a8103f7a3fe4a5a5c1064b8,metro,le15,le20,dong,62,13,0,25,12,12,5.0,경기도,고양시,덕양구,관산동,관산동
apartment,9f630f61ee1f842ba6f1dd4f0c1bc56601360aa7785ca450d741adae7621b707,nonurban,m16_25,le20,eup,197,8,55,87,42,5,20.0,충청남도,아산시,배방읍,,배방읍
apartment,9f6b2960c0a92515c25467c6712603e414b18c0815ac6004b21ca8f838c60173,other_urban,le15,le20,dong,60,9,12,19,19,1,14.0,전북특별자치도,군산시,나운동,,나운동
apartment,9f80f61b7a1068c6e94d4d93fcda13385fffe7db233d86821756ece8921f4c33,metro_city,le15,le20,dong,82,8,0,44,13,17,6.0,부산광역시,해운대구,재송동,,재송동
apartment,9f882abeaec3290135583078c6b17b6d7f884ce258d25ac08fb40d917629a73c,other_urban,m16_25,le20,dong,305,17,82,118,76,12,20.0,전북특별자치도,익산시,부송동,,부송동
apartment,9f909f4044835a9df0bdecc095cab5594bfb453ae8abfbaf12b1a41a3eee08ee,metro,le15,le20,eup,164,23,21,47,50,23,7.0,경기도,남양주시,진접읍,,진접읍
apartment,9f91e4a4c1c78395776de09ea876f7e353763fd2b7b36f2ddf5e36f147fe0c5a,metro_city,m16_25,le20,eup,109,7,24,49,24,5,20.0,부산광역시,기장군,기장읍,,기장읍
apartment,9f9db5706c46c55938012534c4db8fedd8f5273a7c32746ba46659f1cc8a5f64,other_urban,m16_25,le20,dong,75,7,17,38,10,3,18.0,전북특별자치도,전주시,완산구,평화동2가,평화동2가
apartment,9fa110c840753eb2b49adc9772f5c5d3f4cbf7510d3586d56d9a0c697a49484f,other_urban,m16_25,m21_30,dong,1325,86,452,577,192,18,25.0,경상남도,창원시,성산구,상남동,상남동
apartment,9fa25f707851e772aff1115e85868d089450c21ef483894537e073bb5f9e2866,nonurban,le15,le20,myeon,128,9,22,41,45,11,15.0,충청남도,계룡시,엄사면,,엄사면
apartment,9fa57988a179e7792267e491b11de5710fc0b774ed6b0517f17c8ccd1598a6f4,metro_city,ge26,m21_30,dong,270,5,77,134,50,4,29.0,대구광역시,수성구,범어동,,범어동
apartment,9fb2b9c2282e61766db11b2555d10e46a4deba2d7a1fc924cc201180e3d57b6b,other_urban,m16_25,m21_30,dong,91,5,32,36,15,3,21.0,전남광주통합특별시,광산구,수완동,,수완동
apartment,9fb3bdb6fd11027526b61791a6b2ab9e792bafd7706568a1aa1ea288f65b2ea3,other_urban,le15,le20,dong,70,5,13,32,19,1,15.0,충청북도,제천시,신월동,,신월동
apartment,9fc88421684ef4fb6520ca5d52e367ce6d6cea174931bc868d502d72f42802cd,metro_city,le15,le20,dong,60,5,13,23,16,3,15.0,대전광역시,서구,둔산동,,둔산동
apartment,9fce00f4070aff35207c5b2157f1dd8d9c5928a51d97b5d79e2771cb42335b40,other_urban,le15,le20,dong,93,24,0,42,22,5,6.0,경상남도,창원시,마산합포구,자산동,자산동
apartment,9fd4d3041918b480c1be27769ae2722848a9068c3c92ed18a6a183529d96c1b1,metro,m16_25,le20,dong,90,11,26,37,14,2,20.0,서울특별시,노원구,공릉동,,공릉동
apartment,9fd9f5e819d8d19a6c0b4874026987573daea98d5f38885081fdeaa7ebb201aa,metro,m16_25,m21_30,dong,213,26,86,83,15,3,24.0,서울특별시,송파구,방이동,,방이동
apartment,9fe7fc6b2c242365e03a0bd4f1fb0bdd7b3f3452b15dfc61bcf24bf5424ee3a1,other_urban,le15,le20,dong,371,31,75,158,88,19,15.0,경상북도,안동시,용상동,,용상동
apartment,9feb923f2c99ba7590e9fa606f646c6a11f2ec64a31ea85b00e7aebe985d458a,nonurban,le15,le20,myeon,64,16,0,22,7,19,5.0,충청남도,천안시,동남구,북면,북면
apartment,9ffd2c89b25e783333afb7d8d2c43e73ba8f0494d7ee43bcdc7b761cc3b3f6fc,other_urban,le15,le20,dong,88,7,19,40,15,7,15.0,경상북도,안동시,옥동,,옥동
apartment,a000c22f3796eb016d334785ed747dff571c8ac12200666c3de1dce53ca02337,metro,le15,le20,dong,56,6,13,22,10,5,10.0,경기도,양주시,옥정동,,옥정동
apartment,a005713f3297fa7b3897c244600ca3bfbffabd637c228cb34469aabec123add2,metro,le15,le20,dong,102,7,13,49,25,8,15.0,인천광역시,부평구,산곡동,,산곡동
apartment,a0118137200cfe1cb5d2cbc595c8073b9bbcc98a84e25bdcede5d576ac4dc5a7,metro,m16_25,le20,dong,149,8,39,61,38,3,20.0,인천광역시,부평구,삼산동,,삼산동
apartment,a017bec74af7d9719d5a7324d4ad4eeeb78fa636172d485a515dded87f5d3c17,metro_city,le15,le20,dong,104,6,17,42,33,6,15.0,울산광역시,남구,야음동,,야음동
apartment,a019d8970c2188b8de0460bae6ebe23911432b9d7b8b9c41b5534ebc239ed540,other_urban,m16_25,le20,dong,122,6,31,60,22,3,20.0,경상남도,김해시,삼문동,,삼문동
apartment,a01d23ab10dd6dce9c8ad646679638c5f726033e24cfa95b7d2d8326ae5c5a37,other_urban,le15,le20,dong,144,10,33,59,30,12,15.0,경상북도,영주시,가흥동,,가흥동
apartment,a02842359e86d00b3f806f49158904ab46b50b188e753d7af03acc42f25b1592,other_urban,m16_25,m21_30,dong,356,11,69,146,122,8,25.0,경상남도,창원시,진해구,남문동,남문동
apartment,a0353e7b06deac95f4d779a4896fd6bf2315a8b4d9309abdb9b90fb3c0c0123f,other_urban,m16_25,le20,dong,90,5,21,42,21,1,18.0,경상남도,김해시,어방동,,어방동
apartment,a049ca3e6f022c814bb83a1be7e12582780d8dcad63340154b3ebb60560f3913,other_urban,m16_25,le20,dong,288,30,87,123,46,2,20.0,전북특별자치도,전주시,완산구,평화동2가,평화동2가
apartment,a066d1831b948affc14fe1e6922243fb4ee0e36aab3182c5f6bd9bbd51f88669,metro,m16_25,m21_30,dong,346,12,87,158,77,12,23.0,서울특별시,관악구,봉천동,,봉천동
apartment,a07789e4c18516724ea4268e377e52da27d536f305c5d4000d8e6a250739a76c,metro,le15,le20,dong,100,7,18,34,34,7,14.0,인천광역시,제물포구,항동7가,,항동7가
apartment,a07c4472ffd164d942ef79f4478c80c525836cc5b19bf8252aa43f9e1084ede9,other_urban,le15,le20,dong,121,10,25,50,33,3,15.0,충청북도,청주시,흥덕구,신봉동,신봉동
apartment,a082defccf0ea83c6225e7c4c5d7953d09cf5b86e90671ddf7ecf17028611cdf,metro,le15,le20,dong,232,33,61,86,33,19,10.0,경기도,시흥시,정왕동,,정왕동
apartment,a088f6e7dee59ff2be3b803fb4e84081400a64e1b848c37303b162c54bc62708,other_urban,m16_25,le20,dong,229,17,60,110,39,3,20.0,전남광주통합특별시,광산구,월곡동,,월곡동
apartment,a08f320345462527e197cbe922c53c1276ba1e0113cd1aa605ca55d2b62686e4,metro_city,m16_25,le20,dong,172,8,42,77,43,2,20.0,부산광역시,강서구,명지동,,명지동
apartment,a09206d2c77c28276965591843df9c5f66147fc9c83578ce2aed5f9838dc4a96,nonurban,le15,le20,myeon,93,18,0,39,20,16,5.0,충청남도,아산시,인주면,,인주면
apartment,a096ae95272b98dcff28f01c6f439d686760dd1c7b953d2bfc89d4f8004a5d4c,other_urban,le15,le20,dong,149,14,25,63,40,7,15.0,충청북도,청주시,서원구,성화동,성화동
apartment,a09c089fe9823c345b5948a503577e3479c50f7aa93d717a9a0390195bd3ef5a,other_urban,le15,le20,dong,164,11,36,66,46,5,15.0,경상남도,김해시,내동,,내동
apartment,a0a5b2a7264cbe5b92e6ee05758bee8dc63bdb7361cb84e90b19811f7e5e12f8,metro_city,le15,le20,dong,69,7,10,27,18,7,12.0,대구광역시,북구,서변동,,서변동
apartment,a0aeae11104857da8c204713c8fc1fa99155632a404751220e33fb5d50a01152,other_urban,le15,le20,dong,60,8,8,19,21,4,15.0,충청북도,청주시,흥덕구,복대동,복대동
apartment,a0b5612c480fdbf5c8222c6511444ab9a809c58fa44ac2074819ef38e3f091e4,metro,m16_25,le20,dong,81,6,17,36,21,1,18.0,인천광역시,남동구,서창동,,서창동
apartment,a0baa62ca623acb3fa1e999930fa3c6d3af1b34a1990bb92855393421447ba7e,other_urban,le15,le20,dong,54,7,13,20,9,5,15.0,전북특별자치도,전주시,덕진구,인후동1가,인후동1가
apartment,a0be057f57b3ef2511ea5da2e5522eb04d96a339667344f026a08558741384e6,other_urban,m16_25,le20,dong,159,7,43,67,40,2,20.0,전남광주통합특별시,북구,신용동,,신용동
apartment,a0d509cd774427986180741b181bdd301a1d60643f993b08b2effe0f703065a0,other_urban,le15,le20,dong,61,11,0,21,11,18,5.0,경상북도,경산시,사동,,사동
apartment,a0e475bd200639b7a64d3af594b9fa2df25834fb510dc3009a055e1592951cd9,metro,m16_25,m21_30,dong,297,17,121,151,6,2,25.0,서울특별시,노원구,상계동,,상계동
apartment,a0e9f3186b0a557d4ed981cf428c3a2077eb9b449ccb3dfaa273c268875ef494,metro,m16_25,m21_30,dong,104,10,31,45,17,1,24.0,경기도,파주시,동패동,,동패동
apartment,a1059ad98e654ad3fb132d5309ed9f43fa0f0622729602b22a9fff167204dda2,other_urban,le15,le20,dong,84,7,16,32,24,5,15.0,전남광주통합특별시,북구,동림동,,동림동
apartment,a106d96ea1c6fe61942734d0d4afaebde077b943604144241f269ff88e7536c1,other_urban,le15,le20,dong,71,7,15,31,14,4,15.0,전북특별자치도,전주시,덕진구,인후동1가,인후동1가
apartment,a10b826e6c0e5613a0609645c4df36987495614df7d24596028a2895194159c5,metro,le15,le20,dong,399,31,102,168,79,19,15.0,서울특별시,노원구,중계동,,중계동
apartment,a10d1642dd63749d5b6ad9fd904cbeb1b2ed99730c29f4214abc0a3f2dede05b,metro,le15,le20,dong,66,7,18,29,9,3,10.0,경기도,시흥시,정왕동,,정왕동
apartment,a118b692f91022feeb675a85b06e2c06683704e143b82669670d481dc4f13bca,nonurban,m16_25,le20,eup,176,9,55,79,29,4,20.0,충청남도,홍성군,홍북읍,,홍북읍
apartment,a1236a1ad869965d914edc174e1c64d0a95f1014b60515971a290dcfd261c7d7,metro_city,m16_25,le20,dong,92,10,26,28,27,1,17.0,대구광역시,달서구,상인동,,상인동
apartment,a128dab3d4c774922d7d96c0f67bfd4ba570c445798d7c0455f31e04a928be60,other_urban,le15,le20,dong,121,14,17,46,39,5,15.0,경상북도,구미시,인의동,,인의동
apartment,a12e558639a39f08c543d5c5a4ff4cb83a9cf90aae22b2cad125ffc3b2827776,metro,le15,le20,dong,137,7,34,50,40,6,15.0,서울특별시,강남구,개포동,,개포동
apartment,a1332e9b56ee74e3db02a5481ddeb97e13328d0001b93cca94f9b3bfd4f334a6,other_urban,le15,le20,dong,80,9,16,31,22,2,15.0,강원특별자치도,춘천시,퇴계동,,퇴계동
apartment,a14bd5730cc4403f627f51f5e55c6c12e041a9cf7fb7611a07474964f581b72f,other_urban,m16_25,le20,dong,65,7,17,27,13,1,18.0,경상남도,김해시,부곡동,,부곡동
apartment,a164150401f256f98b703d871e6d779f608ff68043794b36ff286d3ce7e4bb5a,metro,ge26,m21_30,dong,282,13,119,105,40,5,26.0,서울특별시,성북구,길음동,,길음동
apartment,a168da87c59b42668274014066d3a1231acf831fe19d53362366521f2384dfa5,other_urban,m16_25,le20,dong,86,5,22,37,20,2,19.0,강원특별자치도,원주시,단구동,,단구동
apartment,a16978cfe0de390e15521ca9f64fa98db172fc321b4b9d3e99829b1df499442b,other_urban,le15,le20,dong,153,28,0,63,35,27,5.0,제주특별자치도,서귀포시,동홍동,,동홍동
apartment,a190db0692b8f11a2f4ed61e11453abe986f055c17af344b5751215adbec8877,other_urban,m16_25,le20,dong,139,5,29,70,33,2,19.0,경상남도,김해시,부곡동,,부곡동
apartment,a1ac1ecde0eeefcf8b8f639f3ecf2d4cc05f6f7772fe95f498ed0e2e13351df2,nonurban,m16_25,le20,myeon,239,9,59,107,53,11,20.0,전북특별자치도,완주군,이서면,,이서면
apartment,a1acd274df0f6575992d346e7b5bd1f2da3939a20ef93d6e078d10d9855a99a5,other_urban,le15,le20,dong,57,5,6,28,13,5,13.0,강원특별자치도,원주시,단구동,,단구동
apartment,a1b2be9b32deac0a050eb170d9f65366144caed45b767180e2fd2d320c7640ec,metro,m16_25,le20,dong,175,9,54,57,50,5,20.0,경기도,용인시,수지구,성복동,성복동
apartment,a1ba0886dd56778b3d27ae2a06a6a2773fdf7e1e7eec86a98226dc929d43b340,other_urban,le15,le20,dong,105,6,25,38,23,13,15.0,강원특별자치도,동해시,동회동,,동회동
apartment,a1bb627aea0233ee98126904431ec5d94a91c8a0ef64ab8f4cf16f2557890933,metro,m16_25,le20,dong,92,5,19,41,22,5,16.0,경기도,광주시,쌍령동,,쌍령동
apartment,a1bbbf2060a55216952ade0fa38cd5c6661a0b675141af001997b2d6f22fe26d,metro_city,m16_25,m21_30,eup,201,14,49,90,44,4,22.0,대구광역시,달성군,유가읍,,유가읍
apartment,a1c0eddd2f569695d5a12e249c906a361079644e4aa4e7a3e093c4d50524ee90,nonurban,le15,le20,eup,58,6,0,26,14,12,5.0,강원특별자치도,정선군,사북읍,,사북읍
apartment,a1d14c7a37bfb602e3f858394712d42c51ee880216a852c07a4946fbb38aac5d,metro,le15,le20,eup,87,8,10,46,14,9,12.0,경기도,평택시,포승읍,,포승읍
apartment,a1d59d9c10dce241a9e65d7899100f2c9948c09beae879db0d78741a00d1e448,metro,ge26,ge31,dong,175,8,49,68,46,4,34.0,인천광역시,영종구,중산동,,중산동
apartment,a1ec81a6f8364766c62726f93a50a82de318c6f7d5ed0ceac7631ec4180bafbf,nonurban,le15,le20,eup,99,6,24,39,24,6,15.0,전남광주통합특별시,광양시,광양읍,,광양읍
apartment,a1eea80bdddfc2c989674a5fee6a9610d9a1056830aa35f7bdd13819593f6820,metro_city,m16_25,m21_30,dong,140,6,43,54,35,2,24.0,대전광역시,서구,관저동,,관저동
apartment,a21b14bcfc092528e5e225ebcf990a012810c16bf46e7605d8c565a7d0ef2167,metro,m16_25,m21_30,dong,164,13,42,61,42,6,21.0,서울특별시,광진구,광장동,,광장동
apartment,a21eb600c3090ac77c90d35bfd1e9d0d82db5baff3bc46d1c799ae4526ec1f6b,other_urban,le15,le20,dong,95,7,19,34,31,4,15.0,전북특별자치도,익산시,부송동,,부송동
apartment,a2211e177906fb58c231b868ea7e4a778d1f3ae794365135ffb407cb96fed8ae,other_urban,le15,le20,dong,65,12,12,30,9,2,15.0,경상남도,거제시,장평동,,장평동
apartment,a22315abb606afa3716260e2d6b55bc32bd9ace4bb785f69136d5eb8bebdabc7,metro,m16_25,le20,dong,137,10,27,57,42,1,16.0,경기도,성남시,분당구,야탑동,야탑동
apartment,a22af89abc572bfdaf81d77f5b0ebbb1b388af21721ffded3630a9f8099a03b0,other_urban,le15,le20,dong,90,18,0,32,22,18,5.0,전북특별자치도,전주시,완산구,삼천동1가,삼천동1가
apartment,a23fcc5530fe22e3fb495d9eb1b45c0097f3d2f7813b6a200d6d667908d7c478,other_urban,le15,le20,dong,237,10,55,95,61,16,15.0,전북특별자치도,익산시,영등동,,영등동
apartment,a270bd77fabc0b407bd6bc89a7f01377069b5d7e1fd2625fe1aac447212c9a56,metro_city,m16_25,m21_30,dong,267,5,59,116,77,10,25.0,부산광역시,강서구,지사동,,지사동
apartment,a27ac9ce34d8c311bdb99bfb4e3f69275d68db96714938fd622bcff40595f365,metro,le15,le20,eup,175,10,37,72,51,5,15.0,경기도,평택시,팽성읍,,팽성읍
apartment,a27b94038d5361b8361a0fccea7aca359a2fdf8f60898284bb8a6f5beeec7855,metro,le15,le20,eup,238,23,49,101,50,15,15.0,경기도,안성시,공도읍,,공도읍
apartment,a27f06243305b51da2e6434d223f4993aeb80e0461c61c8fae5f719a9559af22,metro,m16_25,le20,eup,955,39,256,406,223,31,20.0,경기도,안성시,공도읍,,공도읍
apartment,a2882eab81b1a9359725ade47e97716317744e03c09e0a144e083a5468cf69e3,metro,le15,le20,dong,217,17,31,92,61,16,15.0,경기도,평택시,세교동,,세교동
apartment,a28c188cb7985d784a65878893c4b94e5d96760795526078cbded35f3dd6eefd,metro,m16_25,le20,dong,293,11,74,147,56,5,20.0,경기도,용인시,기흥구,상갈동,상갈동
apartment,a297b79438fbada6340ac41626d6501e7c18ad1377c9267bc46fa36b53f5b811,metro,le15,le20,dong,135,7,27,54,39,8,15.0,경기도,화성시,병점구,반월동,반월동
apartment,a29e80d56baf5078ae8ab8fe3ae1a660badf799c48f19c8525fbde0cf8b9cfe1,metro,le15,le20,dong,66,12,0,35,10,9,6.0,인천광역시,서해구,석남동,,석남동
apartment,a2a6601c5f9dbb4b50f68251c5e828fb1db6f0bd567a3694d18567f0c50160de,other_urban,le15,le20,dong,61,8,11,21,15,6,15.0,강원특별자치도,원주시,단계동,,단계동
apartment,a2a8d4fe68c0677bd56fb3997f424037bb9e414033806b9d1cc86bfdc8cf9d5a,other_urban,m16_25,le20,dong,128,10,38,52,24,4,20.0,전남광주통합특별시,북구,일곡동,,일곡동
apartment,a2abe5399003130ebdd48b96303ab179893743ebf4e159d8cfc92b4e55d51dcf,nonurban,le15,le20,myeon,241,17,48,95,69,12,15.0,충청남도,서산시,음암면,,음암면
apartment,a2bc1e398cbbb16335bcd0b3e6779946ea7fd4b3db6bf35b7ef314826cca2d24,other_urban,m16_25,le20,dong,105,7,19,33,39,7,20.0,전북특별자치도,군산시,나운동,,나운동
apartment,a2dc20ca324e1f85acaa09feb02835631d8e4fd66a31afdc662d2a3ff1b1d023,metro,le15,le20,dong,74,9,17,29,13,6,15.0,경기도,김포시,감정동,,감정동
apartment,a2ebdf81739c395ce5066a6ae6608408140980919bf103d0a08520998c380b1a,metro,m16_25,le20,dong,123,10,30,55,24,4,20.0,경기도,용인시,수지구,성복동,성복동
apartment,a2ec039ef48aaf5b2eb1656334d82f39fdfbd38aa2ea6ee90aa14f5fe3db95fb,other_urban,le15,le20,dong,94,8,16,48,20,2,12.0,경상남도,김해시,구산동,,구산동
apartment,a2ecf2c1d6cf632fb00ed43e5052362c4d9bb24e7f422975f4a70e93e5e2fc01,metro,le15,le20,dong,51,6,9,19,14,3,15.0,경기도,평택시,비전동,,비전동
apartment,a2f8bca70fd957161710b7e415da3233dea03e5a676565cf3decbf9562fdd356,other_urban,m16_25,m21_30,dong,93,6,23,35,27,2,21.0,경상북도,포항시,북구,용흥동,용흥동
apartment,a30c172b1a6872395e8b55d039034cdc9b5defc1453247c23223d228effda704,metro_city,m16_25,le20,dong,164,8,34,65,50,7,20.0,대구광역시,달서구,도원동,,도원동
apartment,a31f53eae34d49d386ad83feeb74d4bfb5e701c9deb1d84fc45e2399a2ffa276,metro,m16_25,m21_30,dong,188,7,49,94,35,3,25.0,경기도,하남시,감이동,,감이동
apartment,a320f987b73a648a33ac78a8602d33b4fcc8a86cf55c2ed9b8dd6b3bfa3d3d6a,nonurban,m16_25,le20,eup,132,6,38,63,24,1,20.0,경상북도,포항시,남구,오천읍,오천읍
apartment,a3296f588aa40df5e2190a15e5647415419d6464ac39c104405cf42a87c26009,metro,le15,le20,dong,66,14,0,39,11,2,6.0,인천광역시,검단구,마전동,,마전동
apartment,a32973d8add6b8e4566e90faea1302922c404f6254659e0d6013b276a51f0e2f,metro,m16_25,m21_30,dong,162,10,48,79,23,2,25.0,인천광역시,부평구,부개동,,부개동
apartment,a32dcff59134702bff37c0296b61e4a62189d19b347bbec146cc8bf87c13e150,metro,ge26,m21_30,dong,375,11,122,202,36,4,29.0,경기도,시흥시,대야동,,대야동
apartment,a335b7a164345197566dc0eba9e7e8875813de1d8d8f8aaf5a05176ef0259600,metro,m16_25,m21_30,dong,173,7,31,98,34,3,25.0,경기도,오산시,궐동,,궐동
apartment,a343d67e1d8c8588646ed235f4d931f7d456eaadf8d6164161a2d8603d393169,sejong,ge26,m21_30,dong,389,10,139,193,44,3,29.0,세종특별자치시,,다정동,,다정동
apartment,a34706677f4ff548209ca24c8db8625377378712722a515620b14ff1d13134df,metro_city,m16_25,m21_30,dong,304,12,65,148,78,1,22.0,대구광역시,동구,신암동,,신암동
apartment,a349b0ea47a03d64e07a85e5222e9f935f7731d2b34ef6e5ea8c132fc6ec184f,other_urban,le15,le20,dong,115,9,20,49,31,6,15.0,충청북도,청주시,흥덕구,가경동,가경동
apartment,a34dd1a021c6ff85e062eb1acec4390e50d6cde6ab0c21dc8a4d28a087b83811,metro_city,le15,le20,eup,111,5,21,50,27,8,15.0,부산광역시,기장군,정관읍,,정관읍
apartment,a35867bc96b81cc61218397d8d1eb66f6a51b41dad8e4991aa8c6d30467d520d,metro,m16_25,m21_30,eup,112,6,26,46,33,1,22.0,경기도,평택시,안중읍,,안중읍
apartment,a36cbcfd52ee1527de55f6052036699e67fff08575dd07a95911c51c7b9372e4,other_urban,le15,le20,dong,245,20,48,112,48,17,15.0,경상북도,구미시,봉곡동,,봉곡동
apartment,a36cc41a0d064d31f9c34ff2e49102220f36cde1aa18ded67e91f1f8e775aaea,metro,m16_25,m21_30,dong,61,5,19,26,10,1,24.0,서울특별시,영등포구,신길동,,신길동
apartment,a376f2e80d0d92ad548953fb37d3b6badd640475fd31a41415cf2590032128f1,other_urban,le15,le20,dong,62,5,12,23,18,4,15.0,경상북도,포항시,북구,득량동,득량동
apartment,a37b745d9fabe45ced8d4dc0f1ef0febaf31d14a711ddfe969542e0198831fac,metro,le15,le20,dong,92,6,12,47,21,6,12.0,경기도,고양시,일산동구,중산동,중산동
apartment,a37d11ff64d6b199860b8daffd9df58635d65facf92dceb543a8325a09e08de3,nonurban,le15,le20,eup,254,18,46,97,79,14,15.0,경상북도,경주시,외동읍,,외동읍
apartment,a382c09b0743f5f66d6e71e0c82c7f2238a0d5375a8583f97f9f64f2271af18a,metro_city,m16_25,m21_30,dong,209,7,69,90,39,4,24.0,부산광역시,북구,화명동,,화명동
apartment,a38a7fda1c1a49d8709f3c3c04a19fb35edc330315ffc1c69b9c154d04058c45,metro,m16_25,m21_30,dong,191,8,41,83,53,6,25.0,경기도,부천시,소사구,범박동,범박동
apartment,a3a9b698b795b9c9e3aacb8e94144ee597ac9c2ee0e1ee3f0a7bef082a60ddf4,metro,m16_25,m21_30,dong,131,6,36,59,29,1,25.0,경기도,의정부시,신곡동,,신곡동
apartment,a3b425cccc2005398e24d3525a8651fdaf876ff4a791fab88937eeb8a3f4950c,metro,m16_25,m21_30,dong,117,8,26,52,27,4,23.0,서울특별시,강북구,미아동,,미아동
apartment,a3bbd7d9041b5837b1d52fba7d3bb6ab2ca46f7b3938e81dd23b13bdab020459,other_urban,m16_25,le20,dong,415,17,108,170,102,18,20.0,전남광주통합특별시,북구,신용동,,신용동
apartment,a3ce771e6b60a129cc0ed3b52a278b9d4718724375adc337ed12efea03416913,metro,le15,le20,dong,176,20,21,78,39,18,13.0,경기도,수원시,권선구,권선동,권선동
apartment,a3e1eb4fe749c961369c2784cea9077141575a0e38df7280fbf9e5934b4ddee3,nonurban,le15,le20,eup,89,14,19,28,15,13,8.0,충청남도,천안시,서북구,성거읍,성거읍
apartment,a3e3d2863ef2e33339057f3f70ffb289f5f602e71aa569fb0ba6fb02188e9ed8,other_urban,le15,le20,dong,173,20,37,58,49,9,15.0,전북특별자치도,전주시,덕진구,인후동1가,인후동1가
apartment,a3faa5a41f1cbc4e7280348b17f8d9d227aa3d0c30a51d9e05033bf3ecae52ab,metro_city,ge26,m21_30,dong,111,6,32,53,18,2,26.0,부산광역시,남구,문현동,,문현동
apartment,a3fcdeb3ea5217e15a6894699f005029933b9d25dba5ca467409d09c115dfefb,other_urban,ge26,m21_30,dong,282,14,62,147,52,7,29.0,강원특별자치도,원주시,단계동,,단계동
apartment,a40bc37a6f1e700c44caf4de02df9b7d34e02e79f543d3ffb6db60ff5df55d09,nonurban,m16_25,m21_30,eup,239,8,85,96,43,7,25.0,경상북도,예천군,호명읍,,호명읍
apartment,a41a4112341d0ab7c9430985aaaa31dc8db7cf06c28037c35d2b6d8755291410,other_urban,m16_25,m21_30,dong,118,5,30,46,35,2,25.0,충청북도,청주시,서원구,사직동,사직동
apartment,a41b5392d8e34b25d2acfb1579d9a54ace42b307297039a76a7fa3a74e5dfc37,other_urban,m16_25,m21_30,dong,119,7,37,50,24,1,21.0,전남광주통합특별시,광산구,수완동,,수완동
apartment,a42f9c0eef4e7ed91feb56ea8827647f0ce3ee7dc110b89e3f58f3b523f8339f,other_urban,le15,le20,dong,82,5,10,37,22,8,15.0,경상북도,경산시,옥산동,,옥산동
apartment,a433802070cebc2584275f8645a99ff552863392c87e58d9d20aa1dbd2d6553b,other_urban,le15,le20,dong,84,10,14,27,31,2,14.0,전남광주통합특별시,서구,화정동,,화정동
apartment,a44d6b02ee89366012000ebb9bae89bd9d17c6b8f8be2d807c4973a949ee0e16,nonurban,ge26,m21_30,eup,257,5,93,113,44,2,30.0,경상남도,김해시,진영읍,,진영읍
apartment,a4509ec59505276ec6bc33dc27b993ce2d1e52a806cf251101fcf17b1fdf3231,nonurban,m16_25,le20,myeon,269,9,65,115,69,11,20.0,전북특별자치도,완주군,이서면,,이서면
apartment,a45183cf1c40b00a342cb7875fdd5ae75b20fc8dc01d41ffb594b02f3e1976ec,metro,le15,le20,myeon,113,6,24,51,26,6,15.0,경기도,이천시,백사면,,백사면
apartment,a451fe81b2c006db114efc2e44e2a39fc89c28dd452425727662d8092996a374,metro,m16_25,le20,dong,52,7,10,15,17,3,18.0,인천광역시,계양구,작전동,,작전동
apartment,a470af023bfd199c5370c301127be31a6c3b11b2222658197d90532ab4c71bb6,metro,ge26,ge31,dong,336,10,99,183,43,1,33.0,인천광역시,미추홀구,주안동,,주안동
apartment,a472859c68e42809e57106273965b680e56737d63f2a2aec50e56f8e66d6ff7f,metro,ge26,ge31,dong,95,5,34,42,13,1,34.0,경기도,고양시,덕양구,토당동,토당동
apartment,a472f9b715dc483e55e80e55cd624b22dc81fe4f9390a14e809fdfeb30e59fb5,other_urban,le15,le20,dong,68,7,13,23,18,7,15.0,경상북도,상주시,복룡동,,복룡동
apartment,a475ee2f589c9ced8f1facc19299452e185fcf7b416d03697700b9d66de65c5a,other_urban,le15,le20,dong,269,12,54,99,89,15,15.0,경상북도,영천시,망정동,,망정동
apartment,a4860cc223f49da8a81199336b705da7acad7b813f8bf3fa3cd8d29597e787f5,other_urban,le15,le20,dong,68,5,15,24,16,8,14.0,충청북도,충주시,교현동,,교현동
apartment,a487af39c8cfb5065eaaa64665a8ab7e4113cfb2fff2f7639fca4f75a38735a8,metro,ge26,m21_30,dong,348,14,125,134,69,6,30.0,경기도,화성시,동탄구,능동,능동
apartment,a494046a41d641c0a32a378f2e8db4c7932fba930218da22949d281ed158db35,metro_city,m16_25,le20,dong,100,5,20,47,24,4,20.0,대구광역시,북구,학정동,,학정동
apartment,a4b657609ee7254c8c1258df46224d5677d7b03600226fa949c9f0ca9ab907cf,metro,le15,le20,dong,83,5,21,39,17,1,15.0,서울특별시,강남구,세곡동,,세곡동
apartment,a4b72caf784fb6872aa6accf934572a02f8dda22c393c3174db01fc345d268b4,metro,le15,le20,dong,65,11,0,27,16,11,5.0,인천광역시,연수구,동춘동,,동춘동
apartment,a4bd505b82d143fca2640a6c132bb541fce00f1dd82729695d932d7278542925,metro,m16_25,m21_30,dong,90,11,18,43,16,2,22.0,서울특별시,노원구,상계동,,상계동
apartment,a4d02d05741aebe66ed3da5c339bde4665af33fc093676de4e4cd074262fb576,metro,m16_25,m21_30,dong,148,6,35,73,33,1,22.0,경기도,고양시,일산동구,중산동,중산동
apartment,a4e36bfbba2803488e12ca1292341f76ca645aecb1055de5fb1cee07eba94da5,other_urban,le15,le20,dong,102,9,20,40,25,8,15.0,경상남도,김해시,외동,,외동
apartment,a4e419cec2f5a6ed1f2a6d06f15bbc481042c6c20afb2382f6208c80f411af76,metro_city,le15,le20,dong,118,8,21,57,24,8,13.0,울산광역시,중구,장현동,,장현동
apartment,a50d1242f8593bc7f0b8771a0556c203a2d1936e74f711e32e71a7fba1955734,metro,le15,le20,dong,85,6,22,37,18,2,15.0,서울특별시,양천구,신정동,,신정동
apartment,a51198d67623562453b99c0726618fcd9f51cc264996bedacfd81334617cdc56,other_urban,le15,le20,dong,232,17,52,85,71,7,15.0,경상남도,창원시,성산구,반지동,반지동
apartment,a52746fa25448f92fa3ba96dab340a9209488bdcf875ee42d6a68ec99e4c900f,metro,le15,le20,dong,177,15,43,65,44,10,15.0,경기도,오산시,가수동,,가수동
apartment,a529ac638bf0f208e0638a56eb29e5c58e69e290e710376eae07ec19b9cef62b,metro,le15,le20,dong,73,7,12,29,17,8,15.0,경기도,광주시,능평동,,능평동
apartment,a52ee86f25ac44cd57391d20198c5c2e7a24be09adcf9675210ff7ae598a048d,metro,le15,le20,dong,413,22,74,184,103,30,15.0,경기도,성남시,수정구,창곡동,창곡동
apartment,a52fec840b1b76c22e4cbc6739a2711dfe16f8b7df10590b0010e29926aa972e,metro,ge26,m21_30,dong,73,5,33,31,1,3,30.0,경기도,성남시,분당구,수내동,수내동
apartment,a53a230f84a88ad3e88f26873caa2b809cca16ddeaca67b1f230cf627d6e878c,metro,m16_25,m21_30,dong,70,5,18,30,16,1,22.0,서울특별시,동대문구,전농동,,전농동
apartment,a53f7d8b0c9759dfd6bde7704c73c9f0940a688f718c58d81f8e57826239ba58,metro,m16_25,m21_30,dong,260,11,60,127,58,4,23.0,서울특별시,성북구,상월곡동,,상월곡동
apartment,a54b5bf8890f0b7214ccec8c991c04c6eac12b6e763981d6c4ab9306bc49daa6,other_urban,le15,le20,dong,186,12,36,91,41,6,15.0,전남광주통합특별시,순천시,조례동,,조례동
apartment,a54bd9b01f44bb9da979630bb3ed21308680ea8948a2a73d24aa344c2d32ee0c,other_urban,le15,le20,dong,104,5,20,40,32,7,15.0,충청북도,충주시,용산동,,용산동
apartment,a555166bcd6f4f7221a8329fe21a0421cf3a710ad0aaf08b3a69c0b73f220bf0,metro,le15,le20,eup,168,7,40,79,35,7,15.0,경기도,김포시,고촌읍,,고촌읍
apartment,a56a4e07337118e3adc21d11ad293364d5284685860ef106ec51e3bd59376001,metro,le15,le20,dong,262,11,42,117,71,21,15.0,인천광역시,연수구,연수동,,연수동
apartment,a571419f0f6c8f7e35d4b7d286f028719208ea068cfecdb692048ca43b11c425,other_urban,le15,le20,dong,110,7,21,47,31,4,14.0,경상북도,경주시,충효동,,충효동
apartment,a580f83c445b94db1ffc1009aa49220fed963eaab6ba46bddeb54d1a6d392319,other_urban,le15,le20,dong,88,21,0,30,18,19,5.0,전북특별자치도,익산시,어양동,,어양동
apartment,a5813215bc8b7474f98c2d51b17721776eb968b8af6727832aaf547ed94ee606,other_urban,m16_25,le20,dong,107,7,26,40,29,5,18.0,충청남도,천안시,서북구,쌍용동,쌍용동
apartment,a58309016bb741a8652b4456670e0379b2c02e0818a22c3b8bad39d15daefe80,other_urban,m16_25,le20,dong,219,15,59,85,57,3,19.0,전북특별자치도,전주시,완산구,평화동1가,평화동1가
apartment,a58cd6ff4a938c28a8e777232f39db45784b2f288bc0072c88adee2347346a09,other_urban,le15,le20,dong,75,6,12,31,23,3,15.0,전북특별자치도,군산시,미장동,,미장동
apartment,a58d86cf4e6033a6da2d5cfd57fc13a8e678dd1436d367604d5262c2d8eac58a,nonurban,ge26,ge31,eup,658,16,185,271,182,4,32.0,경상남도,양산시,물금읍,,물금읍
apartment,a58da405511e7a7a71954cdcda0b9f8062cfd59c7c680aa309f0286de93cca51,other_urban,le15,le20,dong,327,18,54,145,91,19,15.0,충청북도,청주시,흥덕구,비하동,비하동
apartment,a593d8d5a994ec81c0b3b8a87683b154b34305f1a9aaa772e85865d4658ceb99,metro,ge26,ge31,dong,535,7,173,259,95,1,39.0,경기도,수원시,장안구,정자동,정자동
apartment,a59a8e7fda3d51c25dea9c74db9fe44afb42ab3fdd3271622d07e373f993a545,other_urban,le15,le20,dong,145,6,21,69,40,9,15.0,전남광주통합특별시,광양시,마동,,마동
apartment,a5a1da18913c45ae11b56385a457cb52e60ad7b3b57d1f0722369e49ef561825,metro_city,le15,le20,eup,66,5,10,34,16,1,13.0,대구광역시,달성군,다사읍,,다사읍
apartment,a5a4be39592bc920a76eb6d3b049e7a896ee942f54c38f74d6e5ce142e4dbaba,other_urban,m16_25,m21_30,dong,142,5,24,76,33,4,25.0,전남광주통합특별시,여수시,웅천동,,웅천동
apartment,a5b06847d31b1dfff2b69b0ce05416946b56dcf20cbd9dddb729c59e6a323d00,nonurban,le15,le20,myeon,272,10,50,116,74,22,15.0,전남광주통합특별시,여수시,소라면,,소라면
apartment,a5c03a9afbc7b11278c94a50d997116bdbf94caa27d4917655f1c9514f895b13,other_urban,le15,le20,dong,191,11,43,66,55,16,15.0,충청북도,청주시,흥덕구,비하동,비하동
apartment,a5c05c038bd48be4e7402e5e8d87e21ca8e4b6181f82c5ec89246dfcbafdc1e4,metro_city,le15,le20,dong,65,5,15,38,5,2,15.0,대전광역시,서구,둔산동,,둔산동
apartment,a5c595326c849c8e9aa5bd6d0c2470496067e70b8f86ba48065283a8913e4a04,other_urban,le15,le20,dong,58,13,0,20,11,14,5.0,충청남도,천안시,서북구,성정동,성정동
apartment,a5cbf9453c3526fd531b0cfe84678a6801c15773d0e2bbaadb0968c4ce786e02,other_urban,le15,le20,dong,200,12,32,79,53,24,15.0,전남광주통합특별시,북구,일곡동,,일곡동
apartment,a5cf7385b5fa752ff8e0e4a8b1466550a6a09ffbe628b12fbd9735c3c664f000,other_urban,m16_25,le20,dong,580,26,129,262,142,21,18.0,경상남도,창원시,성산구,반림동,반림동
apartment,a5e41cbd331c2eee8250469bfbc19d21b5ac07efbceed866447fabf38d18c090,other_urban,le15,le20,dong,84,8,15,35,25,1,11.0,경상북도,포항시,남구,인덕동,인덕동
apartment,a5e515f4d0d7716ab32d40e162a452e3df6abdff68a1bc21064603c156bb8dc4,other_urban,m16_25,m21_30,dong,250,10,61,92,83,4,24.0,충청남도,천안시,동남구,신방동,신방동
apartment,a5f62ef50e4623363f467ed50a9e1e711a0ffff83154194b81c9a02deee3ee91,metro,m16_25,m21_30,dong,354,10,105,164,68,7,25.0,경기도,화성시,동탄구,목동,목동
apartment,a604fac384361e11468d4cc55d4a9cbe53105cb37259830973e8cf8e26057e57,metro,le15,le20,eup,108,17,18,34,20,19,10.0,경기도,여주시,가남읍,,가남읍
apartment,a62253d305c1214a9ae59370b81e4c3dfa734fc02f49da8e0ebd095cc6ace618,metro,m16_25,m21_30,dong,130,5,38,53,32,2,25.0,경기도,시흥시,배곧동,,배곧동
apartment,a63035d680c6f2743b2d9a6307af853ab3d48520e5c3e57a2459e6bdc0e1e339,metro_city,m16_25,m21_30,dong,171,7,42,85,33,4,23.0,대전광역시,중구,목동,,목동
apartment,a637c4642cdee5eb073368bd88556a4ce46c639259b2838340f7bb072ddbde8d,metro,ge26,m21_30,dong,86,5,29,42,9,1,26.0,경기도,성남시,중원구,중앙동,중앙동
apartment,a638c4009885bc1f2a4beb03b67b73993d8e330efcd913817c1e30ebc8337bb7,other_urban,le15,le20,dong,108,6,25,41,28,8,15.0,전남광주통합특별시,목포시,상동,,상동
apartment,a64c1dd494c0c81cd41317e8f23a64976f9b34c4ba40f13ce61ef2b9ba3b6d0e,other_urban,le15,le20,dong,67,7,0,19,18,23,5.0,경상북도,구미시,송정동,,송정동
apartment,a64c1eddafc49a7f96567398b3300216b1a2a88348b72e07801bc6ffdac4c742,other_urban,le15,le20,dong,93,7,19,35,22,10,15.0,경상남도,통영시,무전동,,무전동
apartment,a6545b094211122d20bb9c9b991e30239f084e78aed766d2e3f62741fb782a27,metro,ge26,m21_30,dong,144,8,38,69,28,1,30.0,경기도,화성시,동탄구,반송동,반송동
apartment,a6585a5ac8507af84f6b9ceafbca8debbd58f8cc09cfc755951dba0fbd138f80,metro_city,m16_25,le20,dong,145,7,26,61,46,5,20.0,대구광역시,달서구,성당동,,성당동
apartment,a65f741705baa4cc3a3ee4d174ce863b6c32e89a83189a80988adebc22edb695,other_urban,le15,le20,dong,86,7,22,32,23,2,15.0,전북특별자치도,전주시,완산구,서신동,서신동
apartment,a66d45e0ff66ab655c97000d97304506a836472d7d4b5288c7c7550d82091a42,metro,ge26,m21_30,dong,580,5,155,265,151,4,29.0,경기도,평택시,동삭동,,동삭동
apartment,a672917d9244807a4c71251a61d12c763ea9b49fc3d0235d27ae707e511dbbd1,other_urban,le15,le20,dong,279,21,42,110,89,17,15.0,강원특별자치도,원주시,단구동,,단구동
apartment,a697c9795cfa09d21eeedd1b2263cf9ee76c0aeeb6b8da246c9cad429722f487,nonurban,le15,le20,eup,146,11,28,69,28,10,15.0,경상남도,창원시,마산회원구,내서읍,내서읍
apartment,a697fa942bda41afc3c45cb92a645802786f4f91f14636b9dc4319725d1add19,other_urban,le15,le20,dong,185,11,38,78,39,19,10.0,충청북도,충주시,용관동,,용관동
apartment,a6ac6110389edc252c1727ebefc3e100afea6f47e2e6a7241edf8eb95ebc1f3f,other_urban,le15,le20,dong,106,10,23,46,25,2,15.0,경상남도,통영시,미수동,,미수동
apartment,a6b5b3d972520709d83d2bced01686aefce9358a75ff7f584d025f6b214fd894,other_urban,le15,le20,dong,124,7,30,41,34,12,15.0,강원특별자치도,강릉시,견소동,,견소동
apartment,a6d5803bb779d13f950c372d533b38ba4f1a01488d4ca6b542df9822eb3a0453,metro,m16_25,le20,dong,195,9,56,93,35,2,20.0,경기도,수원시,영통구,영통동,영통동
apartment,a6dd0317681337510aeb9c81bd1dcb0a994d47ddcb0410051b82b1f5fc9f31f9,nonurban,m16_25,m21_30,eup,178,9,62,91,15,1,24.0,충청남도,당진시,송악읍,,송악읍
apartment,a6e0f3231757b74ca60cdee6fad1eabf4469036008b7697a12a9c5e66505a331,other_urban,m16_25,le20,dong,131,7,33,62,26,3,20.0,전북특별자치도,전주시,덕진구,호성동1가,호성동1가
apartment,a6e266fe60ddb1cec26f4dc441f40677f4893b63e535109b2c2f689ce922a8eb,nonurban,le15,le20,myeon,147,17,30,45,38,17,15.0,전남광주통합특별시,장성군,삼계면,,삼계면
apartment,a6f779af07dfea73cea1eae0c389aa9d8e16751195455e0e1292b342c92288dd,metro,m16_25,le20,dong,184,10,47,96,28,3,18.0,경기도,오산시,금암동,,금암동
apartment,a712a871133c355a101809e13bc6e00d25db320b5bd8abea0c1a60f3fb11b7da,nonurban,le15,le20,eup,100,6,20,38,31,5,15.0,충청남도,홍성군,홍성읍,,홍성읍
apartment,a71b76c6a2c67b2f102f7b606659fd763b7e1eec10a8247f7bba5a1bd4a52207,metro,m16_25,m21_30,dong,303,10,90,121,71,11,25.0,서울특별시,은평구,응암동,,응암동
apartment,a71f894f867b7196e8a72210ac15e66f83aa1ae71f4fe8938b8d55098f8716ed,metro,m16_25,le20,dong,182,9,39,85,44,5,20.0,경기도,용인시,기흥구,보정동,보정동
apartment,a723db74f762bb5a92961f8e84953ba804c35a9a453aedba32a1bc4dfb7f2e47,metro_city,ge26,m21_30,eup,337,6,101,165,62,3,29.0,대구광역시,달성군,다사읍,,다사읍
apartment,a72d3f5d7b2496bd0eeb6770d99f8e0bfcfc5541d3719d761f2bdd5e8841a890,metro,m16_25,m21_30,dong,186,12,48,95,30,1,23.0,서울특별시,중구,신당동,,신당동
apartment,a72ef45a3041c9866d1ed10d112795c31c5a38c237273f2f41341ad191df29db,nonurban,le15,le20,eup,162,8,36,58,51,9,15.0,충청북도,진천군,진천읍,,진천읍
apartment,a7427faa2b186dea1415488d154de0797b672140f655c30c50a328b80ef55b19,other_urban,le15,le20,dong,84,6,22,37,16,3,15.0,강원특별자치도,원주시,단구동,,단구동
apartment,a7445c99e83c8597d4372bebcfab1b976e58472bb94f8dfe07696720317c0a45,metro_city,m16_25,m21_30,dong,134,6,30,80,17,1,25.0,울산광역시,북구,송정동,,송정동
apartment,a747f1a3259e6fad389e34caa2608ec1bf93c9cc1d361643c0088738a063407a,metro_city,le15,le20,dong,81,5,16,27,30,3,15.0,부산광역시,사하구,장림동,,장림동
apartment,a758a63d1bd4a8f8a40cec47df105737695b7528487842d48e4be8f9523baad5,metro,le15,le20,dong,115,19,34,45,14,3,10.0,경기도,시흥시,정왕동,,정왕동
apartment,a75b8d680e5a50e2c69872c96344da32a26e4b1810a2ef2449c654025d6ba8aa,other_urban,m16_25,le20,dong,164,14,39,64,43,4,20.0,강원특별자치도,원주시,개운동,,개운동
apartment,a75cf039146ca5ce077c88c73c17c5af32d57c5e61e5a11615033d0279f05c98,other_urban,m16_25,le20,dong,116,8,33,54,18,3,19.0,전북특별자치도,전주시,덕진구,금암동,금암동
apartment,a75daa5fa57aa018c882905a9bbba0ae012087cd39610ae3131075aa18378540,metro,le15,le20,dong,120,5,37,46,29,3,15.0,서울특별시,동대문구,전농동,,전농동
apartment,a75e69147284ba3296efa475aed5b0fcb7c745ebc79dd74f47ccf3fb9a7206db,metro,m16_25,le20,dong,205,8,44,88,56,9,20.0,경기도,시흥시,하상동,,하상동
apartment,a75f6b4b69e34c32c5446c7a484140ad9861cbfca35f1a5ff133c75873a6274a,metro,ge26,m21_30,eup,261,8,85,114,48,6,28.0,경기도,안성시,공도읍,,공도읍
apartment,a75fd5c6627f2faa9a91cc74f4681a3c985e83cbeb31ce521294c46c7ea6a483,nonurban,le15,le20,myeon,72,11,0,37,15,9,6.0,충청남도,천안시,서북구,입장면,입장면
apartment,a766cd762e02c8ed61f00bf83dfe4bd18a7f819ddc15312f314627244c13bca7,metro,ge26,m21_30,dong,191,12,58,96,24,1,27.0,경기도,양주시,옥정동,,옥정동
apartment,a768b7485615fccf42b85994400449a39eeeea85c2f2d1caa6a82633165aec85,metro,m16_25,m21_30,dong,123,6,38,47,31,1,25.0,경기도,남양주시,별내동,,별내동
apartment,a76a0be97d65f15ce2424059f42da35634b47eaa35945ea860e8f478b9a9ba0c,other_urban,m16_25,m21_30,dong,157,14,63,61,17,2,25.0,경상남도,양산시,중부동,,중부동
apartment,a76c1369d8b379ff7ac26aa62bce11f4014bf42823cd6235f2a99aec0ea5ee69,metro,m16_25,m21_30,dong,75,6,25,28,13,3,21.0,경기도,성남시,분당구,이매동,이매동
apartment,a778f63b63c082d14b96235129df871d17cbaf5ab3f613f7a76fbfc98ef3e40e,other_urban,le15,le20,dong,89,13,0,45,18,13,5.0,충청남도,천안시,서북구,성정동,성정동
apartment,a77b344fc84694d8fc413d90ac55186aefeae62e2d548ce5dc4d5e55fcdb1fa6,metro,m16_25,m21_30,dong,150,10,55,60,20,5,24.0,경기도,군포시,산본동,,산본동
apartment,a77b7ca71558a62a530a3ae6d6c90c93598561cd3c84875571ba64bee4fd9663,other_urban,le15,le20,dong,85,10,11,38,20,6,13.0,전남광주통합특별시,북구,연제동,,연제동
apartment,a78a710a8315129454656b1d963f03a8913ffd8b636a9d9b8709c1c99dd2d28b,metro,m16_25,le20,dong,58,6,9,22,17,4,18.0,경기도,의정부시,민락동,,민락동
apartment,a78b24e62c2dc608585fcbb7d5521bf5c0eeb9c0a3835d951808b7a51046f9d9,other_urban,le15,le20,dong,94,10,22,41,18,3,15.0,강원특별자치도,삼척시,정상동,,정상동
apartment,a7982119bf7509365b08ce657f3ec6b5b85c22b2d1bb4bdaf6792e6c8912eced,metro,m16_25,le20,dong,91,5,23,38,24,1,20.0,경기도,수원시,영통구,영통동,영통동
apartment,a7a0432dc84f0e1d7e63605650f3ed73acc8b5d839a27a0799e6ae290ffed8cb,other_urban,le15,le20,dong,120,8,25,43,34,10,15.0,경상남도,김해시,구산동,,구산동
apartment,a7c50bc6b36b52892b10e748c8aba78418cbf0b9948687bdfeefc5509f798e6e,metro,le15,le20,dong,178,5,34,76,59,4,15.0,경기도,수원시,권선구,권선동,권선동
apartment,a7d693bedf427ab3e7a80e80c12a9527d70996b51176e72c41bc18cc9740742b,other_urban,m16_25,le20,dong,140,9,32,78,19,2,16.0,전남광주통합특별시,광양시,중동,,중동
apartment,a7f4acccb53c4e1d355caca0cb6befcace8bc743ac0574f74d49ee473b6544dc,other_urban,m16_25,m21_30,dong,144,6,57,64,16,1,25.0,경상남도,진주시,상평동,,상평동
apartment,a805ba5cc7a5b4e01d025feba9c4321053d7e07a7c58bf629293b2c33c690720,metro,le15,le20,dong,153,14,23,62,33,21,10.0,인천광역시,영종구,운서동,,운서동
apartment,a808ceb6987391ab415c761bcd525ae0a9704a514c34b0ccf620060be2589fa2,other_urban,le15,le20,dong,148,8,37,51,46,6,15.0,충청북도,충주시,칠금동,,칠금동
apartment,a80f35e16c6f21831c5d35f7ef49f0056fde7e4c2244040de7c1dac0824151ad,other_urban,m16_25,m21_30,dong,491,10,125,222,117,17,22.0,경상북도,구미시,공단동,,공단동
apartment,a812afcc8e61c5924386218001e1b2b0b0f79c1ece2ea9bcb42185743803c266,metro,m16_25,le20,dong,151,8,39,77,26,1,20.0,경기도,용인시,수지구,성복동,성복동
apartment,a81468508855a50e8c3899e7a764758ab8fce0b7ddb6ccf7f66ca9fc2dee31ef,nonurban,m16_25,le20,myeon,105,8,29,39,23,6,20.0,경상북도,고령군,다산면,,다산면
apartment,a816d0bf8ad769964eb5958ab13f957c14e6266194affef3e74160e0c3ad770f,metro,m16_25,le20,dong,108,7,35,42,22,2,17.0,서울특별시,중랑구,면목동,,면목동
apartment,a81a01ba2c8cffb98d4bcfa84716d45ff3c50525ff90aca99727a06595b0ccd5,other_urban,m16_25,m21_30,dong,300,11,78,128,81,2,24.0,경상북도,포항시,북구,양덕동,양덕동
apartment,a81a3104633ed24b83785821bc363c2e6bb4ded063f4d3782aa671524e91b9f9,metro,m16_25,le20,dong,169,8,53,73,31,4,20.0,경기도,의정부시,신곡동,,신곡동
apartment,a81f30cf0a6ddce4a399e52368b3de7b181980256a2fe92bbe380013c27d1be2,nonurban,le15,le20,eup,50,6,9,20,14,1,15.0,강원특별자치도,인제군,인제읍,,인제읍
apartment,a820e15f85cb95bc63020cbb9c581b220321b3068bdc8a6ba847799e11fdcb41,other_urban,le15,le20,dong,192,13,36,80,51,12,15.0,충청남도,아산시,용화동,,용화동
apartment,a828d55069ea88f73ab242ee69d38b18512106fc154de64a35014f5be2cc1ce8,metro,le15,le20,dong,407,25,93,166,101,22,15.0,서울특별시,노원구,공릉동,,공릉동
apartment,a82a1ea0ada5687b9edb734d135dff6d725aaf0e3a9eaf46330e2f483c5cfcde,metro,le15,le20,dong,218,20,44,102,42,10,13.0,경기도,화성시,효행구,기안동,기안동
apartment,a82dfc5cadfb721909d06672a5033e6a71528aa29a0fd66adc01e5189c8cc5f3,other_urban,le15,le20,dong,135,35,0,47,28,25,5.0,전남광주통합특별시,나주시,성북동,,성북동
apartment,a8381a52585e25b7b9ea37bc5e1d0bd8db0c95cf603d65740282ae16ccf2f0db,other_urban,m16_25,m21_30,dong,230,10,60,104,54,2,22.0,충청남도,서산시,예천동,,예천동
apartment,a8383e223bc52c3b95645e7a3d0d5e67657b7ba5bd02d440ecc3d6e5984a1908,sejong,m16_25,m21_30,dong,124,5,37,64,16,2,24.0,세종특별자치시,,고운동,,고운동
apartment,a84e25e5200564d8cc530fdab636dbd823727c54769fc93199e4aa39fe299ac5,nonurban,m16_25,le20,eup,85,6,24,38,14,3,18.0,충청북도,청주시,청원구,오창읍,오창읍
apartment,a862d6466533e15794c5d9f84a0891d7692b67b7d40727d0658aa05c73baf20c,metro_city,m16_25,m21_30,eup,223,8,38,100,69,8,25.0,대구광역시,달성군,유가읍,,유가읍
apartment,a86b035ca3ad053f8370b34614b51e0d9de7e29d8a8d7042854cfd421ccdf66c,other_urban,ge26,ge31,dong,419,10,128,195,80,6,33.0,경상남도,진주시,평거동,,평거동
apartment,a86be68c7c03db96b95059f847471a31fcbb362ab0564d45e7f28a11f1533954,other_urban,le15,le20,dong,159,5,29,59,57,9,15.0,충청남도,천안시,동남구,신부동,신부동
apartment,a8731d4c884d191f69dba0e84b8b11c3299a6b53da30382b44f5b73ecd103346,metro,ge26,m21_30,dong,112,5,30,55,21,1,26.0,경기도,안양시,만안구,박달동,박달동
apartment,a8762572dc660049b0a442d8de14636c0d28fe6aceaba4252b9954c26df76db6,nonurban,m16_25,le20,eup,83,5,23,39,15,1,20.0,충청남도,천안시,서북구,성환읍,성환읍
apartment,a87a0896afd56227e2a9f6ae58ac27f8d7df520eecad58ce46f7b25dfb8e4a0e,metro,le15,le20,dong,202,14,34,92,47,15,15.0,서울특별시,양천구,목동,,목동
apartment,a8804502b2158308c534d55a6b6c41b3f17eae7c8b5e162c4a5a9c9ab355cfd6,other_urban,le15,le20,dong,130,9,28,57,29,7,15.0,전북특별자치도,군산시,소룡동,,소룡동
apartment,a880dd8459973590483632ba65019d4e7536389a1631d98c03ad1c4f5b1d30cd,metro,m16_25,le20,dong,126,8,23,57,35,3,19.0,경기도,용인시,기흥구,보라동,보라동
apartment,a899890d7ab8a02057ddd36dd339ceaf569d556d7e231fea693aed402bc6abfe,nonurban,le15,le20,myeon,371,20,66,153,111,21,15.0,충청남도,아산시,신창면,,신창면
apartment,a8b30088ac5c32935f0dd5a69eec9197fbae53d2da11fbcadf8e3a3147bca24b,other_urban,le15,le20,dong,268,19,61,94,73,21,15.0,전남광주통합특별시,광산구,우산동,,우산동
apartment,a8be1ad4c735559f658bcf07b526578f5ea2c2d3e603aa7a1944ffe1e82b0695,metro,m16_25,m21_30,dong,65,10,16,25,13,1,23.0,서울특별시,마포구,신수동,,신수동
apartment,a8be4680ab6258c9ff71fb289aa13d9f5b29d3f593342c901eb313f3cfdcfa38,metro_city,ge26,m21_30,dong,173,8,49,78,33,5,27.0,대전광역시,동구,천동,,천동
apartment,a8cc5cb648e2d24b5f4c7e37d273cb6445bdb5b7e3252449d05349dbab301a51,other_urban,m16_25,m21_30,dong,111,5,32,53,20,1,24.0,전남광주통합특별시,북구,신용동,,신용동
apartment,a8cdb193830a30b9080c8d93856f2f5be6c7848b6608a340b1e65deda60cc5a0,metro_city,le15,le20,dong,52,6,11,22,11,2,15.0,울산광역시,남구,옥동,,옥동
apartment,a8d4c821e8871f56e9f7de337c775745ca1b84abc5f827aa3c1566ae44667a82,other_urban,le15,le20,dong,58,6,22,20,7,3,15.0,전북특별자치도,정읍시,수성동,,수성동
apartment,a8dc0e22ab5032d1131832e63c039c071eb07f989ed1de73ee2c96e861db4149,metro,m16_25,m21_30,dong,90,9,30,40,10,1,21.0,경기도,성남시,분당구,서현동,서현동
apartment,a8df1faa902a74bc1ce644b9f927e0acdb10bcd87386eb16854e43698a74bfbb,other_urban,le15,le20,dong,88,6,12,28,28,14,7.0,제주특별자치도,서귀포시,동홍동,,동홍동
apartment,a8e970da568d7dcf5d77234cee7a94696965ec2eb16693cabda031b2f40bf706,metro,m16_25,le20,dong,110,8,19,56,23,4,19.0,경기도,시흥시,대야동,,대야동
apartment,a8eb181ef5e551f47aec48e124f8c386ed1061c5401dfb6defbcc9d817508196,other_urban,ge26,m21_30,dong,363,6,84,158,105,10,29.0,전남광주통합특별시,여수시,웅천동,,웅천동
apartment,a8ecf94d2b20ee4e2afb4f0c9c633b75bdd3ad9a6e56df41b38b5fb6efaadcf6,metro,m16_25,m21_30,dong,245,8,62,118,49,8,25.0,서울특별시,동대문구,이문동,,이문동
apartment,a8f9ce23834a335f29f6a2ded04cd1255883ca7cd2bd6e5656ba48c9c475dc54,other_urban,ge26,m21_30,dong,433,10,118,215,87,3,26.0,충청남도,천안시,서북구,차암동,차암동
apartment,a8fcb7ddfa25b711e1a34af92cde3168fdcc9110dd9d41186fea101d82de28e6,metro,le15,le20,dong,163,9,27,77,46,4,15.0,경기도,광명시,하안동,,하안동
apartment,a913dbb1d8a6b60fa653acf05c6fd8cc361e95f91c1920da2ce76e7640d7b091,other_urban,le15,le20,dong,146,27,0,50,32,37,5.0,강원특별자치도,원주시,명륜동,,명륜동
apartment,a91a0a6be246c872c52a74cef15f363303b18252036436cf841c5ae659445c90,other_urban,le15,le20,dong,91,7,11,39,24,10,15.0,전남광주통합특별시,광산구,신가동,,신가동
apartment,a91f50f41a45c3b386cbe7a2677845990a796c63c8c2400573679c1b1b8d8cc1,other_urban,le15,le20,dong,98,10,17,38,28,5,15.0,경상북도,영천시,망정동,,망정동
apartment,a92694803bed977d7d49b445f113350a9f5e21d77a4ed651f88a1699df7e180a,other_urban,m16_25,m21_30,dong,373,16,83,175,83,16,25.0,전남광주통합특별시,북구,신용동,,신용동
apartment,a96fd098bf52b07db25e2f65032c781586c7b3830e4d325970a0506c523293bc,metro,le15,le20,dong,161,16,27,71,41,6,15.0,서울특별시,성동구,옥수동,,옥수동
apartment,a97a6ee028c9d52175032db3dd80e940a48f628a4f32c880eb19337861ad6e58,metro,m16_25,m21_30,dong,204,9,64,66,61,4,25.0,경기도,하남시,신장동,,신장동
apartment,a97dc8e9fd94b71999c533c4231c2b47aa4c0311e884c5447c89d07582cee25c,other_urban,le15,le20,dong,224,44,0,77,47,56,5.0,경상남도,창원시,성산구,용호동,용호동
apartment,a9828a34a3eb514e57d26a001b4c45c97485f2952fb422cb33d5eecaf45f43cf,other_urban,m16_25,m21_30,dong,148,5,42,57,41,3,21.0,경상남도,창원시,진해구,자은동,자은동
apartment,a989e3b2298be56cd3154e46afb524ef27b9b5a402c15c0f697a15a4cac40371,metro_city,le15,le20,dong,163,11,30,68,40,14,15.0,대구광역시,달서구,월성동,,월성동
apartment,a996191fcc974ce0391e9394e2f9de20dd4f2a194a7299aa67fec276a1b9addf,metro_city,m16_25,m21_30,dong,101,7,32,51,9,2,23.0,대전광역시,서구,관저동,,관저동
apartment,a9aa5b154ac6f4d2510338c1573e3ed488fc3a0c9462b9ef8c66f256f5b133fd,other_urban,le15,le20,dong,74,6,8,35,21,4,15.0,전남광주통합특별시,북구,문흥동,,문흥동
apartment,a9b59a457948e1ce927933f9ae88d98e115a4340aae2f2bfe9476f950792d291,nonurban,le15,le20,eup,61,9,0,17,21,14,5.0,강원특별자치도,영월군,영월읍,,영월읍
apartment,a9b73b9cedb05267fb2528cac234fe1a1f3da681ef198dcf05ac12ac5919d22f,metro,le15,le20,dong,133,7,24,54,35,13,12.0,서울특별시,서초구,잠원동,,잠원동
apartment,a9d3007b5c74fdfa910616fa1a8be47e9820402d9bc6f098981b945ed9d9ced8,metro,le15,le20,myeon,65,8,8,34,14,1,13.0,경기도,안성시,보개면,,보개면
apartment,a9d6e95e5c624c4c53bae3e7998a56d5ddd0ec8a7bce878bb5ec397f5fc6da18,other_urban,le15,le20,dong,74,6,20,32,14,2,15.0,충청북도,청주시,상당구,금천동,금천동
apartment,a9e6cc3dfa1974286ddd5107f5ca13d1151c0800a9a2ac066a912d8627957575,other_urban,le15,le20,dong,96,11,17,30,33,5,15.0,전남광주통합특별시,순천시,연향동,,연향동
apartment,a9e76fc0aa3fa97f2a977cdfc49c7aad652249e581f42b88e4a482a72404debc,metro,le15,le20,dong,120,5,28,54,28,5,15.0,경기도,오산시,고현동,,고현동
apartment,a9f8c368d043b3a8ea1bf15458d5659f454e967a58b4848aea22cbbfbf74e3a2,other_urban,m16_25,le20,dong,266,6,69,124,60,7,20.0,전남광주통합특별시,목포시,옥암동,,옥암동
apartment,a9f9a5b4a98a6298312760e93f3770aef1a5a660b1f479c626cbdef38caa0eaa,metro,le15,le20,dong,90,9,16,35,27,3,15.0,경기도,여주시,연양동,,연양동
apartment,a9fae47ade1f02be93dc4788703fd69acbe7b560ece6eef7676fe82214ef9fe3,other_urban,le15,le20,dong,123,7,23,59,30,4,15.0,강원특별자치도,춘천시,석사동,,석사동
apartment,aa05425afb83a3fe65e5a3875e6e4e86ea021d2421718901d5c8f836a0701299,other_urban,le15,le20,dong,58,6,0,35,9,8,6.0,경상남도,창원시,진해구,풍호동,풍호동
apartment,aa0617718f45c2ec1e776696fa805221f2f9bf4fd027d40601979f73f7b4df5b,nonurban,le15,le20,myeon,72,14,0,26,15,17,5.0,경상북도,칠곡군,약목면,,약목면
apartment,aa06b802432daeb1e41788791b963c62c3171f56d738661cd90bbb5c524e94a8,metro,m16_25,m21_30,dong,84,13,25,27,16,3,24.0,경기도,의정부시,호원동,,호원동
apartment,aa16f9b9cd431e9925e6741eececda56b08a5a268de4be4a3ccf786cf2073898,metro_city,ge26,ge31,dong,351,9,97,149,95,1,34.0,울산광역시,북구,매곡동,,매곡동
apartment,aa1bfb5d06c083e76ad41191082d83465d1118ac226ab234c8b7113cabf1fb56,other_urban,m16_25,m21_30,dong,135,7,49,50,24,5,25.0,경상남도,김해시,어방동,,어방동
apartment,aa3eeee3915cf00bb9687e44fc31fbaa626dbde5bbe1272aa0ac898dddc70566,metro_city,le15,le20,dong,116,8,22,47,30,9,15.0,대전광역시,서구,둔산동,,둔산동
apartment,aa65c882235db0d10a3aabc497a2aec877bc8d523f1b4e8f83ad6112184f4ba8,other_urban,m16_25,m21_30,dong,129,5,41,55,22,6,21.0,충청남도,당진시,원당동,,원당동
apartment,aa819bcda5ad625789c5b8457bf9468420cf2781d182d43c4cc324f5a14a7933,metro,m16_25,m21_30,dong,155,6,53,69,26,1,25.0,경기도,수원시,장안구,천천동,천천동
apartment,aa8e3cf5b24d1652f102fed79af0d5ce661950d0b3c37f76d91998ab15ea3f2b,other_urban,m16_25,le20,dong,73,8,15,35,13,2,19.0,강원특별자치도,원주시,단계동,,단계동
apartment,aaa74039d48d7c27a12c8240d12c6aaeb1550dd0196bea07c54d2dd6dab4c8ed,metro,m16_25,le20,dong,121,11,19,43,39,9,19.0,인천광역시,부평구,산곡동,,산곡동
apartment,aaadb520f3fca235193bb4871ad39120ce288ad55dd14705b9aaffbb745db34d,other_urban,le15,le20,dong,225,18,50,93,50,14,15.0,강원특별자치도,원주시,반곡동,,반곡동
apartment,aab3ae94a791a0ab1869b699d92a9059a1dae75fa11e263365dcd4ef643bc99b,metro,m16_25,le20,dong,175,9,27,81,53,5,18.0,경기도,파주시,야당동,,야당동
apartment,aab6a4b6fa7179a44f260cd41dd4dcf57d049447980b17b30b657f4f14747218,other_urban,m16_25,le20,dong,135,11,31,55,35,3,20.0,경상남도,김해시,삼계동,,삼계동
apartment,aab7db6d01e3efb50abbee9fc6ca00807209d226360c006c46aa5a92ceddae87,nonurban,ge26,m21_30,myeon,550,16,135,243,145,11,29.0,충청북도,청주시,흥덕구,옥산면,옥산면
apartment,aab943f818799638b6e647aa17c29f52205d14618f33f63ea0499c03104229b6,metro_city,m16_25,le20,dong,241,14,55,100,71,1,17.0,울산광역시,북구,천곡동,,천곡동
apartment,aab97ed67d1d0d76e344a526e840eabf5559246f0cc370bdb87162ceeaa39a5b,nonurban,le15,le20,eup,66,10,9,29,15,3,12.0,전남광주통합특별시,영광군,영광읍,,영광읍
apartment,aabad30d307295fb4641f52b81525e2e02ea3d0256515c93cdcec513d495bfb0,metro,m16_25,le20,dong,362,11,115,164,71,1,20.0,인천광역시,검단구,당하동,,당하동
apartment,aabf7bfc86a281885df3cec7faf61ec840c59bf05d854e495a616472461b3e96,metro,m16_25,le20,dong,150,12,44,62,26,6,18.0,경기도,여주시,홍문동,,홍문동
apartment,aac00773bbe38ccf47fc235c33577d220c2532a74e9a9ba61cce4cccd29df5a3,metro_city,m16_25,m21_30,dong,55,5,12,18,19,1,24.0,부산광역시,동래구,수안동,,수안동
apartment,aacb6cf78d92da6815556ffe4664c4b3861897496f6cfe2585786814138e6506,metro,le15,le20,dong,301,15,59,136,72,19,15.0,경기도,용인시,수지구,풍덕천동,풍덕천동
apartment,aacce98ded2fffdff11aa0e36052d7cf974eeb77aeead1a667a64a0c44a1c980,metro,le15,le20,dong,156,7,34,63,42,10,15.0,경기도,수원시,영통구,매탄동,매탄동
apartment,aacece5b44a15cea2c23f5e572670e91c7064062eabc74f37bfc50f28508f1bb,other_urban,le15,le20,dong,162,13,37,60,39,13,15.0,경상북도,영주시,휴천동,,휴천동
apartment,aaceeb2acab704c31b381754dfa476a4a39a7255e229f2893945cf3c726c1547,metro,m16_25,le20,dong,141,6,36,59,36,4,20.0,경기도,용인시,수지구,성복동,성복동
apartment,aad2f85c49b156cb894c810a2f13fb3f1d00fcf6afb76822e48ad2e63531eefd,other_urban,m16_25,le20,dong,228,14,50,113,49,2,18.0,경상남도,창원시,성산구,남양동,남양동
apartment,aae3436db8874db4c0b957be4ffd2603eee26e068acc06fd03e6b8e5c0fc8dd8,metro,ge26,m21_30,dong,187,7,46,86,42,6,27.0,서울특별시,성북구,종암동,,종암동
apartment,aae81368f8a94ef6ce479268425c6f5f73c1a4925289460a34abb3ea6759b3b6,other_urban,le15,le20,dong,178,10,28,69,64,7,15.0,경상북도,구미시,도량동,,도량동
apartment,aaef54727ade91a35640eea73593310a729cba52229ce0b1599f96d2b3d943ce,metro,m16_25,le20,dong,50,5,14,19,11,1,19.0,경기도,용인시,수지구,풍덕천동,풍덕천동
apartment,aaf6d1358184692327e0790af7ca1727de9fdb226202e89ce11d8bb876f6acc3,metro,ge26,ge31,eup,328,11,88,137,91,1,34.0,경기도,남양주시,화도읍,,화도읍
apartment,aafdcf02748a572837f7da542bfbb0a95fe1700cb569ee682b131c956b5a3814,metro,m16_25,le20,eup,133,7,36,64,25,1,20.0,경기도,남양주시,오남읍,,오남읍
apartment,ab140dd80861821052cd54e7e84c314fab33b60a26ffa36ce7bf4dae6351eefe,nonurban,le15,le20,eup,129,7,19,52,41,10,15.0,전남광주통합특별시,보성군,보성읍,,보성읍
apartment,ab14f6e4c046d23e167b4087f0814c2dab97439404095509972b2b4fb16bb86d,metro,m16_25,m21_30,dong,181,5,59,96,20,1,25.0,경기도,성남시,수정구,창곡동,창곡동
apartment,ab1789b3b14014e819eab07882a7e88bae9000dd4cd7f93c4e6209005a1c6e14,metro,m16_25,le20,dong,69,6,11,32,16,4,20.0,경기도,수원시,팔달구,화서동,화서동
apartment,ab2cae2b250d7ce2dface97712da04edbf2ecc69bab7cd308fbdbc3462b17747,metro_city,le15,le20,dong,59,21,0,24,7,7,5.0,대구광역시,동구,신기동,,신기동
apartment,ab3315d2bd1c322f701d2b8f80a8f055464d85ee1513b90c88cc9405739f7398,metro_city,m16_25,m21_30,dong,59,6,17,28,7,1,22.0,대전광역시,유성구,지족동,,지족동
apartment,ab33b51edcdd011e4ccb53b53189195dc0e439d6a595d5cb4d39ee1351510219,metro,m16_25,le20,dong,165,14,50,54,42,5,17.0,경기도,김포시,운양동,,운양동
apartment,ab48d67e7001657137afdb14f8d73f404d6640c70141067d1ef946a51cc1c47c,other_urban,le15,le20,dong,53,7,16,22,7,1,15.0,강원특별자치도,원주시,일산동,,일산동
apartment,ab4f1e89540d8dbd1cbe8ff5b21a2b3552604ae3b111754fe9aa131404c11a44,metro_city,m16_25,m21_30,dong,139,10,36,59,33,1,25.0,울산광역시,중구,우정동,,우정동
apartment,ab53a1d61188d4184bcbcf242d44bcf4234501d30e478245c5a492a6c08e016e,other_urban,le15,le20,dong,166,7,36,70,39,14,15.0,전남광주통합특별시,북구,두암동,,두암동
apartment,ab5b31b3bcceeba765ee54f2456bc9200aab9d37e90fa0212e36887995dbb262,other_urban,le15,le20,dong,254,18,46,110,63,17,15.0,경상북도,구미시,옥계동,,옥계동
apartment,ab66f1c8640db9a1e4c1bcfb34a773a9694571ce5f9c3a4296046ea2805e0409,metro_city,m16_25,le20,dong,167,7,34,71,49,6,18.0,울산광역시,남구,무거동,,무거동
apartment,ab6a0b4ab11947f9258f2613f4d41662894daa578e5c139e80c53d2660c1ff1b,other_urban,m16_25,le20,dong,135,7,32,68,25,3,20.0,경상북도,포항시,북구,우현동,우현동
apartment,ab6ce9191146eca34259931f18ed93499f496abec788696f804693795e650192,nonurban,le15,le20,myeon,206,7,44,81,55,19,15.0,전남광주통합특별시,여수시,소라면,,소라면
apartment,ab75332a56e957e63285a380109bf011b3bd9f22d3f8a3d3e3b1a93b14e98690,metro,m16_25,le20,dong,66,6,17,16,23,4,17.0,경기도,의정부시,용현동,,용현동
apartment,ab7731398fc80349dc571ad230770fac1cba76893a51ba997396ce4aa45ac95a,metro,ge26,m21_30,dong,166,5,39,67,50,5,29.0,경기도,남양주시,다산동,,다산동
apartment,ab8ce7adb6b50415e72b72281cc3110c7a628b01cbac94e4921769b067420eec,metro,le15,le20,dong,66,8,7,27,17,7,12.0,서울특별시,영등포구,신길동,,신길동
apartment,ab94248fe4a1c4d958b666fcb63adfebc5423356b30ba9c3b02098a1f0ea89ea,other_urban,le15,le20,dong,432,19,85,170,127,31,15.0,경상남도,창원시,진해구,청안동,청안동
apartment,ab973ceec6d71e7e7a1dc7fa7c6bd48429f1df33fccfe6272ee5c7c282443183,other_urban,le15,le20,dong,147,8,42,66,27,4,15.0,충청북도,청주시,청원구,율량동,율량동
apartment,ab9c2d115fa4cdccbb1a9d48c9af1b20d09107eb293eb0cc8c88151f10f6b965,other_urban,le15,le20,dong,54,6,15,18,14,1,15.0,전남광주통합특별시,광산구,산월동,,산월동
apartment,aba16571b05741fc4fe1e95b26de5456b27187e7aa7ad23ef2f512b1ce2e8820,metro,m16_25,le20,dong,115,6,33,41,33,2,18.0,경기도,안양시,동안구,평촌동,평촌동
apartment,abca1c38a497e634d5fbce590f50b749d596f18734fd1787ae913b34d0b75c7e,nonurban,le15,le20,eup,680,59,126,294,164,37,15.0,충청남도,천안시,동남구,목천읍,목천읍
apartment,abcbb9dbc36b3f4ec87041420cf42228db1be0397a9c8bf360c90357f20dc581,metro,m16_25,le20,dong,330,20,94,126,73,17,20.0,경기도,수원시,영통구,망포동,망포동
apartment,abcddb129aff65f579aa7505df29c3d97f0860e132d7a97433095e405b63f609,metro,ge26,ge31,dong,464,11,108,233,111,1,32.0,서울특별시,송파구,잠실동,,잠실동
apartment,abe58bc10922371dfc59d14857d1f2feb46fda4d3a38f55e1a65f714c7a7e9a2,metro_city,le15,le20,dong,63,11,0,32,10,10,5.0,부산광역시,해운대구,재송동,,재송동
apartment,abedc3324ce253ef3cc5cf617fb18dc9e133d81f4979ce7cab066bee9677079a,other_urban,le15,le20,dong,192,20,40,62,54,16,15.0,전남광주통합특별시,목포시,상동,,상동
apartment,abf9acc1ed9fcb2e85fb5a92268808595ba4a8ceb536fe9ac54049bf357401ee,other_urban,le15,le20,dong,75,6,17,34,15,3,15.0,전북특별자치도,전주시,덕진구,송천동1가,송천동1가
apartment,abfe91f14774d2434124b5b8418c8886fe734e239814b41951a7706add9ae9e2,metro,m16_25,le20,dong,110,8,18,47,32,5,20.0,경기도,시흥시,하중동,,하중동
apartment,abff23edf4c1bd4c5a0974a51f8a8c957382b20f360de9ed677cd5a7e64b595f,metro,m16_25,le20,dong,136,8,26,55,39,8,18.0,경기도,의정부시,신곡동,,신곡동
apartment,ac01307bf40f80fc6c18f87a3a80f6478ac389cd74764a03960f82274ed6c2e1,metro,m16_25,m21_30,dong,102,9,24,46,21,2,23.0,경기도,용인시,수지구,죽전동,죽전동
apartment,ac1d424578a7861ece4dbf4f3fe63a60f86b72b07fa2c0fd9a8495d34ada3253,other_urban,m16_25,m21_30,dong,211,12,46,82,63,8,23.0,경상남도,창원시,마산회원구,양덕동,양덕동
apartment,ac282555e0b10008c7eb78fd89c4a338085252a3305efb89c73db87d03e45c30,metro,m16_25,le20,dong,178,11,35,76,47,9,18.0,서울특별시,강동구,고덕동,,고덕동
apartment,ac32ce1dd41b992f7c3d3386f1c660be12b1255fc2333675db81e81ca6880162,metro,le15,le20,dong,260,17,59,103,66,15,15.0,경기도,부천시,원미구,중동,중동
apartment,ac424f9f2d908d37c0bfe57517f1b4da3a454d575eb8f0515f3836e68bdea115,metro,le15,le20,dong,58,5,14,22,14,3,15.0,경기도,광주시,양벌동,,양벌동
apartment,ac433f0c3c8bf193889041283c78eda92f6c417103509282167dad58fd8ecf34,nonurban,le15,le20,eup,152,14,22,71,40,5,12.0,충청남도,천안시,동남구,목천읍,목천읍
apartment,ac44fe8df62d597159c5b7c5234c9bf52945ee18f8f5ea20cd6d29b1dfe73fc6,metro,m16_25,le20,dong,64,6,12,39,6,1,19.0,경기도,고양시,일산서구,일산동,일산동
apartment,ac47dc47312c64c2cb6d80d542d47f260a503acedde1129075f5cd860ea1a33e,metro,le15,le20,dong,180,12,37,74,43,14,15.0,경기도,오산시,수청동,,수청동
apartment,ac57e441fd1dc23f76dbf9c5511f7a459f6bf1ca2049fe2f6c78edb6b47a2b09,nonurban,m16_25,le20,eup,263,7,70,110,75,1,20.0,경상남도,양산시,물금읍,,물금읍
apartment,ac6303abc625c49555ac3acab9fae1fa4a44122a85f5e0dae39c8ebe25a06716,nonurban,le15,le20,myeon,162,7,44,67,37,7,15.0,경상남도,사천시,사남면,,사남면
apartment,ac9af6e5404c0d9792ce3f7a893d404085b9bbbd04540d40e30a418de437fd4e,metro,le15,le20,dong,58,6,10,20,20,2,15.0,경기도,남양주시,다산동,,다산동
apartment,aca24ff1808de01b2bf3ba685811f14413ac56a5c253f9514d4165ba8a8721bd,metro,m16_25,le20,dong,492,24,170,247,48,3,20.0,경기도,군포시,금정동,,금정동
apartment,acab7b78ddfda9d7eaf7d2970566d07844dd700b912acd738903ddcf7d868636,nonurban,m16_25,m21_30,myeon,231,6,41,94,78,12,25.0,경상북도,경주시,현곡면,,현곡면
apartment,acad18b443b9991a402154b376b7d2c70c719882f4899509808ea01f7cd377d6,metro,ge26,m21_30,dong,85,5,23,35,19,3,29.0,경기도,성남시,수정구,신흥동,신흥동
apartment,acafdad54e1a128348e75cd9ba910ab19335d30f24dfb5b29ee8390ce95ed06a,nonurban,le15,le20,myeon,94,19,0,27,27,21,5.0,경상북도,포항시,남구,동해면,동해면
apartment,acb4e7cc140b020277473154e24b21e88dff9166f2b16e14c83a62b5bbcafdbb,other_urban,le15,le20,dong,75,11,0,36,15,13,6.0,전북특별자치도,전주시,완산구,삼천동1가,삼천동1가
apartment,acba7a5b164e193eed85c1f6c416ceb90a3934d355de7de49b6ce9725dc98b4f,metro,m16_25,le20,dong,156,6,26,76,36,12,16.0,인천광역시,계양구,병방동,,병방동
apartment,acd89f64e9197977b87e9269d87b03be33ce02a163c3acc1d1f09440c7a1322e,metro_city,ge26,m21_30,eup,128,5,37,64,21,1,29.0,부산광역시,기장군,일광읍,,일광읍
apartment,acd95a68a008ee5cf1c91886d7cefd9d49163bc0cf488b81486ec526ee67dad2,other_urban,ge26,ge31,dong,406,5,108,187,104,2,35.0,전남광주통합특별시,동구,학동,,학동
apartment,acee3c71275857511ed6397c9f98238135190a183536d2b2100323d26d984963,metro,ge26,m21_30,dong,217,5,63,100,47,2,29.0,경기도,김포시,마산동,,마산동
apartment,acefb54e25491c4f9f8a7dd334d3313125a56d8b6efe83d1fc9a96ead7f1cf49,metro_city,m16_25,m21_30,dong,162,5,46,66,40,5,25.0,울산광역시,남구,무거동,,무거동
apartment,ad02d28ff7642a777129a78f35d87b03f5dbda34d694c1e05c4ab19ea9b4ea3f,metro,le15,le20,dong,212,9,43,88,55,17,15.0,서울특별시,노원구,상계동,,상계동
apartment,ad0406994078ab6c3d9d103b7a8ceaa26fd548795485bbd2adbc684df3d142bf,metro,le15,le20,dong,87,5,22,31,23,6,15.0,경기도,화성시,동탄구,장지동,장지동
apartment,ad064eea2892880cd61a797a6e2a207027da9ee1313efd2d5582386fd2044568,metro,m16_25,m21_30,dong,80,6,19,35,19,1,22.0,경기도,남양주시,다산동,,다산동
apartment,ad0ba43aa8d5bdcdd006470a224bcc56861f622dfc8470d39fc27280dfc0023a,other_urban,m16_25,m21_30,dong,133,10,39,55,26,3,24.0,경상남도,김해시,삼문동,,삼문동
apartment,ad14b402cc5183c62e1da164b6b97d180cebd7bae697411c095cf5d8eeaa2bcb,metro,le15,le20,eup,90,13,14,36,24,3,15.0,경기도,남양주시,와부읍,,와부읍
apartment,ad161646b060002586a964c02956ee29c88a0027746df85bf7ca9e0f6ccebc7e,metro,m16_25,m21_30,dong,222,9,55,114,43,1,22.0,서울특별시,강북구,미아동,,미아동
apartment,ad1b7d1938298c9e68b5d916b5789b2a1ea1b292d7a4acbe1ac9256c93f5b31c,other_urban,ge26,m21_30,dong,217,7,57,87,60,6,27.0,충청북도,청주시,흥덕구,가경동,가경동
apartment,ad1ec143f339405b24939b5d817d7ea3a8d646d300a78a609b60bef74e5f9cd3,other_urban,le15,le20,dong,82,7,18,33,23,1,15.0,충청북도,청주시,흥덕구,신봉동,신봉동
apartment,ad28d7bb87f16ffa9710c5292c4dbda3ef3158fcfde0c486f1d871c657bb2a3f,metro,m16_25,le20,dong,65,7,14,30,13,1,17.0,경기도,의정부시,장암동,,장암동
apartment,ad2da1d4e1e8515982c5ce57bc44753f1dbda91a6fe79c37a18ca969a93c1e7f,other_urban,le15,le20,dong,59,11,0,16,14,18,5.0,경상북도,문경시,흥덕동,,흥덕동
apartment,ad3616dc5a38107e64e114dec576d833de87a309bd618fb89ee0acdd3a1944bf,metro,m16_25,le20,dong,229,10,64,100,49,6,20.0,서울특별시,성북구,종암동,,종암동
apartment,ad3e953472cbc32331b5f1ff198b0eecb987e85945121ea4ce079bd601fc9b07,metro_city,le15,le20,eup,107,14,0,67,10,16,6.0,부산광역시,기장군,정관읍,,정관읍
apartment,ad4258f6b9ea1c2a3cd3df4cdc1ad69dec50ead3b210b9e2dd31632328748c1f,metro,ge26,m21_30,dong,133,5,50,64,12,2,30.0,경기도,성남시,분당구,수내동,수내동
apartment,ad6b2a4531ddde4b5fe77e9583faa806d1f2fd65b1fe3d39c9c1ac06919334e1,other_urban,le15,le20,dong,75,5,12,30,21,7,15.0,전남광주통합특별시,목포시,석현동,,석현동
apartment,ad6e8abc5130dfa6853d2db0460087f6a96bc34390bd623bd4c7d70ef9a534a1,metro,m16_25,le20,dong,99,6,34,45,11,3,20.0,경기도,성남시,분당구,서현동,서현동
apartment,ad75e80a5cb988093506d57850b5f444e7bd19dc368d9a7df496dd0c29d5cb44,metro,m16_25,le20,dong,116,6,27,49,26,8,20.0,경기도,의정부시,신곡동,,신곡동
apartment,ad7e9bebc75801f9229dbd7c2974727c1eb99585e1ca3f58fad304c84543f552,metro,m16_25,le20,dong,140,5,45,50,38,2,20.0,경기도,용인시,기흥구,상하동,상하동
apartment,ad82516aeea5fec40da1e6e07d44f388cf2b763f59437e1c10edaa76f34a1818,other_urban,m16_25,le20,dong,105,5,34,45,20,1,20.0,강원특별자치도,태백시,황지동,,황지동
apartment,ad8dfea5bbdd844138a7dd37d57c8092b8697b5e44e048b913d28641c71e624b,nonurban,le15,le20,myeon,254,18,62,132,35,7,15.0,충청북도,청주시,흥덕구,강내면,강내면
apartment,ad93e98e924ecc145fc4cd464ca18963bec76d8a00edab8bdd89c584a588261d,other_urban,m16_25,m21_30,dong,128,7,18,47,49,7,21.0,경상북도,김천시,율곡동,,율곡동
apartment,ada4e377d76b44e76c3a32fcb2fdb933489f915fe54ed4fca04c9356172f4c3d,metro,m16_25,m21_30,eup,88,9,19,40,19,1,23.0,경기도,화성시,만세구,남양읍,남양읍
apartment,ada84f1d6b4a0709d6f3eed3816a2c4287cbb42dea8a55c4724c8951b5fda023,other_urban,le15,le20,dong,67,5,16,28,17,1,15.0,전남광주통합특별시,목포시,옥암동,,옥암동
apartment,adb2ced5f5582d985e972d87e1a6301edc7d06e83de123c34797450f5b9425d6,metro,le15,le20,eup,89,8,15,41,23,2,15.0,경기도,광주시,초월읍,,초월읍
apartment,adc54640e3aa22807feafa937c4d489dc028883f4a8e0940b31b1960b3ffef13,metro,ge26,m21_30,dong,200,7,73,88,30,2,27.0,경기도,남양주시,평내동,,평내동
apartment,adce01b984f9ca899114b24f6679a96dc8da222c53f43dc9ee4d7af5ca43bbc9,nonurban,le15,le20,myeon,112,8,28,40,28,8,15.0,경상남도,진주시,명석면,,명석면
apartment,ade3d87d511f0193dae008e995d64d6517aa12c759fce2586cdef4ab0d6ea49e,other_urban,m16_25,le20,dong,113,5,41,48,15,4,20.0,전남광주통합특별시,순천시,오천동,,오천동
apartment,ae25438cfc0030d40867f1fa8a8946c3379a89007ae192f9a24832912118f728,metro,m16_25,m21_30,dong,167,6,45,72,38,6,25.0,경기도,용인시,수지구,풍덕천동,풍덕천동
apartment,ae281be9f462aa2288e692a509c7050c9d0bb0e251eff09453ba8e9e34d64e67,metro_city,le15,le20,eup,87,17,0,31,13,26,5.0,대구광역시,달성군,논공읍,,논공읍
apartment,ae313b7522f981d2817359174d9f518464969e0119463d90d829e16ca4fc3a54,other_urban,le15,le20,dong,111,25,0,40,21,25,5.0,경상북도,경산시,계양동,,계양동
apartment,ae3fb4ae84da5dc8cad3d2db6ec89241cac8c4fc2969d091d732242a731efda8,other_urban,le15,le20,dong,92,6,25,28,28,5,14.0,강원특별자치도,원주시,관설동,,관설동
apartment,ae6314b8a6fb9a1754bf8ad3e8df150b205d27dca7da2cbd610052f801a63f7e,metro,m16_25,le20,dong,213,15,55,91,50,2,20.0,서울특별시,성북구,길음동,,길음동
apartment,ae6540e880d69c368b6f23bbdc02181e6a4fc895606d75920ff7da3764b87ebc,metro,le15,le20,dong,109,8,21,39,34,7,14.0,서울특별시,영등포구,신길동,,신길동
apartment,ae67293a8da1648fe22ae5d52f3ec637702141ed2084dc2b621c98e29159805c,nonurban,le15,le20,eup,61,12,0,24,9,16,5.0,충청남도,천안시,서북구,성환읍,성환읍
apartment,ae68fc0041d612d678c79d2bd559ac9e499ddb9681cf424fc5e44944a6f408b9,metro,m16_25,le20,dong,174,5,41,77,43,8,19.0,서울특별시,성북구,돈암동,,돈암동
apartment,ae6bfaae3b7b4f31a6a7145454e559eaddf27717949f8bfccd47853cd6640e4a,metro_city,m16_25,le20,dong,199,8,44,88,55,4,20.0,대구광역시,달서구,장기동,,장기동
apartment,ae8b2d62633c268a9da77cb8aa61d509362687ca0d99b4bf0233f7403d4fdd4e,other_urban,m16_25,le20,dong,110,10,23,47,26,4,16.0,전남광주통합특별시,순천시,조례동,,조례동
apartment,ae8d656c9a66ba93671dd5a76d59d68b6e3f714358881989b5fa529d0f5a5b16,metro_city,m16_25,m21_30,dong,177,7,58,80,31,1,24.0,부산광역시,북구,화명동,,화명동
apartment,aea2c205bd401036875f7dab7782fc7fb26d9338e1bd98c4f3f90fdb4064ccfb,other_urban,m16_25,le20,dong,80,5,16,36,22,1,16.0,전남광주통합특별시,순천시,연향동,,연향동
apartment,aea7cf9d9d7815d355cbefaa9ddd045436a261eb5dcd5b554190db01757e1b09,other_urban,le15,le20,dong,61,9,0,26,14,12,5.0,전남광주통합특별시,광산구,월계동,,월계동
apartment,aeb11986100255ac615e2a4a77a9cbddc75acde08411209113e444adebb59c88,other_urban,ge26,m21_30,dong,268,13,92,98,63,2,28.0,경상북도,영천시,완산동,,완산동
apartment,aeb2764a1af7c99f4bdf66159854dd16633d291955f8e17ba7a1e5cf3e5b96cc,nonurban,le15,le20,myeon,121,10,17,52,34,8,12.0,강원특별자치도,원주시,소초면,,소초면
apartment,aec9cf8041a97852c13aee43934e28db1c7d9ca8ee8cea9b564d069fee9df05e,metro_city,le15,le20,dong,127,6,27,57,35,2,15.0,대전광역시,유성구,송강동,,송강동
apartment,aed0de2cd3ebd40578a79d4c9f340950f5717bde4475ad6c9053bb5a69fefdb9,metro,le15,le20,dong,103,11,22,41,26,3,14.0,경기도,화성시,병점구,기산동,기산동
apartment,aed13886d482931202d6ec7017e6fd3d297c201b5c1ed69f7dfb56a4639171c4,other_urban,le15,le20,dong,124,5,14,56,43,6,15.0,경상남도,김해시,지내동,,지내동
apartment,aed9fd6ed0ef98b403024345a4f0ba6c74d7d4055bec41ef304f3f0d7212d210,metro_city,m16_25,m21_30,eup,252,11,54,119,65,3,22.0,울산광역시,울주군,범서읍,,범서읍
apartment,aee49f6e4338b4ab6d25a18cb1e30ee4383e5cc00b26b75cf82996693454939b,other_urban,le15,le20,dong,149,8,38,53,38,12,15.0,경상남도,김해시,구산동,,구산동
apartment,af1d5407b8dc4a6d93cb1d2f54221323a9ac6f0f49122b67bdd4b793eb9fb446,metro_city,m16_25,m21_30,dong,273,8,70,122,65,8,25.0,울산광역시,북구,송정동,,송정동
apartment,af1ebf700f2eb462727d8d886a2b5921def0267d1f8690b927d82aa130228447,nonurban,m16_25,le20,eup,198,12,55,77,51,3,18.0,강원특별자치도,홍천군,홍천읍,,홍천읍
apartment,af2d55dbf22ffdf081c40f3d3de3a419f58f54c2fe9fb13ba37e7a3943c9e957,other_urban,le15,le20,dong,72,18,0,30,7,17,5.0,충청북도,청주시,흥덕구,운천동,운천동
apartment,af34ba5db96e497d4ec390f34751884eac31b4d8cb8cfa69f3bf459f74ab2766,other_urban,m16_25,m21_30,dong,102,6,23,46,26,1,23.0,전남광주통합특별시,북구,용봉동,,용봉동
apartment,af4dba8050d62c5a68e3dca2b864462793f496f89ad33f6523330b89d700fa4f,metro_city,le15,le20,dong,75,5,22,22,20,6,14.0,울산광역시,남구,삼산동,,삼산동
apartment,af502b995aed73ef610f20d27c61c7b9f9b135f9f40be0ccb6a110139ed600be,metro,le15,le20,dong,68,9,14,25,19,1,15.0,경기도,안성시,당왕동,,당왕동
apartment,af523238dfd6ed1dd4bdc23371ecac3d57bb981b40fa4aa43ce048f80ed11717,metro,le15,le20,dong,75,6,15,35,18,1,15.0,서울특별시,강동구,명일동,,명일동
apartment,af59863a652648c0d867c5a566dd32b4d9dc29b9d1b7beafa991a69fc2246f5f,metro,m16_25,m21_30,dong,104,7,24,61,11,1,23.0,경기도,수원시,장안구,정자동,정자동
apartment,af5fc4c2b820b7cb5d6d29319f1feb0b3dd7f3ae66c699f7015e0a723438e7b4,metro,ge26,m21_30,dong,188,5,64,80,38,1,27.0,경기도,용인시,처인구,역북동,역북동
apartment,af600b6ad441a451461120596de14287ebb12db2610bcd7786cdf9dd65a3ac42,metro,le15,le20,dong,90,7,18,42,18,5,15.0,경기도,김포시,사우동,,사우동
apartment,af6811fc56f7e9f309657ec6ff5b378aa548e7d334af8f3ff9dda965456916be,other_urban,ge26,m21_30,dong,217,16,53,103,44,1,29.0,충청북도,청주시,흥덕구,가경동,가경동
apartment,af690990b26e055f39b1482de52cf05dc79f2beb4016680d5271833f6f28497f,metro,le15,le20,dong,73,8,10,33,20,2,15.0,인천광역시,검단구,당하동,,당하동
apartment,af6ab4879324822cf94099f35bd3a773f5231e86e8329957b7b67665658d02fe,metro_city,m16_25,le20,dong,188,10,41,84,46,7,20.0,대전광역시,서구,도안동,,도안동
apartment,af727e1b292c63a60e93f4f318eb5566c5fe69fe1dd68dcc8f8613f0271412ff,other_urban,le15,le20,dong,170,13,38,66,40,13,15.0,강원특별자치도,춘천시,석사동,,석사동
apartment,af7427737ccef9f7fd5f367217f3920167cd1b3464545fab548175fc606cedca,metro,m16_25,le20,dong,57,5,18,22,11,1,19.0,경기도,고양시,일산서구,일산동,일산동
apartment,af74afaa6710d31a25af1b29a47958e95b1315fa7e98217371d3b602769ceedf,metro,ge26,m21_30,dong,170,6,57,79,27,1,29.0,경기도,오산시,원동,,원동
apartment,af75887f00673eb5cdd8963399d37a8bbff4a7ebb1887c4ec900ad10f84ed497,metro_city,le15,le20,dong,103,11,19,40,25,8,8.0,울산광역시,중구,성안동,,성안동
apartment,af81014a4a20e5e16a3c9221b9b3ea207801ebf6efab5c769184b2a1e35dc453,sejong,ge26,m21_30,dong,312,9,93,153,52,5,30.0,세종특별자치시,,종촌동,,종촌동
apartment,af81168d20b420602bb8117c50aa62d60a9fee9c388f95c716fbc487ac91d87d,metro,ge26,m21_30,dong,619,13,181,290,131,4,29.0,경기도,안양시,동안구,비산동,비산동
apartment,af8ea7469effdee1c111d568d9ec72ee0c1a387b0218b3519425d25a67ca20e7,metro,m16_25,le20,dong,171,9,41,66,50,5,18.0,서울특별시,성동구,하왕십리동,,하왕십리동
apartment,af9515caee2abc0732af7fc03602021fcb30632bde35a0532b1275fc3ea60cef,metro,le15,le20,dong,372,24,62,162,98,26,15.0,인천광역시,남동구,만수동,,만수동
apartment,afac1e0e7a7ca8157590e2cc276278ac9f9c1caf15c8ea9b49494a6f2981e748,metro_city,m16_25,le20,dong,119,10,27,39,39,4,20.0,대구광역시,동구,신암동,,신암동
apartment,afba6f7cbed30e7963d4d71d1c740c697d59d0a515e0bf99e005997a9fc9bd6c,metro_city,ge26,ge31,dong,656,9,198,272,167,10,35.0,부산광역시,북구,화명동,,화명동
apartment,afbbbf33eea173476960d52377cc74284eff0aae4aa0ad237247a61ab3252cf4,other_urban,le15,le20,dong,126,5,19,51,43,8,15.0,경상북도,경주시,황성동,,황성동
apartment,afc9feff76333557a5850f5726de9fa8816f94cb156e478a67915fa867ef3ca7,nonurban,le15,le20,eup,88,18,0,36,22,12,5.0,전남광주통합특별시,광양시,광양읍,,광양읍
apartment,afdbea829a6ad1a370b83f62b332a9b3c592cb15b0e27c18489eeda73abcd6bc,metro_city,m16_25,m21_30,dong,304,10,90,140,60,4,25.0,대구광역시,북구,칠성동2가,,칠성동2가
apartment,afe5c893b1e87ab7288f0ff38d6e0849dd29f641595f4b4f7affb861e4163bd8,metro,le15,le20,dong,154,10,30,70,38,6,15.0,경기도,안성시,아양동,,아양동
apartment,aff16e7cdacf623a1f316139f31e5c9cede1a696124a7c1346de101b3ee2de9f,other_urban,m16_25,le20,dong,201,6,58,103,32,2,20.0,전남광주통합특별시,북구,용두동,,용두동
apartment,b004fb1b665297011cc2b3274b4c6ae70b66a573c099074bcfb695a1fde8fd8c,metro,le15,le20,dong,67,5,17,32,8,5,15.0,경기도,이천시,송정동,,송정동
apartment,b00e96578ff498f6250259eb27709c6fd94a4ef51180f31c50a7d536b5c2865a,other_urban,le15,le20,dong,99,5,25,41,24,4,15.0,충청북도,충주시,연수동,,연수동
apartment,b010afe6b194cb2bcfe1b6aa8646b2af6d0827fbde02e9f4b6f522cd242aca6f,metro,le15,le20,eup,82,7,16,35,19,5,15.0,경기도,김포시,통진읍,,통진읍
apartment,b02ca8785bb074b4a23ec2ed3ce15808b2f36744d80c4fef3ca6e867c4ee1bfb,metro_city,ge26,m21_30,dong,126,7,54,52,12,1,30.0,대전광역시,중구,목동,,목동
apartment,b02f7bcbd80f44182035cc03dfbc3cbf3aba9b4f8d40b1fccc22126dbc916e1c,other_urban,le15,le20,dong,245,20,52,96,58,19,15.0,전북특별자치도,전주시,완산구,효자동1가,효자동1가
apartment,b03185d68d6aafe29037c6a3c8a30c121dd455591be7571f312bda6217b2a72a,metro,m16_25,le20,dong,202,10,50,87,45,10,20.0,경기도,용인시,수지구,풍덕천동,풍덕천동
apartment,b03f13cf7781a627e83acddcbf74dba2ac08e885ff4d7e463a6c199d06e5aa1c,other_urban,m16_25,m21_30,dong,123,5,35,55,26,2,25.0,경상남도,거제시,양정동,,양정동
apartment,b05c754e9ff07e01703b97ec4aaae8f444000b34be16659627d7a5c45d4c34ce,metro,le15,le20,dong,111,7,31,38,31,4,15.0,서울특별시,동대문구,답십리동,,답십리동
apartment,b05d3033e521f34faa8ec345a4ccc58389ebbbc834972ae75ff47b382efbe0f3,metro,m16_25,m21_30,dong,189,5,53,81,44,6,25.0,경기도,군포시,산본동,,산본동
apartment,b06c74f7672213e6b69bbeff4dbab78c7480fab125321039fa939bfb27f590e4,other_urban,le15,le20,dong,101,9,16,39,29,8,15.0,충청남도,서산시,읍내동,,읍내동
apartment,b07619f5a7816ee80e2631e37df29ae371f28771e616b432ea24e6b57ed317d1,other_urban,m16_25,m21_30,dong,218,13,59,87,57,2,24.0,전북특별자치도,익산시,부송동,,부송동
apartment,b078b25fbaf01e552f6ad2f59e2c823d8c91a342a280d32ad8e9bf4c4a142c41,metro_city,le15,le20,dong,93,9,10,35,27,12,12.0,대전광역시,서구,가수원동,,가수원동
apartment,b080a92ac658e2dcb444c1fb54e49b125834e167b89651e80a06f5d4c4217ce4,nonurban,m16_25,m21_30,eup,119,6,35,53,23,2,25.0,경상북도,경산시,하양읍,,하양읍
apartment,b082f1d7c0a07a096ba89744e10cc86a9e302adcb1b12f3eb92ba7c744654251,metro_city,le15,le20,dong,137,11,29,50,39,8,15.0,부산광역시,수영구,남천동,,남천동
apartment,b087b84291f53e715e9aafb348c71f0de6d74ae9a5632c2bd9fd51fa53b61507,other_urban,le15,le20,dong,117,10,29,51,26,1,15.0,전북특별자치도,전주시,덕진구,인후동1가,인후동1가
apartment,b09488e0bb87642ad2e3ef6d8e4d0c8ccb5e0dfd74d1b3837d1674df550bf322,metro,le15,le20,dong,86,6,26,39,14,1,15.0,서울특별시,동작구,상도동,,상도동
apartment,b0a140e46b636e8809f795b104f9f2aa5c05ff4beafab887c0032b1b8e7ac809,metro_city,le15,le20,dong,50,16,0,16,8,10,5.0,부산광역시,해운대구,반여동,,반여동
apartment,b0a9c4f6076f07ce4df43103c17496c4cd4ca39c9d03c69187563418617b48b2,other_urban,m16_25,le20,dong,134,6,35,64,26,3,20.0,경상남도,창원시,마산합포구,현동,현동
apartment,b0b7e97918b7e1ad7d790cd32ac2d09c7aa9b30ec08991d03cadcd25f9f0f173,other_urban,le15,le20,dong,104,9,22,42,25,6,14.0,전남광주통합특별시,광산구,산월동,,산월동
apartment,b0bd1a551e7be562a1780afff53ab6757b670ac13ea8ee052eb95544a5a5e420,metro,m16_25,m21_30,dong,304,14,77,119,85,9,25.0,경기도,용인시,수지구,동천동,동천동
apartment,b0de59812906601acbc1029a475d55aa4f829494da9e504f9a9074d782c4c41a,other_urban,le15,le20,dong,64,8,15,24,14,3,15.0,전북특별자치도,남원시,월락동,,월락동
apartment,b0e561bc24eae051579d897cc090e04e17ecf154acf15b87c01b3c5802f90b69,other_urban,m16_25,le20,dong,171,9,51,65,40,6,20.0,강원특별자치도,강릉시,회산동,,회산동
apartment,b0e8ee80a7f0eaddc7d1cb3388768b80bf8664a2600ca0d0fadb00c9f1110dfb,other_urban,m16_25,le20,dong,63,6,14,26,16,1,20.0,전남광주통합특별시,북구,운암동,,운암동
apartment,b0f09304c654c0a10d0bb926c22210b0403b39a1788f138575bf2e0b30ec207e,other_urban,m16_25,le20,dong,146,7,41,61,30,7,18.0,강원특별자치도,춘천시,석사동,,석사동
apartment,b1056528a896b084f6f76a0a9dbcb1dfefdffd8e8e848d83f7eadb1beb7d3ec5,metro,m16_25,le20,eup,143,16,34,45,41,7,18.0,경기도,평택시,청북읍,,청북읍
apartment,b105dca4358c742df65fb36def3be96c458601f46e6b0312351c4c30dd4726d6,metro,m16_25,m21_30,dong,113,6,33,53,17,4,23.0,경기도,안산시,단원구,선부동,선부동
apartment,b10e27f0357365e1a8c6082005a02352454de11639d2a13147cf558cf2af92f1,metro,le15,le20,dong,68,5,15,24,20,4,14.0,경기도,양주시,덕계동,,덕계동
apartment,b119c069b9b366b302ad9807ea83eeb9e035a7883c65afb1006954e6d51cecab,nonurban,le15,le20,myeon,163,11,36,64,48,4,15.0,충청남도,서산시,인지면,,인지면
apartment,b11aecb4174aaa2520637257471a0130769923372a519f03d2e4ce7cb39fe688,metro,m16_25,m21_30,dong,748,38,193,323,175,19,25.0,서울특별시,강북구,미아동,,미아동
apartment,b11bedc6a2f4657862a0ac518ecc6ee0997b49ff0c89bc4b897e261640c98c92,other_urban,le15,le20,dong,576,25,117,219,187,28,15.0,강원특별자치도,강릉시,입암동,,입암동
apartment,b1217431bfc9a03fb0add7eca5a5abf16e3dcdccd8526a4755b9ac940d33a5da,metro,le15,le20,dong,101,14,18,38,29,2,15.0,서울특별시,노원구,중계동,,중계동
apartment,b12dea3a0b83468615d423066122595e2d80ba431b56d02559fda86bce52b5e0,metro,m16_25,le20,dong,110,5,29,43,30,3,18.0,경기도,구리시,교문동,,교문동
apartment,b12f57dd22a77a25c24db8c8c3a4a3610c0ebaf22bbb532ac1c5522f9a22f99f,metro,le15,le20,dong,78,6,26,32,10,4,10.0,경기도,시흥시,정왕동,,정왕동
apartment,b131a4653164d1028f9ba03f526b2308fd7ee7753732942e67ff18d9804c1348,metro,m16_25,m21_30,dong,131,9,36,62,21,3,25.0,경기도,부천시,원미구,중동,중동
apartment,b162d199adb06b184b23d5a3000842cef2d71557faa585c8abbe383450691385,other_urban,m16_25,m21_30,dong,72,6,12,27,21,6,25.0,충청북도,청주시,청원구,율량동,율량동
apartment,b1685d2d61ebd9957e48216c0a3c900710d976982d9ad099de7708f25e793dbd,nonurban,le15,le20,myeon,93,15,0,36,31,11,6.0,충청남도,예산군,신암면,,신암면
apartment,b16fbac016fffd6c939a102b62c6ae4672c453690a4b7a7dd49f4410e2a6037f,metro,m16_25,le20,dong,101,7,24,40,29,1,19.0,인천광역시,연수구,옥련동,,옥련동
apartment,b1c57457f787861472f6e096b1fa4ebb22f563822460180d685eafdfaf86aa98,other_urban,m16_25,le20,dong,137,9,34,69,24,1,20.0,전남광주통합특별시,남구,진월동,,진월동
apartment,b1de4f4f0e1f64603115149abeba723b4b9e7f2c5cfd784d8ad71dff8fba3976,metro_city,m16_25,le20,dong,236,8,54,87,77,10,17.0,울산광역시,동구,서부동,,서부동
apartment,b2063d787d94e7b3b7105eb0c19cdaba13980dc15e95fd68cf0eb27b93c4e29d,other_urban,m16_25,le20,dong,167,5,30,66,56,10,17.0,경상북도,구미시,남통동,,남통동
apartment,b20c2310dd6c3adf4a881d0c558c98c2ace48e512b3d3a77471e5c46a9c62a31,nonurban,m16_25,le20,myeon,90,6,24,35,22,3,20.0,충청남도,부여군,규암면,,규암면
apartment,b2108c5bacfb857bf3fbc7994952e07a8a14be3328d0043f77ce335d45228810,metro,le15,le20,dong,179,12,30,71,51,15,15.0,서울특별시,노원구,상계동,,상계동
apartment,b21722828a739206277be79a044c3540c75b8aaf0dbafc6880dbc3d39a0c8022,metro,m16_25,m21_30,dong,162,6,66,60,27,3,24.0,서울특별시,마포구,염리동,,염리동
apartment,b2186e2496a4f5cbe0870c9494376178a39ad66126fbd0f2342c24b9ad76997e,metro,m16_25,le20,dong,200,10,51,83,45,11,20.0,경기도,하남시,신장동,,신장동
apartment,b218aeead03a69f975a0860e9fa66a196d04e96bc3e0415dd4f8f6a1c1832e78,metro_city,le15,le20,eup,204,12,35,73,73,11,15.0,울산광역시,울주군,온양읍,,온양읍
apartment,b219d19360c32a8bff693898ac79016a265c85c87c773827be50dd21f988dd15,other_urban,ge26,m21_30,dong,143,5,44,69,23,2,29.0,강원특별자치도,속초시,청호동,,청호동
apartment,b22c9914b31416e16d750e490feca266fa5f5cb992cf024d0557e732784175ea,metro,m16_25,le20,dong,161,6,35,68,42,10,20.0,인천광역시,검단구,원당동,,원당동
apartment,b23105a62c5292ea760f17444541105ebd656032f26d5eb4fb71076cecb99c21,nonurban,m16_25,le20,eup,133,8,29,61,31,4,20.0,강원특별자치도,춘천시,신북읍,,신북읍
apartment,b23fc26971c0a7d5ff77e1e3b0e86fdd0d85fbd2022dcf1bca16c40c3f1568c9,metro,m16_25,m21_30,dong,65,6,14,27,17,1,21.0,서울특별시,동작구,상도동,,상도동
apartment,b24f1d70a4689c3d2530e5f29cfe83ca7d29a48e355a4760c2447edcca8b3164,metro,le15,le20,dong,370,17,60,173,92,28,15.0,경기도,평택시,세교동,,세교동
apartment,b2535173431bd9d8d17831ab5e6e3197b8c3d34246ca10ebecea60d5b2e97588,metro,ge26,m21_30,dong,284,9,77,127,67,4,26.0,경기도,평택시,칠원동,,칠원동
apartment,b2565775cd1738d01510e9b7cb6a0b556728b0b08b64348cce8c245101708158,other_urban,le15,le20,dong,61,15,0,20,17,9,5.0,전남광주통합특별시,광양시,금호동,,금호동
apartment,b2568fcbf1100117362a5ce7b48b7f6f66000f803ce3cec55690bfee509a472e,metro_city,le15,le20,dong,72,9,10,37,13,3,12.0,대전광역시,서구,월평동,,월평동
apartment,b2620f2a20946b64c5f74afe7cb0bb33a38bb44ce52dabf19e2889cee008a237,metro,le15,le20,dong,100,9,18,49,18,6,15.0,경기도,여주시,교동,,교동
apartment,b263a589c4b3ea1e3500114f2a21376662907e1607c355878aaf7d8fd83f7c0a,other_urban,le15,le20,dong,75,6,18,38,12,1,15.0,강원특별자치도,강릉시,노암동,,노암동
apartment,b26728ee16012fd21440f41e39c604252e84c31d2784fd4230fd153ba010d6e9,other_urban,le15,le20,dong,267,22,52,97,79,17,15.0,충청북도,청주시,흥덕구,가경동,가경동
apartment,b26a0e247db8d215167623ee82e208456a35bc5463dd72e8c60cb4406a766cc0,nonurban,m16_25,m21_30,myeon,311,13,109,151,36,2,23.0,충청남도,서산시,성연면,,성연면
apartment,b27bf8a8aa50e3c5d53c46d024595b04bedf1cc0238707163e8cac4c7cb87537,metro,le15,le20,dong,250,12,69,99,60,10,15.0,경기도,화성시,동탄구,청계동,청계동
apartment,b288f27cceb5ac7091732cd8a7694b6223b186c1bf5620120f4e25c6c625098b,metro,ge26,m21_30,dong,168,7,54,81,25,1,29.0,경기도,부천시,소사구,소사본동,소사본동
apartment,b28dfcf8fdaa6daace87f2d16e7e02236c65c371227f68f8f34047c05fa20e5f,other_urban,le15,le20,dong,663,53,0,365,124,121,6.0,충청북도,충주시,호암동,,호암동
apartment,b292c2fccfe4d1fbf5596d0c3ebe3b9eba393e4f284272c8c114be9b81e39297,metro_city,m16_25,m21_30,dong,120,5,31,48,35,1,25.0,부산광역시,부산진구,개금동,,개금동
apartment,b29f4a87e3213740052bd476d233e14faf92e07cb1230a97c57f5907c7023a3f,other_urban,le15,le20,dong,100,7,17,44,26,6,15.0,경상남도,창원시,진해구,석동,석동
apartment,b2a10f6587b2ef056a845a89f2d175710d02236f92b42247ae1d8b829ef61afb,other_urban,le15,le20,dong,125,12,28,48,32,5,15.0,경상북도,경산시,정평동,,정평동
apartment,b2abf582a7176e057fc465612ea39da8e9a1668ea1266a6399d1ab08c67933b9,metro_city,le15,le20,dong,105,5,18,37,35,10,15.0,대구광역시,수성구,신매동,,신매동
apartment,b2ac964d127a4244b06fbaf531c90b73b9e073cf28a75ed23fda43743dc71beb,metro,ge26,m21_30,dong,241,8,90,99,43,1,29.0,경기도,화성시,동탄구,청계동,청계동
apartment,b2ad74bb321b4bb411645a63d65e01a84d8895b4240cb1530168d9aa76bf6e13,other_urban,le15,le20,dong,67,6,11,30,15,5,15.0,충청남도,논산시,강산동,,강산동
apartment,b2b5791bbc0d537ad4e2c366ff794b00b985cd305e307966dc66feb62c81d6bd,other_urban,m16_25,m21_30,dong,125,7,21,58,38,1,23.0,경상북도,포항시,북구,우현동,우현동
apartment,b2bab51ff0e4d6d0c5cec9351f79da4354e3180f58e4f7e9eb80244f0677fd81,metro,m16_25,le20,dong,394,20,101,170,88,15,20.0,경기도,용인시,수지구,신봉동,신봉동
apartment,b2dc44b37a68290ee9e6f3ce12dfc4db468cd4c730a0004786f16a058b8a94b7,nonurban,le15,le20,eup,65,9,14,18,16,8,15.0,경상남도,창원시,마산회원구,내서읍,내서읍
apartment,b2e9a60d7d0606eb3a23eea89d9bcf0d4b1bf421c44d881a5df43299fe427362,metro,le15,le20,eup,321,14,73,145,85,4,15.0,경기도,평택시,안중읍,,안중읍
apartment,b2f4edcd1fad30f62272b4ba09fe0f92a51b24cc6719b369d11b6cc116c16d6c,nonurban,le15,le20,eup,131,17,30,50,22,12,10.0,강원특별자치도,양구군,양구읍,,양구읍
apartment,b2f63ff92a4c9cc0393a9c096409a384492121063d82141b619b33d6df4f7934,metro,m16_25,le20,dong,53,6,11,21,13,2,18.0,경기도,용인시,기흥구,신갈동,신갈동
apartment,b30b8d8038f342bc6dc1e2fdd0677e477ba409a32b3cdb107ce2102f175cd824,metro,le15,le20,dong,249,27,76,86,50,10,15.0,서울특별시,양천구,목동,,목동
apartment,b30ca52eef9a510e9b26302394d2456e61f056b61e553e02bff526712bdbd7c3,metro,le15,le20,dong,216,18,38,84,65,11,15.0,경기도,고양시,덕양구,행신동,행신동
apartment,b320305e575b6fe7f7d17423e5edf49ae16e5b7a362c40340d7593a661783582,metro,m16_25,le20,dong,80,9,20,26,24,1,18.0,인천광역시,부평구,갈산동,,갈산동
apartment,b3250469154200b381438bb039ecdd6bcd53b80ebe1bdbb62ecc96a4c09f42ca,metro,ge26,m21_30,dong,160,5,45,79,28,3,30.0,경기도,용인시,수지구,상현동,상현동
apartment,b3367f7238afde527a248ae25b69958467ff592c2a8bb42ce09b14c197f92943,other_urban,m16_25,le20,dong,155,7,29,85,27,7,19.0,전북특별자치도,전주시,완산구,효자동3가,효자동3가
apartment,b338114a16bbeadd0bfcf38e1b8977d62083ba541f0063ec1738b166ad692369,other_urban,m16_25,m21_30,dong,251,13,58,104,70,6,25.0,전북특별자치도,전주시,완산구,효자동2가,효자동2가
apartment,b33ec79b67bd6ab979fc8d4e141b34da670294b1c866d762fed431ea913d6815,nonurban,le15,le20,eup,128,14,28,43,33,10,15.0,충청북도,진천군,진천읍,,진천읍
apartment,b3547199dc010f8b882e0ed5027f4c03610677c67242e100fc4135b67f3fca11,other_urban,le15,le20,dong,75,14,0,43,11,7,5.0,전북특별자치도,익산시,모현동1가,,모현동1가
apartment,b35b08e092fad5b4442229e50b84b35bdab940a3ebf756b13f88ff79dd1143e3,other_urban,le15,le20,dong,259,16,52,121,55,15,15.0,경상남도,김해시,부곡동,,부곡동
apartment,b35e3b2b32b08b7fc86b9fd7934df3d78e0425cce028fad5d0535294ef4cebd1,other_urban,le15,le20,dong,161,17,34,66,41,3,15.0,경상남도,창원시,진해구,석동,석동
apartment,b37227978a3ebfd61bdfa9a3f25f9d1846148626c0423f208401a28dff6d711d,nonurban,le15,le20,eup,114,8,18,51,32,5,12.0,제주특별자치도,제주시,애월읍,,애월읍
apartment,b3792ceab9b2d31f9b516ed4bb73575014e217d59091493ff228460d37acafa4,nonurban,m16_25,le20,eup,59,5,24,15,11,4,17.0,충청북도,단양군,단양읍,,단양읍
apartment,b3844409883180f9e692b95bbe437a9d1f5ea16fc16b719d745f786cf74503d6,nonurban,le15,le20,eup,77,8,12,31,21,5,15.0,경상북도,경주시,안강읍,,안강읍
apartment,b387bdf9999655fc3bbcb94057cc2fb1d6186be62c34405af9398757a4538be6,metro,m16_25,le20,dong,63,6,16,28,10,3,19.0,서울특별시,성동구,옥수동,,옥수동
apartment,b38840d7fcb60e17f762f2bb74f781a7075d09caadcf0a34a4f0170cbc4fa6d5,nonurban,le15,le20,eup,58,10,0,20,13,15,5.0,강원특별자치도,철원군,동송읍,,동송읍
apartment,b39b01fb0e58ba087fb6a5671f51d308593b8f7b95086fb5b43204449969d2d4,other_urban,le15,le20,dong,161,14,28,71,40,8,15.0,전남광주통합특별시,순천시,조례동,,조례동
apartment,b3b13fceb809f3560e7a0337711778cb33ed4becae99d62f31f251763337b8bb,metro,le15,le20,dong,79,10,28,29,6,6,10.0,경기도,시흥시,정왕동,,정왕동
apartment,b3becfe81eb6bb92843ee8b58f9ddd3399d786588c7e83d1d84a1dbff431f275,metro,le15,le20,dong,50,5,9,22,10,4,15.0,서울특별시,도봉구,쌍문동,,쌍문동
apartment,b3db57d2c3ca96413e999770f444f374674c8ef9144567d463c70e584ddad2fa,metro_city,le15,le20,dong,134,16,22,68,25,3,15.0,대전광역시,서구,복수동,,복수동
apartment,b3e691ad3746a278c0d8ac8e6acdeea92953d2b9ba0383312d380925552c9cbd,nonurban,le15,le20,eup,79,6,24,23,19,7,15.0,충청남도,천안시,서북구,성환읍,성환읍
apartment,b3ea2974d7f26a7200fbf1390a5fd8560e1640e25efc600b4f48224063ea5d06,metro,ge26,m21_30,dong,129,5,33,64,24,3,29.0,인천광역시,남동구,논현동,,논현동
apartment,b3ea3d25fda7190576708bfdfe0f2b2328c8d76dad6cf0b80b02959174572733,nonurban,m16_25,le20,eup,80,5,15,33,25,2,18.0,충청남도,논산시,연무읍,,연무읍
apartment,b3efbaf5d9ee13751710929041f4dbbc5a7e09c05de50687b16c39dde609da07,nonurban,ge26,ge31,myeon,198,5,59,74,59,1,37.0,충청남도,아산시,탕정면,,탕정면
apartment,b3f0b1dd5d86213dd359ec29564f7b24a7aff0724c3cd19083c504625dfbc6a7,nonurban,le15,le20,myeon,135,9,27,64,27,8,15.0,충청남도,아산시,신창면,,신창면
apartment,b405f09a429602d8d4a594a15d19bd8987445917d86a6bd4b9b0f46b551bcb0e,nonurban,m16_25,le20,eup,152,9,38,69,35,1,18.0,강원특별자치도,원주시,문막읍,,문막읍
apartment,b40bddac0f89982ca0c212108f3f4a2025a2a1f709f2f968600c342e02e52f15,metro,le15,le20,dong,124,23,0,52,30,19,5.0,서울특별시,노원구,상계동,,상계동
apartment,b40d808ae34eccc3b4c5a2399e51bcc8da790b94168beeadc624842bd9ec0a64,metro,m16_25,le20,dong,130,6,39,54,25,6,20.0,경기도,남양주시,호평동,,호평동
apartment,b40eb8a0830ae487429bf349952efaf18b5ed808348b34fb7732cc4c77fdd2a1,metro,m16_25,le20,dong,52,5,14,19,13,1,20.0,경기도,수원시,팔달구,화서동,화서동
apartment,b41103f6750d531112affb24e53cc7acee56de4fabb2b40fd1e710a1a2bb8c1d,nonurban,le15,le20,myeon,69,12,0,37,13,7,6.0,경상북도,포항시,남구,동해면,동해면
apartment,b433ee91aa653a8b686becb46879d579755e093ad4aaf03f2e040ed6ac3ec481,nonurban,le15,le20,eup,161,11,23,70,53,4,15.0,전북특별자치도,완주군,봉동읍,,봉동읍
apartment,b449a65514b374d18f198018a51916d0fb896c7be09d42a2d35dfb318ebeb286,metro,ge26,m21_30,dong,432,8,105,186,121,12,29.0,경기도,수원시,영통구,하동,하동
apartment,b449ac7d106b23a53a2514c4b0c7e1839743daf503bf14f8eccbc7453621959b,other_urban,le15,le20,dong,62,5,12,25,16,4,13.0,전남광주통합특별시,광산구,도산동,,도산동
apartment,b44e27f45b62cf14fd5b07edd61ef381ea65c62947107e0184f9d06e3bfc8359,other_urban,le15,le20,dong,333,12,44,170,90,17,15.0,강원특별자치도,원주시,단구동,,단구동
apartment,b45adb213b89aa1e67713beda63a599d3a9280c053bababf31ee7cc87d4eea36,metro_city,ge26,ge31,dong,390,11,110,168,99,2,34.0,대전광역시,서구,도안동,,도안동
apartment,b45f2acdef9a2f99a1c7fb089922790fed95003dd8976d8646155aea93773c55,metro,m16_25,m21_30,dong,144,9,35,57,39,4,25.0,경기도,시흥시,정왕동,,정왕동
apartment,b47029d4449da36aedb18c2863dc3d2b7c9af8d3a2e2016f880eb6ecadbad3dd,nonurban,le15,le20,myeon,69,8,18,28,11,4,14.0,전북특별자치도,정읍시,북면,,북면
apartment,b47acb82a84b285c2b03c6c01c15ec2c7369f9afe59cc821b9211c6512e772f6,metro,le15,le20,dong,55,8,6,20,16,5,15.0,인천광역시,남동구,간석동,,간석동
apartment,b48d8f38aaeadfc3d71332401d4ce83393f79327c405e861fa50f5c06c079281,metro_city,le15,le20,eup,51,5,10,21,14,1,14.0,부산광역시,기장군,기장읍,,기장읍
apartment,b48fd300a694d1301763bbe311e20265bff6e7363a1be823766269a2dac2a88a,metro,m16_25,le20,eup,84,8,18,37,18,3,18.0,경기도,남양주시,진접읍,,진접읍
apartment,b4a1c5703c2917f9f11b5268b4eb1e6c19662497ae10948c130514466dd646a4,nonurban,le15,le20,eup,69,5,10,30,20,4,15.0,경상북도,경산시,진량읍,,진량읍
apartment,b4be9d24b80ed43f75fe4a8d6181b8e49809cb90304a72d39626510a0f1fb120,metro,m16_25,le20,dong,92,6,29,36,19,2,18.0,경기도,화성시,병점구,병점동,병점동
apartment,b4c7fbd4cec6e68efdf3edbb8c2317cd6784b6f4a5e1330205567b5fc85d3513,other_urban,m16_25,le20,dong,199,9,58,93,36,3,19.0,전북특별자치도,전주시,완산구,평화동2가,평화동2가
apartment,b4c96811c410d6c58065d95f1f9b884e27c5a74694c6d8656d7c20213d4489b4,metro,m16_25,le20,eup,191,8,45,91,45,2,20.0,경기도,남양주시,와부읍,,와부읍
apartment,b4d716f87c6d176c79e8e5e9989d66126a3d70f2004bf271cbd1940f7087b869,metro_city,le15,le20,dong,292,19,48,143,67,15,15.0,부산광역시,북구,금곡동,,금곡동
apartment,b4d7db34acc6201d65f20c83e7af9ea939da69138e69e5ccdaa5f9b371e1e6d6,nonurban,m16_25,m21_30,myeon,419,14,97,198,107,3,25.0,경상북도,경주시,현곡면,,현곡면
apartment,b4e013603fac68339ccd5700570ec126bc6df26dc97028dbbc8da0ada1f25169,nonurban,le15,le20,myeon,146,10,34,55,34,13,15.0,강원특별자치도,평창군,대관령면,,대관령면
apartment,b4e504cb623a22c704689a72727721e5df69a5a8fc541a14ea1414851a460de4,metro,le15,le20,dong,357,21,75,139,95,27,15.0,경기도,하남시,창우동,,창우동
apartment,b4f22ff2d4c6631a84f80818b50999e7692561865b4591cf30f120b5bcee9881,nonurban,le15,le20,myeon,387,39,80,160,100,8,11.0,전남광주통합특별시,강진군,성전면,,성전면
apartment,b4f7921a2019e211a97dabe3ac339f8eb137d894e444fba4becba866b4feb5be,metro,m16_25,m21_30,dong,350,14,91,170,66,9,25.0,서울특별시,구로구,구로동,,구로동
apartment,b504219c9ab5c8b95587dca26432c2facc37b999951436c09aa7da30f86d42ca,metro_city,le15,le20,dong,223,15,53,99,50,6,15.0,대전광역시,동구,판암동,,판암동
apartment,b50792264622b5911149d6b714de27a0104e8a2b6dfbc4bb17aa71d659327f9d,nonurban,le15,le20,eup,62,7,13,25,12,5,15.0,충청남도,서산시,대산읍,,대산읍
apartment,b5127259a717a9088a7d006b1484a298037afb663dedbba44dd7802d652e2aa2,metro,m16_25,le20,dong,126,7,27,60,30,2,19.0,경기도,시흥시,대야동,,대야동
apartment,b515a69bd51448612720e0190e5b3b7aa1494c419aef902a67bf1e47668fed33,metro_city,m16_25,m21_30,dong,361,19,79,162,94,7,22.0,울산광역시,북구,중산동,,중산동
apartment,b5172182fb3114f5818ee8375f04fa8b9907b64569cf4b443344d64c1b60d102,metro,m16_25,le20,dong,50,5,15,16,12,2,18.0,경기도,시흥시,거모동,,거모동
apartment,b521fb9512afcb43d4209c843f2a0f0d3747f1dd80d962441c70e5ccbec11042,other_urban,le15,le20,dong,67,5,14,28,16,4,14.0,경상남도,진주시,판문동,,판문동
apartment,b53bfbbfd0ccc2db6bbfb9843671978c4cb3643d2d47b8c4cb10e9f413ef239f,metro,m16_25,le20,dong,63,5,19,19,17,3,17.0,서울특별시,강서구,등촌동,,등촌동
apartment,b5588bfc6e05e9c75ebe2cbef95d0610539aa0e6bea27a7d8a3ca3973c447caf,metro,le15,le20,dong,121,11,35,47,26,2,14.0,서울특별시,강동구,명일동,,명일동
apartment,b55d2c88f2be60c711d3051a8464fc052d273f691a9604d3df8c46184c15778c,other_urban,le15,le20,dong,178,22,22,86,38,10,12.0,강원특별자치도,원주시,태장동,,태장동
apartment,b55eff68d1ca78635a0bc3b4ae9f33a99f87c089b214295f6bec62e0982fd2ef,other_urban,m16_25,m21_30,dong,301,9,76,113,95,8,25.0,충청남도,천안시,서북구,두정동,두정동
apartment,b569398a3d7ace10337e601cb0a9efe9e3f864d91ae9113d89cae39fac266401,other_urban,le15,le20,dong,166,15,37,60,44,10,15.0,전북특별자치도,전주시,덕진구,송천동2가,송천동2가
apartment,b56a05d4cf740e02a7ec8d16575cf22352e02d5091c9ed0f1b61c8f1b32a5f57,metro,le15,le20,dong,367,30,63,154,93,27,15.0,서울특별시,노원구,상계동,,상계동
apartment,b57966c983668e6513381f08bf744a8f80b02fbe3b544a20691f2997e1e7b905,nonurban,le15,le20,myeon,139,11,32,66,26,4,15.0,경상북도,칠곡군,기산면,,기산면
apartment,b57aaeb19500c32c69745b0ea6c9665875ceed7fcb73e7fd526b871e5b06a841,metro,le15,le20,dong,99,5,19,39,28,8,15.0,경기도,군포시,산본동,,산본동
apartment,b5926c437910eaaebeff07744824826306332c71e157007e3d04965b2ad9dca4,metro,le15,le20,dong,112,10,36,59,6,1,15.0,경기도,성남시,분당구,야탑동,야탑동
apartment,b5b341870fc300dd0c148d61cec6eeb260837591ade0ccf88ae6fe75d8b60e41,other_urban,m16_25,m21_30,dong,332,5,106,140,76,5,21.0,전남광주통합특별시,남구,임암동,,임암동
apartment,b5da518be776867ea3048c54c579c003ac54b32f32aa4e74242b56356186cb58,metro,le15,le20,dong,153,18,49,54,24,8,15.0,서울특별시,양천구,목동,,목동
apartment,b5f3b806d1fefe569ddef58eb3d1de181653a8938ac2a62eced8f54537af128f,other_urban,le15,le20,dong,63,11,15,21,13,3,15.0,충청북도,청주시,흥덕구,복대동,복대동
apartment,b60ee3416cb5d726bf4f80a74b2c37b4a586d3c014cd5bd75e02f8e2f15e30b3,other_urban,m16_25,m21_30,dong,226,5,73,106,39,3,24.0,전북특별자치도,전주시,덕진구,송천동2가,송천동2가
apartment,b6228ed39a79001a9b0eda5fe3e695fbe75dd275ba9abe1e7fbc5641f257375c,other_urban,le15,le20,dong,110,6,28,46,26,4,15.0,충청북도,청주시,서원구,성화동,성화동
apartment,b62b1098dcc5cfbce90c2f03a28ec7e740c2ac24d999439326a0657b8d807998,metro_city,le15,le20,dong,150,9,22,66,38,15,15.0,부산광역시,사상구,모라동,,모라동
apartment,b63ad703f47fda4b8ab3f7aa479c8e1d13303764381dece1d72acf562b756ca7,metro_city,le15,le20,dong,115,6,26,42,36,5,15.0,부산광역시,사상구,덕포동,,덕포동
apartment,b63e4dc036c54c06d18d9702698eb78d78cd13529f731d975f1385799172dd8a,other_urban,le15,le20,dong,211,17,45,80,53,16,15.0,전북특별자치도,군산시,구암동,,구암동
apartment,b63fe66d3716af6c1648f6912cce3e9522ae7fd0e523b01d70b8d18c7da43914,metro,le15,le20,dong,138,12,33,63,23,7,10.0,경기도,시흥시,정왕동,,정왕동
apartment,b643e64696634d82037734adabf264e8fe9b657d1e6a27923c010a3d1713d15e,metro,m16_25,le20,dong,154,13,62,58,18,3,20.0,서울특별시,양천구,목동,,목동
apartment,b649d4790b422d884f47cdd39b40a0899d7c0df2fc3245fd879258926e419797,metro,m16_25,le20,dong,68,5,20,21,19,3,17.0,서울특별시,강서구,마곡동,,마곡동
apartment,b668073a08ef5e06cd6dacea86ae2cab9a953a0992309207b5505dd3e5a1cd69,metro,m16_25,m21_30,eup,282,16,68,118,70,10,21.0,경기도,남양주시,와부읍,,와부읍
apartment,b66a2f73360be5e67ae1911e7ccf0fa1c012c27d77a4dcaec27349e4b48cd0d7,other_urban,m16_25,m21_30,dong,115,7,38,38,30,2,21.0,전남광주통합특별시,북구,용봉동,,용봉동
apartment,b684049a2937d340014e07a6e0885bd01cee8d119cbf2d9b92cd58439b57df95,metro,m16_25,m21_30,dong,158,6,37,78,36,1,25.0,경기도,안양시,동안구,비산동,비산동
apartment,b68451fe02ff449d4b4b9bcb1996abd401bc7c8a5161739a95e8c0cfec55067e,metro,m16_25,le20,dong,192,5,44,80,51,12,20.0,인천광역시,서해구,청라동,,청라동
apartment,b68634c8d9b6b33b4e7b9c221a283f3792f582c8528eb70f8939fb9db27fc5f8,metro,m16_25,m21_30,dong,216,13,69,105,28,1,23.0,경기도,수원시,장안구,천천동,천천동
apartment,b6872cedd6074afa5b7e134c7331c3748359e55483af08faac458e24c13fc7c9,metro,le15,le20,dong,101,7,23,51,15,5,15.0,경기도,안산시,단원구,고잔동,고잔동
apartment,b69d312eeebac0bb7721c0b4efdba28f5e3e9fd1fd16209702e0cb1fa9821496,other_urban,le15,le20,dong,77,6,18,26,24,3,15.0,전북특별자치도,전주시,완산구,평화동2가,평화동2가
apartment,b69e6908d401f8b7d6af6e74a67be9a266b8bed4b172d9cf8fd56afcde225409,metro,le15,le20,dong,56,11,0,35,6,4,6.0,경기도,시흥시,대야동,,대야동
apartment,b6c145bd695f4e0197b140d1ff1629d4bc61ac9481e4d3e510e0069e3937b50d,other_urban,m16_25,le20,dong,67,5,19,30,12,1,17.0,전북특별자치도,전주시,덕진구,송천동1가,송천동1가
apartment,b6c2d9ed0ab5dc59f9eb278ca6a4a37094a8442d65a544447a0965763b7e4057,metro_city,m16_25,le20,dong,134,10,32,51,34,7,20.0,울산광역시,중구,유곡동,,유곡동
apartment,b6e7b537b517362815346cb16c998a583f91a5e921d8568d5aa31595af484d5f,other_urban,le15,le20,dong,180,20,48,67,38,7,15.0,전북특별자치도,전주시,덕진구,인후동1가,인후동1가
apartment,b6f4221dc4f739f85c3532f92a2d160fc0713210a7c1542f0506ea9b55cc6874,metro_city,le15,le20,dong,60,6,11,20,13,10,12.0,대전광역시,대덕구,목상동,,목상동
apartment,b6fee96130b097bbee5ac2936a65c9784b8d575f88112a836443afec49c3278d,metro_city,m16_25,m21_30,eup,151,6,35,73,33,4,25.0,대구광역시,달성군,다사읍,,다사읍
apartment,b70d1c45396a583a88b1188319f5ffa49e2b815422a1e6b9b04599636924be12,metro,le15,le20,dong,87,7,23,36,19,2,15.0,경기도,광주시,양벌동,,양벌동
apartment,b720ea077eb55524cd5902d2494f54236e434de663cde3d26d7cbd16aad86dd5,metro,ge26,m21_30,dong,383,22,123,127,101,10,27.0,경기도,안양시,동안구,호계동,호계동
apartment,b721d1899db27e922e4807952cd7195608773b7e1b0b8b06a5273bdcfe78ba26,other_urban,ge26,m21_30,dong,212,6,69,94,42,1,27.0,충청남도,천안시,서북구,두정동,두정동
apartment,b72270af63f104eae8728a2697a8804f22d81bd8469d6af0a1c5bf6bdfbbc191,metro_city,le15,le20,dong,202,10,31,82,50,29,12.0,울산광역시,북구,상안동,,상안동
apartment,b73410b13d57bb9f1980985b222e8c5aab5de77273ed37ad0357b6850d1dc3c0,metro,le15,le20,dong,79,8,30,29,10,2,10.0,경기도,시흥시,정왕동,,정왕동
apartment,b735e06fb41a86fd1b48ac793b1c4145f4e2c3b0817bb9dd7cdb9c2644ed707d,metro_city,ge26,m21_30,dong,188,6,43,91,47,1,29.0,대구광역시,남구,대명동,,대명동
apartment,b757ed738ef41e49583d75a2d159be8b65df3438a41958d10ef5ff5bbaf683d4,metro,m16_25,le20,dong,118,5,32,43,34,4,20.0,인천광역시,부평구,삼산동,,삼산동
apartment,b759bc535b3e2face360c03beca6fa743db38c2cb24843e4ca14edb25d111a47,other_urban,le15,le20,dong,70,6,20,31,12,1,15.0,충청북도,청주시,서원구,분평동,분평동
apartment,b75c565236570749dec9375644a2ac697fbcc20131026858f913b5e4a6173c91,nonurban,le15,le20,myeon,287,13,56,115,76,27,15.0,전남광주통합특별시,순천시,해룡면,,해룡면
apartment,b7752a3f6f5fe644acf166114ed7c514f938c89eb5171d6172f0ae7079986dc5,metro,m16_25,m21_30,dong,288,5,80,119,76,8,25.0,경기도,화성시,동탄구,영천동,영천동
apartment,b7755252a868615c4a60ca1735a779009ed0e24f9121559b2c0af73099987083,metro_city,le15,le20,dong,142,8,29,50,46,9,15.0,대전광역시,대덕구,법동,,법동
apartment,b7784fdbb64ca698c8f1798d14e652b9d56ecf43546e15a83f7432f4106b9f63,other_urban,m16_25,le20,dong,58,5,16,21,12,4,20.0,전남광주통합특별시,서구,내방동,,내방동
apartment,b77cd1ce66965da8faf9a7c0984bd272570087131632075942fd59e576fea3c8,other_urban,m16_25,le20,dong,337,14,89,140,84,10,18.0,경상북도,구미시,구평동,,구평동
apartment,b77e25bc8ccca7ec214bd3df26d7feedbcea8cf1df586f5e3106f68e4d4fdb61,other_urban,m16_25,le20,dong,57,5,11,26,14,1,20.0,강원특별자치도,원주시,원동,,원동
apartment,b78356ca6361d6b4aa77d756e59d8e2bbdff0f08a86be2d90ca346b14f49e172,metro_city,le15,le20,dong,95,6,16,46,24,3,12.0,대전광역시,서구,탄방동,,탄방동
apartment,b78523926df4df31f30dee5d9ac2428b5a36f8d400a727a2a702ecb0a037bebd,metro_city,m16_25,le20,dong,146,12,35,54,36,9,18.0,대전광역시,동구,홍도동,,홍도동
apartment,b786519b705e5b4d902f578c277ae5c5ba4c75e06ee7becc9e87307e65ee2b20,metro,le15,le20,dong,58,5,28,12,11,2,15.0,경기도,안산시,상록구,본오동,본오동
apartment,b7923f557b77edb237205a9e73a1b242f4fdd147289c79e6e99b42a96de3d5fd,metro,le15,le20,dong,77,10,14,31,16,6,15.0,인천광역시,서해구,가정동,,가정동
apartment,b7a0399096ae9fbd5c39e0e13cdebaaf26b5839b8bfcd9c6ac4e696644f62da1,other_urban,le15,le20,dong,53,7,11,22,12,1,10.0,강원특별자치도,춘천시,후평동,,후평동
apartment,b7b849699c8021dd0ff4eb801d8f50175d9149559cbe611d5909531ca2699329,metro_city,le15,le20,dong,70,6,19,23,18,4,15.0,대구광역시,북구,구암동,,구암동
apartment,b7cc3e4cbbc1a808bb27c6a5b3dd647545c068079b2194d341d9508b28b69844,metro,m16_25,m21_30,dong,60,5,16,29,8,2,23.0,서울특별시,광진구,자양동,,자양동
apartment,b7d1b7fec2630f2a4b91b756d5af55699fc337392780bdd620dcecc9956f5b9d,metro,le15,le20,dong,176,17,44,64,45,6,15.0,경기도,안성시,당왕동,,당왕동
apartment,b7d2101d3eed1523c07889fd59054cd234f13830aabd6d5bb81a380a85d11020,other_urban,m16_25,le20,dong,85,5,18,40,20,2,20.0,충청남도,아산시,모종동,,모종동
apartment,b7d7c2041b454937446eafcfe7a8f778208d480ad56b5b3b7d25ad437245ee7c,nonurban,m16_25,le20,myeon,444,17,101,194,113,19,20.0,경상남도,진주시,정촌면,,정촌면
apartment,b7d7f8144677329e65ff6c9a3e65701b59c062874c35513de8ebf290c3a518b1,metro,m16_25,le20,dong,89,6,15,33,30,5,20.0,경기도,용인시,수지구,죽전동,죽전동
apartment,b7dfb0a428dd4d0d0f5109a776907c0a63693595faf6e9027646b182202ff3ba,other_urban,le15,le20,dong,88,12,10,39,22,5,13.0,충청북도,청주시,서원구,개신동,개신동
apartment,b7f08e11e5d37cbbecc1bc522eec3bb95ff66092696542aa8eca00ba663e7133,nonurban,m16_25,le20,eup,98,6,19,44,25,4,20.0,충청남도,아산시,배방읍,,배방읍
apartment,b7fe11ed867a503ad34567baac7c70794bf1fbf6959840352e23a18cce0979bd,metro,ge26,ge31,dong,168,5,52,85,25,1,34.0,경기도,화성시,동탄구,청계동,청계동
apartment,b802f7bc25a4341883047ec530a6419a82c3eeb2a26867f2b236cee4e56daf07,other_urban,le15,le20,dong,83,6,26,31,19,1,15.0,전북특별자치도,군산시,나운동,,나운동
apartment,b80eacb55259fcc4c00baa8d2985958f76ea8e3cf13330b7702ba003bc7e9333,nonurban,m16_25,le20,eup,176,8,47,87,26,8,20.0,경상북도,경산시,진량읍,,진량읍
apartment,b80fb8c98bb1b067417aa2350caa85760562a521ded2cdc251e354a2a18e32b2,metro_city,m16_25,le20,eup,146,12,29,74,30,1,18.0,대구광역시,달성군,옥포읍,,옥포읍
apartment,b815c5519c7a87b8827a516daf62990f7ac860aec0a64ca39a76b18668950f48,other_urban,le15,le20,dong,86,19,0,31,24,12,5.0,전남광주통합특별시,광양시,광영동,,광영동
apartment,b8282c0a901d48f7691b65defd84fef45bbc8dab2252ca9faf4d3305a132d51d,other_urban,le15,le20,dong,143,16,24,55,40,8,15.0,강원특별자치도,원주시,단구동,,단구동
apartment,b83a1f644e76853e52a7ed459f462e9df5260f44e30201e251aa57251f01dd45,other_urban,m16_25,le20,dong,141,11,29,60,38,3,18.0,전남광주통합특별시,서구,풍암동,,풍암동
apartment,b840245d9ea7028f5b95d2427f7c8b4ea62dc927758e7ff1b7eba941d0d81175,other_urban,le15,le20,dong,332,73,0,130,69,60,5.0,충청북도,청주시,흥덕구,신봉동,신봉동
apartment,b84263c7b34b427d2b71949306e91fc3ada61a79b4acd3d30a3e101836293c9e,metro_city,ge26,m21_30,dong,229,6,65,100,56,2,27.0,울산광역시,남구,야음동,,야음동
apartment,b85c6433c949c93d8b33914557c2c6521444f2a687fb6ab10a1ccc7453d19324,metro,m16_25,m21_30,dong,131,6,44,49,28,4,23.0,경기도,남양주시,다산동,,다산동
apartment,b863335e9ddf544d3c1af7aa2f8ac4056d9d784d5278d270ca3b32631280f513,other_urban,m16_25,le20,dong,128,8,25,61,30,4,19.0,경상북도,영주시,가흥동,,가흥동
apartment,b86f2a1922a332c16dce5b7ce7d8ebfeaa3753a79b794045ebbb39b30f3a65ee,metro,le15,le20,dong,217,15,47,88,55,12,15.0,인천광역시,부평구,부평동,,부평동
apartment,b8791820fa474223fb1d37b86fabc8562e13424c7aeaff57af5134ee35feae05,other_urban,m16_25,le20,dong,96,8,35,35,14,4,20.0,전북특별자치도,전주시,완산구,평화동1가,평화동1가
apartment,b879a880b94963ddf701db22d733510922fa88392a787e81fda211f5944cb68c,metro_city,m16_25,m21_30,dong,122,5,21,58,35,3,24.0,부산광역시,해운대구,반송동,,반송동
apartment,b87a07356358812f880b4a7994b67e359a09c5b77d47cd6d0ccf233793b43622,metro,m16_25,m21_30,dong,178,11,56,78,31,2,24.0,인천광역시,계양구,효성동,,효성동
apartment,b881c1fdcd0b7f2565af68b5af34f2b4ffd1bb5634b03c031e9bbee044e7b377,other_urban,le15,le20,dong,60,7,0,25,11,17,5.0,강원특별자치도,원주시,우산동,,우산동
apartment,b886c6c072474f1e5ca15d1e8f2e0edc6b7deba3d6fb4fe75701c83484f3978d,other_urban,le15,le20,dong,102,12,0,43,21,26,6.0,경상남도,김해시,내동,,내동
apartment,b8a1f8c1efd083c482e670f2aadaddb7f3b3cfb5c712d2b88a4ab9eb5407c87d,other_urban,le15,le20,dong,143,11,35,51,39,7,15.0,강원특별자치도,속초시,조양동,,조양동
apartment,b8afb46eab9a86311df464c2b06256bc5e4a0f6acfcb4bc308dd0a8322c11da2,other_urban,m16_25,m21_30,dong,96,6,28,35,26,1,25.0,경상남도,창원시,마산합포구,월포동,월포동
apartment,b8c1678e6850f66aaeeb18bb74342cbcd46b312abc55480b009bb98b57368079,other_urban,le15,le20,dong,114,13,18,50,23,10,12.0,전북특별자치도,익산시,팔봉동,,팔봉동
apartment,b8c89f819b863e5a3478e8c8aecd0966fb02ab419cc7c4fa180c2f799708a418,metro,le15,le20,myeon,88,5,19,35,26,3,15.0,경기도,화성시,만세구,장안면,장안면
apartment,b8ca4b1fc27c05d747b9e119edba1d41ecedb6bf6846ab93bf44c98c956f6d75,metro,le15,le20,dong,90,6,16,35,27,6,14.0,서울특별시,종로구,사직동,,사직동
apartment,b8ce6a80681af43c35d3db0f7817c3bd9ff439275d76c71742d9f5801f56b0bc,other_urban,le15,le20,dong,169,14,35,60,50,10,15.0,전남광주통합특별시,목포시,상동,,상동
apartment,b8d0cc900ef9af618702087fefd01b378473eb1c783866baf99643cc6ff321af,nonurban,le15,le20,myeon,183,13,37,61,51,21,14.0,경상북도,포항시,남구,동해면,동해면
apartment,b8d26d930a3220b774eef6f878624671887f280adbe25024e289aa538462ba94,other_urban,le15,le20,dong,83,5,11,39,23,5,15.0,경상북도,경산시,사동,,사동
apartment,b8d77332a3eabeaf04625a67c90023b95107922f91ba8f530e4a55e0f6b05b19,nonurban,le15,le20,eup,105,12,11,40,30,12,12.0,전남광주통합특별시,영암군,삼호읍,,삼호읍
apartment,b8db2fee32d0a302bcf68000afa5e83f4958dc4356b1f21c5a8726f241c8b8a2,metro,m16_25,m21_30,dong,188,9,59,85,31,4,22.0,서울특별시,서대문구,남가좌동,,남가좌동
apartment,b8de5a4c91a5df199d172885891dc11ba9b3c85fda02dd42e43e2021ce9a503a,metro_city,ge26,ge31,dong,258,9,75,116,54,4,35.0,부산광역시,부산진구,전포동,,전포동
apartment,b8e697425c71d4d8b551b9aafff9b1cb78b4ba5ff1a9aef3ccbc2633a9751361,nonurban,m16_25,le20,myeon,128,6,34,56,29,3,20.0,경상남도,창원시,의창구,북면,북면
apartment,b8ea8355f569e609fdbc3eb68d72abc005fa70dfac323f8c219b81d6eb9aa2ba,other_urban,m16_25,m21_30,dong,169,8,52,67,39,3,24.0,충청남도,천안시,동남구,신방동,신방동
apartment,b8f4594d24daa95c0b83551a4aee4c1caab4106e9ca496c4f9823fa815139aa1,metro,m16_25,le20,eup,56,7,11,27,10,1,18.0,경기도,남양주시,오남읍,,오남읍
apartment,b902a760c4d7db4ba3ff501dfe5c9346793bfdd43a5f2043f4f23301e6a41739,metro,le15,le20,dong,76,6,25,32,12,1,15.0,서울특별시,양천구,신정동,,신정동
apartment,b907c73b7f071a7308b3a04fb426345f5718716037ad83a0758e157cccc0a4c0,nonurban,le15,le20,eup,104,26,0,36,18,24,5.0,충청남도,아산시,배방읍,,배방읍
apartment,b91b43426d739c1a976f7937b81800707bb8cb6c82b4e33eb9422dbfed8af3bc,metro,le15,le20,myeon,96,11,17,43,21,4,15.0,경기도,가평군,청평면,,청평면
apartment,b9270a4935873171e4f718205575a228ed3e317587feb1c33cf7c9dd7a429f59,metro_city,m16_25,m21_30,dong,376,12,109,161,92,2,25.0,대전광역시,서구,관저동,,관저동
apartment,b92cbcbbef358ced7ba2d26e9377b53aa871cb4532ae8aece628cc57ad38b169,other_urban,m16_25,le20,dong,142,14,31,44,41,12,17.0,경상북도,경산시,옥산동,,옥산동
apartment,b9302d9c5ff139b779253ff2863d41e86ef08e5e4968a3f0c88dfd4233e91b18,nonurban,le15,le20,eup,178,14,38,77,40,9,15.0,충청북도,제천시,봉양읍,,봉양읍
apartment,b9364cac02a357b23ab3aa1a048da362e30860683a79e6176e63aa3135353510,metro,m16_25,le20,eup,80,7,25,29,18,1,20.0,경기도,파주시,문산읍,,문산읍
apartment,b94d5ef6fe07e498c461008b4d5eec669fdd71e17d0f4dacaac7c02a5aa74c7b,metro_city,m16_25,m21_30,eup,93,5,28,36,23,1,21.0,대구광역시,달성군,다사읍,,다사읍
apartment,b94efead4efd675d41c855da7fd9304e2ee57222b6a7caee51de56fccbb5cdab,metro,le15,le20,dong,73,10,25,27,6,5,10.0,경기도,시흥시,정왕동,,정왕동
apartment,b950a91a16c4551f6018f876c34d859e21eec9d362a96d5bc1bcfdb986687f74,other_urban,le15,le20,dong,101,5,22,36,29,9,15.0,전북특별자치도,전주시,덕진구,우아동3가,우아동3가
apartment,b956f144a37af44033e7f0a9d1f241f95a457a7a451f3444a3a402fb926ad0f4,metro_city,m16_25,m21_30,dong,281,20,79,147,33,2,25.0,대전광역시,서구,도안동,,도안동
apartment,b957c5fb39cd465ea8dd869d1ad578841465e84cf463b428ae9b55bf3bf46673,metro_city,m16_25,m21_30,dong,96,8,23,30,29,6,24.0,부산광역시,부산진구,당감동,,당감동
apartment,b95ddfc31f637d647c0ad351d2f7a544798b55e2e5b0ad1c41d51e8cc1749e01,sejong,ge26,m21_30,dong,132,6,73,43,8,2,26.0,세종특별자치시,,한솔동,,한솔동
apartment,b95e2613f45579681cbccc16f0b774e2a2968913ca8c23093f951454d423fed1,metro_city,m16_25,m21_30,dong,244,10,60,103,64,7,25.0,부산광역시,사하구,다대동,,다대동
apartment,b965248dbebe02dc5280a39b101793bab14cf73729c5ef29b2b51af754b9b76c,other_urban,le15,le20,dong,132,12,24,57,32,7,15.0,전남광주통합특별시,목포시,산정동,,산정동
apartment,b969ec9ea6bd32417a7adc258eac475d22b05e5614dfd61df52bee720844eef2,nonurban,m16_25,le20,eup,137,8,29,55,41,4,20.0,경상남도,창녕군,창녕읍,,창녕읍
apartment,b96dec6c539c188391b756f7ad888715cc7c91cb21d291d37c06954213a30f4e,metro_city,m16_25,le20,dong,232,5,67,101,50,9,20.0,대구광역시,달서구,본리동,,본리동
apartment,b96e9a3164ce9652b452d09661246e58ba8cbefc98198f93eeb346b73a679db9,metro,ge26,m21_30,dong,293,7,78,126,73,9,30.0,경기도,고양시,일산동구,식사동,식사동
apartment,b97994bb3ff3ee7cc93388688e5c4210216a8116e481ad35688588cfb7160280,other_urban,le15,le20,dong,128,29,0,54,25,20,5.0,충청북도,충주시,용산동,,용산동
apartment,b97e2716ede4b611e2fd90af9712e83e564f4eeb959ec03eb99266a694c692db,other_urban,m16_25,le20,dong,70,6,14,34,13,3,19.0,전남광주통합특별시,남구,행암동,,행암동
apartment,b98a3f8c5b1a65b4c48fe36164bc7d57e1786e9f0db36188157036c554b070cb,metro,m16_25,le20,dong,165,5,45,64,47,4,20.0,인천광역시,검단구,원당동,,원당동
apartment,b98ba8d05063fb3a4dca027e3fde90174e6a8906536b740760b68f5fb92961da,other_urban,ge26,ge31,dong,635,15,172,326,116,6,33.0,경상남도,창원시,마산회원구,석전동,석전동
apartment,b9a9009291e2c83223a813f6f20d65b7e9406f6e6c61ec351e21b2baa667a776,metro_city,m16_25,le20,eup,116,6,38,35,35,2,20.0,울산광역시,울주군,범서읍,,범서읍
apartment,b9b69c0768ff1becfd4cda2ea5ab9d460fb3d6fd546709c17ed1beed25e6f968,metro,le15,le20,dong,176,12,34,66,52,12,15.0,서울특별시,서초구,서초동,,서초동
apartment,b9c082e48b034494978b66d5d0d385962cf453d04c0254309c8bec6b26134f74,nonurban,le15,le20,eup,111,13,15,59,14,10,15.0,충청북도,증평군,증평읍,,증평읍
apartment,b9d06ab4af7a83187153de9cfde7a37b09e7ba4eb5d45067c1d42b3072159cba,metro,le15,le20,dong,276,11,53,124,78,10,15.0,인천광역시,부평구,산곡동,,산곡동
apartment,b9f1d3f79198c88bcb5823250cd0517946fa4236ec9d259a9b7f3e16ca90f5f4,metro_city,m16_25,m21_30,dong,296,20,86,150,34,6,24.0,부산광역시,사하구,하단동,,하단동
apartment,b9fd96c3156ebbfecb4127f5be9a795c0ecd97427c5ec32af07548177598fd6d,nonurban,le15,le20,myeon,78,21,0,27,10,20,5.0,충청남도,천안시,서북구,입장면,입장면
apartment,ba0743c0cd1582aacfb1ba41ab3b0d663758b03d2642f7322ee6632ccd5909ef,metro,m16_25,le20,dong,174,10,42,89,29,4,19.0,경기도,수원시,권선구,호매실동,호매실동
apartment,ba11ecff5e6ead38fba3f644eaf8c260e4313695a253aa49e15c3ea654d351d6,metro_city,m16_25,m21_30,dong,316,8,75,162,66,5,25.0,울산광역시,남구,야음동,,야음동
apartment,ba15b473896ab6098327c38c90761138b6e4a0627b328d89a7ee2ba5c517955f,nonurban,m16_25,le20,eup,113,6,27,40,34,6,18.0,경상북도,칠곡군,석적읍,,석적읍
apartment,ba21d16c5ce01490bbc0b8297d210f7c4d60d76760b0c3d7bc36828f62ed75d3,metro,m16_25,le20,dong,84,8,20,39,16,1,20.0,서울특별시,성북구,돈암동,,돈암동
apartment,ba2ff1c14037a7b45ed3f54a3e80a55701ada38dae10dd27adf72baa891cbbd8,metro,m16_25,m21_30,dong,155,7,42,66,39,1,22.0,경기도,용인시,수지구,죽전동,죽전동
apartment,ba3cf72fe7247296b5349ff067a75fce953312796f105a739a0cae96a9c494d3,metro_city,m16_25,m21_30,dong,168,8,45,77,36,2,25.0,부산광역시,연제구,거제동,,거제동
apartment,ba3f7cc8b2c22b5350d10db40dba82e45fbe361d274e7de9fbde756ff4ee6568,other_urban,m16_25,m21_30,dong,162,8,51,56,44,3,21.0,전남광주통합특별시,순천시,가곡동,,가곡동
apartment,ba3fc10ef4773b1f4511385a3f8afc132945144d3d486e40bcb7d5733c465e6c,metro,m16_25,le20,dong,369,23,100,144,84,18,20.0,경기도,수원시,영통구,영통동,영통동
apartment,ba46ad2962132e50702b3a9b9a063ae49ea964714ffb0acd5f6dcb0453c7c402,other_urban,ge26,m21_30,dong,194,9,55,75,51,4,29.0,전북특별자치도,전주시,덕진구,송천동2가,송천동2가
apartment,ba4a367e23d5e35c381c58b08a2c9aef4de0f41559d12c89f6822f542b20bff6,metro,le15,le20,dong,62,5,12,24,20,1,14.0,경기도,수원시,권선구,권선동,권선동
apartment,ba58813484b6386cf4f310622b6855cfaad21c004b342b61fe060e75b971c33b,other_urban,le15,le20,dong,111,17,0,49,22,23,5.0,충청북도,청주시,흥덕구,봉명동,봉명동
apartment,ba652dbae9b922f11d68765e3c07cd20756c8afbd9fb22096fadf8ca96c29794,metro,m16_25,le20,eup,337,22,82,140,88,5,20.0,경기도,광주시,곤지암읍,,곤지암읍
apartment,ba74f2877ed07207172eb35bd83426bccf156f0ccee893831bf920c433749de9,other_urban,le15,le20,dong,104,10,19,34,30,11,15.0,전남광주통합특별시,서구,금호동,,금호동
apartment,ba785cd475ed4846b94a14ed6e2e9fc4f27f62e50cbe454c56f0f9098e6eb502,metro,m16_25,le20,dong,85,7,22,38,17,1,20.0,인천광역시,남동구,서창동,,서창동
apartment,ba79063dc5a9d8679a0e7fdb0358ae96bd2f8aa3365e861013ffc2fb70e90190,metro_city,le15,le20,dong,111,7,22,56,23,3,15.0,대구광역시,수성구,파동,,파동
apartment,ba7a100f043e7b9d2d7ef889fc21291f8555f352dddc325f68e08ad50dec3f07,nonurban,le15,le20,myeon,52,6,0,27,9,10,6.0,경상북도,포항시,남구,동해면,동해면
apartment,ba8786c695dea67fb153fefdabea5d45c92a85f11345e92a75794d533b42936e,metro,m16_25,le20,dong,103,10,30,42,18,3,20.0,경기도,의정부시,신곡동,,신곡동
apartment,ba8ef39d3a1da95e56439cf9ca1bfaf5750d85ece59232304eb38cdc71bfa95b,nonurban,m16_25,m21_30,myeon,168,10,49,83,24,2,24.0,경상남도,양산시,동면,,동면
apartment,ba91102d252942ce7d2178a6ca7745e284fc1f9a3237fa5225e7fc7af6270b0a,nonurban,m16_25,le20,eup,116,6,32,51,26,1,18.0,충청북도,단양군,단양읍,,단양읍
apartment,ba9119b19248c7616cb23f363bded1ca0b604ab58bc4cae591f3ea390f906a08,other_urban,ge26,m21_30,dong,163,5,31,81,43,3,26.0,충청남도,천안시,서북구,백석동,백석동
apartment,ba9dfb8cf24bef7663efdcd17d69adf3ec600d61c2cc942a0886f68bd5e1d0b0,metro,le15,le20,eup,100,6,23,42,23,6,15.0,경기도,김포시,고촌읍,,고촌읍
apartment,baa5f980a89e49137babc907a7ec5883da6c636ee8fa2bce220e00b098b051d5,metro_city,m16_25,m21_30,dong,107,12,16,35,43,1,21.0,부산광역시,북구,만덕동,,만덕동
apartment,baa89ec9dd639fa7e0fd7478f3c07ec5911c943c7d8a4fd895de0712af62c3ab,metro,m16_25,le20,dong,130,12,37,46,29,6,18.0,경기도,화성시,병점구,병점동,병점동
apartment,baaa0226f7b8252bf9d3cc498e7599e5f62838e0195159147a823936813fdee7,other_urban,le15,le20,dong,123,28,0,37,20,38,5.0,경상북도,포항시,남구,지곡동,지곡동
apartment,bab8b5cbc61d067950816118ef870716185bce1194ef4fb29092a3eef0fe58ee,other_urban,le15,le20,dong,133,13,31,52,33,4,15.0,충청남도,천안시,서북구,백석동,백석동
apartment,babae72c067768be2be38effe1f1335daec527a32bbc3c8542c64cce80e2ae51,nonurban,m16_25,le20,eup,81,6,22,30,22,1,17.0,전남광주통합특별시,장흥군,장흥읍,,장흥읍
apartment,babe0c9df4de54941728c65c15009127858975c74a118904933eccabef5632cf,metro,le15,le20,dong,368,26,80,144,101,17,15.0,서울특별시,성동구,행당동,,행당동
apartment,bad6bcfd6ac4330ac889871986285d4e04d9d6483babb1d96470d95f188af0d7,metro,m16_25,m21_30,dong,524,24,148,224,119,9,25.0,경기도,파주시,아동동,,아동동
apartment,bad9fb9d42daa698e858f6997acc33f829b5031ed241a8e9e5eaf5da01cc03db,metro_city,ge26,m21_30,dong,166,5,31,79,44,7,29.0,부산광역시,강서구,명지동,,명지동
apartment,badc5102c8e8b9d815663cdc1a6b47d784bd762e0cd92d4ce9e6b0c23d87ed74,metro,m16_25,m21_30,dong,364,19,105,159,73,8,25.0,인천광역시,제물포구,송현동,,송현동
apartment,bae114965dc74d3da5c7f330da491733d9398a8138d3601c421ec3470c35c301,metro_city,m16_25,m21_30,dong,89,11,35,31,11,1,24.0,대구광역시,동구,각산동,,각산동
apartment,bae16bc33485e9413789fd97d0258b769ed409b20bed8abd4e048b79e80e76b6,other_urban,le15,le20,dong,205,14,36,86,59,10,15.0,전북특별자치도,군산시,나운동,,나운동
apartment,bae48dc8d3b551a8ba52ed86c51147ff1f51b8a245c96b46021233de923483aa,sejong,ge26,m21_30,dong,274,7,155,88,23,1,28.0,세종특별자치시,,반곡동,,반곡동
apartment,baef35003939ad452b8e7b5f7a94af76fde5ac36a379983c20f34970fc6ffad3,metro,m16_25,m21_30,dong,60,6,21,25,7,1,23.0,경기도,부천시,원미구,중동,중동
apartment,baf083b7bd1532d787d8156f4fda2951619bb54b66ba3441e62286d401ffb463,nonurban,le15,le20,myeon,233,19,45,91,67,11,14.0,경상남도,사천시,사남면,,사남면
apartment,bafbd1370f7c1e3ae33f9a57ea1b70b8aed74f1fddc61b69aa48fc240fbb42ae,metro,le15,le20,myeon,97,5,14,42,33,3,15.0,경기도,안성시,미양면,,미양면
apartment,bafe73e74aa96f75df9c64587a3555268d164ff34651d714e55f9ba9693ab9d2,other_urban,le15,le20,dong,113,10,21,35,37,10,14.0,충청남도,천안시,서북구,두정동,두정동
apartment,bb08e91e5d0a9f98df0c54c99337c067bb1c30db00bd6b91ab9ed5f0b473adbd,other_urban,le15,le20,dong,126,8,26,47,38,7,15.0,충청북도,청주시,상당구,영운동,영운동
apartment,bb0e6bf83216bfc66842e51f2c2953198f37126fbae75412fb3f0bccd02c1203,metro,le15,le20,dong,165,16,38,71,28,12,15.0,경기도,수원시,장안구,파장동,파장동
apartment,bb1553a74a1488a2786f1c5be988362d809da5f23ccc52d97903e20229376f3e,other_urban,le15,le20,dong,153,7,26,64,47,9,15.0,충청남도,아산시,배미동,,배미동
apartment,bb31eff6c0410e3276a1502b4b2e2075c3d4185497160d2f3942c503fca12f7b,other_urban,le15,le20,dong,102,7,28,40,23,4,15.0,전북특별자치도,익산시,동산동,,동산동
apartment,bb33907404273fa1f4e7826fced68a214fd5b669cceb9447c96164872b4cec95,nonurban,le15,le20,myeon,100,17,0,48,22,13,6.0,충청남도,천안시,서북구,입장면,입장면
apartment,bb44ac3ed3ffb20f92f54d7e3701afab26abc9bfb1ca3826d3c1c3c0d1d67b26,other_urban,le15,le20,dong,57,12,0,29,12,4,5.0,전남광주통합특별시,광산구,월계동,,월계동
apartment,bb4ca7dbbdc58a20a2d231e3641d92c97675bd9bf6e5e0a37425dd75e6b4e611,metro,le15,le20,dong,68,5,19,24,15,5,15.0,인천광역시,서해구,가좌동,,가좌동
apartment,bb4cc9195dce94429c375e34227ab49673cbf04fb13f179b9c8aaf8b69f7a688,other_urban,le15,le20,dong,51,7,10,24,9,1,14.0,충청북도,제천시,신백동,,신백동
apartment,bb5823f9189607b067790786d57b5314026db6debf13a8de75524e0ff1c9d73e,metro,ge26,m21_30,dong,122,7,35,52,26,2,28.0,경기도,용인시,처인구,고림동,고림동
apartment,bb59747f2915697cd57907bff9a2d968597df08be2313f16392ff53877d57bbe,metro,le15,le20,eup,223,13,32,105,49,24,15.0,경기도,이천시,부발읍,,부발읍
apartment,bb65895ad5febbb285ad3168875b53f406e50a95e13f9459b457f3b25ce45ced,nonurban,m16_25,le20,myeon,102,9,13,51,26,3,16.0,전남광주통합특별시,순천시,서면,,서면
apartment,bb7d87d15d8e6f7a2a6db8e379bdaba255f1e9467ca29d365c480caf00e93e2e,metro,m16_25,le20,eup,91,7,25,44,13,2,19.0,경기도,화성시,만세구,향남읍,향남읍
apartment,bb85eef64b7fe8d225191e77844b7168533f063cb9343f1fb9d2bbe57313c669,metro,m16_25,le20,dong,180,7,50,76,43,4,20.0,서울특별시,성동구,금호동2가,,금호동2가
apartment,bb8afb8f8f1f6e6d69ff7cab43cffcbb35d4da3f551b2763a70cc3b18d2ddd32,metro,le15,le20,dong,153,7,36,66,43,1,15.0,인천광역시,서해구,경서동,,경서동
apartment,bb94b5fa8d5d64c826a3bd264406d1dbe697ec5d4b9521f227e01927a6ab2263,nonurban,le15,le20,eup,125,28,0,54,20,23,5.0,전남광주통합특별시,광양시,광양읍,,광양읍
apartment,bb95160e998f77d5f67f173cc6e336465026c7073e80f91804d3c8a6e502f882,metro,ge26,m21_30,dong,152,9,34,72,34,3,29.0,경기도,성남시,수정구,신흥동,신흥동
apartment,bb9ce60b6dbc7ec81b298b890258c4f8a2c9e620270c032580d30ef8616acdfa,other_urban,le15,le20,dong,182,15,32,69,56,10,15.0,강원특별자치도,동해시,이도동,,이도동
apartment,bb9e0d255186ead96f9d241684764b7f4c228d5dc79d0b66148d3f3949ffb678,metro,m16_25,le20,dong,145,7,38,70,27,3,20.0,경기도,용인시,수지구,성복동,성복동
apartment,bba30a9911b3213adaa0fda20328aa15fa2f2ee23426f1dca2c583096e41618e,other_urban,m16_25,m21_30,dong,62,5,19,27,10,1,22.0,경상남도,김해시,관동동,,관동동
apartment,bba6f1b99a5f92de1e52eacfb088c77a372496e0c393ba75fa81e28088e6b8c3,metro,ge26,m21_30,dong,195,7,86,85,15,2,29.0,경기도,구리시,갈매동,,갈매동
apartment,bbadd7aa7071f26a476c3b5884c86a6b6c6080602f2f3cc5b13ebc6dd247b84c,metro,le15,le20,dong,112,8,19,46,30,9,15.0,인천광역시,부평구,부개동,,부개동
apartment,bbba7b1abeae726a43901f41d6184c154ec78373ec8609d094406da984df1933,other_urban,le15,le20,dong,75,6,24,30,13,2,15.0,충청북도,충주시,칠금동,,칠금동
apartment,bbbe392ddcab4b3de5ffb880a99c02b9396d219618a6d1fb60d7009aa33bb20e,other_urban,le15,le20,dong,52,11,0,26,7,8,5.0,전북특별자치도,전주시,덕진구,진북동,진북동
apartment,bbc458e7e7b0ced03694196c377dd8790ee3ab9897501cff83fb671637dc3e4b,metro,ge26,m21_30,dong,246,7,74,118,45,2,29.0,경기도,고양시,일산서구,덕이동,덕이동
apartment,bbc7caeff0a215b39622c07214d4a5f6335b28c07984076b4a0f12235ae94b34,metro_city,le15,le20,dong,118,11,34,40,30,3,15.0,대전광역시,서구,둔산동,,둔산동
apartment,bbcd6fdfba4fdf0f21f1787fe0c701972f0dda466569dd12610dfdf0f09d00ee,other_urban,le15,le20,dong,136,30,0,52,27,27,5.0,경상남도,창원시,성산구,신월동,신월동
apartment,bbdea1d3f39cc7f5d9b7f29af6102110b779102b3f3ddc705d41123ad20fe428,other_urban,le15,le20,dong,81,6,9,30,31,5,15.0,경상남도,창원시,진해구,남양동,남양동
apartment,bbe1621bcba1f63843da00bb54d296c225b0405a639c6192a3c2b85d97d68b80,other_urban,le15,le20,dong,552,38,96,236,139,43,15.0,경상남도,김해시,외동,,외동
apartment,bbe75ab7555c0f01355a605f9903cae95443469d5c62ce1989e3d0a1f34e2e31,metro,m16_25,le20,dong,264,20,79,118,43,4,20.0,경기도,용인시,수지구,신봉동,신봉동
apartment,bbe91b52153b53810af9fb2fe5e99f972e2fe052a383acfbcd96e63a0e0ca5dd,metro_city,le15,le20,dong,158,15,34,53,45,11,15.0,대구광역시,북구,구암동,,구암동
apartment,bbf0cce422e15500496dd9d67bfd8a6d235e9d312d28e2fe05118dcbc5a5abdd,metro,le15,le20,dong,193,8,36,73,53,23,15.0,서울특별시,노원구,상계동,,상계동
apartment,bc09e8b9d69476c3e51eee1d8244262e62272ad2063081eafc56b8541f5173e8,metro,le15,le20,dong,382,24,78,178,87,15,15.0,서울특별시,노원구,상계동,,상계동
apartment,bc0ab972e974726138ce20597cf842eb5e129ca9186aa5f01d7bd8dd704e27e0,metro,m16_25,m21_30,dong,103,10,23,36,31,3,21.0,경기도,구리시,토평동,,토평동
apartment,bc124fbb14771fd5497d7e8c4983ccf7e2ce455f143c27c3f094cb20c4008edd,other_urban,m16_25,le20,dong,176,7,49,86,32,2,20.0,강원특별자치도,원주시,무실동,,무실동
apartment,bc1be6fc11cc7ad8b38a2959d068894388b529a0cd94afb9cd73639bcaff668e,metro,m16_25,le20,dong,221,10,40,110,54,7,20.0,서울특별시,강서구,등촌동,,등촌동
apartment,bc1e8c5b477c80200c39fe2de0b084a888cf1424431d4b1df1f63fe7e5acc578,metro,m16_25,m21_30,dong,234,7,55,98,70,4,24.0,인천광역시,서해구,심곡동,,심곡동
apartment,bc22b270f60590e94517fcb32ce0075e54287d52a3b1d2305fba7d7edc0c05ea,metro_city,ge26,m21_30,dong,101,6,29,45,20,1,27.0,부산광역시,남구,용호동,,용호동
apartment,bc281f26e184b07c09f522fd8f44e0cbdf916ee1092d20d5b8f81ae8560c8a12,metro,m16_25,le20,eup,268,15,100,124,26,3,20.0,경기도,남양주시,진접읍,,진접읍
apartment,bc2e73d4c738a01f9099b2596138b432e168dbd0b05fe6b9002ca078606cae72,metro_city,m16_25,m21_30,dong,193,12,53,78,46,4,24.0,부산광역시,부산진구,당감동,,당감동
apartment,bc3080566bb0caffa4af9b0c40a3d2a2f233d9aff9d2faded0ac7d0953c16a3a,metro,ge26,ge31,dong,576,21,215,301,35,4,37.0,인천광역시,남동구,구월동,,구월동
apartment,bc32da2cf1404136a929cad9914817a97dfd150aad8e9582c960904b94e96bfa,other_urban,le15,le20,dong,74,18,0,27,17,12,5.0,경상남도,김해시,삼방동,,삼방동
apartment,bc35bdd7c61160c4decc735525b43a1ed6aacea598270c9887ff278a4c3872b7,metro,m16_25,m21_30,dong,159,12,41,82,22,2,21.0,인천광역시,계양구,작전동,,작전동
apartment,bc452209b56c44ace98e27207f97b1a983a55d8774e6dbf82d5baa9b854351c6,other_urban,le15,le20,dong,139,11,28,70,21,9,15.0,전남광주통합특별시,순천시,용당동,,용당동
apartment,bc579a3659dbac2a527e0eb9f8b2934753261a7107f812f787752c33e6a00480,metro,le15,le20,dong,99,7,29,31,26,6,14.0,서울특별시,양천구,목동,,목동
apartment,bc6519691b1bd5e3dcc47139e267368f22d4528949d8a9c73c9bcc024e826f81,metro_city,m16_25,m21_30,eup,158,9,46,68,33,2,23.0,울산광역시,울주군,삼남읍,,삼남읍
apartment,bc6c91fba19f29c0ea29c3368405a6f6f6cc9e7f9036bd77722fdce9369bced9,other_urban,m16_25,le20,dong,152,5,38,65,38,6,20.0,경상남도,양산시,신기동,,신기동
apartment,bc709745df50d960d743bd94a7976f015ef1bbbd3e59e270c1affda242d94f54,metro,m16_25,le20,dong,81,5,24,30,21,1,20.0,경기도,수원시,영통구,영통동,영통동
apartment,bc7f3fe085e6666012148f86207b158f8a1e88f162feb1e5d830fb2b4946fea4,other_urban,le15,le20,dong,166,9,37,72,41,7,15.0,강원특별자치도,강릉시,교동,,교동
apartment,bc83fb23e72500f7531d104779b10b5b3933e893b85ae7d7c6c415b75a96c3a0,other_urban,le15,le20,dong,116,7,24,53,30,2,15.0,전남광주통합특별시,목포시,석현동,,석현동
apartment,bc8c5723a195328fbdc336247bf6a2710cbc6e80f7b5a02232e4315f49062569,metro_city,le15,le20,dong,111,6,31,50,20,4,15.0,울산광역시,남구,야음동,,야음동
apartment,bc90e2f7da5a7b42dfe3076d36a80e44a86c4357e931ee77c0cef185bf568a13,other_urban,le15,le20,dong,141,10,47,50,27,7,14.0,충청북도,청주시,서원구,개신동,개신동
apartment,bc9a113169ca69ac59e154048db01a2e8c3c3078dd5c1d55e1a272bc577bd19e,nonurban,le15,le20,eup,167,11,38,57,42,19,15.0,강원특별자치도,고성군,간성읍,,간성읍
apartment,bca71a7d82b6886da14aad98823cb4b3102136be32041e4d6c389ba86469aea3,metro,le15,le20,dong,77,5,4,41,22,5,15.0,서울특별시,송파구,가락동,,가락동
apartment,bcb4a0cae535915a30f61744e76873abfcc2acce61edeb90583241b9e9d05ecf,metro,m16_25,le20,dong,182,6,56,93,24,3,20.0,서울특별시,서대문구,북아현동,,북아현동
apartment,bcb4b5f5465b3525440a52de6c290439f928d0c915b255d6eca0f390ebe9322b,metro,le15,le20,dong,127,8,28,41,39,11,15.0,경기도,화성시,동탄구,여울동,여울동
apartment,bcb81a3462cd78bda8701a9ee429789815a11c612c6bae8bba8dd53a974b23db,metro,le15,le20,dong,217,16,59,84,47,11,15.0,서울특별시,도봉구,창동,,창동
apartment,bccb5e69bc2c1af18d476b4b5cb7681c2dcf16a4ced8d5f859e36d97671b182d,metro,m16_25,le20,myeon,145,11,36,72,24,2,20.0,경기도,남양주시,별내면,,별내면
apartment,bcf3e4131064aa5011c88703f4c960d83cd8192d56e36ac1fbb6d53d27cef5ea,metro,le15,le20,dong,88,7,18,29,27,7,15.0,경기도,동두천시,생연동,,생연동
apartment,bcfb5b995facab2dc4d26b4a6d61c6ad198cf43e49dde3064c626f7d3b81e7e4,metro,m16_25,le20,dong,161,6,50,66,33,6,20.0,경기도,수원시,영통구,영통동,영통동
apartment,bd18d06bd814205540f33c1841f7cc9eb237a224fe68acfa0898ebb713d8b22d,nonurban,le15,le20,myeon,226,13,48,87,68,10,15.0,경상남도,함안군,칠서면,,칠서면
apartment,bd1e0d3b6291c68e565695c4538e054a8c93e61af3a126832b73f48658a81a45,metro_city,m16_25,m21_30,dong,397,9,110,158,112,8,25.0,부산광역시,강서구,지사동,,지사동
apartment,bd2a5a7c4bb3bcc0934d684edfc14fd5d17d88fff001f066c4cfc526de1b4d12,metro_city,le15,le20,dong,126,12,35,72,6,1,15.0,울산광역시,북구,매곡동,,매곡동
apartment,bd2c3e49e45ee827f95f5438f2c2382614959726f898a7a383332f02c0e1d104,nonurban,le15,le20,eup,152,10,40,71,27,4,15.0,전북특별자치도,완주군,봉동읍,,봉동읍
apartment,bd2e4506e29f3c114206ae34d57f0eea04a00869b4460f12c4dd26af4eeb55b0,metro,m16_25,m21_30,dong,102,5,30,34,31,2,25.0,경기도,의왕시,포일동,,포일동
apartment,bd3349685f379de8b6359dd72c102f4b65cd22194ce7d7da3bba0412cdcfb77d,other_urban,le15,le20,dong,123,14,19,43,31,16,15.0,강원특별자치도,동해시,천곡동,,천곡동
apartment,bd4aff916c80fa817819386c60b1d3164720152787b3bbabc73c277d23de833a,metro,m16_25,le20,eup,188,12,56,80,34,6,20.0,경기도,화성시,만세구,우정읍,우정읍
apartment,bd4e01acafbe2157234906b6968ff131e80a220e2179fbd2757081f2404f083f,other_urban,le15,le20,dong,79,17,0,32,10,20,5.0,강원특별자치도,원주시,원동,,원동
apartment,bd55d4d07b24b1104c6b0a3919b1dff3c111e2c53ff635f6acb35a22d6cec426,nonurban,le15,le20,myeon,53,10,10,17,13,3,15.0,경상남도,양산시,상북면,,상북면
apartment,bd5f1fe1b02317d397dd8f1b6f52bc176baa1fa4472fd1f7c2175b4049787c00,metro,m16_25,m21_30,dong,119,11,30,56,18,4,22.0,경기도,안양시,동안구,비산동,비산동
apartment,bd62053199a873b7994c1193e340f7179769bdabd4d81834409ade6d4b96b6b9,other_urban,m16_25,le20,dong,163,10,42,69,36,6,20.0,전북특별자치도,전주시,덕진구,장동,장동
apartment,bd75fcce8bd689062d38efd7f936b11a802a6e1d8ff250d443574e3b6c241e29,metro_city,ge26,m21_30,dong,123,5,40,54,23,1,27.0,대전광역시,동구,대동,,대동
apartment,bd768fabd4c31751da2d9651aac6ece06da21fed25c7b2556c1eef00d6b6e20d,other_urban,le15,le20,dong,135,28,0,54,22,31,5.0,경상남도,창원시,성산구,용호동,용호동
apartment,bd867e250ddbd4e4b09e11fa23992583ef55dd63a2ee2c3d5d036e1685689dd0,nonurban,le15,le20,eup,81,7,18,40,14,2,15.0,전북특별자치도,임실군,임실읍,,임실읍
apartment,bd8b68f63a1b2ebc742acfc5c42183ccc5f6b840d9fa5ddb7090734cfe779419,other_urban,m16_25,le20,dong,396,20,114,186,68,8,20.0,전북특별자치도,전주시,덕진구,만성동,만성동
apartment,bd99a7767ba7ea773df4a9ee3bd1a424755a01d955ffa698b5791914bf3e990b,metro_city,m16_25,m21_30,dong,133,8,28,66,28,3,23.0,부산광역시,해운대구,좌동,,좌동
apartment,bd9d713a918c113235adf4ee8432bff8e9c73b3602e0a442b76db6896dba104c,metro,m16_25,le20,dong,220,14,61,109,34,2,20.0,서울특별시,성동구,금호동2가,,금호동2가
apartment,bda852a7db64febbcf8c7e84f85c5664e813a08fcea06dc1024c1e4f1c6e5f53,metro_city,m16_25,m21_30,dong,144,7,43,68,25,1,25.0,부산광역시,해운대구,좌동,,좌동
apartment,bdac0c1b39015c39aa3946b678a61510e902ebb75faad0e4cd7091ba0c435943,sejong,le15,le20,myeon,86,5,18,44,17,2,10.0,세종특별자치시,,연동면,,연동면
apartment,bdba18d90c2d99d3c1559a9c9f383decd97fb3b64e5cc24873f217dde9a04e7a,metro,m16_25,m21_30,dong,89,7,26,34,18,4,22.0,서울특별시,관악구,봉천동,,봉천동
apartment,bdbb78a0b24767b43108f8b17105197bfb5328c324ab0a94206cf3bfde37d111,metro_city,le15,le20,dong,71,16,0,26,13,16,5.0,대전광역시,대덕구,신대동,,신대동
apartment,bdbdd3f330ab326ebe6544196a80b9613a6442d685e764dc68700b77be5c9243,other_urban,ge26,m21_30,dong,311,5,87,171,47,1,29.0,충청남도,천안시,서북구,백석동,백석동
apartment,bdbf61ce06de327fde63cb8ee9111f2c0007cff0b0d5af2a00c08e7f73f5a055,metro,m16_25,m21_30,dong,201,9,46,97,45,4,22.0,서울특별시,성동구,응봉동,,응봉동
apartment,bdf13fd7e131a7e7699eaa8b07d5ba33ef9d1d7fa29dfb7831906c5a9e206011,metro,m16_25,m21_30,dong,189,5,58,108,17,1,24.0,경기도,파주시,금촌동,,금촌동
apartment,bdf3ad80bfeb79bc20fcb7e739b700e2d37b499d6aee8c3edc600134854011d2,metro,m16_25,m21_30,dong,164,7,40,61,54,2,23.0,인천광역시,미추홀구,용현동,,용현동
apartment,be001b3cff59b109370615105515ca36195fa3660500503c462b9e9f754ff0ed,metro,m16_25,m21_30,dong,73,7,13,26,26,1,22.0,경기도,고양시,일산서구,일산동,일산동
apartment,be1a46e16294ae6219e26e44256bbfb46eac3ea11c3f8518061050361290a8d5,metro,le15,le20,dong,74,5,12,36,16,5,12.0,경기도,부천시,소사구,송내동,송내동
apartment,be1f9c10e36ede927077b1122b72c87632a85fc6a9a64c5a51bb4cc9e597e35f,other_urban,le15,le20,dong,97,17,0,42,21,17,5.0,전북특별자치도,전주시,완산구,삼천동1가,삼천동1가
apartment,be35370d5ea6021f52b7ca7445df6a052da6ca6949e5117ff2088e19433ecf64,other_urban,m16_25,le20,dong,799,44,191,319,200,45,20.0,경상남도,창원시,성산구,대방동,대방동
apartment,be392fb2c767525eb0c86a317c555beaeae612a0e6a10a104bd5537daf1d0884,metro,ge26,m21_30,dong,362,17,83,145,111,6,26.0,경기도,의정부시,민락동,,민락동
apartment,be432dd3e18f03754cdccfe7f8805b9bdb09322f69bb7461732967b2f6bf0caf,metro,m16_25,m21_30,dong,93,6,43,36,5,3,25.0,경기도,안산시,단원구,고잔동,고잔동
apartment,be5a3f0c242ec31860cff5393c309d85626cdd00ed32adbd57b2a5175d6bd40b,metro,m16_25,le20,eup,118,8,27,48,29,6,17.0,경기도,남양주시,화도읍,,화도읍
apartment,be647bf015b2b4d2b2c8b609e57c2229c40a967e21cc901530150abaadc95f9b,other_urban,le15,le20,dong,83,19,0,33,16,15,5.0,경상북도,포항시,북구,창포동,창포동
apartment,be65257a98380833eeaf76429d718a08c8490a04e4fff88f5cad3a8027a87a2f,other_urban,le15,le20,dong,102,20,0,38,22,22,5.0,전북특별자치도,전주시,덕진구,송천동2가,송천동2가
apartment,be6cc48f6c5d1b9b0d86d1efca19c3b604c9ae11f80c0b28a927f4db052634ff,metro,le15,le20,dong,59,13,0,23,12,11,5.0,경기도,안산시,상록구,월피동,월피동
apartment,be72f4ad1946aede02a67f4558a226d7c8f8cb932faca25b4dd45fc526c1bda7,other_urban,m16_25,le20,dong,112,8,35,42,25,2,20.0,전북특별자치도,전주시,완산구,평화동2가,평화동2가
apartment,be756cd8e64d73fd72d3ee5513b7db20a0ccf25ee3dddff0b02aded1fd616616,metro_city,ge26,m21_30,dong,392,12,110,170,96,4,30.0,대구광역시,달서구,월성동,,월성동
apartment,be7931dd4afe6886e4fedbfd2874a8ffe8cd0e8db9a65ddcd0450b42bb37b9a7,metro,m16_25,le20,dong,133,6,27,68,27,5,16.0,경기도,광명시,광명동,,광명동
apartment,be94f5ce869d5d93740aa33b00bf1335d4ad9a692a9f5692674caf666c4db092,metro,m16_25,m21_30,dong,71,5,15,32,10,9,22.0,서울특별시,강남구,대치동,,대치동
apartment,be992e49afd6b0c433b630e63f84b9d99f10f73686414ffcbb275f2c4914fb12,nonurban,le15,le20,eup,492,37,85,262,106,2,13.0,전남광주통합특별시,영암군,삼호읍,,삼호읍
apartment,be9d9a7189721686f17f736ddb0ddbe85d87c5551d6e1c8c92f7c4b8c1af6f2c,metro,m16_25,le20,dong,55,7,16,23,6,3,17.0,경기도,고양시,일산서구,주엽동,주엽동
apartment,be9e831c95c54833a01df01707f25f0404941bd532525b1d51eccf5ebe49a5c3,metro_city,m16_25,m21_30,dong,165,8,35,71,48,3,24.0,부산광역시,북구,금곡동,,금곡동
apartment,bea0454e8e6691a636b35723dd78386b146a844a295e9100668366e07e2345c8,metro,le15,le20,dong,58,13,0,25,8,12,6.0,인천광역시,미추홀구,용현동,,용현동
apartment,bea56f866ffec69791a31729afd89f5e84cbfcd4aa86c371ef92b58cc41c4da8,metro,le15,le20,dong,565,48,117,212,154,34,15.0,서울특별시,송파구,문정동,,문정동
apartment,beb62a0e52a54a78acb616f9ebb45c7b3605a6da3ceddb6503b37aff9b0461ca,metro,le15,le20,dong,208,14,30,97,63,4,15.0,경기도,용인시,수지구,풍덕천동,풍덕천동
apartment,bebf909c2c665d53a696fd94b7de7ab68fe1536221573940e86e6a441ee9888b,metro,m16_25,m21_30,dong,115,6,30,45,30,4,25.0,경기도,시흥시,장현동,,장현동
apartment,bec4552593be1a8f1ee487a1acd9d4348a0e7e36f01f6e60a5423537944b489d,nonurban,le15,le20,myeon,479,29,107,195,108,40,15.0,충청남도,아산시,탕정면,,탕정면
apartment,bec86be3f3f1d9f9487d1f337b82426466e04cf905983b283fc0dcdeed0d4224,other_urban,le15,le20,dong,68,7,15,29,14,3,15.0,전남광주통합특별시,광산구,월계동,,월계동
apartment,bed8c728e9a2d736f4b3d21b1f5f2aefd0737fc67e56135da9e5fc03c2ec1d0e,other_urban,le15,le20,dong,193,6,48,69,59,11,15.0,충청남도,천안시,동남구,구성동,구성동
apartment,bee18374944708d6bc7419cc337b361fba565ccd73e7bec9eabb13c8733bfd85,metro,ge26,ge31,dong,1313,32,365,679,234,3,32.0,경기도,안양시,만안구,안양동,안양동
apartment,bee99f142c2d2f35c5e61b36d3f91259316ebfb3e97df27f5501bdcc6e2821e8,metro_city,m16_25,le20,eup,76,5,8,43,19,1,16.0,대구광역시,달성군,옥포읍,,옥포읍
apartment,befe4e8b2765ecede14bc0a595bffed82854429ca6c2c9fb1db264e60a38bf52,other_urban,le15,le20,dong,97,5,14,42,23,13,13.0,전남광주통합특별시,광산구,도산동,,도산동
apartment,bf00b42f82c0d965874e27c1efc4e8a5b7d121cf1ef48831845bd3ba8dc554d1,metro,m16_25,le20,eup,132,7,42,61,21,1,18.0,경기도,화성시,만세구,우정읍,우정읍
apartment,bf041e9bdfae9aa3f9fd0add9f7a18a4a8b143f94fc3340a50dfc58dc5f07215,nonurban,m16_25,le20,eup,188,11,23,88,51,15,16.0,충청남도,천안시,서북구,성거읍,성거읍
apartment,bf0a86c0514b830e19985fe943d7782b6ed87e8a8dedb6da0e5628da042c346e,other_urban,m16_25,le20,dong,171,9,34,61,59,8,19.0,전남광주통합특별시,광산구,우산동,,우산동
apartment,bf1dfad81d25eb7a0bf308fad5deb1f265d32525890c0db82686de269fa85bb4,nonurban,le15,le20,eup,72,7,10,33,19,3,15.0,전남광주통합특별시,함평군,함평읍,,함평읍
apartment,bf275b87a69d4436262dba017cc78406534e9ed6da08df1fdeb5d5667b2e2d0e,nonurban,le15,le20,eup,142,6,26,69,37,4,15.0,전남광주통합특별시,해남군,해남읍,,해남읍
apartment,bf311c1a666f809e3f18720bc105d26f3669c4acf1f6a9d37a150dcb5cdef135,nonurban,le15,le20,eup,95,18,0,34,25,18,5.0,강원특별자치도,영월군,영월읍,,영월읍
apartment,bf38384ec2a68df15d008ce1814665cc773244f7f1aabdbdad0535ced339ca79,metro,m16_25,m21_30,dong,99,9,43,34,12,1,22.0,경기도,성남시,분당구,수내동,수내동
apartment,bf44f75a738131912ccd7143e287da8f314d089aa5427dbfe43d84585787d06f,other_urban,m16_25,le20,dong,114,8,24,58,22,2,17.0,강원특별자치도,춘천시,석사동,,석사동
apartment,bf4f4dd22cf1cf3861f396a7c28e4024372840dcc7a338920f2a6b3aa26c5046,other_urban,m16_25,le20,dong,124,7,29,52,33,3,20.0,충청남도,보령시,죽정동,,죽정동
apartment,bf5638a63e4fcf73d696200620905eddf8422f3ac44265f03393e7e8be65475d,metro,le15,le20,eup,124,10,20,51,42,1,15.0,경기도,김포시,통진읍,,통진읍
apartment,bf5ae7dd12fcc7c7e66fa04f57c34635437242e2d6991c097ace6730b6cfaf35,metro,m16_25,le20,dong,114,10,22,55,25,2,19.0,경기도,수원시,권선구,금곡동,금곡동
apartment,bf668fcae5e2823adcf16f9b3ecaaf886fa632bfa6d69f6810327f00ca2bf59d,other_urban,m16_25,le20,dong,84,7,24,33,19,1,19.0,전북특별자치도,전주시,완산구,삼천동1가,삼천동1가
apartment,bf707e59b884e219468cd131f7fd8bc4a10477b9aeb5e0b5129591694e306375,other_urban,le15,le20,dong,94,11,20,35,23,5,15.0,경상남도,양산시,평산동,,평산동
apartment,bf8274d1943be80d51dba6efb24ef882db7f6841fd2cd38948ab2df7f057e538,metro_city,m16_25,le20,eup,316,14,80,134,71,17,20.0,부산광역시,기장군,정관읍,,정관읍
apartment,bf84b5d0dca37ca282373330d6737b62bb7b6d18121a23ebf1a6debcb6658496,metro,m16_25,m21_30,dong,201,6,67,84,35,9,25.0,서울특별시,영등포구,당산동4가,,당산동4가
apartment,bf989a5c8472f14e4cec76633ba9e5c135a7feebb9c97c5d98d90325fcab510d,metro,ge26,m21_30,dong,94,6,26,44,16,2,26.0,경기도,광명시,광명동,,광명동
apartment,bfaaaa3ababf79aa30a9fbe9f17a87edebd7cad86aa05b14724c7e2c86ab223c,metro,le15,le20,myeon,366,30,75,147,94,20,15.0,경기도,화성시,효행구,정남면,정남면
apartment,bfb3076a8e5889a840f1b6b0a840d5d4f5b61be07bc088c6ae78c898238719ac,other_urban,ge26,m21_30,dong,237,11,55,119,51,1,29.0,충청남도,천안시,서북구,불당동,불당동
apartment,bfc184ca1a7bc413eb610108e99c2fe7a6ec9cbe1c801631f331e50d4782599f,other_urban,m16_25,le20,dong,90,5,22,44,18,1,20.0,충청남도,보령시,대천동,,대천동
apartment,bfc75f4c4e7409301ae4dacd5fdea483a85203e974f68915a4d24a76b06e75c5,other_urban,le15,le20,dong,145,12,30,66,26,11,12.0,강원특별자치도,속초시,교동,,교동
apartment,bfc8aa148f138fa4b9b284bd08928379eea65325ceff0757e3c51af7950e5c39,metro,ge26,m21_30,dong,210,5,51,77,74,3,27.0,경기도,평택시,용이동,,용이동
apartment,bfd3b5a0ea7d21a45cae2fb64279ec2fb6ce6e5b2bb68d1857f8a174606ee66f,metro,le15,le20,dong,109,8,21,45,25,10,15.0,서울특별시,구로구,구로동,,구로동
apartment,bfd987c3a8fa2ae90c890c2de9eb68941a4b70ddc4a894b4f7da18789e7db809,metro_city,ge26,m21_30,eup,197,9,59,89,39,1,26.0,부산광역시,기장군,일광읍,,일광읍
apartment,bfdaf75c8e02fb6212dec57ea4898b1ab98d5ca930fc6c6a7ae1af9fc27d51c2,metro,le15,le20,dong,60,8,27,17,7,1,15.0,경기도,안산시,상록구,본오동,본오동
apartment,bffe11385a4ec8b0e1ed3dca6d98595170160a707d8def30125254a9cc6d235a,nonurban,le15,le20,eup,186,9,36,91,40,10,15.0,전북특별자치도,완주군,봉동읍,,봉동읍
apartment,bfff2e68cfe4d5de8745fea1e1d895fd12cfcaa614a5acf57d50d0b5ad4bebf8,metro,m16_25,le20,dong,217,8,54,89,60,6,20.0,경기도,용인시,수지구,상현동,상현동
apartment,c00408668baeb023e7e539ed83ff4af37eea30e938137b4378fe078a03e269a3,metro_city,m16_25,m21_30,dong,206,5,40,80,67,14,25.0,울산광역시,남구,신정동,,신정동
apartment,c018205284e4c8b360d15071a3a655f8208a54b8e0a60f263c3726c9b2a19454,metro,m16_25,m21_30,dong,221,8,77,90,43,3,25.0,경기도,오산시,내삼미동,,내삼미동
apartment,c02fca4b840b1cd6694c866b0cf2bb87e110787480d25c4548236cd8bc10584f,metro,le15,le20,dong,138,10,24,69,32,3,12.0,서울특별시,구로구,온수동,,온수동
apartment,c03a98c8300c0701bd3293be06c072d63dd76cdb06b6db869167bc9defdd64a8,other_urban,m16_25,m21_30,dong,112,8,22,65,15,2,25.0,전남광주통합특별시,나주시,빛가람동,,빛가람동
apartment,c03cc1baa75d6af3660ea2e7fc826f72299dfc4342d028e08c06c91fa1a146b7,metro_city,le15,le20,dong,329,17,68,140,84,20,15.0,부산광역시,영도구,동삼동,,동삼동
apartment,c050cb8b039d7b3729fdca276779b9f14129b109921184e0af74b9993d9f2fc4,metro,ge26,ge31,dong,157,6,54,54,39,4,34.0,경기도,의정부시,민락동,,민락동
apartment,c0533f13ed6f47499973fc303ec657ec6f2e19dec185acb8f99d7b149dc96338,metro_city,m16_25,m21_30,dong,365,17,75,153,106,14,25.0,대구광역시,달서구,감삼동,,감삼동
apartment,c054ed730fdab3bc7049c61e462f331d461b23b33cbd187cbdfe85e4c18d9ec1,other_urban,le15,le20,dong,136,7,34,56,31,8,15.0,전남광주통합특별시,목포시,산정동,,산정동
apartment,c05fa1e6d16d38099b8c48e068dcb55f6ce37be14a51a2d86c1515e37c37c2f1,other_urban,le15,le20,dong,113,5,20,54,30,4,15.0,경상남도,양산시,남부동,,남부동
apartment,c062e91a0286ec832d15823dfde4c74d483175ccf0bb2d7583072ebbb17b7381,metro_city,m16_25,le20,dong,157,5,34,80,33,5,18.0,울산광역시,중구,남외동,,남외동
apartment,c07862c966a2c16e613c871b9da0d1becf28ff44a05ca6e15754ab7455218e60,nonurban,ge26,m21_30,myeon,416,11,121,185,96,3,30.0,전남광주통합특별시,순천시,해룡면,,해룡면
apartment,c080afeacdfc2acb165f439b9188237e682886adea705c35b8e5acbb525e72ab,nonurban,m16_25,le20,eup,128,9,36,59,21,3,20.0,경상북도,칠곡군,왜관읍,,왜관읍
apartment,c08346b769913407d1dbbae61be5b7b113fe3c7bd31c2eb3cf4773a318cfe452,metro,m16_25,m21_30,dong,409,20,155,186,43,5,25.0,경기도,부천시,원미구,중동,중동
apartment,c08f17a2aa4e2f89d0ded0972f6f1b353a8e64bde1f20b242c0b428868b3394a,other_urban,le15,le20,dong,111,7,21,49,28,6,15.0,전북특별자치도,정읍시,시기동,,시기동
apartment,c0a5eb52dba764f02f37424a20d6063c063d936360d0cb824bf64f1cbc9f08f1,nonurban,le15,le20,myeon,73,5,20,23,20,5,14.0,충청남도,계룡시,엄사면,,엄사면
apartment,c0aac092c5b203704b2d7d2fcb0e929fe34ba1c774ace6f35d5ab0cf066c8bdf,metro,le15,le20,dong,275,19,59,116,65,16,15.0,경기도,여주시,점봉동,,점봉동
apartment,c0af4779a25573d32c77aeeb8f76bc8a8d71118312fe01531b0d5fda7b095c15,other_urban,m16_25,le20,dong,100,5,26,41,25,3,20.0,전남광주통합특별시,광산구,산정동,,산정동
apartment,c0b21fa586792ab2234f780ebf7b57d18c3badbf9305fdf7ada0f4b3139c62b4,metro,le15,le20,eup,287,16,44,131,76,20,15.0,경기도,파주시,조리읍,,조리읍
apartment,c0b2e3ab4fea7eebc211717a21530531a119b43a0acca5366fde560fd4cf739e,metro_city,m16_25,m21_30,eup,205,10,57,100,36,2,22.0,대구광역시,달성군,유가읍,,유가읍
apartment,c0b8d9caf4babc1bf6fbdf12ab9d847eb006197dacfcbe3e241bcf1918a6fcfc,metro,m16_25,m21_30,dong,244,12,70,138,21,3,22.0,경기도,부천시,원미구,상동,상동
apartment,c0bba1963ca42deaf41acade34eb21e812c8b43d621a4cf2b5f4d92c01bd6a9b,metro,ge26,m21_30,dong,165,7,56,56,43,3,27.0,경기도,성남시,중원구,금광동,금광동
apartment,c0c1fa46311b622fc48590c80ce71dcc36b1b9692521e627d5c5e1bbd3832b0a,metro,ge26,m21_30,dong,185,8,55,96,25,1,26.0,인천광역시,제물포구,송현동,,송현동
apartment,c0c48d2a0c1838ff3f328405bb976b2068716c1fc571cf873d0c5c4f6f52e5bd,metro,m16_25,le20,dong,331,8,81,143,88,11,20.0,경기도,용인시,수지구,신봉동,신봉동
apartment,c0c71ece01e1dea6f4f37076aecc9fb80563ae8926e5b43ff51cef8e96eb3cbb,metro_city,le15,le20,dong,273,14,44,106,87,22,15.0,대구광역시,달서구,월성동,,월성동
apartment,c0d5b21ab0c742b3cbfdd896199d13a5ebb047c5035b9d7067263e82ba1b6ef9,metro,m16_25,le20,eup,775,37,214,322,162,40,20.0,경기도,안성시,공도읍,,공도읍
apartment,c0da901aa0cbf528c4b7ce3a7c6522fd8ba86c35d46b4119b0a1e01d50ae9ebc,other_urban,m16_25,m21_30,dong,294,13,54,150,74,3,21.0,경상남도,김해시,삼문동,,삼문동
apartment,c0fb8a44ddc8d5eb5c1416b06cc073bb29ed3bd6b5743d3eded9cfda96c5e9cb,metro,ge26,m21_30,dong,114,5,39,49,19,2,28.0,서울특별시,영등포구,신길동,,신길동
apartment,c109218751899ab34e621c5577b5d43ba90fb3f843f671d4b8b8438d6548c208,metro,le15,le20,eup,126,9,25,45,37,10,15.0,경기도,여주시,가남읍,,가남읍
apartment,c10d2207d56246860d619879c179e99307b37e4c0d8396646b99dc6ddb82807c,metro,m16_25,m21_30,dong,239,16,62,114,43,4,22.0,경기도,고양시,덕양구,도내동,도내동
apartment,c11387c04f00f190d3330aff980cced941a0cd8e74d131238a103aee7b57fe69,other_urban,m16_25,m21_30,dong,105,7,23,49,25,1,24.0,경상북도,포항시,북구,학잠동,학잠동
apartment,c11efa3b165673b0e1e8942c4c1f14b775fd1af32712ba1a853c341850f2448e,metro,m16_25,le20,dong,69,6,17,28,16,2,20.0,인천광역시,미추홀구,주안동,,주안동
apartment,c137c2d4e63dadb2c786d552fc1c5f30d4d34d3c54506925f320512e66d3480a,nonurban,le15,le20,myeon,224,13,57,76,67,11,15.0,전남광주통합특별시,순천시,서면,,서면
apartment,c14709c424ef964584b81e11cede69c1747d13dfcfce1240413c5afd1ea62b92,metro,m16_25,m21_30,dong,419,16,99,182,107,15,25.0,인천광역시,부평구,청천동,,청천동
apartment,c14a3dc26bc3e2e666c0e04bb2ef4f2041e8a8ec7e652e8fc3c4abb69a6a3441,metro_city,m16_25,m21_30,dong,276,9,55,121,80,11,21.0,부산광역시,강서구,명지동,,명지동
apartment,c1560a8d27df72b9efe8ff07e298a6f2f85d68be4fb304af96fccfe7dfac773f,metro,m16_25,le20,dong,139,11,36,55,33,4,18.0,경기도,용인시,기흥구,서천동,서천동
apartment,c156d3472cb2e44a6dd72d87992b809224615f5aa4c94771f882666f840d5d92,other_urban,le15,le20,dong,222,14,48,94,53,13,15.0,경상남도,양산시,삼호동,,삼호동
apartment,c16026099d27eda567736a25950f8dbd5328834b54a3c879faba2d17fc1cf1ae,other_urban,le15,le20,dong,199,15,43,71,58,12,15.0,전북특별자치도,익산시,부송동,,부송동
apartment,c161a40b45d2c6a9e84a455212e1e928b2d06ec4002c783c3b145ca2ef81368c,other_urban,le15,le20,dong,187,10,40,79,49,9,15.0,충청북도,청주시,서원구,산남동,산남동
apartment,c16f07d8db83e8b77f32eac4fa02b73090c7228b594cef4540b5fff1715be6e5,metro,le15,le20,dong,158,8,26,66,47,11,15.0,경기도,평택시,군문동,,군문동
apartment,c17aacc5d97909c3a883e665c1e0d86cee8394e7e609246356855f2997e5067c,metro,m16_25,m21_30,dong,193,5,44,98,42,4,25.0,경기도,용인시,기흥구,공세동,공세동
apartment,c17fb003fca1679924c179f7b67feaa8f1b17c6b90eb3d159beaf508fe53271e,metro,le15,le20,dong,69,9,0,34,12,14,6.0,인천광역시,계양구,방축동,,방축동
apartment,c189097e517e9ec77b2c480dc55dda3c9b7942e7b3bf78def9d6abfd481540a6,metro,m16_25,le20,dong,128,9,38,41,33,7,20.0,서울특별시,마포구,도화동,,도화동
apartment,c19908f21941626809d81d4988b5844cb7f46e70d68cc5051927674965ff2c73,other_urban,le15,le20,dong,126,21,0,48,28,29,5.0,경상북도,영천시,야사동,,야사동
apartment,c199ba3757ad9cf3933cf3ec5ec01493ace79c4638ea4a0806248c056b30b75a,metro_city,m16_25,le20,dong,106,10,20,44,27,5,17.0,대구광역시,수성구,수성동4가,,수성동4가
apartment,c19c0de3412c5ff7cd7d7d19a677cf97bde6bf7fea5aaccaaa7be88aacfe57c5,other_urban,m16_25,le20,dong,164,6,36,67,52,3,20.0,전남광주통합특별시,서구,금호동,,금호동
apartment,c19e3ce772c775f88057e088fd58c65cb086f45446e683c7e62f4a65b92f111c,other_urban,le15,le20,dong,81,8,16,34,20,3,15.0,경상북도,경주시,황성동,,황성동
apartment,c1c41fbf193599f4777e1fd6d6d6d01bf94ea6973916658f18158a5f91d7aa62,other_urban,m16_25,le20,dong,135,8,35,48,40,4,20.0,전북특별자치도,전주시,완산구,효자동1가,효자동1가
apartment,c1cacf81c0893c9f995c387baac16b86ace99b90a919a0874012c5d60148e39e,other_urban,le15,le20,dong,174,11,26,75,48,14,15.0,충청남도,천안시,서북구,쌍용동,쌍용동
apartment,c1d172cdcbc9027a1b3cc4101f2f5b8fc843f95854a3b9623be40c2c8ba670e0,nonurban,m16_25,m21_30,eup,209,8,49,94,57,1,23.0,충청남도,당진시,송악읍,,송악읍
apartment,c1d21fc0aab8ca72f154fad2e56ae6588b04172f9920dde3b28e711e9e654dde,metro,le15,le20,dong,512,16,112,215,137,32,15.0,경기도,수원시,권선구,권선동,권선동
apartment,c1d43701082e145eccd32b049c18f2864bc1bf61223b4691a782757f67839c39,nonurban,m16_25,le20,eup,245,15,54,97,68,11,18.0,충청북도,청주시,청원구,오창읍,오창읍
apartment,c1d82fa331127df50a486c71e21186342607187ca647246d9feb3c72a9e27287,other_urban,m16_25,le20,dong,58,6,14,27,8,3,20.0,경상북도,영천시,야사동,,야사동
apartment,c1d9f86688427f8d3c1c3c98a80e98817de109467bfd21a3b7d8eb397e5f6f3f,metro,le15,le20,dong,78,7,20,33,15,3,15.0,경기도,고양시,일산동구,백석동,백석동
apartment,c1e26dddaf95281da2cd8d79990bb94557369241645741d732aba32ded86eeec,metro,ge26,m21_30,dong,134,5,38,78,12,1,26.0,경기도,부천시,원미구,중동,중동
apartment,c1e7120a7b908593b26bf792690cb43ef3e1251c5b5592a5e0533f3a7a1bef80,metro_city,m16_25,m21_30,dong,164,6,66,66,24,2,24.0,대구광역시,수성구,황금동,,황금동
apartment,c1eaba682c36406f4a060d17916c530c3ba13c7de7bf95f60f5425d09b8627a7,metro,ge26,ge31,dong,618,12,183,318,104,1,31.0,서울특별시,송파구,잠실동,,잠실동
apartment,c2127a6ab1574a28d3002dbc0fe0308fbc88bc19ed9a5504f703c156619772d4,metro,le15,le20,dong,63,9,14,25,14,1,15.0,서울특별시,성동구,행당동,,행당동
apartment,c2199b0a2309c0bf7fc49c1c0f9973333a27c93fe147f1afa6b45162b69c6978,metro_city,m16_25,le20,dong,181,12,61,92,12,4,20.0,대전광역시,중구,유천동,,유천동
apartment,c21ac76d53a9702c4579ed2b131f2998152c1894f7cabf194cf024f12df76cf6,nonurban,le15,le20,eup,53,14,0,17,13,9,5.0,경상북도,칠곡군,왜관읍,,왜관읍
apartment,c21be85f2d2754a8269bebdb7994f687fb5dd80f7052f49763cf09a5be9414e7,metro,le15,le20,dong,84,6,19,42,15,2,15.0,경기도,안양시,동안구,호계동,호계동
apartment,c21ddacd5078995cd5089df95348b98c12f5cb0c992ba4195c2e549bdc508f65,other_urban,m16_25,le20,dong,62,6,16,26,11,3,18.0,전북특별자치도,전주시,덕진구,여의동,여의동
apartment,c2209af6c80e052531db7567deb03f55c289af90415d42265c898f673ffcd0cf,other_urban,m16_25,m21_30,dong,143,9,31,54,43,6,25.0,경상북도,포항시,북구,양덕동,양덕동
apartment,c225de26bc906129c51e6212e087793ba53ce95132d23356c38181726ecfdd4a,metro_city,m16_25,m21_30,eup,160,5,39,74,41,1,23.0,대구광역시,달성군,다사읍,,다사읍
apartment,c22ddc6eed78eb9bc713e1b479ad9226de33801efeedc0954da82cd8ae5f5038,other_urban,le15,le20,dong,197,11,39,74,53,20,15.0,충청남도,보령시,명천동,,명천동
apartment,c25108903b8f32b1bf93d9605bf57a7f4e21ad5afee9962c8c21e0aa00bfa958,other_urban,le15,le20,dong,120,5,18,52,37,8,15.0,충청남도,천안시,서북구,두정동,두정동
apartment,c269c17e76f6789aa9ef62303f2456ff985f6dc5b67df764cff2c9d0eb09aa55,metro,m16_25,le20,dong,375,31,91,133,97,23,17.0,서울특별시,도봉구,도봉동,,도봉동
apartment,c2837b38ae19708222a3ddd0c50ddee2ba1ee6c0a3b9f0d40c9d304b582861db,metro_city,m16_25,m21_30,dong,622,26,161,258,151,26,25.0,부산광역시,동래구,사직동,,사직동
apartment,c2843425f6138ca6e6be15b75fafb5f5e393c64aca96ac12604f896f18fcc0c7,metro,ge26,m21_30,dong,240,12,65,88,68,7,27.0,서울특별시,구로구,신도림동,,신도림동
apartment,c2865eaa6f3641dc759c99d929c6dc4a4ee0e792374fe9d98494b4a468ac3e82,metro,ge26,m21_30,dong,81,7,27,31,15,1,27.0,경기도,하남시,덕풍동,,덕풍동
apartment,c28ca35773cccbf290e8188c110d215e638bcc44cbad12c5b972965fa2cb9404,other_urban,le15,le20,dong,167,13,32,69,44,9,15.0,전남광주통합특별시,북구,일곡동,,일곡동
apartment,c296582aca188be959abb30c5b9c14871bf177b094a6043ddaa1e91aeb7916e0,other_urban,le15,le20,dong,133,12,35,58,25,3,15.0,강원특별자치도,원주시,일산동,,일산동
apartment,c2a2d932de93f348e6c25a43b8f6bd3a5a1b1b1fe0874cedeb10ef7261a7a49e,metro,le15,le20,dong,142,7,30,60,37,8,15.0,경기도,안산시,단원구,고잔동,고잔동
apartment,c2b0b16d90e69ba590c14bfb0ea2452d060270878661dcd6608593b94c42647f,nonurban,le15,le20,eup,91,8,21,32,19,11,15.0,경상남도,거창군,거창읍,,거창읍
apartment,c2b6fc683150e7ddc43e2ae251bd34718e8c3dec0088fb02b48f3b990b36a54c,metro,le15,le20,dong,72,6,13,27,22,4,15.0,경기도,파주시,동패동,,동패동
apartment,c2b9663bf9c146d33ff1efeb92ffd4ea980e5ca8e87b5e5ec0acd589dae65801,metro,m16_25,m21_30,dong,73,14,36,15,7,1,21.0,경기도,안산시,상록구,사동,사동
apartment,c2c7b3d9be9b2be65de0fdaa4bc9afd6f86a891003fedc58b2d3690b0b9e9edc,metro,m16_25,m21_30,dong,164,7,45,88,21,3,22.0,서울특별시,은평구,응암동,,응암동
apartment,c2c86c31a20a4b30547055190e7bd8de5fe88203f6902f4ecbd46011e3b0adaa,other_urban,le15,le20,dong,247,12,49,98,70,18,15.0,강원특별자치도,원주시,명륜동,,명륜동
apartment,c2e05d5a6c713d03cdf6a5440bc91dc36641e1c7617e97e6bfad43ab2d802eec,metro,m16_25,m21_30,dong,265,27,78,148,11,1,23.0,경기도,성남시,분당구,정자동,정자동
apartment,c2e60c15a3e8a8e3e751587b15d3e40183f6f73250d2a4ba529dc7bf517e08ac,metro,m16_25,m21_30,dong,292,14,77,130,65,6,25.0,경기도,수원시,권선구,호매실동,호매실동
apartment,c2ea7ff90514340ad6f49b1f35660bfe2b98822303984cad3abcd68912968864,metro,m16_25,m21_30,dong,92,7,28,40,15,2,25.0,서울특별시,광진구,광장동,,광장동
apartment,c2eec6bfaf767031a744ec070b06b6ad6cd3b63610f23280ba3fb3753f12c66f,metro,le15,le20,dong,314,23,66,122,80,23,15.0,인천광역시,부평구,부개동,,부개동
apartment,c2f29f02e031483ac3ff581293ad801de15bd5040126d144991d6e3d5b68b1ab,metro_city,ge26,ge31,dong,351,7,103,173,67,1,41.0,대전광역시,대덕구,신탄진동,,신탄진동
apartment,c2f45595e59ccaa3c73692ff7f03ba444f37df34727b16d6911a97ce4cac7d3a,other_urban,le15,le20,dong,169,8,37,60,47,17,15.0,전북특별자치도,익산시,부송동,,부송동
apartment,c2fb82d4b712cb01b0c3dcbba42e16d66a3a580cb917621843d88da3b560a18e,nonurban,m16_25,le20,eup,248,7,55,112,72,2,20.0,경상북도,경산시,진량읍,,진량읍
apartment,c304402e1fc3bb5fdb8b204263c1da12d759c28ef298367295b76bd3dcc59eab,other_urban,ge26,ge31,dong,1176,12,310,566,285,3,33.0,충청남도,천안시,서북구,두정동,두정동
apartment,c3050e65d6b7fa50e255b8a32ce378492d1848941b4bba697bc51771d4d9d14b,other_urban,le15,le20,dong,64,5,18,25,12,4,15.0,경상남도,거제시,고현동,,고현동
apartment,c305cd69a930e7871c6f12a669100cde63ea30d4dd419b8c380b21faa74408a9,nonurban,m16_25,le20,eup,164,7,51,60,41,5,20.0,충청북도,음성군,대소읍,,대소읍
apartment,c307bf5501c9bfc30017c8b047f1583a2b86b2594cdd628ec1124e53777ba239,metro,le15,le20,dong,63,12,13,24,9,5,10.0,인천광역시,영종구,운서동,,운서동
apartment,c30be8a19ff11454d3816d8f2d9448a10a2f238b4638f4b012c913072ef99264,other_urban,m16_25,le20,dong,316,13,52,129,104,18,18.0,경상북도,구미시,구포동,,구포동
apartment,c32827572383495a4993a8439515c7d3b0a5a55a0ccf3b2f1675b4cdcffac85a,other_urban,le15,le20,dong,67,5,17,30,11,4,15.0,강원특별자치도,춘천시,사농동,,사농동
apartment,c32d71340e8c077462a35d328a255da2552edd057c3d9989e2d9532fe8a44830,metro,ge26,m21_30,dong,148,6,40,79,21,2,26.0,경기도,안양시,동안구,평촌동,평촌동
apartment,c32ef37832983551c57ba66324627485b60840b5a97625937daa1f33fc56711a,metro,le15,le20,dong,56,7,0,24,13,12,5.0,인천광역시,부평구,산곡동,,산곡동
apartment,c347a469e87749f1890a9bd3671d0842344a61488ad12655737375ee9e2b3ff4,other_urban,le15,le20,dong,264,29,47,113,63,12,15.0,충청남도,아산시,좌부동,,좌부동
apartment,c3682b06cacf061531751289846f2cef9a1480163afec4df85a07de21d6f8fb2,other_urban,m16_25,le20,dong,257,22,67,92,69,7,17.0,전남광주통합특별시,순천시,연향동,,연향동
apartment,c36ef83e72e8bbe7715e961205fa404644e042f8b47a038b34c3c819af1af0d1,metro,le15,le20,dong,50,9,0,23,8,10,6.0,인천광역시,검단구,마전동,,마전동
apartment,c376633edbebfa6a08a0a719f04627b5c97658b94360137d8e26e56b307de9eb,metro,m16_25,le20,dong,136,7,30,73,22,4,18.0,서울특별시,관악구,봉천동,,봉천동
apartment,c37a9f45943aa370b21d5a1b3ba8579540a633190ab2d059bbb79736e151d417,other_urban,m16_25,le20,dong,198,7,45,78,59,9,20.0,전남광주통합특별시,서구,풍암동,,풍암동
apartment,c37bd2a0dbba4acb3ec6af50820459e3e5927c402b68ed50b8b180d6e1b78fe1,metro,le15,le20,dong,130,12,19,69,26,4,13.0,서울특별시,강동구,천호동,,천호동
apartment,c387dc5ec11a341bc4ff042a8a299ee737628c92a367aa5bd762c53b92931fc4,other_urban,le15,le20,dong,167,11,45,67,40,4,15.0,강원특별자치도,삼척시,정상동,,정상동
apartment,c38d4821bc8b1ebdb8ee39f8516d7803660630ad9a0135de4be414c7a9410382,metro_city,le15,le20,dong,150,10,38,61,38,3,15.0,부산광역시,사상구,모라동,,모라동
apartment,c38e1501ddbcc699c43270031a4b778c027e595af7c5a23c7261902cbd078423,metro,m16_25,m21_30,dong,103,5,20,49,26,3,25.0,경기도,의정부시,산곡동,,산곡동
apartment,c390b75fe62cd4fba9928db33ee299a2f5660f3b2f11ff22074ec4b352ee83f3,other_urban,m16_25,m21_30,dong,213,14,74,82,39,4,24.0,경상남도,양산시,교동,,교동
apartment,c3a31c8380c2bd995ca34af6a6909ed4c3f1dd9860c9084f527cf5bedf388f1f,metro,m16_25,le20,dong,107,6,32,39,27,3,20.0,경기도,화성시,만세구,새솔동,새솔동
apartment,c3a92092fe4b7bd08c3aa67c94a7c479546b29d25fdde00edb1f0836e6b42e5f,sejong,ge26,m21_30,dong,240,8,99,103,27,3,28.0,세종특별자치시,,새롬동,,새롬동
apartment,c3a94b93c9d541d2eed95408446772ac2c0c639b7060fbda5497cb076d70c317,other_urban,le15,le20,dong,260,24,44,91,74,27,11.0,제주특별자치도,제주시,외도일동,,외도일동
apartment,c3ae76e4da3aaa4337ef4fd0236ac1003940bf38d2fd98588a4f372828e868bf,metro,m16_25,le20,dong,248,20,41,117,62,8,16.0,서울특별시,강서구,마곡동,,마곡동
apartment,c3c239d48e24b1818c9a8c51bdeed896bd31cd1393195af1dc5ad143dd1fb19e,metro_city,le15,le20,dong,92,9,19,47,16,1,15.0,대구광역시,달서구,이곡동,,이곡동
apartment,c3c284c4ec1cc05b97a28415e7fb2a9c25acf0f7d642a7193d61c6bd8865b9ae,metro_city,m16_25,le20,dong,104,6,18,51,26,3,20.0,대구광역시,달서구,용산동,,용산동
apartment,c3c89961c3f22b9d9d5311e4a9ae471c3dfaae2a9d755e20ca53f7127ab70f0f,other_urban,m16_25,m21_30,dong,171,5,46,83,35,2,21.0,강원특별자치도,속초시,교동,,교동
apartment,c3cbad859fb971b8af393d61053063a53abe0d6b0ebdd1dacc7d783e35579e08,other_urban,le15,le20,dong,61,7,14,26,13,1,15.0,경상북도,포항시,북구,장성동,장성동
apartment,c3cbcbc1be2acf84935422c77b737063505f7ae25b1a4fba08442f90303f47c3,metro,m16_25,le20,dong,242,17,68,119,34,4,20.0,경기도,수원시,권선구,금곡동,금곡동
apartment,c3ce6fca0b0e6633d6d53d4768197a8f6e2e55970e8c345f453f4194a0906197,metro,le15,le20,dong,272,16,56,100,80,20,15.0,경기도,부천시,원미구,중동,중동
apartment,c3d08b8c649da73015d0f22b5ca676053dc425a6bd3da3e5f6ca576a928f1c37,other_urban,le15,le20,dong,158,10,46,58,30,14,15.0,강원특별자치도,춘천시,칠전동,,칠전동
apartment,c3d21449a213b7351db9486c2bad2e7f425167130283c110f1997a834c498051,metro,le15,le20,dong,84,6,16,33,19,10,12.0,서울특별시,강남구,압구정동,,압구정동
apartment,c3d21933e81e4f927799d0fbbbb427dd607b13c0208cdb962a12c9992503b94b,metro,m16_25,le20,dong,160,8,69,63,19,1,17.0,경기도,용인시,기흥구,청덕동,청덕동
apartment,c3d7786bb7d0bdd0b42660fa67b0e1796c849e0f2a7932559565d608c2b58018,other_urban,le15,le20,dong,150,8,26,63,43,10,15.0,경상남도,김해시,어방동,,어방동
apartment,c3e6e1fd717b318aa253ca51dc4bc365978e25c68a85345d1c2dc2090d6f7400,metro,m16_25,le20,dong,224,24,59,98,41,2,20.0,서울특별시,서대문구,남가좌동,,남가좌동
apartment,c3eaed9a6ecd1b78c93c890088d75521df821cbf15fc18e4bd09b067cecea182,metro_city,le15,le20,dong,56,5,11,23,15,2,15.0,대전광역시,대덕구,신탄진동,,신탄진동
apartment,c3ef55b345f02334226455c7ec7744b23b6108675b276ebea27b5578cf2b8db3,metro,m16_25,le20,dong,303,11,70,127,78,17,20.0,경기도,화성시,동탄구,목동,목동
apartment,c42a740e5870278c3d99da2254c1ebc3697c2bbaf1aba1b27fe7e8c639e8ddbc,nonurban,le15,le20,eup,129,12,25,58,31,3,14.0,충청남도,당진시,송악읍,,송악읍
apartment,c4374f6404ae0497fb9af1dff6ea415db7160d3135d7bebb7f2308227bb9533e,metro_city,m16_25,m21_30,dong,131,5,26,53,42,5,25.0,부산광역시,사상구,괘법동,,괘법동
apartment,c440ba9df4e1f62c1d0c4d6e70c84ddce5f4e8332d5eb9c42c9ba0b8ae03223a,other_urban,le15,le20,dong,88,11,17,18,30,12,15.0,경상북도,구미시,송정동,,송정동
apartment,c4573fa76e91f20119f95b51f3d30a16febb12aed028daf7a7de7b29878a1114,metro,le15,le20,dong,104,6,21,39,33,5,15.0,서울특별시,노원구,중계동,,중계동
apartment,c45b863e00bd8c62e2f738a7e52a5a213cec5c6e1a627943c1340e1b0d94d5fc,other_urban,le15,le20,dong,52,11,0,26,10,5,5.0,경상남도,거제시,옥포동,,옥포동
apartment,c45de86907388c6a71f742b00bbf373d6031d4771ce0195ae08492631a73547b,metro,ge26,m21_30,dong,249,10,68,114,56,1,30.0,서울특별시,영등포구,대림동,,대림동
apartment,c45e34f02e573775609bf2d072d178fc0ec50b4bbd9be7089ec6c1d78a022f28,other_urban,le15,le20,dong,72,6,18,26,18,4,15.0,전북특별자치도,전주시,완산구,서신동,서신동
apartment,c45ef5a6d602f87fb3c0578bc07bf374da143ae3053912bea71e419c3ad07a59,nonurban,le15,le20,eup,101,5,21,43,23,9,15.0,전남광주통합특별시,화순군,화순읍,,화순읍
apartment,c460a9e0df232bf484161ed860c28bd3d961764670557e742362d6126271b3ca,metro,le15,le20,dong,135,5,23,53,48,6,15.0,경기도,용인시,수지구,신봉동,신봉동
apartment,c468d84e45db5d4366523031189cddc338f49a45f915577c4198028062bbfd7f,metro,le15,le20,dong,130,10,32,50,34,4,15.0,서울특별시,은평구,응암동,,응암동
apartment,c472bb12cca3a99e26072cb3db4014537e40aa33a25934121db6b3b11957c92d,metro,m16_25,m21_30,dong,97,5,23,40,27,2,25.0,경기도,고양시,덕양구,행신동,행신동
apartment,c47d9f408641c5690fbb5ea776a357186b2f33f4683c0bc4ab8b119192d859f9,other_urban,m16_25,le20,dong,60,5,9,12,30,4,17.0,경상북도,구미시,비산동,,비산동
apartment,c48c18269680ae44342395ddd81b105e57771191a4f314f6cfdbde1a1f3f3dea,other_urban,le15,le20,dong,129,11,24,52,35,7,15.0,경상남도,진주시,신안동,,신안동
apartment,c493d67ec542fb0eb07145a8be5059074c730bd29748f0468c435f6ca5f0551e,metro,m16_25,le20,dong,190,20,85,74,10,1,20.0,경기도,안산시,상록구,월피동,월피동
apartment,c4af4dd543a0d52e7efc7cf1746fbd17f006891232e65592b62048d8ef8181a6,other_urban,le15,le20,dong,91,6,22,50,11,2,15.0,전북특별자치도,김제시,검산동,,검산동
apartment,c4b7e6017b7c122bcd5c6442fb568c4127f852d62cbd2d00c5235e1e229fa1af,metro,ge26,ge31,dong,377,19,138,151,67,2,35.0,경기도,화성시,동탄구,청계동,청계동
apartment,c4c7f8f8aace34d1a438bcea64d13c993da7e5db73d13532fc6d998e856d0a83,metro,le15,le20,dong,214,5,50,88,58,13,15.0,서울특별시,동작구,상도동,,상도동
apartment,c4cdb9f49d81910570d5358d433dcf6bff26153d5836974c429848b9b1289e66,metro,le15,le20,dong,64,9,0,33,12,10,6.0,인천광역시,남동구,간석동,,간석동
apartment,c4d010df0de6ebef2ef463069cdf8448acbab0a40d8eed6915f162460a0eaedf,other_urban,m16_25,le20,dong,135,8,32,55,35,5,18.0,충청남도,천안시,서북구,쌍용동,쌍용동
apartment,c4d6dca5969b4908d0e4ab2233b75cc017f8d8dfe6c9fde1a7d16efa15a7a873,other_urban,m16_25,le20,dong,139,13,28,49,37,12,18.0,경상북도,경산시,사동,,사동
apartment,c4d71d9fdf17e4bac33edade2195f0fbf12f6b8885cda83dc8cc9827102d4c31,other_urban,le15,le20,dong,139,11,27,59,35,7,15.0,전남광주통합특별시,순천시,연향동,,연향동
apartment,c4f56c883451b5ca0826604cf2a815244b26b9bbd5072267613364c29a078e35,metro_city,le15,le20,eup,68,6,17,23,20,2,15.0,울산광역시,울주군,범서읍,,범서읍
apartment,c4fc03c610c0dbab92057fc85a0b160bdf217bdc7d58d0368fc2e73035749944,metro_city,le15,le20,dong,89,5,26,28,24,6,15.0,대구광역시,북구,구암동,,구암동
apartment,c50394587388bccc56dc7d672d14882d3c36a80f000acd01902940bfb77e7419,other_urban,le15,le20,dong,112,9,18,41,29,15,15.0,전남광주통합특별시,여수시,여서동,,여서동
apartment,c509e778f5dc7495926a8d3fd571a605b6395ea92a27aa2923a33bb91deb957d,metro_city,le15,le20,dong,278,24,57,103,79,15,15.0,대전광역시,중구,오류동,,오류동
apartment,c52e2668f9ea8085f774ad21eb1e16db2f24aeef7b998f17e709f32e179537c4,other_urban,m16_25,m21_30,dong,363,5,90,174,84,10,25.0,전남광주통합특별시,북구,신용동,,신용동
apartment,c52f265a530d65109a45a7dc044c7e38da0a0e727d3487f3af92fd34ff1f94a5,metro,le15,le20,dong,56,21,0,24,4,7,5.0,인천광역시,계양구,작전동,,작전동
apartment,c538d77d1c5a9e2f2aa33765546bfcd78a9f5116cf1d6cbf2541faefe54cc149,other_urban,m16_25,m21_30,dong,147,8,42,52,34,11,22.0,충청남도,논산시,부창동,,부창동
apartment,c53f36cbed9776537dc8ba7b1e341f6b1a02d7de7c98c5e1c58740c8ddabcc34,metro,ge26,m21_30,dong,178,9,36,89,40,4,26.0,경기도,구리시,갈매동,,갈매동
apartment,c53fa7ccebaa6d890c8b08bd985f2003674c50ad2681b9fd9c5b74eb0f640b4b,metro,ge26,m21_30,dong,261,5,77,104,69,6,29.0,서울특별시,성북구,장위동,,장위동
apartment,c53fda8b93fe4af7af36edfa5f3ce25dc7ded975b938f0960427fccd6837e7c1,metro,m16_25,le20,dong,185,8,54,107,12,4,20.0,경기도,동두천시,지행동,,지행동
apartment,c5410339ecf25d69e3a37a3e02e67fb7cdd58e63a2542709f5fdd75e0bc69ad8,metro_city,m16_25,m21_30,dong,291,10,54,123,89,15,25.0,대전광역시,서구,관저동,,관저동
apartment,c54a3df1d1c75c1b8517eba30e1923c8f8addde33c5d8e30541898f8c970ca5e,nonurban,le15,le20,eup,129,8,20,46,50,5,15.0,충청북도,증평군,증평읍,,증평읍
apartment,c55630dec9ecadee7a3f8025092de6a05e4e9b3c44589fb64ec8deddeeef0a25,other_urban,m16_25,le20,dong,118,8,27,61,20,2,19.0,충청남도,공주시,신관동,,신관동
apartment,c5642492a7c7b06c7ecd55a16649ab1d087ba2462d16c6535db6171fd21fa8eb,nonurban,le15,le20,myeon,183,6,43,77,47,10,15.0,경상남도,진주시,집현면,,집현면
apartment,c5736404e934cbbb872e1e935245aa5d2e4f4486c9cc54c36a1cd06528321083,sejong,ge26,m21_30,dong,148,5,72,55,15,1,29.0,세종특별자치시,,대평동,,대평동
apartment,c573bfc4060c1a94e3e26a3c0736a4b2766cf42b22d880f6e59d716d861e21dd,metro,m16_25,m21_30,dong,105,11,55,23,14,2,22.0,경기도,안산시,상록구,본오동,본오동
apartment,c59a6e550746fa702128c2b701a6588ae4152aae594b3015b3f91b2187439fb3,metro,le15,le20,dong,75,11,0,47,9,8,6.0,인천광역시,연수구,동춘동,,동춘동
apartment,c5a708594fe9a33c1de735ad0406f06cbb691b6cacebb8dc8e5e0e08426e3153,other_urban,le15,le20,dong,225,21,45,86,60,13,15.0,충청북도,청주시,상당구,용암동,용암동
apartment,c5a87d69b79a3d12068ff60e826ed882d9ecca7a1e4554dd33ab7ab87e45bf5f,other_urban,le15,le20,dong,106,25,0,46,13,22,5.0,강원특별자치도,속초시,교동,,교동
apartment,c5a8e6f23c6dfacb12bec3367a08efc32238edbcee6c0bd21f631230bb862b82,metro_city,le15,le20,dong,89,8,18,42,18,3,15.0,부산광역시,사하구,장림동,,장림동
apartment,c5ba48c1e06bc881a55b52e54c8e37deb952b6f431e057bad54d85c2bf8fb05f,nonurban,le15,le20,myeon,55,6,5,27,10,7,9.0,전북특별자치도,정읍시,태인면,,태인면
apartment,c5c4f2166cee807616f008c1b38baa4d2b438847b70328a2ce4561378d2708b6,other_urban,m16_25,le20,dong,78,5,25,33,14,1,19.0,전북특별자치도,전주시,완산구,효자동1가,효자동1가
apartment,c5cc2668818d0a5cccbad942eeae6229fe6a7b32d0e66e9cccd7cbe49ce6ccd9,other_urban,le15,le20,dong,56,6,10,22,12,6,15.0,전남광주통합특별시,순천시,조례동,,조례동
apartment,c5ccec5ab33535a77819d6a420004ed38f72dc2633570714458cc5154e60ec81,metro,ge26,ge31,dong,593,19,139,257,163,15,34.0,경기도,용인시,기흥구,신갈동,신갈동
apartment,c5d4e0590011aa27b77330fcbe45ffa1386eafeec83d2a975968f9c5f71348cf,other_urban,m16_25,le20,dong,103,5,22,49,26,1,20.0,충청남도,천안시,동남구,청당동,청당동
apartment,c5e3de14e082746b1b7cbc53026a468202eb4a759ed565e844d4a57a3c1cf1e1,metro,ge26,m21_30,dong,150,6,36,67,36,5,29.0,경기도,용인시,수지구,상현동,상현동
apartment,c5ea4fef136639be7ae98cb8c6c09c02c754c7d94d904622fbea864448e8b4b9,metro,m16_25,m21_30,dong,244,5,81,86,66,6,25.0,경기도,화성시,동탄구,목동,목동
apartment,c5ec5158fcd6b74e6262b1b23c82ae6bab0a252eb02c50bbe76b4434772eede0,metro,le15,le20,dong,174,11,32,75,43,13,15.0,서울특별시,노원구,공릉동,,공릉동
apartment,c5ed8c436b7816dd335a17ec3cfc7252941285e46bcfc083539617cc43aeb45d,nonurban,le15,le20,eup,103,7,14,48,24,10,12.0,충청남도,천안시,서북구,성거읍,성거읍
apartment,c5ee9f8eaa967d2ef6b7747a291ba887398423a4dd8d89b57a20f1a4982e4c25,metro,le15,le20,dong,289,16,65,123,75,10,15.0,경기도,수원시,장안구,정자동,정자동
apartment,c5f1a837329720a037ebe7a1f07cf531398fb3e878888d7ab810bca09445d64d,other_urban,m16_25,m21_30,dong,237,7,48,106,63,13,21.0,경상북도,포항시,북구,양덕동,양덕동
apartment,c5fd2151a4967136177e6241530ee75e294b1ade80852b805cc1a1f958fd70c1,metro_city,m16_25,le20,dong,104,7,30,45,20,2,20.0,부산광역시,서구,부민동3가,,부민동3가
apartment,c60ccc849ed3b0bbc6d0339d68c280651a48b12b7797042a1814ecfcb885ca20,metro,m16_25,le20,myeon,165,5,35,74,44,7,20.0,경기도,안성시,원곡면,,원곡면
apartment,c6112af55091331dbfdbe29b2a73263226b8a09428fc195810f73b8f432ed224,other_urban,m16_25,m21_30,dong,124,8,31,75,9,1,25.0,충청남도,천안시,서북구,쌍용동,쌍용동
apartment,c61f56a73ea3d657d5a0c6bffbf8fab719c20155164a06119335bb978bf92de1,metro,le15,le20,myeon,120,9,26,39,33,13,15.0,경기도,포천시,신북면,,신북면
apartment,c631aac9198eb786d2c9dee098cc790eef874f9d8192a3a753606de2a79ae2a1,other_urban,ge26,m21_30,dong,205,10,77,81,36,1,30.0,전북특별자치도,전주시,덕진구,송천동2가,송천동2가
apartment,c63392ac06b1cf1b9c674bcdd948462fd53a4ea4648f39eb582518abb6a57326,other_urban,le15,le20,dong,60,5,17,25,12,1,15.0,충청북도,충주시,호암동,,호암동
apartment,c63de0f8950a498da8f1179343decfadef6ec363c49248d582358bcac5802885,metro,m16_25,le20,dong,129,7,34,54,26,8,20.0,경기도,시흥시,대야동,,대야동
apartment,c64e5d2ea573e0a4a9b8b8fb808f0483a41f800a1dcb05377d8f0d12fd6bf7d0,other_urban,m16_25,le20,dong,94,6,26,39,20,3,18.0,전남광주통합특별시,서구,쌍촌동,,쌍촌동
apartment,c653216ad4315a17667d658a8c95dc369b950cb168bfae1a25b51341546a03c9,metro,m16_25,m21_30,dong,145,6,42,85,11,1,23.0,경기도,안양시,동안구,관양동,관양동
apartment,c65435b75a370ea458ea1777a8709c832ec7f97f5d612d8f0a18a47929e6534c,metro,m16_25,le20,dong,64,5,16,24,14,5,18.0,서울특별시,동대문구,답십리동,,답십리동
apartment,c657f1302ce1e8687f57ac6b8538d09e0c9d807ee75c2f36fb57ac94363e9a60,metro,le15,le20,dong,109,10,22,40,32,5,15.0,서울특별시,서초구,반포동,,반포동
apartment,c65e9a2fa35594beb95ad772965b957105f0cc52e82ef6dbce505d8ec8d8eb5f,metro_city,le15,le20,dong,176,11,39,73,44,9,15.0,대전광역시,서구,탄방동,,탄방동
apartment,c68423446bdc131729363cc7341b8288e29e632e5d38b95965b8c15e7fe4c1c1,other_urban,le15,le20,dong,100,6,18,41,28,7,15.0,경상남도,창원시,마산합포구,월영동,월영동
apartment,c697f9b37d2a9f4739979fd1df3ba11c850432dd8c6a7d9eceb7146d880be2c3,metro,m16_25,le20,dong,68,6,20,29,11,2,20.0,경기도,용인시,기흥구,마북동,마북동
apartment,c6a076624a0787a9f93310aaf845dff47fa050b3ea0933643576c21e30fb71cc,metro,ge26,m21_30,dong,446,11,124,146,140,25,27.0,경기도,안양시,만안구,안양동,안양동
apartment,c6a11f8935222b79a928b956cc1ef5a8bfd3360c2dae74d1b5cdbc1fc3bd4f75,metro_city,m16_25,m21_30,dong,335,14,94,154,68,5,25.0,대전광역시,서구,내동,,내동
apartment,c6dc23606d260cda22a3b7142518490bd5679ed2d6cd53902644d85d091d3a6d,other_urban,le15,le20,dong,65,5,21,19,17,3,14.0,충청북도,청주시,흥덕구,가경동,가경동
apartment,c6e056ff922e7a593684677e5335985825969ac0ee16b851d84ea0a5dbb0e46e,nonurban,le15,le20,eup,263,15,51,106,59,32,15.0,전북특별자치도,완주군,봉동읍,,봉동읍
apartment,c6e34d1453ca4ae8274bc64e1f81424859808db8a0ebeeb498705a005f4393fc,metro_city,m16_25,m21_30,dong,287,16,114,128,28,1,25.0,대구광역시,수성구,수성동1가,,수성동1가
apartment,c6f973c5f24e106a7fbc2ac6d74725c5c8ddfaff07da07b600fc968db3106d20,metro,m16_25,le20,dong,170,12,55,79,22,2,19.0,인천광역시,남동구,서창동,,서창동
apartment,c6fd4ebd798eb3ebf3f6e71fdce4ab6f4c26b65eabd4e209e70233cae5644b23,other_urban,m16_25,le20,dong,98,8,21,41,27,1,20.0,강원특별자치도,원주시,태장동,,태장동
apartment,c6ff8ed300a06b239dc8639d1ac607d54533637b5e355e8ee8ac4d2136164434,metro,le15,le20,dong,85,7,20,34,14,10,10.0,인천광역시,영종구,운서동,,운서동
apartment,c7204aa812e080b8716bbe2c93dc935cbab458396e6defbda4f1eca2465f20f2,nonurban,m16_25,m21_30,myeon,146,8,42,76,18,2,25.0,충청남도,아산시,둔포면,,둔포면
apartment,c7222bb1a973c32e36a2166ff58b8d31f4bf5599d295a5e4a87cabb439c77039,other_urban,le15,le20,dong,217,11,47,96,53,10,15.0,충청북도,충주시,연수동,,연수동
apartment,c722e63e3a264e4a7d5350685f3eedbd543b0c4bae758f433ce4bd838d8bbea4,metro,m16_25,le20,dong,132,8,31,70,21,2,20.0,서울특별시,중랑구,신내동,,신내동
apartment,c74c7dec825347acb4509cd184ae72991e3fe2336894c44ae8a9019cee137fe3,other_urban,le15,le20,dong,90,8,19,34,23,6,15.0,강원특별자치도,원주시,명륜동,,명륜동
apartment,c754b885a198661f20537fd7c409633ac2d7c081314d2e008e6c624b6c9dd3ec,other_urban,m16_25,le20,dong,134,7,32,67,25,3,19.0,경상남도,김해시,대청동,,대청동
apartment,c760f64dba3cc780fc97d1c246000d161ce613b641c12ca12907aab9be048624,other_urban,le15,le20,dong,126,9,19,58,30,10,13.0,전남광주통합특별시,광산구,도산동,,도산동
apartment,c761dd48e250a05bfb2d8db05ffbef3d2ae0b2ec93b03b66f1ac0f79b10564fa,other_urban,le15,le20,dong,141,11,25,60,39,6,15.0,경상북도,구미시,옥계동,,옥계동
apartment,c7659b9295cbc884b815cb104f303f688ae130177aa10e6e837e7f14a33cc5d4,metro,m16_25,le20,dong,108,8,25,55,17,3,20.0,경기도,고양시,덕양구,화정동,화정동
apartment,c7784fcda669edb15e192d91515d4ce6891892d950f765d2b49d399ed6b71493,metro,le15,le20,dong,182,14,38,77,40,13,15.0,서울특별시,강동구,명일동,,명일동
apartment,c778626208a252182019b2bc47783953d3deeb8e74e74ba432b6585d3565d70f,other_urban,le15,le20,dong,359,23,81,152,89,14,15.0,충청남도,당진시,원당동,,원당동
apartment,c78c89cc5b521269b719aa679980cc7caf458415de4b9c75703a0dd43c2945e4,metro_city,m16_25,le20,dong,107,7,35,38,22,5,20.0,부산광역시,영도구,청학동,,청학동
apartment,c796edbd03270a65440a26811713f3790ba47f1d2daef00aa2de3c385e64df89,nonurban,m16_25,le20,eup,109,7,32,46,23,1,17.0,충청북도,단양군,단양읍,,단양읍
apartment,c79932d4b492d16cbd050dbb67d7168e96992ad3d29e16c784701cb582a6878a,metro,m16_25,m21_30,dong,230,9,69,100,51,1,24.0,경기도,용인시,수지구,죽전동,죽전동
apartment,c7ae36de7bf497592d961dd580f83bb334809f6ac784a055d012fc24d57bf67b,metro,le15,le20,dong,51,11,0,18,13,9,5.0,인천광역시,계양구,효성동,,효성동
apartment,c7b1409750bd40c40ce4185fc07ad238bdf117ef9a6f5120ecd3f09181decab5,other_urban,m16_25,m21_30,dong,262,10,73,132,43,4,25.0,강원특별자치도,강릉시,홍제동,,홍제동
apartment,c7b19d5373071a92182b6e8eed184a29713be8deb7b3cf9edd6ad38e734432e7,metro,le15,le20,dong,152,16,33,49,47,7,15.0,경기도,오산시,원동,,원동
apartment,c7b3439076a614c9f45874f26ba9123783ee851f8d4051530f5c3f4fdee5430f,metro,ge26,m21_30,dong,71,5,17,33,15,1,28.0,서울특별시,마포구,토정동,,토정동
apartment,c7b8bfaa2189cac2b268cc8590b94ffe6e021383c65d91dc684fa37384c28f9c,other_urban,le15,le20,dong,171,12,33,63,53,10,15.0,충청남도,천안시,서북구,백석동,백석동
apartment,c7ea65b9ba0805ea01c9e8fad9db2b43981ec29f1b8bd6e1baad956dbd444d0a,other_urban,m16_25,le20,dong,87,7,13,41,20,6,20.0,강원특별자치도,원주시,태장동,,태장동
apartment,c7f49beae0fca64dabf8379abce988c28969836ad2969e39f202a3c2bd50913c,metro,m16_25,m21_30,dong,111,6,30,51,21,3,22.0,서울특별시,마포구,성산동,,성산동
apartment,c80c4d82dbe3f9a1b65e41b06a0641c333475acb03c50a4145f22c2a63855bd8,other_urban,m16_25,le20,dong,200,18,50,77,50,5,18.0,강원특별자치도,춘천시,퇴계동,,퇴계동
apartment,c80fef76007aba621df3c5d1ab5adf9ccd4e5dcd5adecc263650ce4f290b5c7d,metro_city,le15,le20,dong,189,16,34,89,49,1,13.0,울산광역시,북구,천곡동,,천곡동
apartment,c819a6a221f611fa5aabfc438ce3654f4808f064278ef5654edfffb4422e8cb8,other_urban,m16_25,le20,dong,107,8,19,48,28,4,18.0,전북특별자치도,익산시,어양동,,어양동
apartment,c84af0918ac65d64041d4249f3e6ed7e8b131da3f92a9329ea0b38f186d4bdca,other_urban,le15,le20,dong,281,12,55,116,78,20,15.0,강원특별자치도,원주시,단구동,,단구동
apartment,c85583feb6070c571358af6d4c5951f6ef9edfe837d71564fd6f202a3eab0adf,metro,m16_25,le20,dong,121,5,23,62,30,1,19.0,인천광역시,검단구,마전동,,마전동
apartment,c8576ff6ecfe247e8d98e00d3f6e0fc8f6f94abe4b2b006d2331dbf318f1483e,other_urban,m16_25,le20,dong,105,7,29,34,27,8,20.0,전남광주통합특별시,여수시,봉계동,,봉계동
apartment,c86085b49cbe0367c97cce03e00e058fd699a6a7bf1304646832f117a116d9c9,metro,le15,le20,dong,64,5,12,30,16,1,15.0,경기도,수원시,권선구,오목천동,오목천동
apartment,c87e1866d1a28295b19b3d0932563177ab118f4862d0557b19306ad5c896d2dd,metro,le15,le20,dong,50,10,0,22,10,8,5.0,경기도,수원시,영통구,매탄동,매탄동
apartment,c8825cd3ef91e11a19af6cbf1815246a182a523ab22151c6055ff646ce89873f,other_urban,le15,le20,dong,209,9,32,102,65,1,15.0,충청남도,천안시,서북구,불당동,불당동
apartment,c88a4cab7e19015c66cfff72c4519cd1efb2b8252a7e3f54115264f59509a34b,metro_city,m16_25,le20,dong,50,6,14,16,12,2,20.0,대구광역시,달서구,상인동,,상인동
apartment,c88d5f00671aaab5d460c07fb2ae5782fb6e73e788328f789d19acd216355553,metro,m16_25,le20,dong,66,9,16,26,14,1,16.0,인천광역시,미추홀구,용현동,,용현동
apartment,c89bd47536c828311b409623bb97f2a638c0f74b8c865d02c0309c4f27f1a743,metro,le15,le20,dong,77,8,12,28,24,5,15.0,서울특별시,강남구,수서동,,수서동
apartment,c8ceb1b6b46452b771f0f500914568fdd673cb5f6d4aeed196046a4b3dcad363,nonurban,m16_25,m21_30,eup,127,7,40,55,21,4,21.0,전남광주통합특별시,광양시,광양읍,,광양읍
apartment,c8db3a27780c2df8622b4246500bd49c2c2bf3380d484aea1a614f4ae5212770,other_urban,le15,le20,dong,130,31,0,39,35,25,5.0,충청북도,충주시,연수동,,연수동
apartment,c8dfbc3f2768e57e5ad95249090570baddb349315eddc74ec283a24944230e6a,metro,le15,le20,dong,90,17,0,39,16,18,5.0,경기도,안산시,단원구,선부동,선부동
apartment,c8e0a05c0e9d9828cad814185dc99f700dfc82b429fb0cf32120137ae32f70ea,metro,le15,le20,dong,131,12,27,57,30,5,15.0,서울특별시,성동구,금호동4가,,금호동4가
apartment,c8f62c4fdde5e828fc5dee4404da21a69188afc3715df9e6d3a913dc931005a9,metro,le15,le20,dong,130,10,28,65,26,1,15.0,경기도,평택시,세교동,,세교동
apartment,c8f66181e6f971b7989f49d1fbde9a576a879f177b95174f4c566b89e0f0ff4e,other_urban,m16_25,m21_30,dong,291,11,81,136,55,8,24.0,전남광주통합특별시,남구,봉선동,,봉선동
apartment,c90877063f571111389e514f50baea7f2ad5fd9a990df5154168887bec9643dc,metro_city,m16_25,le20,dong,101,9,31,43,14,4,20.0,대전광역시,유성구,지족동,,지족동
apartment,c90d758cbb700cb172173d5e6deb90dcb9496056e71bfa0c99d17f4023a4b960,metro,m16_25,le20,dong,96,6,22,33,32,3,18.0,경기도,평택시,용이동,,용이동
apartment,c91d1c809dce3c4db0494277e6c943f2ec72759643c9ce0f7b86a324ed6489fc,metro,le15,le20,myeon,211,16,49,95,44,7,15.0,경기도,평택시,진위면,,진위면
apartment,c920b75b58abcb3f0ffce2aefca92d5cc21cab2e9c126e9665e2ba5bafaac15e,metro,m16_25,m21_30,dong,170,7,39,72,48,4,24.0,서울특별시,도봉구,창동,,창동
apartment,c938b48a1bce93887874965201ab2c3b438d37508153781f05b1cab626860f8d,sejong,m16_25,le20,dong,94,5,19,44,25,1,17.0,세종특별자치시,,종촌동,,종촌동
apartment,c93a9caa62a455eb0868375797f1756c2e8dd5c3f6b9c18b63300378cf4dac63,metro,ge26,m21_30,dong,154,5,40,83,23,3,26.0,서울특별시,송파구,가락동,,가락동
apartment,c940447efdfa3ad625af61783999ca97f518f4df6cfc6e58ca60f100b065b855,nonurban,le15,le20,eup,304,18,59,134,66,27,15.0,충청남도,천안시,서북구,직산읍,직산읍
apartment,c947d9a9c28f5a6b38ec0a411d17f9112b8678c0b6570180b5378459a4064c0d,other_urban,le15,le20,dong,146,15,28,57,34,12,12.0,경상남도,김해시,구산동,,구산동
apartment,c94ab4b80dd02bee0df23634e8cae87f70ff0fe923d34c546af69ef6d4042651,metro,ge26,m21_30,dong,643,21,168,288,160,6,28.0,경기도,안양시,동안구,비산동,비산동
apartment,c94de1be18886a20f7b7bc384c05b02e57cfe2ac93f5e0cefeff5d1afb27a820,other_urban,m16_25,m21_30,dong,151,5,43,75,26,2,25.0,전남광주통합특별시,북구,신용동,,신용동
apartment,c950255644602bee8a263660b4e6fddeca007d9cbcca76c15caf9d19a6bed5ce,nonurban,m16_25,m21_30,eup,317,8,89,147,70,3,25.0,전남광주통합특별시,무안군,삼향읍,,삼향읍
apartment,c950740caf3c26b297afdc829b032a824f843b2f0b1bd351e518e0bde4f775cf,metro_city,m16_25,m21_30,dong,168,7,44,72,43,2,22.0,울산광역시,북구,신천동,,신천동
apartment,c950b2f3886e5ee9f2b36964d527945218fe0c74d2fc47954bb8041fcb2a7421,metro,m16_25,le20,myeon,300,16,68,125,81,10,18.0,경기도,평택시,고덕면,,고덕면
apartment,c95d9f4c2595706ff9ca5739d6c7ff0e751d549a886f3b20877b4eace9114322,metro,le15,le20,dong,56,5,11,19,18,3,15.0,경기도,양주시,덕계동,,덕계동
apartment,c95fa58c1b321a517675a8aafee912c7a18c47c5fd0c061e3579ea603d832efa,other_urban,m16_25,le20,dong,219,10,62,100,46,1,20.0,충청남도,아산시,풍기동,,풍기동
apartment,c96429927cdfe9742bbddd5835057ebf78a70f934371c110fcfa74d204e2be4c,other_urban,le15,le20,dong,90,6,20,33,22,9,12.0,충청북도,청주시,서원구,사직동,사직동
apartment,c966e8a701f5e9a7db778785912b72486b1c1799076cfdb2f7f85c3118a8f8aa,other_urban,le15,le20,dong,212,14,46,80,61,11,15.0,경상북도,김천시,신음동,,신음동
apartment,c970a0502a755c8fcfd3cc7a5529209bb62e3d6f7432eed47c8cf002817c79b3,other_urban,le15,le20,dong,121,8,22,55,31,5,15.0,전남광주통합특별시,목포시,상동,,상동
apartment,c97a2bbb8dc54a65b57b2993ef31657dd44c40646fb7557e21697e8f34e2e9dc,other_urban,m16_25,m21_30,dong,142,7,44,58,32,1,25.0,전남광주통합특별시,남구,백운동,,백운동
apartment,c97ecbc1169d4e9b8b31eafc817b66f459b4852348459e8840f570c80d415faf,metro,le15,le20,dong,177,5,38,84,42,8,15.0,서울특별시,양천구,신정동,,신정동
apartment,c9a778efc352be29bb0e9ade0bfd5b1cd3f6d429843cfc141ae19479885c5dcd,other_urban,m16_25,le20,dong,217,6,62,88,53,8,20.0,경상북도,영주시,휴천동,,휴천동
apartment,c9ce4c044be7951f156d2748adcc117e1a9115e3f720f77c23dc3ee547a0c6a0,nonurban,le15,le20,eup,67,5,18,20,20,4,15.0,경상남도,창원시,마산회원구,내서읍,내서읍
apartment,c9d06f4b0aba0ef43e40ac1edc66a4b55ffb190d371a5677ee5f5eda41cc7062,metro,m16_25,le20,dong,178,9,39,78,46,6,20.0,경기도,용인시,기흥구,중동,중동
apartment,c9d1dee9b4eb7e65641769b77def71b8a70a2e0c1afbc7824945d651a975db99,other_urban,le15,le20,dong,115,9,27,43,29,7,15.0,경상남도,창원시,의창구,서상동,서상동
apartment,c9d256911bae49bcddb2e04881897e4e35386572dca64746e31e78a735b0c2b8,nonurban,ge26,m21_30,eup,472,16,110,222,115,9,27.0,충청남도,당진시,송악읍,,송악읍
apartment,c9dcc53e42d0e3eb49048903fc14b71caafd218df0f790fa633783bcc45891ce,nonurban,m16_25,m21_30,eup,344,6,115,196,26,1,25.0,경상북도,예천군,호명읍,,호명읍
apartment,c9ecd0f181e2430f57f9b5997a14b086a08a0ec026fbc6b012c516d0a89dbe06,metro,m16_25,m21_30,dong,113,6,39,38,29,1,22.0,서울특별시,강동구,고덕동,,고덕동
apartment,c9f7e5be90cbd668f01c83b0904d06da55046f9130b86aee73bc84a10c701784,metro_city,m16_25,le20,dong,107,5,21,56,23,2,19.0,대구광역시,북구,구암동,,구암동
apartment,c9f8523e834e6fe18aadd32f6767b6b5ad12bda20744ef4c9f1ba3448e9c15b7,other_urban,m16_25,m21_30,dong,419,13,129,172,99,6,25.0,전북특별자치도,전주시,완산구,태평동,태평동
apartment,ca088b1428f70e73de2cc3e25d6a4dd770f4cbd0bbf205cf29913d6e37a719b1,nonurban,m16_25,le20,eup,370,13,80,148,114,15,18.0,충청북도,청주시,청원구,오창읍,오창읍
apartment,ca16a28281481d87ab976f1aa3a9113f141daefb4e33ed01ed8ab803ddb6848d,metro,le15,le20,dong,164,10,40,66,44,4,15.0,경기도,여주시,교동,,교동
apartment,ca20f4d6067ae2d2850f1a6c9cee7e7a86effbf9405d857ab682aec85a0ef83e,metro,m16_25,le20,eup,88,8,18,32,25,5,20.0,경기도,용인시,처인구,포곡읍,포곡읍
apartment,ca264220bfd48301a724c12dcbc458f6d28fbb2867e4ee8f0ddcac50fcaa0811,other_urban,le15,le20,dong,90,9,0,39,16,26,5.0,경상북도,상주시,냉림동,,냉림동
apartment,ca370c28b262a70b0636241d684cf0748cd4ada4af24170021458d7645b00b7d,metro_city,le15,le20,dong,84,5,15,44,17,3,15.0,울산광역시,남구,옥동,,옥동
apartment,ca3843054b7ccec334445942be9dd46a6eb6818075c5d446692d739fe443fb19,other_urban,m16_25,le20,dong,75,7,24,26,16,2,17.0,충청북도,제천시,교동,,교동
apartment,ca3df5de3bb3fb43116ff0bfbfcbbf31bc366c5a271d5e8e055b62b6a194f2cf,metro,m16_25,le20,eup,152,8,38,67,35,4,20.0,경기도,평택시,안중읍,,안중읍
apartment,ca60d130f2c215832e12127407c8f429e7e1b8961ae7f54ab372e01cc5af6c4b,other_urban,le15,le20,dong,134,9,19,51,43,12,15.0,전남광주통합특별시,북구,양산동,,양산동
apartment,ca6e10e7384bf82dd168d7004f2dafda7e46a2dd8d43904b04323d26c3548062,metro_city,m16_25,le20,dong,172,12,45,70,44,1,17.0,대구광역시,북구,복현동,,복현동
apartment,ca8f89b84ae1d246655fb6dd70e22a95edca747a6773df15cd544c5b0aa0e8aa,other_urban,le15,le20,dong,203,15,44,88,42,14,15.0,충청남도,천안시,동남구,청당동,청당동
apartment,ca909a6e7529d0f324c05630dc6c7c3b381b83c254f8544a049364a4d2922666,other_urban,ge26,m21_30,dong,179,5,59,75,37,3,29.0,충청남도,당진시,수청동,,수청동
apartment,ca9a6d5b83b3ada32a5daf18e2021357707b4d95ca8a61bd5f3fd001c140ec8f,metro,m16_25,le20,dong,153,9,42,62,38,2,20.0,경기도,수원시,권선구,권선동,권선동
apartment,caaf8f461ba6912a0888d7351ed320d8070d5d60bd92aac65122ecc7c84466d3,other_urban,m16_25,m21_30,dong,158,10,63,63,21,1,22.0,충청남도,천안시,동남구,청수동,청수동
apartment,cab4fe26f1b83a9411c6b3cc74de6ee9bcd0ad4e2feece859f2b624268a80659,metro_city,le15,le20,dong,142,10,33,49,40,10,15.0,대구광역시,북구,읍내동,,읍내동
apartment,cac8e3c6090e7d17b38072e29e89902cbda669a7f91de15069fa1c85d9b76db9,other_urban,le15,le20,dong,61,14,0,24,13,10,5.0,강원특별자치도,동해시,이로동,,이로동
apartment,caf477805fec562b6523b1f25621390659b3ba7fe2ec66106fa3ff7858dcf641,other_urban,le15,le20,dong,77,6,15,32,21,3,15.0,전남광주통합특별시,목포시,옥암동,,옥암동
apartment,cafb40b8f06ac3fc58d5bc4766b548b80c48aeaf582b03426078163d3b536219,other_urban,le15,le20,dong,69,10,0,28,20,11,5.0,전남광주통합특별시,목포시,산정동,,산정동
apartment,cafe7e48ff2cf49d82e9f0ac8b6783afc452a6d4b571e17325b06392c6336379,metro,le15,le20,dong,72,5,14,31,18,4,15.0,경기도,평택시,동삭동,,동삭동
apartment,cb012e9245edfc7690b40f2356e9913895ea2d95ca2dfb653d4c5fc62d464bfc,metro,m16_25,le20,dong,106,5,25,49,24,3,20.0,서울특별시,양천구,신정동,,신정동
apartment,cb0c6fc41558951d5dd95188caf972ad6fd199a6c71b54263ccea1429c77b7ea,metro,m16_25,le20,dong,75,6,13,33,22,1,20.0,서울특별시,강동구,천호동,,천호동
apartment,cb13e4e9629f861c58bc14b45323edb3cea452960090922413b0608f669e0b96,metro,le15,le20,dong,84,18,0,33,16,17,6.0,경기도,수원시,영통구,매탄동,매탄동
apartment,cb13fd562a1f6787db8e1b072bd1407f3dd13907c45151e72b97576ab2732bdb,metro,le15,le20,dong,66,5,14,28,14,5,15.0,경기도,포천시,신읍동,,신읍동
apartment,cb1781e2b29034842af1dce5919fe6663d747c12c7fdae0ad569ea9bb7fdabd3,metro,m16_25,le20,dong,180,5,45,92,34,4,20.0,경기도,오산시,금암동,,금암동
apartment,cb19f628e0d90b11b91f40c8dee83b6888501ef2f38f404a46f3de4b8e3f6dcc,metro,m16_25,m21_30,dong,70,6,21,35,5,3,21.0,경기도,안양시,동안구,호계동,호계동
apartment,cb2a025e3aa0816573cde00b2fc9a437c459582b19eaac7b9ea1d770b0c9945f,nonurban,m16_25,le20,eup,203,11,48,76,59,9,20.0,경상북도,경산시,진량읍,,진량읍
apartment,cb2f4d23c47e0577085b7ba94234728b95b63acf843669ab9fee6e2cd6afd7e8,nonurban,le15,le20,myeon,134,12,26,64,29,3,15.0,전북특별자치도,완주군,이서면,,이서면
apartment,cb328404657cfa52ec87eb018e898ba7174c1f6c315e4b895405bc772c53f16b,metro,m16_25,le20,dong,296,9,78,144,60,5,18.0,경기도,화성시,병점구,병점동,병점동
apartment,cb33edff64f591751f91f4318a239a335b8227dec6899c4533158317b6e6007f,metro,le15,le20,dong,89,9,21,30,26,3,14.0,서울특별시,강남구,대치동,,대치동
apartment,cb3dc0d74821a4d0fa0d33405c17b5898acedc029095039efdd6e9cfd9d6f26a,metro_city,le15,le20,dong,114,5,25,42,36,6,15.0,부산광역시,북구,만덕동,,만덕동
apartment,cb3de880ecc964272059ca261de08e999bcad1a9d6b27c33c31465ffed4e18c7,metro,ge26,m21_30,dong,450,10,103,193,128,16,26.0,경기도,용인시,기흥구,영덕동,영덕동
apartment,cb3e697017c269102482bfd19cbad784842926a82f62854b1aa6c06d2658a22a,metro,le15,le20,eup,77,5,17,33,18,4,15.0,경기도,화성시,만세구,향남읍,향남읍
apartment,cb490dfdcb65b6b3227c944708b6aaa9eb6341c8e8d7f894cf7ab3f63b714148,metro,ge26,m21_30,dong,503,6,168,283,45,1,29.0,경기도,김포시,구래동,,구래동
apartment,cb562cd1e3210a170d4ec1c040bc4060f76499fc5fce241a674664d5d0bcec19,other_urban,m16_25,le20,dong,163,6,44,73,37,3,20.0,전북특별자치도,군산시,수송동,,수송동
apartment,cb5d8493316e7a8b43db6b16f5bdc864f0d9a360f56c1f027e886766889562e2,metro,m16_25,le20,dong,128,5,25,61,33,4,19.0,경기도,의정부시,민락동,,민락동
apartment,cb65a363df772f8ef02a5a19251443c423cf670aa1b8becd24eefa1dc557db27,other_urban,le15,le20,dong,389,23,95,136,116,19,15.0,충청남도,서산시,읍내동,,읍내동
apartment,cb6dd84d3295af2a13f04c15996cfe266ac3a3dd3f666914daf293a3ba1c6880,nonurban,m16_25,le20,eup,109,10,33,39,23,4,19.0,경상북도,경산시,압량읍,,압량읍
apartment,cb72577d9cdf5b90d15b4768626de60e1bd2b01b7297be848888926dc8939027,other_urban,le15,le20,dong,87,22,0,28,22,15,5.0,충청남도,보령시,명천동,,명천동
apartment,cb7b4106dab92fedd8a85f0f85cb87b05fa2757cab002e9b26ecd3f8c0b0cdda,metro,le15,le20,dong,165,12,32,75,36,10,15.0,인천광역시,검단구,왕길동,,왕길동
apartment,cb8d485efeccfc7f9d916fe33dee43cb58b79c24a3753b1b50328d8cf92d6eef,other_urban,m16_25,le20,dong,192,19,47,67,46,13,20.0,경상남도,양산시,평산동,,평산동
apartment,cb8d92678842b39baf3560e1a37359bb2806b228b588529d256b3a34ce8d8f8c,other_urban,m16_25,le20,dong,401,21,112,188,67,13,20.0,충청북도,청주시,서원구,분평동,분평동
apartment,cb8dada90f6f22b1b60d719098a73d9f4d2ea663b8f48b5babeb27366ca710b5,metro,le15,le20,dong,84,7,14,32,24,7,15.0,인천광역시,검단구,원당동,,원당동
apartment,cb9240b0633b4f9d2fcf1f43a276048ace280c2df0b3d206b176b69dd90b769e,nonurban,le15,le20,eup,65,5,11,26,15,8,15.0,강원특별자치도,양구군,양구읍,,양구읍
apartment,cb9503b845a59906f4a090dde6bac4c4fffb2b26dda2d2bfaa89c66e7f9c0ae4,other_urban,m16_25,m21_30,dong,158,5,41,65,41,6,25.0,전남광주통합특별시,광산구,선암동,,선암동
apartment,cb9c39979e8accdbc24eca112afdfa97aca8f547863ed19a04cb2b7001816ee9,other_urban,le15,le20,dong,169,13,33,71,45,7,15.0,강원특별자치도,원주시,관설동,,관설동
apartment,cba01c8e4c7efa99417a2b64844946b2c68e536c51135f1c0f202d2f6303e93b,metro_city,m16_25,m21_30,dong,251,13,59,96,82,1,21.0,부산광역시,북구,구포동,,구포동
apartment,cbbab6ef7ad5b7fec2562d496d99c10b79489ec7961238660679cf5f3fb5a96d,other_urban,le15,le20,dong,707,54,149,303,167,34,15.0,강원특별자치도,태백시,황지동,,황지동
apartment,cbc17eb5672cce4256b88aebaad6951d3b657599dd5ba9ed8390fc2cb89b7831,metro,m16_25,m21_30,dong,60,5,18,29,7,1,25.0,경기도,남양주시,별내동,,별내동
apartment,cbcc85f928e6a6ce356200bed143263cacda8ab2cdbd435a6ef742b6b6cf337e,metro,le15,le20,dong,139,11,25,46,40,17,15.0,인천광역시,부평구,산곡동,,산곡동
apartment,cbcd508230f32067bb795733b0f27579b06560f7b7bfe48b31c57f948b3997f1,metro,ge26,m21_30,dong,119,14,42,56,5,2,29.0,경기도,성남시,분당구,수내동,수내동
apartment,cbd3cb04fb8c1b0eb19458e3658b4dda0b25edb486f39e91e206eb9591d12f50,metro_city,m16_25,m21_30,dong,179,5,57,99,16,2,22.0,대전광역시,서구,탄방동,,탄방동
apartment,cbde3797c63637f7f6be8c5e3d8e8a6b6e9130a380eaaa23247ec779e0d45396,metro,le15,le20,dong,153,14,26,60,49,4,14.0,서울특별시,성북구,하월곡동,,하월곡동
apartment,cbe4256655fc1a37695b068ee6512c73470416c8a58d04f1903b8850c524f44d,other_urban,le15,le20,dong,147,7,32,47,46,15,15.0,전남광주통합특별시,목포시,옥암동,,옥암동
apartment,cbe91b74a5cacd23207cade52a6d03761bc9ee9582bbd921c5545fe17b6b2e5f,metro,le15,le20,dong,75,5,8,32,24,6,15.0,경기도,고양시,일산서구,대화동,대화동
apartment,cbf312920df9b4184449809110f06be0dafccb3d6d2824cb169b9ad7f327aa51,metro,m16_25,le20,dong,51,6,14,22,8,1,20.0,경기도,고양시,덕양구,화정동,화정동
apartment,cbf791818d66106642d40d0cdb251ab48cf5a0b6713f484375d3e44f6b4d7e9a,metro,m16_25,m21_30,dong,111,6,26,52,26,1,24.0,경기도,양주시,덕정동,,덕정동
apartment,cbf7f85734348011aaae5a8fbfaf0f69172bc19c5d444411d305e3edf65a0609,metro_city,ge26,ge31,dong,151,5,37,69,38,2,33.0,대전광역시,유성구,용산동,,용산동
apartment,cbfe3971a74d0eef59f6788037c1335e83af91a218fa9a2bf7f698f64dc25b90,other_urban,m16_25,m21_30,dong,128,10,33,71,11,3,25.0,충청북도,청주시,서원구,분평동,분평동
apartment,cc04f594e34030b17ca688b4ce529773cd0bf7014ca6f372bbee4a5f481a6636,metro,m16_25,le20,dong,165,8,52,59,43,3,20.0,서울특별시,서대문구,북아현동,,북아현동
apartment,cc094111fde477ec9aaf7f566f311b9381b5d7046e401e6060bd435c1cf191ff,metro,le15,le20,dong,275,14,57,125,61,18,15.0,서울특별시,노원구,상계동,,상계동
apartment,cc0f8ec109f6e64e8891d22f5073d9c3b46e32c29567fd348822e3727188e6b4,metro,le15,le20,dong,144,5,29,52,52,6,14.0,경기도,수원시,권선구,권선동,권선동
apartment,cc2bfb092f0f351b45c4c3c49af8d166dd359f79db181fe26faded528817a231,metro,le15,le20,dong,108,5,23,36,38,6,15.0,경기도,의정부시,호원동,,호원동
apartment,cc39f047ec79a0731ab53d90c5e5dbd7221c271dfa5b2207a408db9f4997ac2a,other_urban,le15,le20,dong,182,9,32,87,44,10,15.0,전남광주통합특별시,북구,양산동,,양산동
apartment,cc428950faa871b25d6c6c3bd04e8eb05751cb24f25c5363dfa99406a14ab363,other_urban,le15,le20,dong,96,10,19,34,28,5,15.0,전남광주통합특별시,목포시,연산동,,연산동
apartment,cc486a87bc2c99be4d3cc596edbc0afc0c20ab949287da984eab1183142c9914,other_urban,le15,le20,dong,60,8,12,21,16,3,15.0,전북특별자치도,남원시,고죽동,,고죽동
apartment,cc5152c35b3cb7067a236fa15b73941c0d788beb286e622fac365ec4398c7ba8,other_urban,le15,le20,dong,56,18,0,22,5,11,5.0,경상북도,구미시,형곡동,,형곡동
apartment,cc59c256a6c91b5ea516a918eeb0fc02c4d7a01066429cd3d44fce253c8d31f7,nonurban,le15,le20,eup,146,6,25,57,45,13,15.0,경상북도,포항시,남구,오천읍,오천읍
apartment,cc63076584bbb9cc6e41c38e775662dc4a6f658448f3654b3260814a7614ca8d,other_urban,le15,le20,dong,60,15,0,28,7,10,5.0,경상북도,영주시,가흥동,,가흥동
apartment,cc70349fcfe231fa532da1a0ca74e386a631e5ac9fe716d3202bbb0a0468a8f2,metro,le15,le20,dong,57,12,0,23,8,14,6.0,인천광역시,미추홀구,학익동,,학익동
apartment,cc7360f6b39f1a5297eb84ac0a51af2fc8bac14ad5a0a2149dee76430e60f199,other_urban,ge26,m21_30,dong,174,5,39,79,49,2,29.0,전북특별자치도,전주시,덕진구,송천동2가,송천동2가
apartment,cc7643aeb5a631d0ca31e630caf4525945ed25a5680c93ea4e172ad09bf7ab98,other_urban,m16_25,le20,dong,205,10,58,98,34,5,20.0,전남광주통합특별시,북구,문흥동,,문흥동
apartment,cc776293e4108011ac4afb6034ad414905f33d4c547bcbedb604b4bb52bbfea9,metro,m16_25,m21_30,dong,75,5,17,26,23,4,21.0,서울특별시,구로구,구로동,,구로동
apartment,cc86ed6be2bc74fa55f244b2152881d7545433110269137bf8dd0574f9a40295,metro,m16_25,le20,dong,269,11,92,136,25,5,20.0,서울특별시,성북구,보문동6가,,보문동6가
apartment,cc933850f4472eb3d5189a2f8b2d2221d19e92906750b227ca984c392c6a3324,nonurban,m16_25,m21_30,eup,311,12,90,152,51,6,25.0,경상북도,경산시,진량읍,,진량읍
apartment,cc9442e5ee6bfdfb71fc10425b6b806deb827a2cd4468f26fadac7fae3498031,other_urban,le15,le20,dong,164,7,38,61,40,18,15.0,경상북도,김천시,교동,,교동
apartment,cc97c634e3742c1c6b3dd743a43cdee444bc150fb65600b24c73210c7e54504a,other_urban,m16_25,le20,dong,128,7,31,54,32,4,18.0,충청북도,충주시,연수동,,연수동
apartment,ccb0f3c01a9ea1080c91db79734c3b493b28ac5e9e5d632e665e69b8ca2a3455,metro_city,m16_25,m21_30,dong,299,14,73,122,79,11,25.0,부산광역시,부산진구,양정동,,양정동
apartment,ccb64d9bcf6a81dd79d8c168d37aee491cda57dccc10ff34c9ef73247e1a6590,metro,m16_25,m21_30,dong,275,6,74,132,60,3,21.0,경기도,성남시,수정구,창곡동,창곡동
apartment,ccbbc60cdb2e2051d6d1828ba35bd3699f8127d104fbec2fe9fbe44881a7e9e7,other_urban,le15,le20,dong,323,23,58,134,80,28,15.0,전북특별자치도,익산시,어양동,,어양동
apartment,ccbe94d850721b6bf45cdbed2aa0c60ecb86b12b25479fb3384aef19c51b597f,other_urban,le15,le20,dong,146,15,23,52,44,12,15.0,전북특별자치도,군산시,수송동,,수송동
apartment,ccc0d9d8a1dac4b25a73df61a98e230114974d40149d777a2f009306410841bd,metro,m16_25,le20,eup,201,8,42,92,55,4,19.0,경기도,화성시,만세구,향남읍,향남읍
apartment,ccc7f22467973d03b3c3f8bdfb003832dd7c99f5c690ac506f297714ba0e584e,metro,m16_25,le20,dong,118,6,26,48,33,5,20.0,경기도,수원시,장안구,율전동,율전동
apartment,ccc9749af7b3f74488214506b883cfa7230725fff1970cb8df9051464f3c198e,metro,ge26,m21_30,dong,226,8,74,115,27,2,28.0,경기도,과천시,부림동,,부림동
apartment,ccd7e6d400a9ffdca4ac7589a289d7023e13f9995f892ee8462da9e997ace19e,other_urban,m16_25,m21_30,dong,109,6,36,38,27,2,21.0,전남광주통합특별시,동구,소태동,,소태동
apartment,cce0a3142d4ba276bb97584d10586e98ea51b856021198ad6b5d8c6ad353b600,nonurban,le15,le20,eup,134,8,25,58,34,9,15.0,경상남도,창원시,마산회원구,내서읍,내서읍
apartment,cce238829206f6c0937eff9c469ea9f6b1afe39d7f4a82966214790e78885f26,metro_city,le15,le20,dong,154,14,30,63,36,11,10.0,대전광역시,중구,산성동,,산성동
apartment,cce403cf17dfd6ef24a63b5076e9cfb84222c54fe334c98cb65b64c81c070891,other_urban,m16_25,le20,dong,154,13,30,59,44,8,17.0,전북특별자치도,전주시,덕진구,송천동1가,송천동1가
apartment,cce885514455521be7bb76845ad584823dad2e0b88787ec4d70e1444ef5bdef8,metro,m16_25,le20,dong,135,8,33,58,33,3,20.0,경기도,화성시,동탄구,영천동,영천동
apartment,cd0b79798193cc237d9d51e5e4dfab0e0c42f30db2559c0671aa9acfa4e07f66,other_urban,le15,le20,dong,68,9,15,27,12,5,12.0,충청북도,충주시,풍동,,풍동
apartment,cd0d8e3a80043e296f3fa1fa03aec4366681f2da126d27918cc8505446b84483,metro_city,m16_25,m21_30,dong,292,11,73,145,61,2,25.0,부산광역시,사하구,장림동,,장림동
apartment,cd10fd669e935a1c19994a6a34540452fcbf229e2b77a6c332d7840c567e08bd,other_urban,m16_25,le20,dong,65,5,23,21,11,5,20.0,충청남도,천안시,동남구,원성동,원성동
apartment,cd1133def7f8ec74e4ed187269554505fbc29c72b9a11501600aff4a69f739fc,metro,m16_25,le20,dong,143,7,43,58,29,6,20.0,서울특별시,서대문구,홍제동,,홍제동
apartment,cd19376ec5ae40718aa6fe336c03484d808615cde74bc291708e79a9be441315,metro,ge26,m21_30,dong,398,14,122,172,85,5,27.0,서울특별시,관악구,봉천동,,봉천동
apartment,cd2b7ec2a24d5a18c8dee11f5a155be299393b9de2c0476ba982e1f2f3860b82,metro,le15,le20,dong,110,9,25,45,28,3,15.0,경기도,과천시,별양동,,별양동
apartment,cd38955df23fe6f948c9ba9e988d2e5e69759561092ac05ef1e40a651cbe2871,other_urban,m16_25,le20,dong,185,15,35,103,23,9,18.0,전북특별자치도,전주시,완산구,삼천동1가,삼천동1가
apartment,cd3a9f9e442505699c1ede49e29c6b187e21a9c95ed9c866ebe837a668aa0a77,metro,le15,le20,dong,82,6,18,32,18,8,15.0,서울특별시,노원구,상계동,,상계동
apartment,cd46c037d62da7757af2b297eabf698c5f2e569495b3e00c3dc2c1b2e05bcbf0,metro_city,le15,le20,dong,115,5,23,40,40,7,15.0,부산광역시,사상구,주례동,,주례동
apartment,cd48042dec5a248b7a837023ae7b279498a2173fef4a21fa97063b92f7fa8404,other_urban,le15,le20,dong,77,7,17,31,18,4,15.0,전남광주통합특별시,북구,문흥동,,문흥동
apartment,cd5ccb80480497425f8e7317ee6ecd9799215342f1fef9df98251302cae643fa,other_urban,m16_25,m21_30,dong,121,6,25,53,35,2,23.0,경상남도,김해시,관동동,,관동동
apartment,cd5d2945e42199abf19af0905ebd9134f45d47e741ed26d055085abf1b169a0e,metro_city,m16_25,le20,eup,117,7,29,57,22,2,20.0,대구광역시,달성군,화원읍,,화원읍
apartment,cd6860484a52516ddfc8f0391390c84d62fe2694d3ab0481e3164028336055f0,other_urban,le15,le20,dong,82,9,17,37,15,4,15.0,전남광주통합특별시,북구,일곡동,,일곡동
apartment,cd743dbc5afda9f9fc7f1df46b40f4ba4c7a7fb13e67241a52fdcfac6723ab07,metro_city,m16_25,m21_30,dong,233,8,51,94,71,9,25.0,부산광역시,해운대구,반여동,,반여동
apartment,cd8c0690f1161e0e1e5c3b3e8fd0fd58fd43113c26c95f52ea6dbaaa76e74a82,metro,ge26,m21_30,dong,137,6,41,49,37,4,30.0,경기도,하남시,감이동,,감이동
apartment,cd9f3b7ad77fe4569dd1c31ff50fe64246725fb0c5deb37be05679305747048f,other_urban,le15,le20,dong,142,9,34,62,34,3,15.0,경상북도,상주시,낙양동,,낙양동
apartment,cd9f58b10b068581a9c54f6bcc4168d8c1a344d5c5dd9fb9513f344edc147715,other_urban,m16_25,le20,dong,196,13,48,98,34,3,18.0,전북특별자치도,익산시,어양동,,어양동
apartment,cda5d3a77edc8866fdf0627acfdfeda67c486401f54b5569060fa90cef7175d4,other_urban,m16_25,le20,dong,309,6,91,133,73,6,19.0,경상북도,김천시,덕곡동,,덕곡동
apartment,cdaf556c9cdd6e1de32620fbed500c4a8632a059b4f186064f430b5d1ac70b05,metro_city,le15,le20,dong,243,21,49,105,56,12,15.0,대전광역시,서구,정림동,,정림동
apartment,cdb0be0bf3f9c26fdba2b9957a0969545f9cc37b7a363260772699bd6c70b5e8,metro,le15,le20,dong,248,18,56,93,65,16,15.0,경기도,수원시,권선구,세류동,세류동
apartment,cdbfeb500fe5debe7e778d07eeef9dc6c6331d44c7a4e32ea4cbf47bb39c2dfa,metro,m16_25,le20,dong,221,6,59,103,47,6,20.0,경기도,의정부시,신곡동,,신곡동
apartment,cdc2bd16cf80b498d66b91a3a6b54317a4ecdcb34e03402e10ce4a9b0914a92f,metro_city,m16_25,le20,dong,111,5,24,59,17,6,19.0,부산광역시,해운대구,우동,,우동
apartment,cdd73ba1511f7e37edfc6253a139754194e39c73849c676a6d446d686675254f,other_urban,m16_25,le20,dong,176,12,45,85,31,3,20.0,전북특별자치도,전주시,완산구,효자동2가,효자동2가
apartment,cde0637124c22c320d647413a86c85f40f2771445af78471d2f674b78d5766d0,metro,le15,le20,dong,153,11,21,67,42,12,12.0,경기도,수원시,권선구,권선동,권선동
apartment,cde52ec3788b9cfca535b5235bcab849d6ca6ba79489beb7a2b3dea3712b3f6a,metro,m16_25,le20,dong,71,5,22,35,8,1,20.0,인천광역시,계양구,효성동,,효성동
apartment,cde640ac34a3a28908d5b0685caba4df051a2de2b547077aa63ae6584645ed00,metro,le15,le20,dong,97,12,29,32,14,10,10.0,경기도,시흥시,정왕동,,정왕동
apartment,cdf9ed1284e4a905d2152046a5f7af13d5ad731f6d0ae317a7a502a3f0e90603,metro,le15,le20,eup,101,13,20,44,21,3,12.0,경기도,평택시,포승읍,,포승읍
apartment,cdfaf74098fef81f93a4b669212ce363276a4772587cfd7aea2f57ab4cf2af87,metro,m16_25,m21_30,dong,53,6,15,13,17,2,23.0,경기도,구리시,교문동,,교문동
apartment,cdfbe37bb2bf3ba78b664ba23c04cb5dab63b3f98ba1eab05c5e51358fe53ff2,metro_city,m16_25,le20,dong,67,7,15,26,15,4,20.0,부산광역시,해운대구,반송동,,반송동
apartment,ce03f26c3d77b9d844227e878f65b9840ae1864361779587d07ab515e94e2382,other_urban,le15,le20,dong,85,5,24,30,20,6,15.0,강원특별자치도,원주시,반곡동,,반곡동
apartment,ce0ebdbc9d30cd50aceb9194e7df540747c7e7827319f398d6927ace6e9c587a,other_urban,le15,le20,dong,149,8,21,85,32,3,15.0,강원특별자치도,동해시,평릉동,,평릉동
apartment,ce1032f8d5c433ddfba5db5fb24878c9c81b5ce581253fceb7ff4bee9679dc31,metro,m16_25,le20,dong,92,8,23,30,27,4,17.0,경기도,고양시,일산서구,탄현동,탄현동
apartment,ce1948a16667efc67f07d65f8bfd0e39f6d6e71acfcb8eefcad5a267eaca5885,metro,m16_25,le20,eup,175,10,43,64,45,13,17.0,경기도,이천시,부발읍,,부발읍
apartment,ce2cf03e8068f8f8f938cd40861f9a79948e18dcca59967a57e9147c7e03ba85,metro_city,m16_25,le20,dong,81,8,20,30,19,4,20.0,부산광역시,사하구,당리동,,당리동
apartment,ce3088f95fa9fbbd1f85638bde41847efba8ab85cabe7f86f0baa7abee6055d9,metro,m16_25,m21_30,dong,352,21,72,151,98,10,25.0,서울특별시,구로구,개봉동,,개봉동
apartment,ce3128dddc843cd2236c1ce2e888f2557236d49693b08df0bbee86da5dc5bbb1,metro,le15,le20,dong,76,5,13,31,24,3,15.0,경기도,평택시,서정동,,서정동
apartment,ce313fdb4a0238fa8ca90869f7d4441865af03baf23df0b37a23a841daa5c709,metro,le15,le20,dong,79,5,15,39,15,5,15.0,경기도,성남시,중원구,은행동,은행동
apartment,ce3bdc75868887fd4ceadf312e5e4ebeab93ab0770e4e59f99958652517e9a28,metro_city,le15,le20,dong,165,6,33,75,47,4,15.0,대전광역시,중구,목동,,목동
apartment,ce5c7e35f956c88f7e6b2ca3d2a3694000aec9a8076ca8813afe37f5921b0653,metro,ge26,m21_30,dong,403,7,101,183,104,8,30.0,경기도,화성시,동탄구,영천동,영천동
apartment,ce5e8081de629be96b96121e7b18cc7facafcc3d0e2b1996c198c9f0bb0845a4,other_urban,le15,le20,dong,158,9,30,66,39,14,15.0,전북특별자치도,군산시,나운동,,나운동
apartment,ce606e7c58169a83ebc3f5aec574d6ab71f90c9704b353547aaadca20901d8ff,metro,ge26,m21_30,dong,170,7,67,72,22,2,27.0,인천광역시,서해구,석남동,,석남동
apartment,ce7aef5c22ee43f3a725bf8624b258fb1e04fb09ad1c54cae73f951a8fa040bd,other_urban,le15,le20,dong,227,16,53,90,56,12,15.0,전북특별자치도,전주시,덕진구,인후동1가,인후동1가
apartment,ceb1088e613876c9d64747aac315c57bf8d0d4efaf28e5d2e88f3f804add69a4,metro_city,le15,le20,dong,139,12,32,48,34,13,15.0,울산광역시,남구,야음동,,야음동
apartment,ceb6a8e06bf19a54c48910ffb622d9e30683aa4315f31362eb67855e6ce0b459,other_urban,le15,le20,dong,59,9,7,19,15,9,10.0,충청남도,공주시,웅진동,,웅진동
apartment,cebc8fcdf4faad653e3c4f9f1ce5b1be7391ed503427370ce3755588045e4e38,other_urban,m16_25,le20,dong,154,7,41,54,39,13,20.0,전북특별자치도,군산시,미룡동,,미룡동
apartment,cebd8b75f0c9bbb01c931696ce7231262c65b1b7eda565c5f77730961fddc512,metro,m16_25,le20,dong,157,13,38,82,22,2,20.0,경기도,안성시,신소현동,,신소현동
apartment,ceca38129f4266959adce38cf5ba7612cd4bb476fdc9a8bbe702fab082c41dc5,metro,ge26,m21_30,dong,177,6,48,67,52,4,27.0,경기도,하남시,풍산동,,풍산동
apartment,ced17e5edab8c442f3262e22a9759012cbd565201823927b54700907980eed97,metro,le15,le20,dong,184,9,35,84,43,13,15.0,경기도,남양주시,다산동,,다산동
apartment,ceda34861715382a46884a25fa1ce37d81baeb8878530fac36ae5e12fb3550a2,metro,le15,le20,myeon,118,12,21,53,30,2,15.0,경기도,포천시,신북면,,신북면
apartment,ceef897735916c1f2e07d588ba6c9b09a257527af64fef00ee6a90b7c4ebcd01,metro,m16_25,m21_30,dong,133,8,40,67,16,2,23.0,경기도,광주시,추자동,,추자동
apartment,cef704d3d548178193b37953afef5007fa82ccaf550d0b6af23de1bbdebafe0b,metro,m16_25,m21_30,dong,146,6,52,66,21,1,24.0,서울특별시,강북구,미아동,,미아동
apartment,cf047f83b7fcd32ff0bdffdb7384e673a661fcc7fa35534767b096027c905c21,other_urban,m16_25,le20,dong,116,8,27,59,21,1,20.0,전남광주통합특별시,나주시,빛가람동,,빛가람동
apartment,cf07d8a02962f67051a58568de5cfeef5d9c1b93d51838c46ff425bb0b8e4a8e,metro,m16_25,m21_30,dong,298,9,76,129,75,9,25.0,경기도,광명시,철산동,,철산동
apartment,cf1185e8cf7f8a0538031b4578cdd27127f860d735b4455712ea5743d1e02cde,metro,le15,le20,dong,122,36,0,46,11,29,5.0,경기도,안산시,단원구,고잔동,고잔동
apartment,cf18db7822957891c39db514bd183f6abb6ca1e3d5146fa3199b25199670f6b0,metro,le15,le20,dong,77,5,18,37,14,3,15.0,서울특별시,성동구,금호동4가,,금호동4가
apartment,cf270a8fa0a8e25c5d27655a23564d07e815023dfb2d9892fdf5a7b34f825cae,other_urban,m16_25,m21_30,dong,222,6,58,90,59,9,24.0,경상북도,구미시,옥계동,,옥계동
apartment,cf34d49c109b99ce1ccc534cb887f1c0fb1b57e2c1308efeff8ef89e3ec81a07,other_urban,m16_25,m21_30,dong,460,19,116,190,120,15,22.0,전남광주통합특별시,광산구,운남동,,운남동
apartment,cf3b7e83d2385ee53506aceeaafa61cd5ce99a1041b9a33799861621b41b8437,other_urban,le15,le20,dong,119,7,16,64,26,6,13.0,강원특별자치도,속초시,조양동,,조양동
apartment,cf3de597e74f6b8d894506d0cf5f40ca3d7e6f12a7abfa0c9756e47b81147942,metro,m16_25,le20,dong,98,5,24,40,27,2,16.0,경기도,용인시,수지구,풍덕천동,풍덕천동
apartment,cf4f0fd7908f772d5ef80682c44ee735270db7deba81247db5875a35ca15eff9,metro_city,ge26,m21_30,dong,277,7,74,105,86,5,28.0,부산광역시,북구,만덕동,,만덕동
apartment,cf54dc46646e6f413e19cfc2753d24e1992947ca94d860a06d3d8d3f0a656da0,metro,le15,le20,dong,119,10,26,47,32,4,15.0,서울특별시,노원구,공릉동,,공릉동
apartment,cf63a357822a0734e266cf691d4a43e4e756513b545193846aafe1e961e73314,metro,le15,le20,dong,127,17,48,39,19,4,15.0,서울특별시,양천구,목동,,목동
apartment,cf7d8e5923ff6be9f7607d06ce94d27b18c186cac0ce8022ecb0e770ab2534da,metro,le15,le20,dong,126,5,31,53,31,6,15.0,경기도,양주시,광사동,,광사동
apartment,cf9274216b7439827673798577ac67e75fc87e313d7be8c2d77c4ca355c7ccf4,other_urban,m16_25,le20,dong,126,9,30,52,29,6,18.0,강원특별자치도,춘천시,석사동,,석사동
apartment,cfa0083cbdb0c39fe1e4a626dfd9e8cccddb2f9726f20ff26f56ec5b9dc78cf2,other_urban,le15,le20,dong,114,7,23,45,33,6,15.0,경상북도,포항시,북구,득량동,득량동
apartment,cfb52c9281877d0037448b66c47842761c6355f776d5e78c61784bd67322ccc5,other_urban,le15,le20,dong,54,5,10,19,16,4,15.0,경상남도,진주시,하대동,,하대동
apartment,cfbfc9ae2cdfee128fc94d9940c3623145871170bc5e2652923129ab043aa726,other_urban,le15,le20,dong,115,12,13,48,31,11,13.0,전북특별자치도,군산시,나운동,,나운동
apartment,cfc766c633a05a3e83116829723ffca22bcdbb612121a11092017ee6de26315e,metro,m16_25,m21_30,dong,85,8,19,32,18,8,24.0,경기도,고양시,덕양구,덕은동,덕은동
apartment,cfd50ef7f8485ecfb47634447ee4c6c13408a21946bc8d206e1a0411d91ec85b,metro,m16_25,le20,dong,57,6,13,22,14,2,18.0,경기도,용인시,처인구,유방동,유방동
apartment,cfdb1d551516bc610ba87cda53c3c1089b38fa1318ec31b6b5dc4fafa2ae1634,metro,le15,le20,dong,248,22,49,92,66,19,15.0,경기도,김포시,감정동,,감정동
apartment,cfe8e088a42fbf47d5626c28b3a24f1adb23675dc2b7c53a48059b4b9443e296,other_urban,le15,le20,dong,58,5,15,22,13,3,15.0,전남광주통합특별시,목포시,석현동,,석현동
apartment,cfe932bc638669f2f32f7fa5b9333848898542d1ce0f9d3089317c280137a17a,metro,le15,le20,dong,221,22,34,101,51,13,15.0,경기도,수원시,권선구,세류동,세류동
apartment,cfebbe2acd663aeac8f6f767a200ac5fa4c2029364cfc3b366bbe749acd1c4b3,metro,ge26,m21_30,dong,182,5,39,77,54,7,30.0,경기도,남양주시,다산동,,다산동
apartment,cfee43a555733c19f37201172ea905190b03633a6cdc56f28630080bcd981366,other_urban,m16_25,m21_30,dong,157,8,26,92,30,1,23.0,경상남도,창원시,마산회원구,양덕동,양덕동
apartment,cff46283128e5a62471d298648668011d8d25d65c3c410e7e5f04fb565de44c6,other_urban,m16_25,le20,dong,96,11,16,44,22,3,19.0,전남광주통합특별시,동구,계림동,,계림동
apartment,d002931d86ad9cd7eedecbfecfd4136a98acd0812a350cdfbb541faef22befae,other_urban,le15,le20,dong,98,5,11,45,32,5,12.0,경상남도,창원시,성산구,가음정동,가음정동
apartment,d00a9aa9710307b333b2328080fcd78084901c617d6fe2f4152d1a6d7dae2fcc,metro,le15,le20,dong,98,7,18,43,22,8,15.0,서울특별시,은평구,응암동,,응암동
apartment,d014fff105145bd43169d4b736b4bf4139cef4b41cbd763f017c29603d11abff,other_urban,m16_25,m21_30,dong,115,6,29,54,24,2,23.0,경상남도,창원시,마산합포구,월영동,월영동
apartment,d0173f854b22b65599a32b7c4d6e45678a7b11b9e380f819c138f383d102a63f,other_urban,le15,le20,dong,229,17,47,89,71,5,15.0,전북특별자치도,익산시,영등동,,영등동
apartment,d01c00b46340e3406356320346cf5c22d63fa66f686f3facd413b64fa73e69b4,metro_city,m16_25,m21_30,dong,366,18,101,170,73,4,25.0,대전광역시,중구,태평동,,태평동
apartment,d0226e29ecb50caeeca68b4ecc2a12c5bdd198465232b5d71ef4dc71be640ecd,other_urban,m16_25,le20,dong,61,6,12,23,14,6,19.0,경상남도,창원시,마산합포구,중앙동2가,중앙동2가
apartment,d025f438da21108cf3b84fb6904488a1d7915ea02cccb5273f256908474cb28a,metro,m16_25,m21_30,dong,212,7,51,87,65,2,21.0,서울특별시,송파구,문정동,,문정동
apartment,d032ef04ef42a7df64faf3613e2d79b1876c5831366a2f5581b5951a1c94e4c2,metro,le15,le20,dong,161,11,38,67,37,8,15.0,인천광역시,검단구,왕길동,,왕길동
apartment,d03ac7b2a2dd5f91ecd5379046219580e40c4a6356a98ef32159ab4fde50c617,sejong,m16_25,le20,eup,68,8,28,23,8,1,20.0,세종특별자치시,,조치원읍,,조치원읍
apartment,d03c4fabc47bfce44d2f9f5d7d694a18ddc2c8d4d5577ac0eea65fa72d2eb522,metro_city,m16_25,m21_30,dong,171,10,36,70,47,8,25.0,부산광역시,부산진구,범천동,,범천동
apartment,d03fdb38438143f3423979a11a587a7e35289410b8130664b57cbe766b48df3f,other_urban,le15,le20,dong,230,11,35,101,77,6,15.0,강원특별자치도,춘천시,퇴계동,,퇴계동
apartment,d050980f7194d8f87bb77f71178e681d7af8d4aad13bee5dabac36608ea3c9e8,other_urban,m16_25,le20,dong,220,16,56,88,52,8,20.0,전남광주통합특별시,북구,삼각동,,삼각동
apartment,d050e83e93453b81f997aeb309894f54eb21cc1f76157e048d0feb31f1675600,nonurban,m16_25,le20,eup,77,7,16,32,20,2,20.0,강원특별자치도,양양군,양양읍,,양양읍
apartment,d05f45a496f0a39be1cb4361f8875558c2cd4e20d074b221729bcbcb0a782dee,metro_city,le15,le20,dong,108,13,25,41,22,7,15.0,울산광역시,남구,삼산동,,삼산동
apartment,d06324c2c13dae4cf7aec366536fbb2502af4874e6f377a53efc90d0dce96e74,other_urban,m16_25,le20,dong,118,10,18,50,31,9,20.0,경상북도,영천시,망정동,,망정동
apartment,d0632d57e28cd018b0625fe4e3d0147a681ca09841ef27d6edf29729bcc0db01,metro_city,le15,le20,dong,259,27,56,110,54,12,15.0,대전광역시,서구,만년동,,만년동
apartment,d081e131d36124a351f02699a29d409851b59b10d7cf6672e8e0c76f75756b6b,nonurban,m16_25,le20,myeon,190,5,37,81,64,3,19.0,경상북도,경주시,현곡면,,현곡면
apartment,d08cbdb89817c61800d54607d07387518ad3df83a1ee0e9f9939c5ac0907c1de,metro,le15,le20,dong,66,5,12,26,19,4,14.0,경기도,수원시,권선구,권선동,권선동
apartment,d0abce4a7699a0d8a1cb1d8d7e3c63b0a929776ca9aa0eb101f59f8c599034db,metro,m16_25,m21_30,dong,102,5,30,36,29,2,25.0,서울특별시,구로구,고척동,,고척동
apartment,d0aeb960785912dfc47dfe09544b22570117ae5f1924db48a594a7d18edd10d0,metro_city,m16_25,m21_30,dong,228,8,78,90,50,2,25.0,대전광역시,유성구,봉명동,,봉명동
apartment,d0d0d273dc0426639e9ce111e7878c570c018ec19a385dacb64f8d98e8c7ba18,metro,le15,le20,dong,114,7,22,37,39,9,15.0,서울특별시,노원구,월계동,,월계동
apartment,d0de70e82c6154ec1c1271d665ce5e882c42220fe95665f03f92c24df58ebf43,nonurban,le15,le20,eup,52,8,0,26,10,8,5.0,제주특별자치도,제주시,조천읍,,조천읍
apartment,d0e44b4252ca05b284b96eaee213602be4f3ec7ec0103e179084e6b9b2fc687f,metro,m16_25,le20,dong,277,30,57,112,69,9,18.0,경기도,여주시,현암동,,현암동
apartment,d0eca41aca00fa70cf68b70bf176fbda96feb65caee294cbeea899a057551519,other_urban,m16_25,le20,dong,104,5,24,43,29,3,20.0,경상남도,거제시,상동동,,상동동
apartment,d0f378d3b333795e1ede1b681c4b439aba4b9dca42a48d220202728fa53be909,other_urban,m16_25,le20,dong,123,9,41,38,34,1,20.0,경상북도,포항시,북구,득량동,득량동
apartment,d0f458f94495f25b9680bde335430a3b1d3acf1de432fa2895e49aa386c2ebd4,metro_city,le15,le20,dong,362,19,75,141,99,28,15.0,대전광역시,서구,둔산동,,둔산동
apartment,d0fab95182f50660d41d8906c3c5178d74ad47eb9d692db2557fbea95aa3a207,nonurban,le15,le20,eup,90,15,0,32,25,18,5.0,경상남도,함안군,가야읍,,가야읍
apartment,d108b55a0b8f31ad8fb82e419bd4175610dcd69f30725f47d723e0fc58e69a3e,metro,m16_25,m21_30,dong,199,8,41,99,48,3,25.0,서울특별시,광진구,광장동,,광장동
apartment,d11222b172f521d61e6cd8dbeb87a8b19e33eac33e8bda4b9eafad7b6b123aef,metro_city,le15,le20,dong,109,6,20,49,29,5,15.0,대구광역시,북구,읍내동,,읍내동
apartment,d11e7b3b5aa40867a82e682dfc2d1a7c3bc42f7cea0ab0047beaefcd301d8eca,metro,le15,le20,dong,64,5,24,21,10,4,14.0,서울특별시,강남구,일원동,,일원동
apartment,d123cfdd5beaa4f73f0f6853da69656155de7765ea5ed7df8078f3b42ef4b014,other_urban,le15,le20,dong,142,5,30,54,42,11,15.0,충청북도,청주시,서원구,분평동,분평동
apartment,d124fc08681c4ad140eb8e0ed05d926251c4a00a9d380ac4f29bbb522340fd76,metro,m16_25,le20,dong,87,9,21,38,18,1,18.0,인천광역시,미추홀구,학익동,,학익동
apartment,d12bbd0b51aade893dd6a5a5954954e304fe49b592d4ed6c59dc594bf5143158,metro_city,le15,le20,dong,79,5,23,30,13,8,12.0,대전광역시,서구,탄방동,,탄방동
apartment,d1304440e88744a2eb21d134c4e5ebbf7515cc9e428376044ac502ee724676be,metro,m16_25,m21_30,dong,127,9,44,70,3,1,22.0,경기도,안양시,동안구,평촌동,평촌동
apartment,d136dfc022183923b49a105bc80e7b4afa134df994d54464ffccf92e9c33cf9e,other_urban,le15,le20,dong,104,8,20,37,32,7,15.0,충청북도,청주시,청원구,율량동,율량동
apartment,d13b0bc8e27baab9fe9025c2aaee527ab8c905cadc1560bd9e3c776aea725409,other_urban,le15,le20,dong,50,6,13,21,9,1,14.0,전북특별자치도,익산시,평화동,,평화동
apartment,d13edee0dfd63b2ecf91c89d89c0255a7f852665003da214b5cc93407605aad8,nonurban,m16_25,le20,eup,159,10,40,75,29,5,20.0,경상북도,포항시,북구,흥해읍,흥해읍
apartment,d1409baad53bfe68cb66578fe155521115a680587fa72f6d976ed9a2306c5872,metro,m16_25,m21_30,dong,156,7,44,67,37,1,24.0,경기도,수원시,권선구,호매실동,호매실동
apartment,d14f1ceb76ab528a7657578e62ec542827d607200e09fa75be83ce2dc5e607f6,other_urban,le15,le20,dong,155,9,30,70,38,8,15.0,충청북도,청주시,서원구,개신동,개신동
apartment,d14fecec872094a121c2fccfddaac938e27767be0e5b873df73c7af78ee83ae8,nonurban,m16_25,le20,myeon,162,9,51,78,23,1,20.0,경상남도,진주시,금산면,,금산면
apartment,d1518a6b29377fd6da638e615c9de10c04614b427451d47df036ed0b2916df0e,metro,m16_25,m21_30,dong,160,13,44,70,30,3,25.0,경기도,군포시,산본동,,산본동
apartment,d1674b57bc987e1486f23b71b9f5f9befe5859a99cde95ffde1a2022bbb29e33,metro_city,le15,le20,dong,203,10,44,85,53,11,15.0,대구광역시,북구,동변동,,동변동
apartment,d1680cb4afbd3a83632317b09e4f0708dce7a2a0b5dd3101a7ae1102d238c84d,metro_city,m16_25,m21_30,eup,157,8,36,85,26,2,22.0,대구광역시,달성군,유가읍,,유가읍
apartment,d17a5a2ad4d7d84ed11f4ce3246d6d22d76974d47e80633d5c7ccdc6569ef4e0,metro_city,ge26,ge31,dong,268,7,91,118,51,1,34.0,부산광역시,서구,서대신동1가,,서대신동1가
apartment,d18424cbf0fbc062d796b8f3d079dc3368f518772c3ce498b9a7b30281341762,metro,le15,le20,dong,74,9,10,31,20,4,12.0,서울특별시,금천구,시흥동,,시흥동
apartment,d18a28127a81b25e970f78cd64f97aef10640b963290432f66bf7f6aced7d875,metro,le15,le20,dong,88,9,19,47,10,3,15.0,서울특별시,성북구,돈암동,,돈암동
apartment,d1a1c26dff65d78e47deb14f5f2cead95f1ef069e1862a14444afe5c7d466b50,metro_city,m16_25,le20,dong,151,6,33,75,29,8,20.0,부산광역시,사하구,하단동,,하단동
apartment,d1a5581f25208428ea8c6c907cbc6b0a90c168065c745b963f6cb9666508bd18,metro_city,m16_25,le20,dong,64,5,22,26,10,1,20.0,부산광역시,북구,화명동,,화명동
apartment,d1a5e1b92338d827e173d599b8481b871391bc7b48fdcbe55b8a444b6b8d88c6,nonurban,le15,le20,myeon,112,19,0,56,21,16,5.0,충청북도,충주시,대소원면,,대소원면
apartment,d1a82f5b3ab2def1cd3b1e6d4939081141a0f13ae159055e1fd7bb8f82a8a1c2,metro,m16_25,le20,dong,145,7,33,58,41,6,18.0,경기도,용인시,수지구,죽전동,죽전동
apartment,d1b4a6b673136fd310c21fa3fd8d161e92ad8c66e2dc05206be4a0ed57efba14,metro,m16_25,le20,dong,279,10,87,130,46,6,20.0,경기도,구리시,인창동,,인창동
apartment,d1bebe049cb1dd731d1f92614627839e8cecda2fdc5b47a419666b213fbf8620,metro,m16_25,m21_30,dong,237,7,70,102,53,5,25.0,경기도,파주시,목동동,,목동동
apartment,d1bf5536ba27ee9828c8237c1475c28387ed4bf2a52c36e0989fee661fb4e92e,other_urban,m16_25,le20,dong,82,9,17,38,17,1,18.0,전남광주통합특별시,나주시,빛가람동,,빛가람동
apartment,d1c749d3e67f07ad76180bce53eb25b4f80f20ca0f2f404aafbcda68c54c98f2,metro_city,ge26,m21_30,dong,254,11,69,126,44,4,28.0,대전광역시,서구,관저동,,관저동
apartment,d1c788488d91b21cb3659086cc781df5814d6706721bde6b40cf9dca53b89f01,other_urban,m16_25,le20,dong,64,5,17,29,12,1,19.0,경상북도,영천시,문내동,,문내동
apartment,d1d3223231838fff806ec019c51402d2afdaeb31be51496fbf4b41d8980192cb,metro,m16_25,m21_30,dong,256,15,73,102,63,3,25.0,경기도,의정부시,장암동,,장암동
apartment,d1dc69758e5b47c46b936aff4a6cc6068b936c8212a5e783144005262297fe7e,other_urban,le15,le20,dong,160,14,26,58,50,12,15.0,경상북도,구미시,옥계동,,옥계동
apartment,d1dccf7bf9aea2e9880942de65f1db3b482dd677424628836e81753742219fd5,metro_city,le15,le20,dong,220,18,40,81,64,17,15.0,울산광역시,북구,신천동,,신천동
apartment,d1e774e760995cd9c9ab5f9472f40481116cb59713bb732f292f83e5d643b5ed,metro,m16_25,le20,dong,161,10,45,82,22,2,18.0,경기도,안양시,동안구,평촌동,평촌동
apartment,d1fb1aaa6c865e161cea8dedbac454016237329a9831e3d1f48dcbd4f3ab3db6,nonurban,m16_25,m21_30,myeon,71,7,21,25,15,3,22.0,충청북도,청주시,흥덕구,강내면,강내면
apartment,d22ef0f6195038a9152d92a35f4df85317035793172fa53ff78441b0862825a0,other_urban,le15,le20,dong,312,19,64,113,89,27,15.0,전북특별자치도,익산시,어양동,,어양동
apartment,d232ddd32a20e7b3cac14ac2bc1c1d8cac3c251b17138e6ef51de68832ef18d2,other_urban,m16_25,le20,dong,166,9,27,91,35,4,19.0,충청남도,논산시,내동,,내동
apartment,d23502f88fdf1d7e9ccbb4669743cd568e99964a37cf1fe2a2b09508f0d65c3b,other_urban,le15,le20,dong,63,7,15,23,17,1,15.0,경상북도,경주시,동천동,,동천동
apartment,d23db2f28ac44dc26812ed9cd9105a55bc92d23d42178e23c6ca8b35158d0a58,metro_city,ge26,ge31,dong,192,9,92,67,23,1,33.0,대구광역시,서구,평리동,,평리동
apartment,d2408ac4b021b2431c3da9bc95a005e49ea8a65ceb8fce646c1edbb41b0c9707,other_urban,m16_25,le20,dong,177,8,46,62,58,3,20.0,경상남도,창원시,마산합포구,월영동,월영동
apartment,d279de71fb1bc1d5630df2b3112a84d58a3f639bf3b00a085432150ca22d1071,other_urban,le15,le20,dong,75,8,9,40,16,2,12.0,경상남도,창원시,의창구,봉곡동,봉곡동
apartment,d27dbe2cf05bede7187e0a92936d2110b305077791f719a005bc0109d8a09d19,metro,ge26,m21_30,dong,239,6,51,106,69,7,30.0,서울특별시,광진구,구의동,,구의동
apartment,d28699c909ac73baf1ceba9c4e48756e98e250c73ab20fb9bd5f2135a4348abc,other_urban,le15,le20,dong,100,8,14,48,26,4,15.0,충청북도,청주시,상당구,대성동,대성동
apartment,d28dc5c3142d711f9212c41d46c5ecc255bb957c7f5222f5d14ead769bb5c646,other_urban,le15,le20,dong,286,14,51,121,86,14,15.0,전북특별자치도,익산시,영등동,,영등동
apartment,d2915b85981fadbc467bc39f51bc934e41a1513537a056eeb07183c11f8a6270,metro,ge26,m21_30,dong,272,10,70,119,69,4,29.0,경기도,시흥시,은행동,,은행동
apartment,d29e0015a4552afa8812041384c952789712e6e6962a2b8ab1842875f8126616,other_urban,le15,le20,dong,241,25,39,109,60,8,15.0,전남광주통합특별시,목포시,상동,,상동
apartment,d2ab417d92a764279160f5ebea5e1acba994c6310dc10368fcce64191a30bb64,metro,le15,le20,dong,101,8,23,42,26,2,15.0,경기도,용인시,처인구,고림동,고림동
apartment,d2ad19e21eb9331c7e36acebbe770f0c465ae3eebe667a8cea66e8de154c9693,metro_city,m16_25,le20,dong,164,8,51,67,34,4,20.0,대전광역시,서구,관저동,,관저동
apartment,d2b3c4552fd16e136f4dd913653d9ce7e2826ef692f00d46bf00984b17ce8252,other_urban,le15,le20,dong,151,17,28,67,25,14,10.0,전남광주통합특별시,나주시,대호동,,대호동
apartment,d2b9de898735aec6f772a23b18783af236de3b05519fd3e461673b76731844ad,metro,m16_25,le20,dong,111,8,31,44,27,1,18.0,경기도,의정부시,민락동,,민락동
apartment,d2c1771a8588731fb89c16f04d23ce39f0f6ee722623f9ed28a5751fecb87d8d,other_urban,le15,le20,dong,213,15,46,79,56,17,15.0,충청북도,청주시,청원구,사천동,사천동
apartment,d2c2ebfcb0fd56b4747de346d2d97d23f6f59c74293e1a8cc8ffc4d75019d0c2,metro,le15,le20,eup,105,8,30,43,21,3,15.0,경기도,남양주시,오남읍,,오남읍
apartment,d2c7218efe2f4d054337bad4bbcfbe6ad5ecbdc72eace9a3bb599e9ed45af73e,metro_city,m16_25,le20,dong,156,7,42,61,41,5,20.0,대구광역시,달서구,도원동,,도원동
apartment,d2d69c28f09f0f45b20855a6637cedf8159901f73e75a461002f16afb57ac96f,metro,ge26,m21_30,dong,266,7,60,116,80,3,29.0,경기도,하남시,풍산동,,풍산동
apartment,d2d7c2b9d16482b4626bbca2317ea611c0dba6a93e6f85fb1312ebd9ba489fdd,nonurban,m16_25,m21_30,eup,198,6,52,84,53,3,21.0,충청북도,진천군,덕산읍,,덕산읍
apartment,d2de2c8eb9a7955c6b19725a3b30d369316bed37df832900c9d7e23483f5bcc1,sejong,m16_25,le20,dong,60,8,8,34,9,1,16.0,세종특별자치시,,고운동,,고운동
apartment,d2e621075888a348eafd82119c62ef2bd915f1223d1610c4ba41e30d75444112,metro_city,le15,le20,dong,91,8,23,33,23,4,15.0,대구광역시,수성구,지산동,,지산동
apartment,d308dcab53a899631d58f70922fd356690e248d9077913ba9fb54cd85622d6ee,metro,m16_25,m21_30,dong,465,25,111,259,66,4,23.0,경기도,파주시,금촌동,,금촌동
apartment,d31ccd3f4bf20c4f25570730856cb443c893bc1bd0906c6517c12ee95ca28841,metro,ge26,m21_30,dong,235,7,54,115,57,2,28.0,경기도,안양시,만안구,박달동,박달동
apartment,d3247284c0b9113fddff45ef3efdbca793d4acd5b12df5b17bd96c9d996b6db1,nonurban,m16_25,m21_30,eup,160,8,54,67,30,1,25.0,경상남도,양산시,물금읍,,물금읍
apartment,d331e754cbbefd6030621c795822f99cb493ff57bfea7b836904145c50ba9caa,metro,le15,le20,dong,99,5,34,46,12,2,15.0,서울특별시,서대문구,냉천동,,냉천동
apartment,d33239754ab392d98273237cde0f87cb5d82d0f5967bac4bf734fc2a28f9254c,other_urban,m16_25,le20,dong,100,8,21,31,36,4,19.0,충청남도,천안시,동남구,신부동,신부동
apartment,d34133d61f993ca12fd728f8b79a188efbd6480e98360eef24c35d3157c844f9,nonurban,le15,le20,eup,68,7,9,28,20,4,12.0,충청북도,진천군,진천읍,,진천읍
apartment,d3477ca78b6364d34846e8c1a664fbdc444ba97ee2d5411017d92a8e964917cc,metro,le15,le20,eup,65,6,15,18,20,6,15.0,경기도,남양주시,화도읍,,화도읍
apartment,d34eadcd83cee5ba48e6560707ee74d9c6148d065d6533d211127985ffb9a103,metro,le15,le20,dong,94,20,0,45,12,17,6.0,경기도,평택시,합정동,,합정동
apartment,d353aba0fd1e99e47348ce981ebcaa15f2c7579478a3d4aeb0628db472fc31e2,metro,le15,le20,dong,64,6,15,27,11,5,15.0,인천광역시,부평구,청천동,,청천동
apartment,d35f329869960318d1098b03f742a9650cff066e7859215371ada37a9da822a2,other_urban,m16_25,m21_30,dong,187,13,48,84,39,3,24.0,경상북도,포항시,북구,학잠동,학잠동
apartment,d36fe6257f3f58691db29d6151ebeeb6cc6a6637cf15333e8f6f07d0a115b266,other_urban,le15,le20,dong,55,10,0,19,11,15,5.0,경상남도,진주시,평거동,,평거동
apartment,d37f78ff08002dd203949e2bdf68e2fbc5e78314af278420f5582e76b1e4dadb,other_urban,le15,le20,dong,52,5,10,20,13,4,13.0,전북특별자치도,전주시,완산구,중화산동2가,중화산동2가
apartment,d383295072bb9ece4c07b7dfc6a93ad3fd2feb419b667f304a0d393aebcce0d2,metro,le15,le20,dong,153,19,34,52,37,11,15.0,서울특별시,동작구,사당동,,사당동
apartment,d3a3b272d1cc692d96b675962132edb6fe011dcf21aced240c06f3ca4b599580,nonurban,le15,le20,eup,98,5,19,42,27,5,15.0,전남광주통합특별시,화순군,화순읍,,화순읍
apartment,d3d05559dd916244d5323020fde6da35044ce9c5698d20125ae5e26fcd10e5b6,metro,le15,le20,dong,95,7,21,31,33,3,14.0,경기도,부천시,원미구,역곡동,역곡동
apartment,d3d236f6fca7ed26ad2d7563318a13988d1ec2d24e1db44013c36937b8892db6,other_urban,le15,le20,dong,65,16,0,19,15,15,5.0,강원특별자치도,삼척시,정상동,,정상동
apartment,d3d7554b07b232ca130fc1d9f19d450577f9472bfb3c8d9f894ae04a0821a8d2,other_urban,le15,le20,dong,241,22,43,92,64,20,15.0,경상북도,구미시,도량동,,도량동
apartment,d3d825ff7380097c22ef9b4fec0677adc0fcb4bedb5bd2963eec5bf31002a648,other_urban,m16_25,le20,dong,151,8,36,67,37,3,20.0,경상남도,거제시,옥포동,,옥포동
apartment,d3e0756c062e349e4f5b8dce4b7431d6bbbb964d5b7ea99f700c237703806aab,metro_city,le15,le20,eup,271,19,56,99,82,15,15.0,울산광역시,울주군,온산읍,,온산읍
apartment,d3f02857eee52e1db382512ce03b50b8f9cd9943752afccde7cd6b2588c38072,nonurban,le15,le20,eup,118,25,0,34,25,34,5.0,전남광주통합특별시,광양시,광양읍,,광양읍
apartment,d3f8621bfb9331f7d096770058f60bbfb32145d35de584fc109399dc580b2597,metro,m16_25,le20,dong,223,7,66,99,43,8,20.0,인천광역시,부평구,산곡동,,산곡동
apartment,d3f8adea2353b264ecc314b7c2019506b0b5ddf6d9f7d130c8274771f0c7f681,metro,m16_25,le20,dong,280,12,74,133,56,5,20.0,경기도,용인시,수지구,풍덕천동,풍덕천동
apartment,d40581dc9b04c98b16dca533899844c08d8a9aedec3de95cadbea0fd9dbabca4,metro,le15,le20,dong,87,6,18,39,21,3,15.0,서울특별시,강남구,수서동,,수서동
apartment,d419808e43dcc2bea7a244944d34093522645e73e3f0c158c84e788fda11fbbe,metro_city,ge26,ge31,dong,184,6,84,76,17,1,33.0,부산광역시,부산진구,양정동,,양정동
apartment,d419f90e8c967ffdf10978330c67bff743a0d96d4827712803c8e8c3af0a5faf,metro,m16_25,m21_30,dong,105,7,29,50,18,1,25.0,경기도,의정부시,용현동,,용현동
apartment,d421d298f9519fa190b569cf55077ef8a97ee021c00785d1c649d94135d82a3d,other_urban,le15,le20,dong,101,8,26,35,21,11,12.0,경상남도,거제시,장평동,,장평동
apartment,d4281cedc2ddf5a51aa10a2b8f587674f618d1f4f9ed64ba3ef55b4ffe26d0b2,metro,m16_25,le20,eup,140,14,44,54,24,4,20.0,경기도,남양주시,와부읍,,와부읍
apartment,d4287ddeed9f9659c29d64aafc06e93196f8f6357301efe78f8444cf5c3e8517,nonurban,m16_25,m21_30,eup,302,11,98,134,56,3,25.0,충청남도,서산시,대산읍,,대산읍
apartment,d431b31ade9256f935466d9e02bb5ffddaa87a731051c085e02208d5cabe11f0,metro,ge26,m21_30,dong,149,6,45,60,36,2,27.0,경기도,하남시,망월동,,망월동
apartment,d4372a4010d21524596ff2016a39c818f8a02b3b9d667d78d2c18dfa8572515e,other_urban,le15,le20,dong,74,8,17,33,14,2,15.0,충청남도,천안시,동남구,신부동,신부동
apartment,d4433d6965c857b037fa439d7ab67e646b3f952fd40f1c74cc92bf0620f00de3,nonurban,le15,le20,myeon,57,6,7,36,7,1,12.0,충청남도,천안시,동남구,성남면,성남면
apartment,d44c56d1ed0c64428ad8af3f4844c545230a1f37bbd64c6f06751d9be6b68211,metro_city,le15,le20,dong,132,7,20,68,33,4,15.0,대구광역시,동구,신천동,,신천동
apartment,d44d852bdf2b02548e472cbc3f3bf4c497f2ccda6c90b314fe35df9267c201b2,other_urban,m16_25,le20,dong,70,10,23,24,8,5,20.0,전남광주통합특별시,남구,진월동,,진월동
apartment,d45ce1ff31618c9a4b5fa90765aa4dce0b6e75465920cfd87d1b994ea1503734,metro,le15,le20,dong,247,17,54,96,69,11,15.0,경기도,안양시,동안구,호계동,호계동
apartment,d463c94cca1b2f719825113122ee3b73ef9380a90d6060988ee33a8c53d5a1a9,other_urban,m16_25,le20,dong,212,8,56,114,32,2,20.0,경상북도,경산시,대평동,,대평동
apartment,d4693d8e0a34af4a8080482cbe21b9f7648f6440c19eb00032c5058d9c58a1aa,other_urban,le15,le20,dong,75,6,10,35,20,4,15.0,강원특별자치도,춘천시,온의동,,온의동
apartment,d46ffe0a1054b1194a625199deba593749a727dd8373208b78ddcffb70213305,other_urban,ge26,ge31,dong,291,6,77,117,85,6,35.0,경상북도,경산시,중산동,,중산동
apartment,d4842058f6db1c6af4e143066704ff175eb45d63955075898149b44977ba44af,metro_city,m16_25,m21_30,dong,236,7,60,106,56,7,25.0,부산광역시,금정구,구서동,,구서동
apartment,d4a280f4bf7873bf26e1470842ccef2b3da4e25b25ad6ef48cc9d0b9e7c4c4cd,nonurban,le15,le20,eup,91,8,22,35,18,8,11.0,전북특별자치도,정읍시,신태인읍,,신태인읍
apartment,d4a54fcf585eefedf23b21fa776834f8e1d3112da3329c30e05735c8b90d36c6,other_urban,le15,le20,dong,147,14,26,59,30,18,15.0,충청남도,논산시,강산동,,강산동
apartment,d4acb34b4d3cf06a06a32fa123976567b2330f9438f12f170df2976b5d4133a3,metro,le15,le20,dong,50,10,10,19,4,7,10.0,경기도,시흥시,정왕동,,정왕동
apartment,d4b212e68f0ce3764043c4db1b0d0ead7400e4f21fbd91e03d9d1ef8cf93bc55,nonurban,le15,le20,myeon,75,21,0,24,12,18,5.0,전북특별자치도,정읍시,북면,,북면
apartment,d4be6750f3a44b72ebbe6c369fc8ad8f12f9b7cb801390f700135fc852026532,nonurban,le15,le20,eup,153,9,30,68,36,10,15.0,경상북도,포항시,남구,오천읍,오천읍
apartment,d4c33a68b68396c8a76b32f647a6e9bb62d238f0075d5eb62c4adae94f65c61e,metro,m16_25,m21_30,eup,198,5,49,105,38,1,25.0,경기도,화성시,효행구,봉담읍,봉담읍
apartment,d4d1fdb1f5ba64f2bffa9dc169b0bd3a2b11138e8649c9de25a361535354c3c2,other_urban,m16_25,le20,dong,97,5,25,46,19,2,20.0,강원특별자치도,원주시,무실동,,무실동
apartment,d4d5ce3ce29e0cdc043f7a2dc4114fc07a2b1784c6f19a5722376735fc1edf9b,other_urban,le15,le20,dong,150,12,35,56,34,13,15.0,경상북도,경산시,백천동,,백천동
apartment,d4dd3f4dcc724902bf942c0ab5ed6147343dc8ae468c9c48c231e80beac7de28,other_urban,le15,le20,dong,143,5,25,66,44,3,15.0,충청북도,충주시,용산동,,용산동
apartment,d4ed8a45e36522996a4f4d0d310784290cddd79abc821960760a255eff8ccd38,other_urban,m16_25,m21_30,dong,170,8,49,60,45,8,25.0,충청북도,충주시,호암동,,호암동
apartment,d4f1aaefd2f3e958beddd956fd266ed523a0ce6c08211931973090cae724b162,other_urban,le15,le20,dong,197,16,47,97,33,4,15.0,전남광주통합특별시,여수시,미평동,,미평동
apartment,d4f84abbae682b9c81eab4507d5edc6ee22769383b8c03f398007167436fb994,nonurban,le15,le20,myeon,54,8,0,20,11,15,5.0,경상북도,경주시,현곡면,,현곡면
apartment,d4ffb8b40d6d985ac5eb2fc52cce48b6de04a2abdfa70556573c15cc8d5893f8,nonurban,le15,le20,eup,69,12,0,24,18,15,5.0,충청남도,천안시,서북구,직산읍,직산읍
apartment,d519cad24119ebb1e05bccd090ee4ae2526577fb3a26190a8956421a79afd3df,metro,m16_25,le20,dong,142,9,41,50,32,10,20.0,경기도,오산시,누읍동,,누읍동
apartment,d51cfec5881a9014c2e2a0c1360c62c58947f9d8a6254b0f4bb2e7eb9b021466,other_urban,le15,le20,dong,157,5,33,65,38,16,15.0,충청북도,청주시,서원구,분평동,분평동
apartment,d51f4c8042728383f01e6490ca5aa86bfa0ea39e147fd059835045c171b8a1b5,metro,m16_25,le20,dong,167,12,54,78,21,2,20.0,경기도,성남시,분당구,판교동,판교동
apartment,d53ed3f18135488df90076495dd43305f02bd037d80e240894f86f890adba142,other_urban,le15,le20,dong,183,10,21,92,48,12,15.0,전남광주통합특별시,목포시,상동,,상동
apartment,d53f1cce849001e3bce45144daa89866755ee2faa5ac99b5e040b0b18f7e7b88,metro,m16_25,le20,dong,310,23,82,104,84,17,18.0,서울특별시,성북구,길음동,,길음동
apartment,d540468da1ca94a1ca915f3150925d115e5a8e5d5bf442e1d4bb9f2062526cd2,other_urban,le15,le20,dong,52,5,9,23,12,3,15.0,전북특별자치도,익산시,평화동,,평화동
apartment,d54980eda35acbea0e099116da4414b9bf796166ab5d707e8337dbd4253fc2aa,metro,m16_25,le20,dong,80,5,22,38,14,1,20.0,경기도,고양시,덕양구,행신동,행신동
apartment,d54fe6c7f9706c917d55c8cce89cc94e2927d3078b05064ab861ed711379206e,other_urban,le15,le20,dong,164,5,31,72,50,6,15.0,충청북도,청주시,흥덕구,가경동,가경동
apartment,d562ef809a1074bc22ec9fae43fe7887bf72cb7644a13943bfd3566b01afa72c,metro_city,le15,le20,dong,112,9,35,47,18,3,11.0,부산광역시,강서구,명지동,,명지동
apartment,d56cf7c3b42e05179e3fe2ff60738b8845671737ad52ec1a02b70bc97cf1fd8f,nonurban,le15,le20,eup,78,11,8,32,19,8,15.0,전북특별자치도,부안군,부안읍,,부안읍
apartment,d58192eb3a7f61e622102ab254778cc008776634cf46621d5f7f6ca0b1754cef,other_urban,m16_25,le20,dong,106,5,26,41,30,4,20.0,경상북도,경주시,황성동,,황성동
apartment,d59a1e82fea32eeafed586cf178b95c0ff69824779f86210d092d69284a09699,metro_city,le15,le20,dong,57,5,14,17,20,1,14.0,대전광역시,동구,홍도동,,홍도동
apartment,d59fe3a1a3b2cbf91df6f7082b677ee90596ead7331e5a092b56c80d3f9050b4,metro,le15,le20,dong,67,7,0,44,6,10,6.0,인천광역시,계양구,계산동,,계산동
apartment,d5a3fbc0754c00763b9525833ed5859db41ebc739f823a6ad755dc4f1ea93105,nonurban,le15,le20,myeon,403,32,75,170,101,25,15.0,충청남도,계룡시,엄사면,,엄사면
apartment,d5b373427a8826a48789f54d15d590379484f670b06b30b67b2540a83763b293,other_urban,m16_25,le20,dong,94,6,27,37,20,4,20.0,경상남도,창원시,성산구,성주동,성주동
apartment,d5ba786ec816d1591d1ce868235e5fcd0cf13cf859677a06ef8693f8d3f992fc,metro,le15,le20,dong,68,5,12,31,16,4,15.0,경기도,용인시,기흥구,보라동,보라동
apartment,d5be2f9123d3c2c46ee45b3944d62780409059521d39271ba0e0dcd44321ed2f,other_urban,ge26,m21_30,dong,237,9,54,96,68,10,26.0,전남광주통합특별시,북구,운암동,,운암동
apartment,d5c4e46ec8435c1a236079da77c5a7821eafc6536922de31bdc773909ac4a2b9,metro,le15,le20,dong,84,8,23,34,17,2,15.0,경기도,안양시,동안구,호계동,호계동
apartment,d5c8047d1dcf00266d23d68504b68087720288987e836d02b0deea8004389f12,metro,m16_25,le20,dong,100,8,40,43,8,1,20.0,서울특별시,송파구,풍납동,,풍납동
apartment,d5cc91046d55d3f91030254d5c75f64f0b9a5f5c9b1b2848b941e0c12453a7ef,metro_city,m16_25,m21_30,eup,121,6,29,52,31,3,24.0,대구광역시,달성군,다사읍,,다사읍
apartment,d5e45b39113d015839490fab65c16b15dec2bfcbd445671d5320f374bc0e1281,metro_city,le15,le20,dong,93,12,13,43,17,8,10.0,부산광역시,강서구,명지동,,명지동
apartment,d5e884b5597fb1b95807ed1794fd3b5eeb552dc0237c1f330ae57fbb929215d0,metro,m16_25,m21_30,dong,79,5,14,39,20,1,25.0,경기도,군포시,도마교동,,도마교동
apartment,d5ebd3de9e0316d59780d23329900fbb681534b452e1dad34ecef21e6114d9bc,metro,le15,le20,dong,203,14,43,86,59,1,15.0,경기도,화성시,병점구,병점동,병점동
apartment,d5f80c5176c27dd0f10642f0a046ab68627c17185f3942995ffb7030411fbb71,metro,m16_25,le20,dong,236,17,54,90,60,15,19.0,인천광역시,연수구,동춘동,,동춘동
apartment,d605ad365e3bb45998b386b5d0b9c72197ac0eccef6bdea96daf27981376dc57,nonurban,le15,le20,eup,70,6,13,22,26,3,15.0,경상남도,창원시,마산회원구,내서읍,내서읍
apartment,d62167531289be59b80733d3c5f6da853726822636e60ef1e91b01e8187db599,sejong,m16_25,le20,dong,186,6,51,94,32,3,18.0,세종특별자치시,,소담동,,소담동
apartment,d637b10a1bbb66bf613c781b62ec01af2793767e2c73848054e9d3075c739f2e,metro_city,m16_25,le20,dong,67,5,9,29,22,2,20.0,부산광역시,부산진구,개금동,,개금동
apartment,d63c62064f2061e24581ec5c0dc1e7e75ed161b309834111f00ca01d7e0ac194,metro,le15,le20,dong,51,5,12,17,14,3,15.0,서울특별시,동작구,상도동,,상도동
apartment,d63e0771b2ccb03739bcf12ded2cdb4b929388fd03a3f2e23e4a110e0d91c40f,other_urban,le15,le20,dong,120,18,0,40,29,33,5.0,충청북도,충주시,교현동,,교현동
apartment,d64a8f56b83edd162bbb009fc3a09a4335e160b961933d9eed9b91e653e441d1,other_urban,le15,le20,dong,65,6,11,29,13,6,12.0,충청북도,충주시,성서동,,성서동
apartment,d650d58b42a9b397ec2c066a4c14e6f13a1ff0637bf28d48ecc305bc2a482237,metro_city,le15,le20,eup,72,14,0,30,14,14,6.0,대구광역시,달성군,논공읍,,논공읍
apartment,d659eece0d1d9054e06c2101220ad386db7cbf4191c80da65a3905f04576b81f,metro,le15,le20,dong,173,12,24,73,51,13,15.0,경기도,광명시,하안동,,하안동
apartment,d6604305bd5f012e98cf6661b546fdca7de411c4aa6fe83568d8b30113f53fd9,metro,le15,le20,dong,132,6,25,51,42,8,15.0,인천광역시,남동구,만수동,,만수동
apartment,d669f78c8750984ef93e30d7c1ba0d84e7a3218d2740c9f1b593298a2775b974,nonurban,le15,le20,myeon,306,29,63,113,80,21,15.0,충청남도,아산시,인주면,,인주면
apartment,d66f3df02a2665148110dc06d2b3dc8f2776a1707bbceb591cae7233526e19e4,metro_city,m16_25,le20,dong,227,14,56,113,38,6,20.0,대구광역시,달서구,도원동,,도원동
apartment,d672af1525546fba03fa692e54b0d414678821a619e1c3aa1090a3b93591d5e1,metro_city,m16_25,m21_30,dong,139,5,41,53,37,3,24.0,부산광역시,해운대구,좌동,,좌동
apartment,d673ded89b898ae541995949851509e3b7b2125c9fe9cbc8ec9783ecb40b452b,nonurban,m16_25,le20,myeon,536,15,132,281,104,4,20.0,충청북도,충주시,중앙탑면,,중앙탑면
apartment,d67c0ff772239672c724840683bebb136c2ef0dd470c58e6cbebe9ca5c4d113a,metro,m16_25,le20,dong,289,16,78,152,42,1,20.0,경기도,용인시,수지구,성복동,성복동
apartment,d67ffe1053de60f98f37d69e6348f2f0bad9af9304b8893253af8b07c47ed385,metro,m16_25,m21_30,dong,172,8,47,76,39,2,24.0,경기도,수원시,장안구,조원동,조원동
apartment,d6890fce3a8c5bec5cff02108a9d98219294e37611fbcfdc98ddcb110f9896d3,nonurban,le15,le20,eup,248,14,54,105,59,16,15.0,충청북도,음성군,음성읍,,음성읍
apartment,d696fdc745c2eebf0ecb671187d2f090bc9ecb7bd2e994f0c3b3b8a1751c0e9c,nonurban,le15,le20,myeon,117,27,0,46,22,22,5.0,충청북도,충주시,수안보면,,수안보면
apartment,d698e23acceb6aca000cf3e880c3e50df944e9cfb7013e3563beae369e639f72,other_urban,le15,le20,dong,324,17,63,113,102,29,15.0,충청남도,아산시,좌부동,,좌부동
apartment,d69d08d3ff10f76d8fdbfe5f93fbad4a92be357fad3f912a1641a0c0e4458d6b,metro,le15,le20,dong,66,5,15,29,14,3,15.0,서울특별시,서대문구,현저동,,현저동
apartment,d6a0ebfcd026c5c379b3cd46ab9f0992e3a8eb238efd36b581111a4bd31635a6,metro,m16_25,m21_30,dong,159,5,45,77,30,2,24.0,서울특별시,성북구,종암동,,종암동
apartment,d6a29d64ddc12858a3cdcf68a48df4a9c7d216937e0f7fa9d50a3ca0871068a8,metro,m16_25,m21_30,dong,153,8,31,78,35,1,22.0,인천광역시,남동구,논현동,,논현동
apartment,d6a41274bda5d4cb0f28eda802f7f22d893a79c4ba23a49907d018805e69d42a,metro,ge26,m21_30,dong,316,17,86,119,89,5,27.0,경기도,안양시,만안구,석수동,석수동
apartment,d6bc58362062b4cfae5999fdf7daef825b1ef398127e2836e794c967c399a447,metro,m16_25,le20,dong,423,23,111,206,75,8,20.0,인천광역시,부평구,부개동,,부개동
apartment,d6c55b79eff88c63c5d6bfe933dbd06c922ade2909f142f9f2d6b33f540e55a9,metro,m16_25,le20,dong,83,5,24,34,15,5,17.0,경기도,고양시,일산서구,탄현동,탄현동
apartment,d6db80eb84d84dfae8fc39b37ecb6ce43834859576722175e7401d8391f67603,metro,m16_25,m21_30,dong,266,17,92,117,38,2,22.0,경기도,오산시,양산동,,양산동
apartment,d6dc3f08d8b52be0e73f217d2203a4fdc42f7e93e0934effd4bdccc75ff81bdd,other_urban,ge26,m21_30,dong,376,10,134,179,52,1,27.0,충청남도,천안시,동남구,문화동,문화동
apartment,d6e3a6c793299e775553d2a0fbc74a6b4cea8eed831da2b4a27d97823c464d36,metro,le15,le20,dong,259,14,45,107,79,14,15.0,경기도,광명시,철산동,,철산동
apartment,d6f77822fb20dd8f375800e40d1904ace9b81b9b3ac5faaa2667cd615fa7c028,other_urban,le15,le20,dong,69,6,17,26,18,2,15.0,전북특별자치도,군산시,나운동,,나운동
apartment,d6fcf50ec8b9e9e02935bd4885afe3c613d26d42b1c234dc972c0e3bd05b6dab,nonurban,le15,le20,myeon,234,18,45,90,68,13,15.0,충청북도,충주시,대소원면,,대소원면
apartment,d6fd29dc90ea113d3a1aa0ec05d90bf6ae221758d93e361bd9004f91a16ce7a9,other_urban,m16_25,le20,dong,174,12,51,73,34,4,20.0,전남광주통합특별시,서구,풍암동,,풍암동
apartment,d70c38c8eda34c0cac86cde48efbece5ed04c63e6ebd24096f04c9e1d50d7bcf,nonurban,m16_25,m21_30,eup,286,12,76,126,68,4,24.0,경상남도,양산시,물금읍,,물금읍
apartment,d70c9ca5f128f81d75c5bebc9f7139fa02c6da55adcb40cab412e00d35902b0a,other_urban,ge26,m21_30,dong,260,11,83,124,39,3,27.0,충청북도,청주시,흥덕구,송절동,송절동
apartment,d711247bf2f15b7e73e9ed729650bc93689a00410372f2df342b9bcb80f7e14f,other_urban,le15,le20,dong,196,11,51,70,53,11,15.0,경상남도,사천시,용강동,,용강동
apartment,d71dce88e74ba8fd62d2b09751fa30a5f873f9619fab774d4f68df14798e3880,metro,m16_25,m21_30,dong,556,21,135,242,152,6,25.0,인천광역시,부평구,청천동,,청천동
apartment,d71fcd3959921bee83d2274b2c0af7731cd5500e0179d851db5e17319711caa5,metro,m16_25,m21_30,dong,129,8,31,53,36,1,22.0,인천광역시,부평구,부개동,,부개동
apartment,d724460f488597e692109eb00f21f1a52a58bd856cd7c6bc67f17089f72b5701,other_urban,m16_25,le20,dong,138,11,35,54,35,3,17.0,경상남도,진주시,상대동,,상대동
apartment,d72cf173fa06fd9b9a61d2c2fb00fcb7130d9a5f5ceca54ed3b5a75ae9adc994,other_urban,le15,le20,dong,163,16,28,77,33,9,12.0,충청남도,서산시,갈산동,,갈산동
apartment,d72e9a2c23481d57b41b7bc769a0da35d93c815adf9014f5b7e0057b6537ad52,metro,le15,le20,dong,177,5,41,77,48,6,15.0,서울특별시,은평구,응암동,,응암동
apartment,d7304650d21877e9c81d3969e63bab7bc3ab20dde54c50f6126444f9d4a5fd9b,metro,m16_25,m21_30,dong,169,8,82,56,22,1,21.0,경기도,성남시,분당구,이매동,이매동
apartment,d73645055d6cc0bf7fa94e24c645854be42c25952bdf0b27090831e9294998d5,nonurban,le15,le20,eup,129,5,24,61,32,7,15.0,충청남도,홍성군,홍성읍,,홍성읍
apartment,d74b3d2848aaaa4ad88946e0a6034ff4492f06ae19181f61e36b42b0b8e71968,metro,m16_25,le20,dong,235,12,60,123,38,2,19.0,경기도,안양시,동안구,비산동,비산동
apartment,d760ee4200ca7ab99500c8b9300f909e4d94ba9a4e9fd1b07c4a1b72fbd82735,metro,le15,le20,dong,50,14,0,17,14,5,5.0,서울특별시,구로구,고척동,,고척동
apartment,d76248a145e2502325bc4fb70f86f8c8a9e51df1496ac14104327f171fe99f11,other_urban,le15,le20,dong,84,10,10,37,17,10,13.0,전남광주통합특별시,광산구,송정동,,송정동
apartment,d76395b718d01844190bc94645439275c4a1765bbf0f23f257085fa98a46ae1b,metro,m16_25,m21_30,dong,171,14,45,67,44,1,24.0,경기도,안산시,단원구,고잔동,고잔동
apartment,d772c862e7ee2a32313b2bcb91a995ceac4e54fd3549020e3fd438e5cecb9a3e,nonurban,ge26,m21_30,eup,224,7,51,104,57,5,28.0,경상남도,양산시,물금읍,,물금읍
apartment,d77daf502d2a0a8bb74bfcdd2a74a1b7cf8b24022a06ea23465d0a789d3f5e33,metro,le15,le20,dong,385,38,89,191,64,3,12.0,경기도,안산시,단원구,초지동,초지동
apartment,d78f249cda62027f17ea873b83c33a6e247be5fbfd60fcff7bd4f480b9eb2482,metro_city,le15,le20,dong,102,10,18,44,26,4,15.0,부산광역시,사상구,덕포동,,덕포동
apartment,d7941e03f72d91d4566e59d7ad6dc5f3395d9dcf62812e04ce2b9cbb674673d5,metro,m16_25,m21_30,dong,54,5,8,20,18,3,22.0,서울특별시,도봉구,방학동,,방학동
apartment,d796590251fa8fb94cde7d1e8340be536f3cd9753b3f1e4c1451b4bbebaedbd6,nonurban,m16_25,le20,eup,251,9,32,118,82,10,18.0,경상북도,칠곡군,석적읍,,석적읍
apartment,d79a970d858b795367280eec26d43f91a787c55d617e516d6f7a77c280174b78,metro,m16_25,le20,dong,217,9,53,84,58,13,19.0,서울특별시,동작구,대방동,,대방동
apartment,d79c4c974a8e9846200f9f5283e2940fb2a5c12c5dc504ddbc5c425612319a2a,metro,le15,le20,dong,60,11,0,22,17,10,5.0,서울특별시,영등포구,신길동,,신길동
apartment,d7a59b138cd15ee5c9d45e3a609219d36653c2f77d8df0d68cd7659e35c58dc5,metro,m16_25,le20,dong,224,10,48,108,45,13,20.0,인천광역시,미추홀구,용현동,,용현동
apartment,d7a626dcaf1615be525d66caff5f009f7737c70568d525103be1a7f94671af7d,metro_city,le15,le20,eup,163,9,26,78,45,5,15.0,대구광역시,달성군,화원읍,,화원읍
apartment,d7aba56262d972d4d4e57448eb6f8028928fce1c028779af573ed408b0b407f9,metro,m16_25,m21_30,dong,67,5,18,33,10,1,22.0,서울특별시,성동구,하왕십리동,,하왕십리동
apartment,d7ac57c518f1eb5712cf9be0dd4ab704eabb974aa1eef645b5e53e5131f8f615,metro_city,le15,le20,dong,71,15,0,34,13,9,5.0,대구광역시,북구,복현동,,복현동
apartment,d7af993bca615b08d9dcf45b50c6cf16e8c295be8a2ad3d3e6e125d151830f47,metro,m16_25,le20,dong,90,5,22,42,17,4,18.0,경기도,평택시,용이동,,용이동
apartment,d7ba61a9c3d0b91e054e75c56d0843449fa6b5491b18e0894d599e8f3d87ac22,other_urban,le15,le20,dong,261,7,48,118,77,11,15.0,경상북도,구미시,구평동,,구평동
apartment,d7cf98ddce82843986d43ef0a2aaad427ff25e11dfe345b582e5c8f176af51a9,metro_city,m16_25,m21_30,dong,243,6,68,131,35,3,23.0,대구광역시,수성구,황금동,,황금동
apartment,d7d6540a208d7b76fbf71618d6c28d6b6775f724cc886700b4235fcdf947cb29,metro,m16_25,le20,dong,162,8,48,71,32,3,20.0,경기도,용인시,수지구,성복동,성복동
apartment,d7e618a6fabee4770e8a6c9c0712c5f9247b211c6b76505b2f9a178f92254c1c,other_urban,le15,le20,dong,237,25,38,106,56,12,15.0,충청북도,청주시,서원구,죽림동,죽림동
apartment,d7eea77476a2eb3596fdff29afc17e5ea72daa6c36ee3f9b30746fd352026e6d,metro_city,le15,le20,dong,83,7,15,45,14,2,15.0,대전광역시,서구,내동,,내동
apartment,d803eca0028e16b0559241c2d6886f8e044644d26f54d62f1f4ab45f1e32c0d0,other_urban,le15,le20,dong,209,14,43,78,62,12,15.0,전남광주통합특별시,여수시,미평동,,미평동
apartment,d805a4c550f20d17ec963adb28f0df87082938f262184a615e9069e18f403dbb,metro,le15,le20,dong,51,6,10,17,16,2,15.0,서울특별시,노원구,중계동,,중계동
apartment,d80cf6dea1ca754f90fda1e6ffe84df664944e972bf0a5aeb40b7d7a4a27aec6,other_urban,le15,le20,dong,95,8,19,36,28,4,15.0,경상남도,진주시,신안동,,신안동
apartment,d8106d5f76d7510f6ecc21b7dd1ff161ee1fa3b065284693d8230ceb3018f419,other_urban,le15,le20,dong,177,13,27,79,52,6,15.0,충청북도,청주시,청원구,율량동,율량동
apartment,d81c5f42609bfefd3b0b148fabe79873a2a652a7a562c98faffd13e436e864ba,nonurban,le15,le20,eup,80,21,0,24,13,22,5.0,충청남도,부여군,부여읍,,부여읍
apartment,d825f5417fb04deaf812c7a4851200e0e283f15a79e934c36483c025644a29b8,other_urban,le15,le20,dong,170,22,28,63,41,16,13.0,경상북도,경주시,도지동,,도지동
apartment,d827607dfc321f4bccd09da1a8d5fab865215ce05f513a2147c6c0eb26c685bb,metro,m16_25,le20,dong,225,41,122,50,9,3,20.0,경기도,안산시,단원구,선부동,선부동
apartment,d83634e2f0c52c9850b6450700045c4bef3dd7764bc0a21318f5a3a045356414,metro,le15,le20,dong,275,27,60,98,63,27,10.0,경기도,안양시,만안구,석수동,석수동
apartment,d840c9d75aaf96dae1ab75259c0f409f70e4ae93efb9e118076a15c12d5c902c,other_urban,le15,le20,dong,240,21,42,92,64,21,15.0,경상북도,구미시,봉곡동,,봉곡동
apartment,d8545087a2aec4104e64e5d0436d3d0a99a51032b80cc9dbdd54763fe81133c7,metro,ge26,m21_30,dong,259,5,85,134,32,3,29.0,경기도,시흥시,은행동,,은행동
apartment,d85fea14950fbe2dc35d0d8ba7637560c5a1dc362913efc83b462cf96371922c,metro_city,le15,le20,dong,286,9,59,130,79,9,15.0,울산광역시,중구,약사동,,약사동
apartment,d871b15701a4dada2286fd0142aace2a36f4dad58b6f2b21c042b825ede9b77c,other_urban,le15,le20,dong,80,6,14,23,31,6,14.0,전남광주통합특별시,북구,매곡동,,매곡동
apartment,d878ccdcc0e088e6b567f955be88f5a46c2f4eb24d4ad06452e41c23d423608e,metro,le15,le20,dong,248,16,50,108,55,19,15.0,인천광역시,부평구,산곡동,,산곡동
apartment,d895e575a443c5773f88e03ec10fc9d2e6147651e45fabcdaeb138f791dcdf6b,other_urban,m16_25,m21_30,dong,117,5,35,56,19,2,25.0,경상남도,김해시,부곡동,,부곡동
apartment,d8974c3d003b82c7ee55a87b4c0ceabb2fbec81317b10342613a2b36281e6f20,metro_city,m16_25,m21_30,dong,241,10,71,111,47,2,25.0,대전광역시,유성구,원신흥동,,원신흥동
apartment,d8a6a39f7170f07c6db1c294f37abd4ca56ec257b23d89d473a2c221c3b5f5a7,metro_city,m16_25,le20,dong,114,8,36,38,31,1,17.0,울산광역시,중구,남외동,,남외동
apartment,d8ad9c27351d5c1cd6fc673d07e5ec2f3f5ef23e19a5c8f593692523f1ca8390,metro,m16_25,le20,dong,273,13,55,106,76,23,18.0,경기도,화성시,병점구,반월동,반월동
apartment,d8b5cd882c9e7f9510ff4cf1b15c0a6c3edb68d169b4a61ee79efa37d5999366,metro,m16_25,le20,dong,337,36,140,104,56,1,17.0,경기도,안산시,상록구,본오동,본오동
apartment,d8b7e07bf2796df0d7e5f2a11e3f2b2ade53a674f08567243f84cf1fe16ee738,other_urban,le15,le20,dong,173,15,29,79,47,3,15.0,충청북도,청주시,상당구,용암동,용암동
apartment,d8c53be69725f4c1f9b4fced9b8fc0cd9a4c845961cd43b022a65d03e86cdf9e,other_urban,m16_25,le20,dong,147,10,41,65,28,3,20.0,전남광주통합특별시,서구,내방동,,내방동
apartment,d8d02ae4fa12786b5d491e533395930ce0b6521eeaaddba9603bf670820e0e3f,nonurban,m16_25,le20,myeon,381,15,85,196,81,4,18.0,경상남도,사천시,정동면,,정동면
apartment,d8d2e4b5014b8f095d44af4e971b8dde8f4a41eeeb815733f184de7d9a218b9e,nonurban,ge26,m21_30,myeon,248,11,82,130,23,2,29.0,강원특별자치도,원주시,지정면,,지정면
apartment,d8d6defc4a373b1788b287dd63066bc83f377f0fb26ac4046d520c1432522c92,other_urban,le15,le20,dong,225,17,35,89,71,13,15.0,충청북도,청주시,상당구,용담동,용담동
apartment,d8d835aa13218e7524b815c778c24ec1da70385dee35a866537aceeb4b525640,metro,ge26,m21_30,dong,257,11,112,99,32,3,29.0,경기도,화성시,동탄구,능동,능동
apartment,d8f2c2acb5d970fede67144a0cf54b18b05e140bd19249b9fd3a0c82b39942eb,metro_city,m16_25,m21_30,dong,197,9,61,101,25,1,25.0,울산광역시,남구,신정동,,신정동
apartment,d8fcb5964a7aa315d020cd3038982697acc9dcd81e1efecdc85f1d93f671f25b,other_urban,m16_25,le20,dong,73,5,11,35,19,3,19.0,전남광주통합특별시,남구,진월동,,진월동
apartment,d91cc66f05ff2177c9cafafd7e70dd28b6227ed5ee48b5480173cdf120a66178,metro,m16_25,le20,dong,261,17,86,137,20,1,20.0,경기도,성남시,분당구,분당동,분당동
apartment,d9332732a8cd87ca9a135da953df6e7def71aa053a241bc46d3d2b5e54764900,metro,m16_25,m21_30,dong,307,9,63,130,90,15,25.0,경기도,화성시,동탄구,청계동,청계동
apartment,d94089a3b778743c81c2471fbd4ba0d608ed5cb84fa765be44ef29cbe51f5ec5,other_urban,m16_25,le20,dong,73,6,20,24,20,3,20.0,강원특별자치도,원주시,태장동,,태장동
apartment,d945ff3d09f02cecaa33799505b1c99ec9b83d40064be6ecd1e966704304b823,metro_city,m16_25,le20,dong,102,11,18,35,30,8,17.0,대구광역시,북구,구암동,,구암동
apartment,d94ad65a4a8740d2ec808f86edfbcd8409fd98fa4c803a43eaa772838955a8f3,metro,m16_25,m21_30,dong,312,14,83,146,68,1,25.0,경기도,화성시,동탄구,산척동,산척동
apartment,d94f38d6a24f502f39795a98bff19920d99687eb09b45514d3e9d5431812dcc4,other_urban,m16_25,m21_30,dong,537,27,193,259,55,3,25.0,충청북도,청주시,서원구,개신동,개신동
apartment,d9526b92c3544aecd2bfb846e8d97ca9ea2347ce501c58e57c359746d4de5638,metro,m16_25,m21_30,dong,510,10,121,228,142,9,25.0,경기도,화성시,동탄구,청계동,청계동
apartment,d9537ed4fa603e833cd6c44f0dd7ca4a6eaddffe5982852d9a45eb50e8453ec3,metro_city,m16_25,m21_30,dong,213,6,76,98,31,2,24.0,대구광역시,수성구,황금동,,황금동
apartment,d9568455ea55e8ceac149c0b6cbe123354b0dca600b1834bcfb42aa7df4d50c1,metro_city,le15,le20,dong,119,7,21,46,41,4,15.0,대전광역시,서구,월평동,,월평동
apartment,d974cb21370954adb42c62af29cacc3c061d2c70f4d4659033da9e64f9b79c9d,metro,m16_25,le20,dong,233,9,68,93,58,5,20.0,서울특별시,성북구,하월곡동,,하월곡동
apartment,d97b02e54fdf2a8cb492e68fee01155e9e51720540c9578981bfda538293d90b,metro,m16_25,le20,dong,159,8,52,70,25,4,20.0,서울특별시,양천구,신정동,,신정동
apartment,d97ba1a3459d674622865bfe352aa6c7524f4efaf829cc31d455cd0a732f1b97,metro,ge26,m21_30,dong,543,14,163,262,99,5,26.0,경기도,화성시,병점구,병점동,병점동
apartment,d987f345363213817dfbf77be63b9c214c568d4681ecabcc5e04fae17b17fad2,metro,m16_25,le20,dong,98,6,33,32,25,2,20.0,경기도,의정부시,금오동,,금오동
apartment,d99703cd300c919c263b3dc347e730aaca695f4c99b60a65acad56ecff704102,other_urban,le15,le20,dong,53,9,8,19,12,5,15.0,제주특별자치도,제주시,노형동,,노형동
apartment,d99b5a4ca15f1105da24f7cdcfcf4828fe74e5d065472e254281ccfd58743aac,metro_city,m16_25,m21_30,dong,160,9,45,78,27,1,22.0,대전광역시,서구,가장동,,가장동
apartment,d9a24f8a16a3baab6c3b33075e7c8473eaf850ccbb70b56ab1c143f765a9c92b,nonurban,m16_25,le20,eup,122,12,30,50,25,5,18.0,충청북도,단양군,매포읍,,매포읍
apartment,d9a3670a09e895bf612a136ed23e10a27413e8d0419437bb51bd65279d1086d1,other_urban,m16_25,m21_30,dong,340,13,97,150,75,5,25.0,충청북도,청주시,서원구,사직동,사직동
apartment,d9ac7dfcca690da898c31b00220d976d2b495fb460d66815c743db2c2e08b7c0,other_urban,le15,le20,dong,132,12,20,62,29,9,13.0,제주특별자치도,서귀포시,서호동,,서호동
apartment,d9af25f7e2716941b29c36acde87ceaa4e8377d1b04834357b4baf8d434a6bca,metro_city,ge26,ge31,dong,578,11,192,261,111,3,34.0,대전광역시,동구,용운동,,용운동
apartment,d9cf9b1056699e6c01f040f182588820db3c85057b636f94ddca2e397b72bcb5,nonurban,le15,le20,myeon,127,11,28,50,32,6,15.0,전남광주통합특별시,순천시,해룡면,,해룡면
apartment,d9e3cd5410b074cb870029852917fe9634bd518eb1f675af4c92bcdcb2dcca4e,metro,m16_25,le20,dong,77,5,20,30,19,3,18.0,인천광역시,미추홀구,학익동,,학익동
apartment,d9e93afd69a05ef008bff0e853598d60a255e8d8ecf9197fb16efc479d242c78,metro,m16_25,m21_30,dong,100,7,28,44,19,2,25.0,경기도,화성시,동탄구,산척동,산척동
apartment,d9f3d6354f0fbdd3aa24c54e0f1d4c6a064370d71126e5124317fd3ec2576f9e,other_urban,le15,le20,dong,87,7,18,31,23,8,15.0,경상남도,창원시,진해구,경화동,경화동
apartment,da0edb4032fdef0c9cb5a04718d0f96ba1d81e2270528517bb3724de0a4b7a38,metro_city,le15,le20,dong,89,7,10,44,24,4,15.0,대전광역시,동구,용전동,,용전동
apartment,da16d2d8503f75c1e45246c01a1d3c6e52718cc73e59d9a9b6b63aae287a8a4e,other_urban,le15,le20,dong,50,5,13,16,13,3,12.0,전북특별자치도,익산시,주현동,,주현동
apartment,da189b1169eacb1df47adb5bfe64a18c9afa38e50b7a53b75d6ff75a33a3dd9f,metro,m16_25,le20,dong,386,14,87,168,96,21,20.0,서울특별시,금천구,시흥동,,시흥동
apartment,da1ad3332d1a853d1bc4700e1dab5baf84336b8582e71a2f78393921de523a8d,metro,m16_25,le20,dong,184,7,44,73,49,11,20.0,경기도,양주시,덕정동,,덕정동
apartment,da2df75aacfbf172784e388f874f039f60f62450cbbfb92f53315a20123a5243,metro,m16_25,m21_30,dong,304,17,87,164,33,3,23.0,경기도,파주시,금촌동,,금촌동
apartment,da3184dbd16eed63bfe299ad8918d82b2b901188a0919d4faa6c55a2ca8b56c6,metro_city,le15,le20,dong,177,13,40,70,42,12,10.0,울산광역시,북구,연암동,,연암동
apartment,da48225a1910db2d44dc0a7bc063b316a1b39f1e5b25d8553aded7b965c4f625,other_urban,le15,le20,dong,119,7,22,47,34,9,15.0,전북특별자치도,전주시,덕진구,여의동2가,여의동2가
apartment,da4f766c9fbdcd43da4ba0be3934f8c2970eb7dd19e8e138cb5fab3977b736bd,other_urban,m16_25,le20,dong,125,8,27,61,28,1,20.0,전북특별자치도,전주시,완산구,삼천동1가,삼천동1가
apartment,da5325dcb9dea29867aae35e03b41372379218d69c27fbae105f7dbf7f9496ae,other_urban,m16_25,le20,dong,262,19,78,102,60,3,17.0,전북특별자치도,전주시,덕진구,송천동2가,송천동2가
apartment,da5989567a15e265786ab4cacdca35f29dba84dc6d5912a633664d5909e9e01e,other_urban,le15,le20,dong,104,5,17,53,23,6,15.0,경상남도,창원시,진해구,풍호동,풍호동
apartment,da677ca8e9cc38bb059a98b66b5ffd520ecdefff2051e4098957923edca6cdfd,metro,m16_25,le20,dong,342,20,113,174,33,2,20.0,경기도,부천시,소사구,소사본동,소사본동
apartment,da6f77d7393a1145589f13197935ac40bed1b0d5f4339f10448f17243e5a27df,other_urban,m16_25,le20,dong,214,6,59,98,46,5,20.0,전남광주통합특별시,나주시,빛가람동,,빛가람동
apartment,da8f10962b058738fce9ce093db58746c77a49c59eb70bbf545dd945d7d3b92d,metro,m16_25,m21_30,dong,74,13,31,26,3,1,24.0,경기도,안산시,상록구,사동,사동
apartment,da9973f6e8bbc64b7b7c91e33758f06c4f335aa2fa784e4a28a48cdc7ff3a243,metro_city,m16_25,m21_30,dong,144,5,35,72,30,2,25.0,부산광역시,부산진구,가야동,,가야동
apartment,daa8ad85bc3dcba2aba9d5697e174b9a6845f75cdfd60195f72b84bb976d8f1d,other_urban,m16_25,le20,dong,140,6,37,62,31,4,20.0,전남광주통합특별시,광양시,중동,,중동
apartment,daaa19192c9d186201453e2fe1bf3ccc69988f4c2b805ed44cadc4ed0f6e0738,other_urban,m16_25,le20,dong,217,12,59,80,55,11,18.0,전북특별자치도,군산시,미룡동,,미룡동
apartment,daafae8f203a1d44de15d19205b3817e91f7b17230741b1b84382606f3aba3a0,other_urban,le15,le20,dong,51,5,4,28,13,1,13.0,전남광주통합특별시,서구,농성동,,농성동
apartment,dab499e5c5b1ef48751f70b35d6f4783906eaa63438d7bac7004bcf7278c47eb,other_urban,m16_25,le20,dong,151,6,45,62,31,7,20.0,강원특별자치도,원주시,단구동,,단구동
apartment,dac5f0337cacea0eb965a2c7f75e214b25b77f7df9df2d3a5f0e37aa175bba61,other_urban,le15,le20,dong,120,7,19,51,27,16,15.0,전북특별자치도,김제시,신풍동,,신풍동
apartment,dacfb3ca392de3c189e7cc651f81bdd9a66ea01fc139413d66ec4206fdecc9f9,other_urban,le15,le20,dong,60,5,15,25,13,2,12.0,충청남도,천안시,동남구,안서동,안서동
apartment,dad096ad396c2de94eadccbefba2a157d5e04b0307cc3c3c72b4cafd4d6d11b0,other_urban,le15,le20,dong,125,6,32,50,28,9,15.0,전북특별자치도,익산시,금강동,,금강동
apartment,dad903e1abb94ec56b10676e6076793e1671431cdb967341c62a6b2cae1124c6,metro,le15,le20,dong,53,5,7,25,9,7,10.0,서울특별시,노원구,공릉동,,공릉동
apartment,dadf583888f7f08f7202b6b7d5918380b394d258ae8846a9b38902c86160a955,metro,m16_25,m21_30,dong,143,11,39,57,32,4,22.0,경기도,화성시,병점구,병점동,병점동
apartment,daee864750613f28ecdc6561e50174ca26b1c17716518c772ce2a24ab1975639,metro_city,le15,le20,dong,97,21,0,47,13,16,6.0,울산광역시,남구,옥동,,옥동
apartment,db031ed5df9b78584e9a34f178c36fc9c14b2559e2f56f4c08ce34cda85d0fb1,metro_city,m16_25,m21_30,dong,344,13,66,154,97,14,23.0,울산광역시,중구,우정동,,우정동
apartment,db08fd4a5282a0902c8a8afd46d8f4fafd23c31a63951f62a138f0d18b6ef5c0,metro,m16_25,m21_30,dong,195,6,65,79,42,3,21.0,서울특별시,동대문구,답십리동,,답십리동
apartment,db17eca91aa1e52008a491e9ffa0ce878c7a3e54f0a729e742f4cbc036d36259,other_urban,le15,le20,dong,100,6,29,39,22,4,15.0,강원특별자치도,춘천시,후평동,,후평동
apartment,db1b6f93c10750e546c949876f76b7d1a43b9962c6d425febcc03a420d21e8d1,metro,m16_25,le20,dong,123,8,31,57,24,3,20.0,경기도,수원시,영통구,영통동,영통동
apartment,db2419d73f7a5b6e31420fdbc54eabbe09040cd7675d7e761e411ba48342c3fc,metro,m16_25,le20,eup,92,6,31,44,9,2,17.0,경기도,김포시,양촌읍,,양촌읍
apartment,db297a31ef899358fc2bad01a09d6f0a6a227bdb7d4e4eb65c437d024f4d4498,metro,m16_25,m21_30,dong,187,8,50,93,34,2,24.0,서울특별시,강동구,둔촌동,,둔촌동
apartment,db2e3276167d191a7de8d96c22eca1317bbb7a395e8d0fdd228efd8bd67f6acc,nonurban,m16_25,le20,eup,149,9,25,88,24,3,18.0,전남광주통합특별시,무안군,삼향읍,,삼향읍
apartment,db5090d13a5240ae264b54e84b4cbfb633039ae8bc0cf2e399861b49ab4f7a63,metro,le15,le20,dong,297,13,53,116,91,24,15.0,서울특별시,강서구,가양동,,가양동
apartment,db596c5fd3a3a212b1695befc42fc3dc01459bfc544743bd53d305511715b013,other_urban,m16_25,m21_30,dong,131,9,32,67,21,2,23.0,경상북도,안동시,당북동,,당북동
apartment,db6ead1b1374de9b7c3f937df70cf784b6f929a94a090a26004f8ec4d67c7978,metro,ge26,ge31,dong,332,5,120,149,57,1,32.0,서울특별시,성북구,장위동,,장위동
apartment,db7692d9aea8337e840eed7352abf9ec4b2c89a11cb0d54560e1b5b6c21395e1,metro_city,ge26,m21_30,dong,836,11,220,358,228,19,29.0,대구광역시,달서구,유천동,,유천동
apartment,db9062b5e77d947810e38ee23f166821b410a5eb380642534bc782c910b6f797,metro,le15,le20,dong,154,12,26,70,40,6,15.0,서울특별시,강남구,일원동,,일원동
apartment,db94c6feed5b38185a4038d88ba928f3af13c8af014ecf5472b23824bb766324,metro,m16_25,le20,dong,88,7,22,33,21,5,18.0,경기도,용인시,수지구,풍덕천동,풍덕천동
apartment,db98a9227ebb4670df727e10948b3e06d0344facd4097e3fa270e4518c92326b,metro,m16_25,le20,dong,144,8,45,65,24,2,20.0,경기도,의정부시,금오동,,금오동
apartment,dba1e61d2a9ce07e03295b934fabcc5cdce93e4eef0b342e43ef7136c5721869,nonurban,le15,le20,eup,118,19,0,39,27,33,5.0,충청남도,부여군,부여읍,,부여읍
apartment,dbb465e1904777ef63e8061381eff18c14bf92fabbd20e45f9d627e7ef8380d1,metro_city,m16_25,le20,myeon,267,11,65,118,64,9,20.0,울산광역시,울주군,웅촌면,,웅촌면
apartment,dbb81135e2d5e31c1218a0a54a4424dcfa49edc8857229649ef6d93f8c01ab02,other_urban,le15,le20,dong,118,7,21,55,32,3,15.0,경상남도,거제시,아주동,,아주동
apartment,dbbc1676d03512f72def84608be4d0afaa0674771a50ced105bfa3d329d1700a,metro_city,m16_25,m21_30,dong,191,5,39,97,48,2,25.0,대구광역시,북구,학정동,,학정동
apartment,dbbe2a231289355455c9a2e050a4b9b93078a2f3729b5a2cb7b50d5e09516eba,nonurban,m16_25,le20,eup,192,6,35,88,60,3,20.0,전남광주통합특별시,무안군,일로읍,,일로읍
apartment,dbbfae63ca987b063707b471f4ca284039e63f8214a2b88f24e91d0f3fc49d44,metro,le15,le20,dong,158,8,40,67,36,7,15.0,경기도,안산시,단원구,고잔동,고잔동
apartment,dbc22632d41f8a27ce9731f1234461dbedb43b04e5ea02ba3f3755e7cbfb4e09,sejong,m16_25,m21_30,dong,150,8,54,61,26,1,25.0,세종특별자치시,,보람동,,보람동
apartment,dbcc4e32129182fa93be84358030b92def4e28027936123b1c5bff929bbb1ac0,metro,m16_25,le20,dong,240,6,52,115,63,4,19.0,경기도,하남시,망월동,,망월동
apartment,dbcdf58aa660307be0e90a7ef077374b0207110b4a5f8165650d5c9c4e1245f5,metro,le15,le20,dong,94,5,13,41,26,9,13.0,서울특별시,서초구,서초동,,서초동
apartment,dbd2b310ca7e589c9e0acef0b1b0feda109dbeb90b5e5451dc8b798a0f548d2b,metro,m16_25,m21_30,dong,153,8,41,67,36,1,21.0,서울특별시,성동구,하왕십리동,,하왕십리동
apartment,dbddfd056b419e594f361d5db2a591d95682cb98ec434098dcb05f0a5543e1d4,metro,ge26,m21_30,dong,249,7,72,116,52,2,26.0,경기도,수원시,영통구,이의동,이의동
apartment,dbe871c508e9fea190f4cb080910772e401c0404d34a3658fcd481641a4331e0,metro,le15,le20,dong,78,8,21,29,18,2,12.0,경기도,수원시,권선구,권선동,권선동
apartment,dbea9041b3749552b16989f22105475192778afca0b2e80bb15df3eca940105b,metro_city,le15,le20,eup,132,15,17,52,36,12,15.0,부산광역시,기장군,정관읍,,정관읍
apartment,dbecda60468697919de8b4fd9dedc27c14652d405fe3aac02be369e2a4b765f8,metro_city,le15,le20,dong,264,13,64,116,62,9,15.0,대전광역시,유성구,전민동,,전민동
apartment,dbf03378c3488527b47503ceb37b570bd31b204b7ba1aee0b9fb0b57b0cced14,metro,m16_25,m21_30,dong,116,5,31,48,30,2,25.0,서울특별시,구로구,신도림동,,신도림동
apartment,dbf09592c6cb1285b4dc8e1868f1fbdec3d75b55a3668de524b07cd859f1e076,metro,le15,le20,dong,144,16,32,46,36,14,15.0,경기도,군포시,금정동,,금정동
apartment,dc145b85ec781e55a4a37f6a3b34aecea62bba4fb56204cc074700eedf4c530d,other_urban,m16_25,m21_30,dong,303,9,66,147,72,9,22.0,경상북도,포항시,북구,두호동,두호동
apartment,dc1ee3a3495de07844ed646eb0380c78d7456d675b0813ecbd8ff541462e675e,other_urban,m16_25,le20,dong,95,6,21,45,18,5,18.0,충청북도,청주시,청원구,사천동,사천동
apartment,dc26056dbfc486bdfbdfc44608b068099619a3960779ba07579086bb7fb81d47,metro,le15,le20,dong,130,15,35,54,19,7,10.0,경기도,시흥시,정왕동,,정왕동
apartment,dc37c03e28ff47afd89c5a166c932a4324f044388507f057563429b11989c3b5,other_urban,ge26,ge31,dong,1239,30,351,537,316,5,31.0,경상남도,창원시,마산합포구,월영동,월영동
apartment,dc44b6e529c4f014f50b9f45b6670beb92878f839f66357f9e90b9d358bf77e1,metro,le15,le20,dong,76,7,13,35,12,9,10.0,인천광역시,남동구,서창동,,서창동
apartment,dc57aa9b1c0bd3c1c9afeb552d69268308f82e6a35568b90ad61991541e8e250,nonurban,le15,le20,eup,93,6,20,40,19,8,14.0,전남광주통합특별시,영암군,삼호읍,,삼호읍
apartment,dc5aca27e6a5b4f255eddf9db351f26c76f14438d89c29a295288732d5dba15a,other_urban,le15,le20,dong,78,10,19,25,18,6,15.0,경상북도,상주시,복룡동,,복룡동
apartment,dc72ae01175725b9a1db1b400e681677fdea6d422d71c32bd4ce572b727d35cb,metro_city,m16_25,le20,eup,191,7,51,76,48,9,20.0,울산광역시,울주군,범서읍,,범서읍
apartment,dc898b1b9fa1765de49429d6abe0593e43126d20440b14daab90a191e21bd4de,other_urban,le15,le20,dong,90,24,0,30,16,20,5.0,경상남도,창원시,성산구,내동,내동
apartment,dca1779dd72ad9d68224b5dde971e9b9b7c600c8ff27ed96f05bb49c7960777e,metro,le15,le20,dong,179,14,34,66,46,19,15.0,경기도,오산시,원동,,원동
apartment,dca1c82f104e3ab687e27e2cca59b87c9616fa3e589ed497f5212f309c9a83a1,other_urban,le15,le20,dong,68,17,0,20,11,20,5.0,강원특별자치도,원주시,태장동,,태장동
apartment,dca993e8ca70c3fd7bbc44b5e5fa12203d26b4823a53d3ea58edc0ebb6a83c01,metro,le15,le20,dong,102,6,20,41,28,7,15.0,경기도,수원시,영통구,이의동,이의동
apartment,dcb3b3b1e67d5aaa67963609b1ecf0ef61a88d0c8908dca2ff78c78f0b9165d1,metro,m16_25,m21_30,dong,148,5,50,73,19,1,25.0,경기도,용인시,기흥구,공세동,공세동
apartment,dcee8b85ebcb9d10f4120d32e9e37aaeb146376a01a86cd90436cb160b22d4cf,metro_city,ge26,ge31,dong,720,27,212,357,122,2,36.0,울산광역시,북구,매곡동,,매곡동
apartment,dd0377026bbebf75190a8b76346e6a0922f73a442a2fce0d9be5934fc7c2df3d,metro,le15,le20,dong,147,11,23,68,43,2,15.0,인천광역시,남동구,만수동,,만수동
apartment,dd0e7cfa905eb479e7a4b928fc610339a42a205c145da05bb2bcc7b8754f7ba4,metro,le15,le20,dong,54,5,14,25,8,2,15.0,인천광역시,미추홀구,용현동,,용현동
apartment,dd101d667b68d27736964964e60d0d74a3e15be40719c32c11d3255c47445735,metro_city,m16_25,m21_30,dong,119,6,34,58,20,1,23.0,부산광역시,금정구,구서동,,구서동
apartment,dd1517393326be4c306a331e7103582875d6229a7e1bbc5749184f824ec47fc7,metro,le15,le20,dong,88,16,0,42,14,16,6.0,서울특별시,은평구,갈현동,,갈현동
apartment,dd1849d37cfbff748646fa93422b036973b1f196293656d6adf7a8ccf2bfa739,metro_city,le15,le20,dong,115,10,21,54,24,6,15.0,대전광역시,대덕구,법동,,법동
apartment,dd2fbb2128400ece60ecb021117de818f58ba3f2c97b38983b97a10dce69a239,metro,le15,le20,dong,274,19,49,122,62,22,12.0,서울특별시,양천구,신월동,,신월동
apartment,dd36e5e8a46795c54b638b73849f9c0348eec6cbfb6110087b9118540d858fb8,metro,m16_25,m21_30,dong,259,17,51,116,66,9,22.0,인천광역시,부평구,삼산동,,삼산동
apartment,dd5ee70757d434464c9c95bcfbade9216b7706ff85e78981ca6098f3642aac55,other_urban,le15,le20,dong,79,19,0,34,16,10,5.0,경상북도,상주시,냉림동,,냉림동
apartment,dd5fa7e120475fd11bbf2e10ea19ba197f9cc7b69730860ddcd18e06ff5eb556,metro,le15,le20,dong,210,12,34,82,56,26,15.0,경기도,화성시,병점구,병점동,병점동
apartment,dd758f25a8d1c24328fbd9f646d3d50d5f29a067725c96dfa3ef4a66c0ac5b91,metro_city,le15,le20,dong,50,5,15,17,9,4,15.0,부산광역시,부산진구,부암동,,부암동
apartment,dd7c9ddfa3a5fc6581f47339f8d19b4c3bddaaf8a0841c114a8fb164e6d7ed55,nonurban,le15,le20,myeon,140,15,26,68,23,8,15.0,전북특별자치도,완주군,이서면,,이서면
apartment,dd7f8942cff6f4ec12a5a8f6ea6539ddf451d91440b9f15cb8fb7a49e0c2b533,other_urban,m16_25,le20,dong,148,5,31,61,45,6,18.0,전남광주통합특별시,순천시,용당동,,용당동
apartment,dd84adfaca25ad821ee5c809d1fbeeabcd54466604e5b84822c2b7f195584c6b,other_urban,le15,le20,dong,145,9,31,61,33,11,15.0,강원특별자치도,춘천시,퇴계동,,퇴계동
apartment,dd940de3e4965b55be9c8a34fa604aba06304f2e08b7f13933a2128a29c66ce6,metro,m16_25,le20,dong,93,7,29,37,19,1,17.0,인천광역시,서해구,청라동,,청라동
apartment,dd98ed36625a953a263c5451f9193213cf3f6267b925111bee83630b76f7b5ae,other_urban,le15,le20,dong,78,5,15,33,20,5,15.0,경상남도,김해시,내동,,내동
apartment,dd9e8a64c1edf0f09f6dced2ffb1b507e70dfb7b32cddc8b62a4ae27a2686c3d,other_urban,le15,le20,dong,123,7,32,43,38,3,15.0,충청북도,청주시,흥덕구,비하동,비하동
apartment,dda8f7ebfd9db88c2f4d5cd287100a1a22cddd1d212282b1fe6ade24824cdaf7,metro_city,m16_25,le20,eup,153,7,41,67,37,1,20.0,대구광역시,달성군,다사읍,,다사읍
apartment,ddbaa9308ba5a4b2ec0798ad20b4f88caa55a7e15ce52d783d3558a902ee3b89,other_urban,le15,le20,dong,179,12,29,85,46,7,15.0,경상북도,구미시,옥계동,,옥계동
apartment,ddd540bf6433e13d3be12fc49f28f5db7df81d503eda0b938f39a7f042705758,other_urban,le15,le20,dong,233,21,42,93,74,3,15.0,전북특별자치도,전주시,덕진구,송천동2가,송천동2가
apartment,ddd74283441d7ed89095925bdbf0920870a454f042c0e5cfe7be41744a569fb0,other_urban,le15,le20,dong,95,14,32,28,16,5,15.0,전북특별자치도,전주시,덕진구,인후동1가,인후동1가
apartment,ddda526393fb0879f99294905daf3ef9d21cc0e5c04e750cc4437aff16e8a364,other_urban,le15,le20,dong,51,5,7,25,9,5,12.0,충청남도,천안시,동남구,구성동,구성동
apartment,dddd38a38737dc0e2f50c39e44a957f333899c6c86fd7242baa56f5610b35b12,other_urban,le15,le20,dong,180,17,32,72,49,10,15.0,경상북도,구미시,공단동,,공단동
apartment,de0402636b919ade19641aa61b2cb3cd21bf1d60348fb732e29fe438e1cd108c,metro,m16_25,m21_30,dong,131,8,39,61,21,2,22.0,경기도,평택시,용이동,,용이동
apartment,de0676233fab4b83abf79dd5f64bc2a2db847b57921bec9faaaaa70b2424a0e7,other_urban,m16_25,le20,dong,87,11,17,40,18,1,18.0,전북특별자치도,전주시,완산구,삼천동1가,삼천동1가
apartment,de0bc33cea32122c2a70085b04b77dad292e80d781727aee72f19aa91820d1be,metro,le15,le20,dong,219,16,48,94,52,9,15.0,경기도,수원시,권선구,권선동,권선동
apartment,de1336c00360a82bef04f0fd377271ff13cff654c855a19101b542bec760f920,metro,le15,le20,dong,242,23,39,109,60,11,15.0,경기도,광명시,하안동,,하안동
apartment,de30915df426d5b2e340d62dad16ad978a89396c87dba22a0e948fae9573f0ed,other_urban,le15,le20,dong,83,22,0,32,12,17,5.0,전북특별자치도,전주시,완산구,삼천동1가,삼천동1가
apartment,de36771a797cd61c3924b9f660f310d52141609b58f6451d08f2ed196088c4d9,metro,le15,le20,dong,78,8,9,35,20,6,12.0,경기도,의왕시,삼동,,삼동
apartment,de370871b1985506529a42b2f47cc945a3aa1d51b1446971bb2719e78e8914ba,metro_city,le15,le20,dong,138,20,15,77,23,3,9.0,대전광역시,유성구,지족동,,지족동
apartment,de446d9a71186f65184c8dac1987199f60425ca895e0c3b54a0fd8d0f147a7b8,other_urban,le15,le20,dong,181,12,43,62,48,16,15.0,충청남도,천안시,서북구,쌍용동,쌍용동
apartment,de6741fc33b774fafc66dcd264d68d54191ee58623fe109aa2538fd7a77092d9,metro,ge26,m21_30,dong,242,15,106,76,43,2,30.0,경기도,고양시,덕양구,동산동,동산동
apartment,de67fe8fa607a3e919813c884aec0171c2fb7b7b6d0d267f05aa820b13cb1c84,metro,le15,le20,dong,262,20,35,107,72,28,12.0,경기도,수원시,권선구,권선동,권선동
apartment,de6cd431cb6ca9ec87a8fb0b81bd1b7a3f5ed4afb64c342f4ab3cf54a0fb05d8,metro_city,le15,le20,dong,65,5,14,22,21,3,14.0,대구광역시,북구,태전동,,태전동
apartment,de76cddfd9ab745dffc68de25087d0c16362ca4dfc16de1f3401a3d520230aab,metro,le15,le20,dong,120,5,23,47,39,6,15.0,서울특별시,노원구,하계동,,하계동
apartment,de7aa7904bb4c636e84031be1357890b1c6595c19a405ab4fde4877510e689a8,metro,m16_25,le20,dong,88,5,17,44,19,3,19.0,서울특별시,서대문구,연희동,,연희동
apartment,de8e39432fcbd5dbdde0f10bbf4e8b70850407f31c80933ff338022c7b6279b1,metro_city,le15,le20,dong,98,8,23,37,27,3,15.0,대구광역시,북구,읍내동,,읍내동
apartment,de90a1da5733df36eb4b453e67d72eee7807ad7c09546720fe247c1ee8965063,metro,le15,le20,dong,58,16,0,23,4,15,6.0,인천광역시,남동구,간석동,,간석동
apartment,de993ef24d8f268d819641f449606206000ed888a37905b0387e1e62fe990d93,metro_city,m16_25,le20,dong,253,13,53,115,62,10,19.0,대전광역시,대덕구,송촌동,,송촌동
apartment,de9b9c98dfe0299719a94974ec3d238630f4feaeeb0f026eb2df1126bb3effd5,other_urban,m16_25,m21_30,dong,197,5,45,81,58,8,25.0,경상남도,거제시,상동동,,상동동
apartment,de9f87f345093ba7f355422f9f2d5406fc8ccb8a8a1e0a0b1c19d32a07930fa6,other_urban,le15,le20,dong,336,21,70,134,87,24,15.0,경상남도,창원시,진해구,청안동,청안동
apartment,deabd83d05fe07df4fac314b330c4a46e61c22cb417d1ff97482266aa72f906e,nonurban,le15,le20,eup,126,7,34,46,31,8,15.0,전북특별자치도,완주군,삼례읍,,삼례읍
apartment,deb6141892b88640c786aa4670ad59a7392fce15f39dca9f959b59b18173d0ae,metro,ge26,ge31,dong,506,9,127,232,133,5,42.0,인천광역시,연수구,송도동,,송도동
apartment,deb6f8f8798b9a078cc777ffe97cc073ddd0d72c763511a0900a9e50f33bbbe6,other_urban,le15,le20,dong,95,8,19,39,24,5,15.0,전북특별자치도,전주시,덕진구,장동,장동
apartment,decd6ae893b7d66cc6c6558a35dc15cdc32f48b45d7859d2973f9913b22a9631,metro,le15,le20,dong,158,14,29,56,49,10,15.0,경기도,고양시,덕양구,행신동,행신동
apartment,deec5b77eed5d109a60250d4c515089d320919f7fdc2e817f5424a2e0a0723a4,other_urban,le15,le20,dong,347,20,59,130,103,35,15.0,충청북도,제천시,장락동,,장락동
apartment,deef1edf2a2d94da7769f0b0964e3f99376709831317e8badb5ef1d0ff59eb8d,metro,le15,le20,dong,87,8,21,35,18,5,15.0,경기도,용인시,수지구,동천동,동천동
apartment,def584fc6198b35a8e682ae2f61bccb9f8d24006ba418cd8bfa45fac91701562,metro,m16_25,le20,dong,110,6,40,51,12,1,20.0,경기도,수원시,장안구,정자동,정자동
apartment,deffdf937c0888604907984ccdec914a5b7975f13431374392fdc944fe8ef92c,metro,le15,le20,dong,51,5,13,17,14,2,15.0,경기도,수원시,권선구,권선동,권선동
apartment,df01bba9e38abf2a5ad41fe3ada396677a4c41f1bca12c513079a488107e03f9,nonurban,le15,le20,eup,110,11,16,40,33,10,15.0,충청북도,옥천군,옥천읍,,옥천읍
apartment,df060f051211ee26cb91dc7837bce710fc49936701c04e55ca8ff59d2a7c406f,metro,ge26,m21_30,dong,343,24,168,139,11,1,29.0,경기도,안산시,단원구,초지동,초지동
apartment,df079a8b5a4cf08efd0924f6237cbc28af76060f1ec89c91a73ef860f293a989,nonurban,le15,le20,myeon,185,21,30,85,35,14,12.0,강원특별자치도,원주시,흥업면,,흥업면
apartment,df09a44e61ca8f25bdf266c1c7a6b8db1f90b76319d99fcf7c386a4f59eb1afd,nonurban,m16_25,m21_30,eup,181,5,56,72,42,6,25.0,경상남도,거창군,거창읍,,거창읍
apartment,df0cc51fc69981c8a926455e5b586e5717fbb6872297614ef63d997ad897f28c,metro,le15,le20,dong,84,6,16,37,22,3,15.0,경기도,고양시,일산서구,대화동,대화동
apartment,df12f23251190f5fbf40537beea6733ce56d793c6e7f5a522e7000ee80405bc4,metro,ge26,m21_30,dong,367,7,144,131,82,3,27.0,경기도,안양시,만안구,안양동,안양동
apartment,df1c1dc521be2a4447679c2632b892a35e83e359898fae6ecd6beec5d896d293,metro,m16_25,m21_30,dong,397,21,96,174,99,7,25.0,인천광역시,남동구,만수동,,만수동
apartment,df1ce006951187df682801fa933df92c4286ed03acad53c8cefcb9912b69a4cc,other_urban,m16_25,m21_30,dong,105,8,26,31,35,5,21.0,전남광주통합특별시,북구,매곡동,,매곡동
apartment,df31e0c98527bc0541a96ab9064eadb41488033e423c15407bbe8c657dc6d62e,metro,m16_25,le20,dong,170,12,44,71,37,6,18.0,인천광역시,연수구,옥련동,,옥련동
apartment,df457210fd9f7e109c8220773de7dca9c5aa32ff9060c2c9d80a57831ad54f9d,metro,m16_25,le20,dong,392,23,112,153,93,11,20.0,경기도,파주시,금촌동,,금촌동
apartment,df46b1f17cce822713265498ec9dc71bd606f13fb1d4fa430cb9790c895e26ba,other_urban,le15,le20,dong,156,9,29,56,51,11,15.0,경상북도,경산시,옥곡동,,옥곡동
apartment,df4db7bb63d32ff9a65947480641b371785ce16bcd7919e32da4799390bbfa01,metro,m16_25,le20,dong,93,6,14,48,20,5,16.0,경기도,수원시,권선구,고색동,고색동
apartment,df5350c968963743c3482e76aea79e5b63b1b866a3ca1edd3f7b79f4a7fffbef,nonurban,le15,le20,myeon,260,24,49,102,62,23,15.0,강원특별자치도,평창군,진부면,,진부면
apartment,df54f3e3ff1b87951fc2936751045eb5c3c493a1c367d5b1fc0b596c4c88fbea,nonurban,le15,le20,eup,91,10,22,24,27,8,15.0,전북특별자치도,부안군,부안읍,,부안읍
apartment,df701223eb71e68782919e86fed61c7e0202ffc677f6106689f3ed9f58a1b50d,other_urban,le15,le20,dong,89,7,17,41,16,8,15.0,경상북도,상주시,복룡동,,복룡동
apartment,df70f8bbac18dd20c7d331938efdba2acfb88becfe76a18fa023e65a92630bc4,other_urban,le15,le20,dong,112,9,24,51,24,4,15.0,충청북도,충주시,목행동,,목행동
apartment,df717b9dd0edeee7a190b47fe169140ea589c6bda1f509e9e64b1c24e16c9506,other_urban,le15,le20,dong,369,24,69,152,92,32,15.0,충청북도,충주시,칠금동,,칠금동
apartment,df73d00fc01fddefaf6555604278f6676aa99b65cf79b05092810811a3f12e46,metro,le15,le20,dong,161,10,40,66,35,10,15.0,경기도,파주시,다율동,,다율동
apartment,df8dd5f6f7c4c2f30aef3c3154d0cd1360cd65eb5856676688f70da58a4815de,metro_city,m16_25,le20,dong,263,9,57,122,65,10,20.0,대구광역시,서구,중리동,,중리동
apartment,df915357856aa93240425067209a92cbf7a04125d8a331a0387bb3c272084e66,metro,m16_25,m21_30,dong,249,12,85,124,22,6,25.0,경기도,부천시,원미구,상동,상동
apartment,df94562455ce9617fc427c574bbc04e411914203204c43bd6be0d39603025c93,metro,m16_25,m21_30,dong,201,5,59,76,58,3,24.0,경기도,파주시,와동동,,와동동
apartment,df9456c0498b02c82391ffbb56f5380745d7f4c9811367a96a8dcb41d255bdfc,metro,le15,le20,dong,125,6,31,57,22,9,15.0,경기도,화성시,동탄구,여울동,여울동
apartment,dfa186b65803637c2a192138e9cc498bf9494c14b6358618187db90561d5cd63,metro,le15,le20,dong,166,25,34,86,15,6,13.0,경기도,수원시,권선구,평동,평동
apartment,dfafbbedd8c7bffce9879b686b874fdc7b5c51a89bfe1301a93c2273ae8d681e,nonurban,le15,le20,myeon,249,21,66,75,73,14,15.0,충청북도,충주시,대소원면,,대소원면
apartment,dfb13ca4672a9f3bdb4396905948dd9a73ae787150be224ae8092015ab8cdcea,other_urban,m16_25,m21_30,dong,151,5,36,74,32,4,23.0,경상남도,양산시,주남동,,주남동
apartment,dfb17f0574fb9ce612227d5f4d48878ba850345dd1e8bac07e1375922a48d94c,metro_city,m16_25,le20,dong,60,6,19,15,14,6,18.0,대구광역시,달서구,이곡동,,이곡동
apartment,dfb399425c4100883cab666ca005be04a1bd69c4a825d6f8c8155ca63cb498bf,metro,m16_25,m21_30,dong,189,8,67,97,16,1,25.0,경기도,부천시,원미구,중동,중동
apartment,dfb6bcd4b89a12425a9cb5bda127b643a304aba9d085a9c518adadb857ab40b4,other_urban,le15,le20,dong,67,7,17,19,22,2,15.0,전북특별자치도,익산시,금강동,,금강동
apartment,dfbb8fe482631e1e45d00e48d9d5f5657d6d12019809a64b53ce4d69cbbb7419,metro,le15,le20,dong,50,5,11,21,10,3,15.0,인천광역시,검단구,금곡동,,금곡동
apartment,dfc94404f979708f46197597318efef137e5bdcf6df5853e2e8f0b24ee79a2a3,nonurban,le15,le20,myeon,129,8,24,61,23,13,10.0,경상남도,고성군,거류면,,거류면
apartment,dfdf603cedfaaa1663161e5b011f00c1d6355b538c5f3682d1d97aa0f76b5f53,other_urban,le15,le20,dong,85,5,19,29,24,8,15.0,경상북도,경주시,용강동,,용강동
apartment,dfe05401bdd5bd40bb341139406e5faab322f96808e37ddad63308910c7be3fb,metro,le15,le20,dong,129,7,35,52,25,10,15.0,경기도,파주시,아동동,,아동동
apartment,dfe16f1ad2244f005d1d551285e4b295730dfdb6392fdd7920f52309e96bf1e7,metro,m16_25,m21_30,dong,426,21,155,230,17,3,25.0,경기도,성남시,분당구,정자동,정자동
apartment,dfee8e056c5f8afc1747ee00a920c83cb5c416c2bf0e1b13509506bf223156ec,metro,le15,le20,dong,237,13,51,102,58,13,15.0,경기도,화성시,동탄구,영천동,영천동
apartment,dff1f65b98110ab9874b10a5985adea50ce0908cb023e557806b1a9dcc0a867b,metro_city,ge26,ge31,dong,263,6,95,123,38,1,34.0,대전광역시,유성구,상대동,,상대동
apartment,dff7134d6e81383c971c81754425359a9805c1c053d77110c127d7dcb01afb2a,metro_city,le15,le20,dong,96,8,19,40,25,4,15.0,울산광역시,북구,천곡동,,천곡동
apartment,dffc555a76ffe6093ed74e48350fbd402ffbb2a7959d2d3157eb0a618f831603,other_urban,le15,le20,dong,61,5,15,23,13,5,15.0,강원특별자치도,춘천시,석사동,,석사동
apartment,e0073c8582e3b06227b2a151b8e67eff088a8fbc3db660334d3ff9d73b657fcc,metro,m16_25,le20,dong,88,7,28,45,2,6,16.0,경기도,수원시,장안구,조원동,조원동
apartment,e00f24ba59404bd9b0b22d667569e80304ed748fdf930a875a95da4364215b9f,other_urban,le15,le20,dong,80,6,17,29,24,4,15.0,충청남도,천안시,서북구,쌍용동,쌍용동
apartment,e0270c80fb77d54947b984fe661ca59f101dd3fd865dec7bd97e13a2cea8e8e0,other_urban,m16_25,le20,dong,592,39,166,280,103,4,18.0,전북특별자치도,전주시,완산구,서신동,서신동
apartment,e038be6205064e1a8c17391781103780401540c71279f6ee626708218cca1c61,metro_city,m16_25,m21_30,dong,66,5,8,41,11,1,23.0,부산광역시,해운대구,좌동,,좌동
apartment,e049aa86288cbd591b676237b0eb7c6167beb05c24fd575fcf1de1b31940d5ac,other_urban,le15,le20,dong,135,10,24,51,30,20,15.0,전남광주통합특별시,여수시,웅천동,,웅천동
apartment,e057480fa95bb0eb2ea2c888cfbbeb647aede60013b6db140258d6b00528a5b2,metro,m16_25,le20,eup,179,12,54,78,34,1,20.0,경기도,화성시,효행구,봉담읍,봉담읍
apartment,e05c275010dbd0db65f82a50e92b3ab48f5a49e72b9a79e4846182ea88bfcf9c,metro,m16_25,le20,eup,285,22,49,126,63,25,16.0,경기도,화성시,만세구,남양읍,남양읍
apartment,e0830a10b4aafdfd5cf08b7e6b16d46893dbcdcf9623fe0488480ff868021f6d,other_urban,le15,le20,dong,94,6,19,40,25,4,15.0,전남광주통합특별시,광산구,산월동,,산월동
apartment,e0b9bd9a0573a1070c71bd26450fc0ddff7b8229a9de119a049fe28197c08de7,other_urban,le15,le20,dong,325,17,55,143,93,17,15.0,경상남도,거제시,고현동,,고현동
apartment,e0bef2192ec0def5e9fea7d35d3641d7125a40da150bba9aa1ef4ed4a253a4a9,metro,m16_25,le20,dong,187,5,59,91,31,1,20.0,서울특별시,은평구,응암동,,응암동
apartment,e0d3adf43318b6ab7e928ea1b64e57fa64567553319905380193a52c0e7b1bf3,metro,m16_25,m21_30,dong,146,6,61,63,14,2,25.0,서울특별시,영등포구,신길동,,신길동
apartment,e0de973d742caae5d29a8932057c4dbc69e4ca251509cda6a29a467b1e391d01,other_urban,le15,le20,dong,154,13,35,71,32,3,15.0,경상남도,사천시,용강동,,용강동
apartment,e0e981603b9f99fddc7f8ef23ee2737ba9dc942e649d2e662bcffe10be433cdb,other_urban,le15,le20,dong,61,11,0,30,11,9,5.0,전남광주통합특별시,북구,문흥동,,문흥동
apartment,e1139cbc537aab6506aa6ee46433b30cf28d3ca8804023861dcd11a2a847910e,metro,m16_25,le20,dong,76,7,19,27,17,6,16.0,경기도,여주시,홍문동,,홍문동
apartment,e1178d855fd3c4dd15914bfede633881693501e09b21c3ee37d224e0086b388a,nonurban,le15,le20,eup,89,7,18,37,22,5,15.0,경상북도,구미시,고아읍,,고아읍
apartment,e11d54bca31dfd09a69eca75814b91072f6d09454b68c6333fefdedc693b561a,metro,le15,le20,dong,109,10,14,51,30,4,15.0,경기도,용인시,처인구,고림동,고림동
apartment,e121535aabd7236714f600b0b0c85278a4720b506dba15f98daf1c81b2162d07,other_urban,m16_25,m21_30,dong,375,13,92,163,100,7,22.0,전북특별자치도,전주시,덕진구,인후동1가,인후동1가
apartment,e12e89319395232193930201da1bbdc7d4dd3f23a8af104a13993137e048c5fe,metro_city,m16_25,le20,dong,64,6,14,27,14,3,18.0,부산광역시,사상구,학장동,,학장동
apartment,e13202f33bfdd41154d81e29f393f53750099662ed59273fd10b8afe62ef1104,metro,m16_25,le20,dong,414,21,119,189,75,10,20.0,경기도,오산시,부산동,,부산동
apartment,e14c44704a410c5d40ac6ed6dba554059e7c575c8b9ec17f40e11f31e5d6f407,other_urban,le15,le20,dong,204,18,48,77,49,12,15.0,충청북도,청주시,상당구,금천동,금천동
apartment,e154ea4dc0e6e657f6efb71697cf3a637bc46122bf5ac042d41dabf326cbb763,metro,m16_25,le20,dong,96,9,27,42,17,1,20.0,경기도,고양시,일산서구,일산동,일산동
apartment,e15fa15cd00686bcb64a63f2f367a582407201a9f213b8248dc0311196e9a9b1,metro_city,ge26,ge31,dong,153,5,35,69,43,1,32.0,부산광역시,연제구,거제동,,거제동
apartment,e16239dc2e3a1fee66863f87fc88fc2822956c4a0ef074d0cb1a168300bc0d5b,other_urban,le15,le20,dong,106,8,21,43,30,4,15.0,전남광주통합특별시,광산구,신가동,,신가동
apartment,e16b797cfff19a513ae38ee6e79e007fcee8049f5cd12c5375228869b8d2cbad,metro,ge26,m21_30,dong,331,18,125,143,42,3,27.0,경기도,하남시,학암동,,학암동
apartment,e16d0477397c5043d1f8ea5f215dea5c3ba77862de717f84624ae91a7dfd7a8d,nonurban,le15,le20,myeon,59,6,18,27,6,2,15.0,경상남도,통영시,용남면,,용남면
apartment,e17774d9c3f6095acad400696a5749dd9f3b5a2c1b8cf054edffc524252f75fb,other_urban,m16_25,le20,dong,135,10,22,63,36,4,18.0,경상북도,경산시,삼풍동,,삼풍동
apartment,e18b05b0688808a8532c295499750e9663ac23867b59ca4292a5df0f01582e8f,other_urban,m16_25,m21_30,dong,397,22,148,167,59,1,23.0,전북특별자치도,전주시,덕진구,호성동1가,호성동1가
apartment,e18b0bd382df8ef796551746b857755771c1f0df2555f89847faae4a228db188,metro,m16_25,le20,eup,267,16,82,129,39,1,20.0,경기도,안성시,공도읍,,공도읍
apartment,e19c13b7345d70adb4aef428bcd642e9bbb7b1cfc425123637e1dde63aa9a246,other_urban,m16_25,le20,dong,51,5,18,20,6,2,20.0,충청남도,공주시,교동,,교동
apartment,e19c372550b75ff9d878ee791193835cc0a3a0164a1b2a9a17a0b68f4a6670fd,metro,le15,le20,dong,89,9,15,48,16,1,13.0,서울특별시,노원구,월계동,,월계동
apartment,e19fa712897d219180cebe27ec2152e240dadccd1db9e423ab7d7c393b3eb707,metro_city,m16_25,le20,dong,163,8,31,81,39,4,19.0,대전광역시,유성구,지족동,,지족동
apartment,e1a1fc29fcdf524187631dfc94ed6ed9fd1f2c0a3f44766356d8dc4216262e2b,metro_city,le15,le20,dong,124,11,24,56,26,7,12.0,대전광역시,서구,둔산동,,둔산동
apartment,e1ac02f6d36ddb2a31da87376ac81eb8c6bb48eb0cef071a6df296eb9a56c2f4,metro_city,le15,le20,dong,53,5,11,15,19,3,11.0,대구광역시,남구,대명동,,대명동
apartment,e1cbe667122255875500c389585b5313bf03b0c6cb6b4b4e3627bf63aeb1ad01,other_urban,le15,le20,dong,63,5,9,29,14,6,13.0,전북특별자치도,군산시,나운동,,나운동
apartment,e1ccb5810341e88ccd3e12f23b0522bf9dc7198d3605678d2d8044c17fc92de2,metro,le15,le20,dong,197,12,41,88,40,16,15.0,경기도,양주시,삼숭동,,삼숭동
apartment,e1dc281ea7ffebce481977ae07de526e1178ec91b8ba476b88778c54879cb9c6,other_urban,m16_25,le20,dong,188,8,45,105,27,3,19.0,경상남도,창원시,의창구,팔용동,팔용동
apartment,e1dd2c22aa14c2c6f153e4685a94bc8a006adb6614d0ea2ef171dc4960906f5a,metro,m16_25,le20,dong,140,6,34,62,31,7,20.0,인천광역시,검단구,당하동,,당하동
apartment,e1e2b6e0e4c025ad377846ad10eb760b6e414eacede5511d23fa6067a8fa9330,nonurban,le15,le20,eup,98,9,13,45,29,2,12.0,충청북도,음성군,대소읍,,대소읍
apartment,e1ec79b9d8fad3f12d4cb0849c85f737d169c75ff2baad3027ce4e3f3ea4a898,other_urban,le15,le20,dong,331,14,92,144,60,21,10.0,충청남도,천안시,동남구,안서동,안서동
apartment,e1f619265c1bf06c22a1d7f1baa7cf709e6c5e86315f0ce84c1d5fdaf1717014,metro,ge26,ge31,dong,351,10,127,140,71,3,38.0,인천광역시,영종구,중산동,,중산동
apartment,e20ac9a3a6a23e8715562a0526ad80b33e6ebb38428898b8a48113faff74cc93,metro,ge26,m21_30,dong,312,5,85,129,87,6,29.0,경기도,시흥시,배곧동,,배곧동
apartment,e2136eeac41b425553aa51062e3da863ce5c876bc4cca35a54e8560e8145f278,other_urban,m16_25,le20,dong,199,11,52,73,59,4,20.0,전북특별자치도,전주시,완산구,효자동3가,효자동3가
apartment,e23ef36f18079891013d4e709ef24a7815f760117c3c48d51e65db001979d5dd,metro,le15,le20,dong,132,24,29,42,21,16,10.0,경기도,시흥시,정왕동,,정왕동
apartment,e24a4c88676b97d8812117aa5f4cbba3fe5f8140704844d97b121a270ded4ba2,other_urban,le15,le20,dong,71,8,14,30,14,5,12.0,제주특별자치도,제주시,화북이동,,화북이동
apartment,e25c44621bc06b6c51e9c454942d12aca3504fe03c2a9858fe15d5a252841391,metro,le15,le20,dong,290,17,65,120,75,13,15.0,경기도,용인시,수지구,풍덕천동,풍덕천동
apartment,e267def6d4b29d5258d01ad2c0d32b3d16a7f8371f688980c3c456660958da9a,other_urban,le15,le20,dong,145,10,22,59,41,13,12.0,충청남도,천안시,서북구,신당동,신당동
apartment,e26d6d47ea8502f29283eb9fc5361d285c5e16ff08fef5ca1bd6368ee027b01a,metro_city,le15,le20,dong,220,11,47,81,59,22,14.0,대전광역시,서구,내동,,내동
apartment,e27ba034d081f6011bdebfac9338a1bae32280309f2b3ba31cfeb3006836b151,metro_city,m16_25,le20,dong,334,22,80,144,83,5,18.0,대구광역시,북구,구암동,,구암동
apartment,e2875f23b759f0fe8209a951e130927c3e68908b778fffd04d1398d76a12fa16,metro,m16_25,m21_30,dong,76,6,27,37,5,1,25.0,경기도,안양시,동안구,호계동,호계동
apartment,e2931005c40387a0e94db2a19818300f101dcbf2e4d4abdbe3d7a8f8dc10462b,metro_city,le15,le20,eup,79,13,0,35,19,12,6.0,울산광역시,울주군,온산읍,,온산읍
apartment,e2997eccb929b594673d17369097fed0505f5eb52a7f863623e28d29973f8996,metro,m16_25,m21_30,dong,117,5,35,67,9,1,25.0,경기도,성남시,분당구,이매동,이매동
apartment,e2aaef137b1f1bc69b4b0d29e2fb2c3613b9694ffcd4c72fa360b27cc27e8ecb,other_urban,le15,le20,dong,56,10,0,21,15,10,5.0,강원특별자치도,강릉시,포남동,,포남동
apartment,e2b22a078bfc1b82b5efbd5354f50c478f0a3d1776440babc1db6a55cf493acb,other_urban,m16_25,m21_30,dong,240,16,49,75,86,14,22.0,경상북도,김천시,신음동,,신음동
apartment,e2bb12dcac2b4bd749f4daeecdd52604609bfc75450769b8681fb6507a74210e,metro,le15,le20,dong,171,11,23,72,52,13,15.0,경기도,수원시,영통구,원천동,원천동
apartment,e2caf0c47ef3f1bd1d9c6b0128db0e0a172f3a3c855292b8f6d9160b8e83a121,metro,m16_25,le20,dong,143,10,44,60,27,2,20.0,경기도,의왕시,내손동,,내손동
apartment,e2ccc5d863cb21fa204e9bf112d192577c02eefcd754e9f1d47beb9fc9459f63,metro,le15,le20,dong,77,5,17,35,14,6,10.0,서울특별시,강남구,자곡동,,자곡동
apartment,e2cf35b9a4dee69ae5d1b49fe09446cf8225338821fd4949534a0887a6542bd5,metro,le15,le20,dong,203,8,39,79,60,17,15.0,서울특별시,강서구,등촌동,,등촌동
apartment,e2d1c1dcee23c3ba408e05acbb0313159a6166edf9cbf78e0e7ec8be97dda7bf,other_urban,ge26,ge31,dong,519,7,139,275,97,1,33.0,경상북도,포항시,북구,창포동,창포동
apartment,e2decf6ebfe911091696fc20c45a7d17cbf091d62832c019051809bd3e89354a,metro,le15,le20,dong,214,47,0,83,42,42,5.0,인천광역시,영종구,운서동,,운서동
apartment,e2f60e5ea2a7e8feb087671d61956dca757bedf9e36cb9a3288ce965c6c77dd7,other_urban,le15,le20,dong,231,9,45,82,78,17,15.0,충청북도,청주시,상당구,용암동,용암동
apartment,e2faabc9fa05b8ea203c7b8c1f17144b2699636a5316c3a3f5f4810919efbb14,metro,le15,le20,dong,224,16,46,105,51,6,15.0,서울특별시,동작구,상도동,,상도동
apartment,e307e60a42e5adbf8f79b04db7144a73f3c7edbfa6053426db0eac003392ccbb,metro_city,le15,le20,eup,86,5,17,49,13,2,13.0,부산광역시,기장군,기장읍,,기장읍
apartment,e30814ecd2e095fda87ee465461e5a85d6b52b4ffde66d9da0ab5b0d2feddf59,other_urban,le15,le20,dong,101,9,16,58,16,2,13.0,전남광주통합특별시,광산구,송정동,,송정동
apartment,e3093359349b7a619fdb238c37ac41516d6352583e7e66a539745997dbf3cb6e,nonurban,le15,le20,myeon,253,52,0,103,53,45,5.0,충청남도,천안시,서북구,입장면,입장면
apartment,e310ae0e34e19e2fcd4dc3fd6dbb5cbccea46e761c9abbe081d22951d915e600,nonurban,m16_25,le20,eup,54,6,12,21,11,4,17.0,전남광주통합특별시,무안군,무안읍,,무안읍
apartment,e313b5ed8c0f0f53d987462e33ff77a2e0d1b969476f8f8bd08b188bf42405c4,metro,m16_25,le20,dong,107,8,29,42,24,4,16.0,경기도,성남시,분당구,이매동,이매동
apartment,e321243d00a6d612d6272960eae466d10aedf60d2b7c5ea739efe02853ce27ec,nonurban,le15,le20,eup,111,10,28,48,15,10,15.0,경상북도,칠곡군,석적읍,,석적읍
apartment,e32b5356b3f91802ac118566d3d23a9c22c475606b64b8839a8b776aeef7746d,other_urban,le15,le20,dong,164,12,29,57,51,15,15.0,충청북도,청주시,상당구,용암동,용암동
apartment,e33c1e16c8aea28bb7d9bf1a6be563f5bfcceb0f55652133cab3b3f2bba2a467,metro,m16_25,le20,dong,94,6,22,38,23,5,20.0,경기도,수원시,팔달구,인계동,인계동
apartment,e346efc9780cae785e871430f85a788212c4dfe1142494a564d4a038fd061c45,metro,le15,le20,dong,74,8,13,30,15,8,10.0,경기도,시흥시,정왕동,,정왕동
apartment,e354eb71304eaf01d00b4d37ce54ab682e43a1a60e45eb36d5b767cecc7b8371,other_urban,m16_25,le20,dong,252,13,66,104,51,18,20.0,충청북도,청주시,서원구,분평동,분평동
apartment,e35572b4117359faf3bbef9cf22f41df2d09ba1ae208896611f6bacb5e862614,metro,m16_25,m21_30,dong,57,6,17,22,11,1,24.0,경기도,구리시,토평동,,토평동
apartment,e36251e77886dee74b6ed5333d1eb7e2ecdf0df54fe6825ee31d5c1c99b5dfc0,metro,le15,le20,dong,170,8,37,78,39,8,15.0,경기도,양주시,삼숭동,,삼숭동
apartment,e36833e2644519a70e58d6eb1a294eee60b672bd1b198ba02f19a14d381b0d7c,other_urban,le15,le20,dong,121,24,0,50,28,19,5.0,강원특별자치도,춘천시,후평동,,후평동
apartment,e374d4c74336b2f41c4ce56b672e5f56498493a5c3f09f75eb3e87af81438e55,metro,m16_25,le20,dong,108,5,26,64,12,1,19.0,경기도,남양주시,평내동,,평내동
apartment,e37dcc41d2f797a2176b06860c35dfd9fbf1a1cc047acc0d5da0270e02d8c7c8,nonurban,le15,le20,myeon,53,7,16,20,7,3,10.0,강원특별자치도,원주시,판부면,,판부면
apartment,e3873fcc063616500819e3a05bf72ca2949f9290cacbdab213238f5f969e2651,metro,m16_25,m21_30,dong,207,8,62,93,42,2,22.0,인천광역시,부평구,삼산동,,삼산동
apartment,e389dbb1b92dc1e7eeb17c1eedb3d3a7de3934a58093ea03eb625ced206f81ef,nonurban,le15,le20,eup,107,18,0,45,18,26,6.0,충청북도,음성군,대소읍,,대소읍
apartment,e39c09d06c79365deaaab2eaeb28d8910d072ec0b06e653d16d004bb915bcc52,metro,m16_25,le20,dong,398,9,95,180,104,10,20.0,경기도,화성시,동탄구,산척동,산척동
apartment,e3b3a76bf28f6f5fe4d76dac45b606f93680e0ef4dde65dbca589cfe46e0565e,metro,m16_25,m21_30,dong,219,9,55,94,55,6,21.0,인천광역시,계양구,작전동,,작전동
apartment,e3bc3a963144ac536e2dcd30a644e97dc502505d702c5cffad4b6182ec553c78,metro,m16_25,m21_30,dong,329,17,116,166,29,1,25.0,경기도,하남시,망월동,,망월동
apartment,e3d3b9b8abcae4e32c9d9a87f1c4ab3dd345d89d29e4ad0b5683adac190aca81,nonurban,le15,le20,eup,88,7,15,29,33,4,12.0,전남광주통합특별시,장흥군,장흥읍,,장흥읍
apartment,e3e223a02d883454fb4900100c9ebe144cb040df8cce1ec382db2f42aa908911,metro,le15,le20,dong,56,8,6,28,12,2,15.0,경기도,오산시,갈곶동,,갈곶동
apartment,e3e4de542e4823ab57f28e39137515a7bb0679ea85f84ba7fb98f36921c49c73,nonurban,m16_25,m21_30,eup,347,10,77,146,102,12,25.0,충청북도,청주시,흥덕구,오송읍,오송읍
apartment,e3ece043e22a0d88b56a06ea10675fd246a8777fdf1a405ae16697c1041e0485,metro,le15,le20,dong,212,15,34,94,52,17,15.0,경기도,광명시,하안동,,하안동
apartment,e3f101d2ebab856eca7c5cf970c75645623d671832b5cb3c3f068e332f08b61f,metro,m16_25,m21_30,dong,126,5,25,45,43,8,25.0,경기도,구리시,갈매동,,갈매동
apartment,e3f394a7b15602f9eaa9d8649ba990641288c88b30a01323796b6c7d7f9537e8,other_urban,m16_25,le20,dong,535,22,171,272,64,6,20.0,경상남도,김해시,삼문동,,삼문동
apartment,e3fc9de15df6c626b48bc33bf93a7f9b595e72b96fd9e42aefe14c265165294d,metro_city,m16_25,le20,dong,81,6,14,23,28,10,17.0,부산광역시,해운대구,재송동,,재송동
apartment,e403c6400ddc25200f6551d4967c40bcc462f827d901bb0399df5935e07e01e2,other_urban,le15,le20,dong,77,9,13,31,19,5,12.0,충청북도,충주시,목행동,,목행동
apartment,e414a0466017f0a1839b55dec676fb463ae29e95d54fc5295e2ea41d1dbd49dc,metro,m16_25,le20,dong,78,5,34,32,6,1,20.0,인천광역시,연수구,송도동,,송도동
apartment,e414b5fe1694deef04932950fae1d06e8a3bde44b417927e1fffba9dbdb181dd,other_urban,le15,le20,dong,51,6,21,18,4,2,14.0,충청북도,청주시,상당구,금천동,금천동
apartment,e417ad1670871d4cd73cea275e950f385ac4a7e5e54cf70760f2b0efdf1e28c0,metro,ge26,m21_30,dong,153,6,53,70,23,1,30.0,경기도,화성시,동탄구,반송동,반송동
apartment,e42db74feac6491a21e348a650de6ecb461d49d0e5f570c6ea9657f2b05d963f,metro,m16_25,le20,dong,187,7,49,74,51,6,20.0,경기도,용인시,수지구,상현동,상현동
apartment,e43938808af66ed16dc52cfb333e34f1f6e6b3c6289a54685e062888a43ca2d1,other_urban,le15,le20,dong,130,12,16,44,39,19,11.0,제주특별자치도,제주시,외도일동,,외도일동
apartment,e43eee6246fe441ac088b0caad3a62014509c4b72c765b768122f3af4197277b,metro,le15,le20,myeon,408,21,82,162,115,28,15.0,경기도,안성시,금광면,,금광면
apartment,e442db2b1935ced9cc3fac2a74ccbc9d739c92544ed518c415c02e7c4dc97a15,metro,le15,le20,dong,111,9,26,40,30,6,15.0,경기도,성남시,수정구,수진동,수진동
apartment,e44b6a220d687d1cf9fb90d8ff8306b9fd8b6e5be3714e40278f6845b9fb126d,nonurban,m16_25,le20,eup,175,13,29,69,55,9,18.0,경상북도,칠곡군,석적읍,,석적읍
apartment,e45244852b4a2b9cfe2b559cfc82393f5d71514b67d4210fbaab98407bb3cfa9,metro,le15,le20,dong,83,7,23,37,14,2,15.0,경기도,성남시,분당구,서현동,서현동
apartment,e45694aedf79e089056b93df11e8710d2112664bc8b70939ddfc160b5380ddd1,other_urban,le15,le20,dong,79,7,16,25,29,2,14.0,경상북도,구미시,상모동,,상모동
apartment,e45b6e392dbd922e21dedc99f212a18616fecf9bcbe5f4bb08020ae34de8acd8,metro,le15,le20,dong,78,7,19,30,20,2,14.0,인천광역시,미추홀구,학익동,,학익동
apartment,e464b0a2d18328d8ee05f9cd5ca923c269f3902b0c3181e43838829eec88844e,metro,m16_25,le20,dong,62,5,18,25,11,3,18.0,경기도,광명시,광명동,,광명동
apartment,e46541963dd30a1e5c862e595cc921339fef0ceb35b9fa4639723f11c35bcef9,other_urban,le15,le20,dong,96,8,17,44,26,1,15.0,경상북도,경산시,옥곡동,,옥곡동
apartment,e46ac0fbe84bdd732523a565d0a4ec17dd225cf9315f3c772aa778deb341c4ce,metro,le15,le20,dong,64,11,0,29,11,13,5.0,인천광역시,미추홀구,학익동,,학익동
apartment,e470539203ed922394cabc3747c882d19d33807fd029338e6bfcb961f0464b46,nonurban,le15,le20,myeon,117,9,25,48,27,8,15.0,경상남도,함안군,칠서면,,칠서면
apartment,e48432cc5d0bace04f29cbe536311e50d894714236b2e0d0567c4cd974f09944,other_urban,le15,le20,dong,314,29,63,102,89,31,15.0,전남광주통합특별시,광산구,우산동,,우산동
apartment,e485d779c5fa8cd9aee6b558c640b9f319452390069fc12f7b9e4075a6023f5d,metro,m16_25,m21_30,dong,191,19,50,88,32,2,22.0,인천광역시,부평구,삼산동,,삼산동
apartment,e486c28580e11a570a3153dff3dcc1c826e2110c85f3641d582e33e468f76d43,metro,m16_25,le20,dong,128,10,23,75,15,5,16.0,인천광역시,연수구,동춘동,,동춘동
apartment,e48dffab0430cb6ed98c7797eeca9926ce6cd2f05e4cae0d1cedc4eca9a580c8,other_urban,m16_25,le20,dong,104,9,35,40,19,1,18.0,전남광주통합특별시,서구,풍암동,,풍암동
apartment,e491bd24ad947a1e853adfde40640044e004648468dd1dc858b8335b46ece7ca,nonurban,le15,le20,eup,97,6,20,43,21,7,15.0,경상남도,양산시,물금읍,,물금읍
apartment,e4a6d5164ddf816f505985fd843a89c38c99b3c3a11517de8698e472022ec3e8,metro_city,m16_25,le20,dong,95,5,30,31,28,1,17.0,울산광역시,북구,천곡동,,천곡동
apartment,e4c6d57cc98cad2ffc8da0f1322c725b2173451930eedcfc1e791c89ae743075,other_urban,le15,le20,dong,136,8,26,49,42,11,15.0,전북특별자치도,전주시,덕진구,호성동1가,호성동1가
apartment,e4c981af3da56076906718b30af4b911c1367e114320ac54e2f486e692df98e8,nonurban,le15,le20,myeon,333,14,67,138,94,20,15.0,충청북도,청주시,흥덕구,옥산면,옥산면
apartment,e4cc1c82fe97d60d748edab84fc739ca3a79b604118771d2fd03b97e0b84df75,metro,le15,le20,eup,132,9,31,52,33,7,15.0,경기도,포천시,소흘읍,,소흘읍
apartment,e4dbeb263c3907ab7fef8a4e4b1de82666ca622bb080d4d1cd8ecefdc4773b86,metro_city,ge26,ge31,dong,187,5,68,89,24,1,33.0,부산광역시,부산진구,연지동,,연지동
apartment,e4e0f6105b5286ce4a566d92ebf118d6f3dd120b30585b6888e668b93e4fb7c7,metro,le15,le20,eup,79,14,21,15,18,11,11.0,경기도,이천시,장호원읍,,장호원읍
apartment,e4fa541652f425c22972b294250c2db52edc6700f858e5e38a87a12d680aeb0a,nonurban,le15,le20,eup,140,9,33,65,23,10,15.0,경상북도,구미시,고아읍,,고아읍
apartment,e4fdb12e7fd3823fe6dc832577a0e4ae098a6459d29860e63d84baa0c3775f6d,metro,le15,le20,dong,120,13,27,53,18,9,10.0,경기도,시흥시,정왕동,,정왕동
apartment,e4fdcb00fb663bbd3bf91ad8c890bcbc84ddb1a3e54a0347b3884fb48ad53da3,other_urban,le15,le20,dong,377,21,60,136,127,33,15.0,전북특별자치도,군산시,나운동,,나운동
apartment,e5107e507e749e91252025010f22d29a0aa07a6fc2370243fc651a0063010686,other_urban,m16_25,le20,dong,130,5,25,58,41,1,18.0,전북특별자치도,군산시,수송동,,수송동
apartment,e516a3cc2c2abf06fbb7428dd9e221b38a23bde66134d53048a99088b32c296a,metro,ge26,m21_30,dong,214,8,51,87,66,2,29.0,경기도,성남시,수정구,신흥동,신흥동
apartment,e51c9884dd62a4a4515845c5e39defba32fdf73563122c31a45c0a71758855b8,other_urban,le15,le20,dong,99,6,24,36,28,5,15.0,경상남도,양산시,평산동,,평산동
apartment,e51eab07695c1732f8537f179503dfe05e505b3aa107a1476bef9e9bac16a203,metro,m16_25,m21_30,dong,71,5,22,34,8,2,21.0,서울특별시,송파구,풍납동,,풍납동
apartment,e5239c1e71cc3312f6141fc614149924cfe9d7d4d322689e58bd305941df77a3,metro,le15,le20,dong,111,5,24,39,35,8,15.0,경기도,파주시,검산동,,검산동
apartment,e527583e7b11513ce351092f3214cecebfa943fe24ee8257a4542dffbb21d6b2,metro_city,m16_25,le20,dong,175,10,40,68,48,9,20.0,울산광역시,남구,삼산동,,삼산동
apartment,e5308906cfd12534f2b93aae05e054f86315e4380274dc7025a22da7f9a8e86b,metro,m16_25,m21_30,dong,84,6,26,41,10,1,24.0,경기도,수원시,권선구,당수동,당수동
apartment,e53950a3eba727f724551a9e5d59c2ac7728269e7a567201da0c7315b7a60435,nonurban,m16_25,le20,eup,96,7,16,40,25,8,19.0,경상북도,경산시,하양읍,,하양읍
apartment,e5463f20c252a3cd704b657d53d7de0832b182ee1b53ec791321c50d0b2b37bc,metro,le15,le20,eup,142,9,28,65,30,10,15.0,경기도,용인시,처인구,이동읍,이동읍
apartment,e5497c5543b4735659d7f103b35a7860f136b6961bb27480a5c02f4ab3fa8937,metro,le15,le20,dong,54,15,0,25,9,5,6.0,경기도,평택시,지산동,,지산동
apartment,e54c5b91587ed726915d4566ee29e7f1e5cb10e6614eb0e6058817ac341d0798,metro_city,le15,le20,dong,165,14,19,78,44,10,12.0,울산광역시,북구,화봉동,,화봉동
apartment,e5554c1665056ecf7989385160b17beb5f893e6ff404f0e22a1eb165d31e4f96,metro_city,le15,le20,dong,93,10,18,40,21,4,15.0,대구광역시,수성구,지산동,,지산동
apartment,e5597811cfee29bb0c015914567a0755f53956ecb5be7af7b2956c9325d0f367,metro,le15,le20,dong,97,9,14,55,17,2,15.0,서울특별시,강남구,개포동,,개포동
apartment,e564e31d61978cf2f2161b92c1be67013ab3002bb9af31fcce7bdb141a871361,metro,le15,le20,eup,91,6,18,32,29,6,15.0,경기도,남양주시,진건읍,,진건읍
apartment,e57078c23a13fb72e64f4e9802d5ff9ef13ead28791256e859715b5031a2885a,metro_city,le15,le20,dong,70,6,7,35,20,2,12.0,울산광역시,중구,약사동,,약사동
apartment,e584e680148c7c8d48606f7f096ec675f788c554b68c37b4f5fe78880cff017e,metro,ge26,m21_30,dong,202,5,55,122,19,1,29.0,경기도,김포시,마산동,,마산동
apartment,e5903ecf2ba0ea8b3816aa1942adab682b7e96471e44d71a791571130f7037cc,other_urban,le15,le20,dong,81,5,12,30,25,9,15.0,경상남도,거제시,상동동,,상동동
apartment,e5a4fd8a98f3e974b5645fcfb4dec64e3a189484a57f26708bf300b4d6fea5dd,metro_city,ge26,ge31,dong,150,7,48,68,26,1,31.0,대전광역시,동구,삼성동,,삼성동
apartment,e5a5df5c9e809e78f4fdab81d76660df939a3dfb7d03a815ceec3fb8eac161a5,other_urban,m16_25,le20,dong,183,7,55,75,37,9,20.0,전남광주통합특별시,광산구,신창동,,신창동
apartment,e5aab038bb98f2308546e7157a2df0c485cec69db15e23ef2fd65f37b5780717,other_urban,le15,le20,dong,110,9,22,35,39,5,14.0,경상북도,경산시,옥산동,,옥산동
apartment,e5b085f11e67f8724c53fb57bc1a958e2407eaf54435e72790d4decd6407fc28,metro,le15,le20,dong,60,6,13,22,15,4,15.0,경기도,화성시,병점구,기산동,기산동
apartment,e5b0c6f0ac3c7c9ca0443f0257e449b54056920f4b8cdf1bd4dc7f016136c5d5,metro,le15,le20,dong,95,11,18,28,34,4,14.0,서울특별시,강서구,방화동,,방화동
apartment,e5b1d1dae70282be7c8886bd0c87bf6fd0d2a842b089f30f87ca2688a3ff574b,metro,le15,le20,dong,160,13,31,73,34,9,15.0,서울특별시,송파구,가락동,,가락동
apartment,e5b21d17de486b2b9838b6357f47d77ccb238f4770ee8cb4abc1e3942a26489a,nonurban,m16_25,le20,eup,226,16,61,119,29,1,19.0,경상북도,예천군,호명읍,,호명읍
apartment,e5b710487c06a5de094b300fd627d829602bf2960d70e579f25c580a3c053c75,metro,le15,le20,dong,109,6,24,47,30,2,15.0,서울특별시,구로구,구로동,,구로동
apartment,e5bb773e125337b4a231d9fdca849b06426bb9b965f244e9e7883afe3d043bce,metro,m16_25,m21_30,dong,97,9,23,49,15,1,25.0,서울특별시,금천구,시흥동,,시흥동
apartment,e5bb910a27923a6689421d06fe61e8b60da8e3d398a8d46662d7d14caf3567fc,nonurban,ge26,m21_30,myeon,242,6,71,114,48,3,29.0,강원특별자치도,원주시,지정면,,지정면
apartment,e5c2a3765c35e479fd1a619224965a10a0c68b99c059e161092c52b1c15134ab,other_urban,m16_25,le20,dong,85,7,17,33,24,4,20.0,전남광주통합특별시,북구,운암동,,운암동
apartment,e5cf100e20c16f3ba1949790590eb5817d92d31fd1e26eeaa4b8f33f69e67522,other_urban,m16_25,le20,dong,226,10,45,85,71,15,18.0,전북특별자치도,정읍시,상동,,상동
apartment,e5e45b370a9ad45c4fb79d3176b789b18b8459e9402a158ee32d87b929144d4a,metro,le15,le20,myeon,200,15,54,84,41,6,15.0,경기도,안성시,죽산면,,죽산면
apartment,e5e826c9a510b7a331db90c739900672c4f82eac94aff84bdf4a9276a6081d8a,metro,le15,le20,dong,60,5,16,25,8,6,12.0,서울특별시,중랑구,묵동,,묵동
apartment,e5eba21a8baaa2bbee7cc0d37c2eb5fbf0dccc091a470b4ed708204b32e29f6f,other_urban,le15,le20,dong,96,11,18,40,24,3,15.0,충청북도,제천시,신백동,,신백동
apartment,e600ce35d8c24fb22f6a55592284b2d14cb94191fa937f0c31542396abb53d15,other_urban,le15,le20,dong,59,5,13,19,17,5,15.0,경상북도,구미시,봉곡동,,봉곡동
apartment,e605142bb565e0b0238ee34ef02ea775bcc8ca1d4655022ea8aeaa0b779edce5,metro,le15,le20,dong,61,12,19,19,10,1,14.0,경기도,광주시,매산동,,매산동
apartment,e60563772f64781a354585b376fc2fd5dac6ee317ea211c7dba17f2876e969a5,metro,le15,le20,dong,288,30,78,143,35,2,14.0,경기도,안산시,단원구,초지동,초지동
apartment,e60992cbe54858ce0a25520638e2a1800972a31a78050cd32c3268535b9bbfbb,metro,le15,le20,dong,111,7,19,39,40,6,15.0,인천광역시,서해구,가정동,,가정동
apartment,e6121f07b70905369e93e4fe038a6645573903998967951770acdf6e4ad0322f,other_urban,le15,le20,dong,89,6,18,39,23,3,15.0,충청남도,당진시,채운동,,채운동
apartment,e65505240b4cac56e94640a12f06bf625b1d0af893d31495a56331af46e9c116,metro,m16_25,le20,dong,130,6,38,77,8,1,19.0,경기도,고양시,일산서구,주엽동,주엽동
apartment,e6596f0282ca562646d3fbfb133404431844b91610ef31066e01035c18589b3c,other_urban,m16_25,le20,dong,110,7,21,37,37,8,18.0,경상북도,포항시,북구,학산동,학산동
apartment,e65cd5029b975ad23d469024ec6a9c5e90a8fa78ce731f2063c8c517351ba2c3,other_urban,le15,le20,dong,61,6,11,23,20,1,15.0,경상북도,경산시,옥산동,,옥산동
apartment,e66810e981e7c6876e514bb6ef64ef7d039d1ee626dfccde832bbc8583d642c5,nonurban,le15,le20,eup,109,25,0,49,19,16,5.0,전남광주통합특별시,광양시,광양읍,,광양읍
apartment,e676239d8aae876e43d80b41667cd14a8ee89480b93d20f91b8b59bfc60ab2aa,metro,m16_25,le20,dong,51,5,17,19,9,1,19.0,경기도,부천시,원미구,상동,상동
apartment,e67e00714d9df4fcaada0630edcc30757c06a2cf497e8279b85a70ad40d90915,metro,m16_25,m21_30,dong,367,13,97,199,57,1,23.0,경기도,평택시,용이동,,용이동
apartment,e689c710637d5321a2660977fc171721554d4a38df6745a799bb429604155fc5,metro_city,m16_25,m21_30,dong,160,5,52,75,25,3,25.0,대전광역시,동구,성남동,,성남동
apartment,e68c79dd8342538a0e1fc3f12d8dda6b7de6c3e41bd98ebbad115ee207331c93,other_urban,le15,le20,dong,506,28,111,208,130,29,15.0,충청남도,천안시,서북구,쌍용동,쌍용동
apartment,e68e302f1fbd011eb9052424a579f333efaf13de7895bcc73031d28f4f4e3146,nonurban,le15,le20,myeon,82,5,18,31,21,7,15.0,강원특별자치도,춘천시,동면,,동면
apartment,e69344104685c96746dd13027c5491d6dd2a404f84892eef2c96ec12d13d0315,nonurban,le15,le20,eup,122,7,27,51,30,7,15.0,강원특별자치도,홍천군,홍천읍,,홍천읍
apartment,e6ab437f554d0a764c51c93a423d118c44cbffa41fc5fdc79c993eb243193524,metro,m16_25,le20,dong,74,5,19,30,18,2,20.0,경기도,광주시,탄벌동,,탄벌동
apartment,e6b1c86540a295697451701c58b96c2f79bfd8c3e813d558ead205e6e44aacee,metro,m16_25,le20,dong,131,8,25,63,32,3,17.0,서울특별시,동대문구,용두동,,용두동
apartment,e6bca931fdc7c9e3c343a7003ab8f22c9c29642965bda6786d547ba85817f73a,metro,m16_25,le20,dong,105,7,22,40,32,4,18.0,경기도,용인시,수지구,죽전동,죽전동
apartment,e6bf4dde0bb4df17cda14dbacb267df2ffc58dcc288cb3d92dcc007deb440ee1,other_urban,m16_25,le20,dong,297,14,71,103,92,17,17.0,경상남도,김해시,외동,,외동
apartment,e6c222f61822a2fab3c76e79c6ed94410fa78ec1c1050e2f156e7a28db93a550,other_urban,le15,le20,dong,76,13,0,32,13,18,5.0,전북특별자치도,남원시,금동,,금동
apartment,e6ca1d0f5d96e331dfd183f4472e0f851da7f0882b9e42c3f6a11265b31b0ef4,other_urban,le15,le20,dong,181,9,38,76,49,9,15.0,경상북도,포항시,북구,창포동,창포동
apartment,e6ce2e8086f9e7035491a505354a7b747f91ed6c7ce6a0274ce04c968543e3b2,other_urban,le15,le20,dong,177,7,44,71,35,20,15.0,강원특별자치도,속초시,교동,,교동
apartment,e6d1c7cd958bb4a69b0b2c7e4c73058b5dc596d4888bfe4ffe9dc85ec89cb782,nonurban,ge26,ge31,eup,155,6,52,67,29,1,31.0,경상남도,양산시,물금읍,,물금읍
apartment,e6e11c9d2ff73acaf76f9fa01f05448fe34866417bfe5e2778f424e552e70b4f,other_urban,m16_25,m21_30,dong,130,5,36,61,27,1,25.0,전남광주통합특별시,광양시,마동,,마동
apartment,e6e7283c21c6b588025f3b530173ada68cf12b09f39ac4cf851304ab0f0add6d,metro_city,m16_25,m21_30,eup,108,5,26,50,24,3,21.0,부산광역시,기장군,기장읍,,기장읍
apartment,e6ed09cd843b46540366a13f6c5555c2d7703ced72a55eb0569b36e98457bd36,other_urban,le15,le20,dong,110,5,25,41,30,9,14.0,경상북도,구미시,형곡동,,형곡동
apartment,e7065721d34f2fda26cd7264164c898986ec248e62b1ce1a8d8bfe8a9d3630e5,metro,m16_25,le20,dong,102,5,27,36,29,5,18.0,경기도,안양시,만안구,석수동,석수동
apartment,e7068faa9104681ce467a4cfd1afd401f41cccc603d28cd4e42f15a4e9afd66c,metro,le15,le20,dong,65,11,0,33,12,9,6.0,경기도,김포시,감정동,,감정동
apartment,e70a07d7c47175698f1c3b567a459f2b6ea7326800161ef0987a5ffe985a64a2,other_urban,m16_25,m21_30,dong,279,29,89,116,41,4,21.0,경상남도,진주시,주약동,,주약동
apartment,e70a51e9441dda78e67c21c5b76b38da8de77ff67f09381afbaac71e67b71559,other_urban,le15,le20,dong,122,29,47,35,6,5,12.0,강원특별자치도,속초시,교동,,교동
apartment,e70ecad42c0c427bd35e14dbd4e26fa0b363175b440f6a724e1f33f3c7e24499,metro,le15,le20,dong,127,21,43,40,16,7,10.0,경기도,시흥시,정왕동,,정왕동
apartment,e7129d0885fc13219e32c21e5a700ee22fe48f51143e78f55db36d4b9294ad91,metro_city,le15,le20,dong,292,21,58,106,86,21,15.0,대전광역시,유성구,원내동,,원내동
apartment,e71f9be4190203fba67af6f6ad576b2625b3b91d913442d78772570e2746d172,metro,m16_25,le20,eup,155,6,30,72,42,5,20.0,경기도,남양주시,와부읍,,와부읍
apartment,e720783b7369cee0eda39c2eb75506d1c33787e958635a5a0d8f4872810505f1,metro,m16_25,m21_30,dong,105,9,45,41,9,1,22.0,경기도,성남시,분당구,수내동,수내동
apartment,e721d349c65a7236eff177dfd4c3bee4bf7c55054873908d4f3ea97c29059d24,metro_city,m16_25,le20,dong,146,7,45,52,38,4,20.0,부산광역시,해운대구,좌동,,좌동
apartment,e7246d0aeec75de6d0e7568910657b68bdb0bee0616ef055a430d3e067343df9,metro,le15,le20,myeon,116,10,23,47,27,9,14.0,경기도,양주시,광적면,,광적면
apartment,e73428cdca8d098661d6eb0ca19d4c7fc33f3ba40744b1beb54984fa4b236eaa,metro,ge26,m21_30,dong,327,10,96,155,60,6,29.0,경기도,하남시,감이동,,감이동
apartment,e741225396f82e3633f3ccefefd52525e03d2cae1c1ebdf904b0a026d709f1c3,metro,m16_25,le20,dong,177,5,48,76,41,7,20.0,서울특별시,성동구,하왕십리동,,하왕십리동
apartment,e75995fa162b823f36c34ab2a1d9bf07a486e53da2c488a05fb77e22b4dc3fb9,metro_city,le15,le20,dong,221,19,40,103,48,11,15.0,대전광역시,서구,둔산동,,둔산동
apartment,e76111d6d1e4c42c77e6fbac91c60ee9811061287c7e26a0d19799148f99a84c,metro,m16_25,le20,dong,115,6,27,45,35,2,17.0,경기도,부천시,원미구,중동,중동
apartment,e769ac5b30d02854ab57db957a23bc459ccf17f071224cecd5c30454ca9487e6,other_urban,le15,le20,dong,104,10,21,42,21,10,15.0,경상남도,양산시,평산동,,평산동
apartment,e76dcc3a05cc2bc3f7a28e479912a874e92752628a8301fdf3c863ae619c96d6,metro,le15,le20,dong,80,9,11,45,14,1,13.0,서울특별시,성북구,삼선동2가,,삼선동2가
apartment,e76f0cb6772e49f9e007460eed1e8d894fec0e6d6ad64190be15e57d6be4d100,metro,le15,le20,dong,134,13,34,66,18,3,15.0,경기도,안양시,동안구,호계동,호계동
apartment,e777df10d6c0f86527d673b54b7bffcd78b309505501ef038efb2c0761d5dfe4,nonurban,m16_25,le20,eup,116,9,30,61,12,4,20.0,충청남도,예산군,예산읍,,예산읍
apartment,e79d2806d1d990ef126eb9235264dde1adb1e238a8a740d92ead37586774669d,other_urban,le15,le20,dong,129,12,26,58,30,3,15.0,충청북도,제천시,하소동,,하소동
apartment,e7a5b47102e08d021a41264b81596353fc209102e596686cd55a7d99c654a51b,metro,le15,le20,eup,84,9,12,43,15,5,15.0,경기도,여주시,가남읍,,가남읍
apartment,e7acbc500454fdb8ae613bef504f153da864b5a0e000e577cd6b236d70259ed7,metro,le15,le20,dong,163,26,46,63,24,4,14.0,인천광역시,계양구,작전동,,작전동
apartment,e7b1ba7f78b29c0552208f6e5d91a4cbd179470fe71792c75f4fa8c688a0e52f,metro,ge26,m21_30,eup,295,5,88,126,71,5,27.0,경기도,용인시,처인구,남사읍,남사읍
apartment,e7b6f4f91e4d297776d9c26fceab55d14f31170c8c091cfbe341fcf3bcf5c5fa,metro,m16_25,le20,dong,214,10,58,93,46,7,20.0,인천광역시,검단구,당하동,,당하동
apartment,e7b94919d73d47bebe0687e331da85883a4cd8c4343164dfbca28433736e9ed8,other_urban,le15,le20,dong,60,5,15,24,14,2,12.0,충청남도,아산시,방축동,,방축동
apartment,e7c07ad0237e67e91990b9bf233bbe65878c955df8841aa568cc6e4a7d66742d,other_urban,m16_25,le20,dong,311,14,85,133,75,4,18.0,전북특별자치도,전주시,완산구,효자동3가,효자동3가
apartment,e7cdff64e36e4b9954ee8b98d3920df75adcfbe62ff0edaa3290eda401d242f1,metro,m16_25,le20,dong,69,10,18,29,11,1,20.0,인천광역시,부평구,삼산동,,삼산동
apartment,e7d9afd07ac0e19ad542d2a3eda22dbed08f418f949b753c2d4f45b73bc911cc,metro,m16_25,le20,dong,166,8,31,70,49,8,19.0,경기도,오산시,서동,,서동
apartment,e7dd0db0fa34f77426f6e1573e5f12dcfc894555b3e5181f1c1a77d518e29964,metro,le15,le20,dong,115,9,27,46,24,9,15.0,서울특별시,강서구,등촌동,,등촌동
apartment,e7dd955f25ac8349fbbde850971b00d91f5f4b6303c9695397848ca5577f0b0d,other_urban,le15,le20,dong,223,18,43,98,52,12,15.0,전북특별자치도,익산시,영등동,,영등동
apartment,e7ed7caa8268651346012b6e93f793eb2dd85a17f50a69302cfdcf5f81a87db1,nonurban,ge26,m21_30,myeon,561,18,157,260,118,8,29.0,전남광주통합특별시,순천시,해룡면,,해룡면
apartment,e7ee7c83d4ff713afe560bdf1e090493cefca9402b3af31fd3d1b413fce0f625,metro,le15,le20,dong,173,29,55,55,24,10,10.0,경기도,시흥시,정왕동,,정왕동
apartment,e7fbb408d0fecd129d95ca6328c887b5abe2dc03a443c2ad08d24c5d13fdb8d7,metro,m16_25,m21_30,dong,341,7,81,138,108,7,25.0,경기도,양주시,옥정동,,옥정동
apartment,e80b5e96a5c2b65b4d3e0fedeeb7d4fdfb8955b357d279a2fa85fd33e1094475,metro,le15,le20,dong,76,11,24,27,9,5,10.0,경기도,시흥시,정왕동,,정왕동
apartment,e82932f3d976fe0fa71107080562ddc70434bfee75fb8d07638462e80eebec7e,metro_city,m16_25,m21_30,dong,100,5,27,35,31,2,24.0,대전광역시,동구,신흥동,,신흥동
apartment,e82afe83e295644a0e10a152fb2dd33b1a92f536b9692cb910db2b8d7e73536e,metro_city,le15,le20,dong,57,6,6,24,18,3,13.0,울산광역시,남구,무거동,,무거동
apartment,e84536d3be222b3aa9bd06aae5984296cb4f85645a3c3220517d046db59a0360,nonurban,le15,le20,eup,73,5,8,37,19,4,13.0,경상남도,거창군,거창읍,,거창읍
apartment,e84a1dfc17bd5ad21b629a511cac20c3276ce81b9a27cfce81e1a64d1136685d,metro_city,le15,le20,dong,62,5,18,20,14,5,10.0,대전광역시,대덕구,송촌동,,송촌동
apartment,e84c89fe5b411967d809a4790d7f42aed72b2ccf6d767310def05314637bd55a,nonurban,le15,le20,eup,68,6,14,30,13,5,12.0,강원특별자치도,홍천군,홍천읍,,홍천읍
apartment,e85596c6f6c6c90dbb50236f496c7f863248d6f5f1cc41f67262a2821c27beb3,metro_city,m16_25,le20,dong,130,5,31,50,32,12,17.0,울산광역시,북구,명촌동,,명촌동
apartment,e85a59ce378885424d1f12242fd377f38a71c13bb54cb9cadbf7e006c70d5ac5,metro,ge26,ge31,dong,376,6,127,197,42,4,48.0,인천광역시,연수구,송도동,,송도동
apartment,e85cce76e63dcbcc5a55c4a2598c67d7b38b5c12588d9421e2eff00dbdba2314,metro_city,m16_25,le20,dong,130,5,37,50,28,10,18.0,부산광역시,북구,화명동,,화명동
apartment,e8665dfff3bf20bf4741166d9b6639a8057c835a3c0aee0901981cc1eb68dd56,other_urban,m16_25,m21_30,dong,217,6,64,102,44,1,25.0,충청남도,천안시,서북구,쌍용동,쌍용동
apartment,e8831e6c3a95e49621f28fc933280f85ca27f8114bb2e42070b97f40e0124f57,metro,le15,le20,dong,112,13,27,39,25,8,10.0,경기도,시흥시,정왕동,,정왕동
apartment,e887857e89b975fbf8ad1d6d6480d44db8a93018d58ea26df41a16b954a5a468,metro,ge26,ge31,dong,314,11,122,132,48,1,34.0,경기도,과천시,원문동,,원문동
apartment,e88caf3a5f101eab56ff0448b839a17b45254eaae7772d6fd46873819fa15ad8,metro,m16_25,le20,dong,219,10,59,95,50,5,20.0,서울특별시,성동구,옥수동,,옥수동
apartment,e8a9c98b1d6565662f506bf47ad606e443e9482b35cd89a58b996ec20e2a7a27,nonurban,le15,le20,eup,79,13,17,28,20,1,11.0,전남광주통합특별시,고흥군,도양읍,,도양읍
apartment,e8d3824eb35fe403e4d6d5bdf19ef859dd71bd76069b165511247ad6898348ab,metro,m16_25,m21_30,dong,409,16,99,204,85,5,25.0,인천광역시,서해구,청라동,,청라동
apartment,e8d39696de0ba904f64b80fb46e0f48035041cbaf61ee75532b57d2d770ece06,metro,le15,le20,dong,132,9,25,43,44,11,14.0,서울특별시,노원구,월계동,,월계동
apartment,e8e112fbb480f52fb0d1d8d662b09472c54efa5c72ad5d80d1e274f3241a73ef,metro_city,le15,le20,dong,85,23,0,35,18,9,5.0,대구광역시,동구,신암동,,신암동
apartment,e8f2931a98828703a2b32f24f0c707b97f9d44126d1ac3d20883320da6fd9692,metro,m16_25,m21_30,dong,99,11,27,49,11,1,23.0,경기도,성남시,분당구,이매동,이매동
apartment,e8f65232f153bb48e88b3ffd0332b8c2215f02ee82141db13678748b0e53ae48,other_urban,le15,le20,dong,55,6,9,21,17,2,14.0,충청남도,천안시,서북구,두정동,두정동
apartment,e90279ab50657ce2c44f6e29c00b34fe2356e15f2f6b2cf9b23153a965b7dd10,nonurban,le15,le20,eup,138,12,22,55,30,19,12.0,경상남도,김해시,진영읍,,진영읍
apartment,e90f35d68fc1babe2ba6cbb90f7d93fa8017e53bd80f512518a5f71f2d416c87,other_urban,m16_25,le20,dong,102,7,41,44,7,3,20.0,전남광주통합특별시,광산구,장덕동,,장덕동
apartment,e91469d4724343cd3d7aa9542db5fdfe2c1604cff99097ef33fac2f13aad4c6f,nonurban,le15,le20,eup,65,7,11,22,17,8,15.0,강원특별자치도,정선군,사북읍,,사북읍
apartment,e91b51a921273b3460c1d3f50ac7049513a3d52127442cf8fd38eede50393920,metro,le15,le20,dong,68,7,0,37,13,11,5.0,경기도,용인시,기흥구,상갈동,상갈동
apartment,e93754abc1b5029dda115daee8cb2680052588aee2661824d57f3d513ca300ee,metro,m16_25,le20,dong,150,10,37,64,37,2,20.0,경기도,수원시,권선구,당수동,당수동
apartment,e93a6600d02991a62227dfa9bfac69dd9c6d515bdda98d14062383e6a190d42b,metro,le15,le20,dong,86,5,24,38,17,2,15.0,경기도,하남시,덕풍동,,덕풍동
apartment,e93bf67844b1c9dcc27724dd87d21e557166052f29aeda78af56526c31a9b4a0,nonurban,le15,le20,eup,216,16,43,88,55,14,15.0,전북특별자치도,완주군,봉동읍,,봉동읍
apartment,e9449c8310fc106dd4e20758a59950fe955f53df8c9a01a349186259f93aae9c,metro_city,le15,le20,dong,54,8,9,13,19,5,15.0,울산광역시,중구,반구동,,반구동
apartment,e95c6b96298057ce01d6e3e0950fb7c05b3d749e6ec827cff499c1298132cc44,nonurban,m16_25,le20,eup,128,6,44,48,28,2,20.0,충청북도,음성군,음성읍,,음성읍
apartment,e95c7c17fa03b57c102cc05ab0f67e3dab7691f7ae942c6bcdcada364fc26102,metro_city,m16_25,le20,eup,127,8,35,49,29,6,20.0,울산광역시,울주군,언양읍,,언양읍
apartment,e960a79611566a91740b5b245bcc3c660e3798209140abcab89ef3240d9a000e,other_urban,le15,le20,dong,100,6,14,41,29,10,15.0,강원특별자치도,속초시,교동,,교동
apartment,e96787dde3a8e7b351280b6388ff6f4fd4e31140dac49955473e62c6ad198c18,sejong,m16_25,m21_30,dong,342,19,172,131,19,1,24.0,세종특별자치시,,해밀동,,해밀동
apartment,e96a974801a9311986953a54b721595b62b6802e20590d6af137488d25778ef4,metro,le15,le20,dong,273,33,91,87,52,10,14.0,서울특별시,노원구,월계동,,월계동
apartment,e96e687ee800cf9b9f10ff17d1265389e31d6573d4d748ad4b090098da2ed393,other_urban,m16_25,m21_30,dong,232,11,64,114,39,4,23.0,전북특별자치도,군산시,오식도동,,오식도동
apartment,e97b5579787bcdf7b27a83829864818e809254433f3dbbb933dd90b16ecf7b52,other_urban,le15,le20,dong,106,13,22,44,22,5,15.0,충청남도,논산시,내동,,내동
apartment,e99a3d5c7b7d278786b42683ab6f2ccb34d3f51cd3bc228f0edca8a49441d5a7,other_urban,ge26,m21_30,dong,198,7,53,93,42,3,29.0,전남광주통합특별시,광양시,중동,,중동
apartment,e99c341700145201c1359b0198919f70664d9fc9e92aa8f00ce9866bfa47fe8e,nonurban,ge26,ge31,myeon,436,6,141,187,100,2,39.0,충청남도,아산시,탕정면,,탕정면
apartment,e99f89122f2308c2774e665cb6bc6db78ed491b8a3c517a41f1804cf83f98974,other_urban,le15,le20,dong,115,5,28,47,30,5,15.0,전남광주통합특별시,북구,문흥동,,문흥동
apartment,e9a93c5e7798f1b91c581272ea30843b90b1913d4ebf7bf6795561246da0652f,other_urban,m16_25,le20,dong,125,8,25,62,28,2,20.0,경상남도,김해시,삼계동,,삼계동
apartment,e9ba1fc7853eb027c7a7de8da04e272886ea7897fc72959b9ce51eeef6902931,metro,m16_25,m21_30,dong,186,8,60,83,29,6,22.0,경기도,포천시,신읍동,,신읍동
apartment,e9dd67baa061459770a6379bbc1d8fecb101921e18c5ed56335f654aa4dc6ed1,other_urban,le15,le20,dong,54,5,15,19,13,2,15.0,전남광주통합특별시,북구,운암동,,운암동
apartment,e9e299cb979479ca2744d8baf1832d82ef9dd318629f916e8798399df7d1c130,metro,m16_25,le20,dong,105,7,23,47,19,9,20.0,서울특별시,마포구,공덕동,,공덕동
apartment,e9f35f9ef489aa2ecdb016e1b6a730693ac6706f0f15666d71b37bb1ee20b7c2,metro_city,m16_25,le20,dong,363,19,74,138,118,14,18.0,울산광역시,북구,명촌동,,명촌동
apartment,e9f8363a931c6a0d8f08dc3b0fdade03e470fb1c2f6837ff87d4bd70f97c950b,metro,ge26,m21_30,dong,477,7,165,205,95,5,28.0,서울특별시,성동구,하왕십리동,,하왕십리동
apartment,e9fffa4625641d143cb86e8a22d420698e975619acfde64f09253a0de50352c1,other_urban,le15,le20,dong,161,13,33,49,52,14,15.0,충청남도,보령시,명천동,,명천동
apartment,ea019e6e5a6358ee4a36a52902c8e80771138fc9a975786f14ad53459b3b579a,metro,le15,le20,eup,173,5,42,64,48,14,15.0,경기도,남양주시,진접읍,,진접읍
apartment,ea097dee08c07a91b6717380765b1c7a2da97c1f84b742623a3cb18ed0654d02,other_urban,le15,le20,dong,112,8,19,52,31,2,15.0,전북특별자치도,전주시,완산구,효자동2가,효자동2가
apartment,ea0ad0a3dc2a6243d784b2406044d9097a74539062060d70b3ea73a421e3fac9,metro,m16_25,m21_30,dong,417,23,140,182,64,8,21.0,서울특별시,동대문구,전농동,,전농동
apartment,ea14a7504a79138624599bc62905804426e06f2efb9a22fe75fc1fb9fddd16ca,metro,le15,le20,dong,77,5,19,31,20,2,15.0,인천광역시,계양구,작전동,,작전동
apartment,ea2102d2f705a38076c8800d4a91d97e44b95f7a055cecea896e86fc384a77ca,nonurban,m16_25,le20,eup,76,6,13,47,9,1,16.0,경상남도,산청군,산청읍,,산청읍
apartment,ea2b79d7c52c753bd625131c95985ef191349652cd40850b0b8a07dadcc575a6,metro,ge26,m21_30,dong,294,19,121,140,13,1,26.0,경기도,안양시,동안구,비산동,비산동
apartment,ea39eb7474f0b74b07a9250790bbf283670bf04f440f4851b1ac970ed81590c2,metro,m16_25,m21_30,dong,76,5,13,36,21,1,21.0,경기도,의정부시,장암동,,장암동
apartment,ea3a5a765c1b6ea0e61f61a58e2fccf7d4da42e1b11a3ca30f015f5992bb342b,sejong,le15,le20,eup,66,15,0,35,14,2,6.0,세종특별자치시,,조치원읍,,조치원읍
apartment,ea3f107a80062aba84241c9a3fb625a197ffe734e1232bb433fa184b95643a9d,metro,m16_25,m21_30,dong,405,17,106,160,110,12,24.0,서울특별시,관악구,봉천동,,봉천동
apartment,ea4048ee855468989cca19aa6351271ba43dbbcd09cad4b6a6b8f1ee5515d756,nonurban,le15,le20,eup,82,12,0,29,15,26,5.0,충청북도,단양군,단양읍,,단양읍
apartment,ea47e8d1cc1f208b603b629abf1621424c077eaafcf2d255f7b5d8a37d909b95,other_urban,le15,le20,dong,65,12,0,30,16,7,5.0,경상남도,창원시,진해구,경화동,경화동
apartment,ea4e381ee8c77331eaaedc06d756dcc4b43855a4048e7d269a8f6c2a713c60c3,other_urban,le15,le20,dong,388,14,87,154,121,12,14.0,충청북도,청주시,서원구,산남동,산남동
apartment,ea50ea895085095cd27e87fa3fbd2a8d4993fb5f835ca4268ba06455525b16c2,metro,m16_25,m21_30,dong,158,11,44,93,8,2,22.0,경기도,성남시,분당구,정자동,정자동
apartment,ea5405f36c681bd61e679c1b6995ec6b4eb4ed30779725e0d45c9d0fa96b43f8,other_urban,le15,le20,dong,151,25,0,62,30,34,5.0,경상북도,안동시,송현동,,송현동
apartment,ea57a82984cc8d5163be2a905e1f5d5d71e3ddde902ff4e0ffc8b05a162442e0,other_urban,m16_25,le20,dong,105,5,29,44,21,6,20.0,전북특별자치도,전주시,덕진구,송천동2가,송천동2가
apartment,ea8a6d944e32e6166d29a69a447d032bbcbf72b069750979712c464caa70d3de,metro,m16_25,le20,dong,157,7,32,67,40,11,18.0,경기도,안성시,금석동,,금석동
apartment,ea8c6b5cc7b01cdff7b6c80e375ac7f13df527e3ffa8c869860a39dc9648fd69,metro_city,le15,le20,dong,136,7,29,57,36,7,15.0,대구광역시,수성구,범물동,,범물동
apartment,ea9d4837795457b08b12f1778fa18f84c60d65bb68b0362da651b49983412a54,other_urban,le15,le20,dong,92,7,21,31,28,5,15.0,전북특별자치도,익산시,어양동,,어양동
apartment,eaad6a21777206a9681bbc04c23d36c244124e0767215a807151dcd8e3e6f8fd,metro,le15,le20,dong,343,21,85,162,61,14,15.0,서울특별시,노원구,하계동,,하계동
apartment,eac6c8b7e843b003039ea0fc107079a8e7fc0b5225ef0c21e223802e1ec2f012,metro_city,le15,le20,dong,185,9,49,68,50,9,15.0,부산광역시,강서구,명지동,,명지동
apartment,ead5c2c45c88a41d29c14f77993e4a29dcdbaad51e0617c8d0c2c6ef47428963,metro_city,le15,le20,dong,218,13,34,87,72,12,15.0,대구광역시,북구,국우동,,국우동
apartment,eadad4204ba036b85a95801b7c8334b577864006c0a8befde0058528cf0000e2,metro_city,le15,le20,dong,164,11,29,71,48,5,15.0,부산광역시,강서구,명지동,,명지동
apartment,eaf13e117521db1a33928914a414e5024d41b85e1e36c714c70b36dead9db11d,nonurban,le15,le20,myeon,266,22,57,107,67,13,15.0,경상남도,사천시,사남면,,사남면
apartment,eb1eb1d028b14931cce2ef74b7b519a9fdacdc95eee8b9f1cbd3dfb1ef98d5cb,other_urban,le15,le20,dong,54,9,0,24,10,11,5.0,경상남도,진주시,상봉동,,상봉동
apartment,eb22312f80d29e8b576819fef045e97145ccd5e3657a98ed95e680f66b9ad903,nonurban,le15,le20,eup,325,37,69,117,74,28,12.0,충청남도,천안시,서북구,성환읍,성환읍
apartment,eb27f843cedf52823ce6c02dc3096299e247e1f197093ee82d920495511b4c95,other_urban,le15,le20,dong,124,6,20,49,40,9,15.0,전남광주통합특별시,순천시,연향동,,연향동
apartment,eb2a3fb84e9d049b92e3af8b3a6cf54ea02529082071db9e5b00368ba8dfbf90,metro_city,le15,le20,dong,53,7,12,23,10,1,15.0,울산광역시,중구,서동,,서동
apartment,eb307611e73b58d150ea0637a13d1ea80a4757bc56c99d35591f430a75074458,metro,ge26,m21_30,dong,98,6,41,37,12,2,26.0,경기도,안양시,동안구,호계동,호계동
apartment,eb3a4adc12812a55a39d275191039232633a1bf2953701d14dac8755f384543e,other_urban,le15,le20,dong,114,7,37,46,20,4,15.0,충청북도,제천시,하소동,,하소동
apartment,eb3c8e5c10fb30d91a1a083fdd5cb8f21f356f40b8449f789676d263d726133a,metro,m16_25,le20,dong,115,6,39,51,18,1,20.0,경기도,구리시,수택동,,수택동
apartment,eb3d6ef0846b3b28ba206fe69f63d58424523306705e1af5b622839cb0305ebf,metro,ge26,m21_30,dong,1046,35,321,567,121,2,29.0,경기도,안양시,동안구,호계동,호계동
apartment,eb552951dd5bf858c6234b99a3614ec4e26c6b6e977900e55423a508209a7c69,nonurban,le15,le20,eup,137,6,27,49,48,7,15.0,경상남도,사천시,사천읍,,사천읍
apartment,eb59bb3f063df4d30cfc49640be16c6c215c3b3fac6d8562ac67a4f93a90bbd7,metro,le15,le20,dong,136,8,18,60,39,11,13.0,경기도,용인시,기흥구,신갈동,신갈동
apartment,eb5b1ef0ca726b7b27dacae8682b1acd66743473bc30660bd5c6b932b9bad21b,metro,le15,le20,dong,181,10,44,83,35,9,15.0,서울특별시,도봉구,창동,,창동
apartment,eb66a3f35a3a8c332170e13da270ddf74b654f99b0c542fef3a3e469f8eb28dd,other_urban,le15,le20,dong,84,8,19,36,17,4,15.0,전남광주통합특별시,목포시,용해동,,용해동
apartment,eb7041d9c1ee26b3580c698a1b6ea0cff7e7851dfc4e7f033bd0eb8d1cd27f6a,metro,ge26,m21_30,dong,408,20,99,173,111,5,26.0,경기도,안양시,동안구,평촌동,평촌동
apartment,eb7821a4c50c839edd51cae15529cc1b5e11ee775698a5f7b1e20d3d59f2fbc9,metro,m16_25,m21_30,dong,150,10,71,62,5,2,23.0,경기도,성남시,분당구,서현동,서현동
apartment,eb792b0bfa24b195d00b84e3aa024f4ffeed5bbad18173a01132e21dbcbf223e,other_urban,m16_25,le20,dong,102,10,24,47,18,3,18.0,강원특별자치도,원주시,개운동,,개운동
apartment,eb87a83de96c7d5ef59e9c93a7957d4d64b76af648c0bb044396892a060e6ad2,metro_city,m16_25,m21_30,dong,305,12,71,129,84,9,25.0,부산광역시,사하구,하단동,,하단동
apartment,eb8d3e81c9c0ac1034bd770de10c210f614fc0f7a8ab4e9d5c54a623921bbc2b,other_urban,m16_25,m21_30,dong,460,14,97,178,153,18,25.0,경상북도,포항시,북구,환호동,환호동
apartment,eb8d574b032ac797717857c0a1fe5d9902f196f734dcbf131cf1ffa47d0003ed,metro,m16_25,m21_30,dong,115,11,33,63,7,1,23.0,경기도,성남시,분당구,금곡동,금곡동
apartment,eb94aa97e61cbf6ea772c9c5b1a48583cc1099cb1a631e937417d7b65451e8bf,nonurban,m16_25,le20,eup,179,8,37,87,42,5,18.0,전북특별자치도,완주군,용진읍,,용진읍
apartment,eb9f051ad8871ddf6bf174f90bdca2576b37324a456146700eaf3da4f61524f0,other_urban,m16_25,le20,dong,270,15,68,112,64,11,20.0,충청남도,천안시,서북구,두정동,두정동
apartment,eba048d0cff2b9f16617e83d51fb8e96fed70e7e9951c49418e808c1f4501b37,metro,le15,le20,dong,98,5,26,48,18,1,15.0,경기도,고양시,일산서구,주엽동,주엽동
apartment,eba382839994672e6a057dac8c82b4b73ebe79b52f47ff53342c7c5fa8b8ffdb,other_urban,le15,le20,dong,414,80,0,152,78,104,5.0,경상남도,창원시,성산구,신월동,신월동
apartment,ebb55ac33337336e15f6a7874f3f115945639686df687ba5cd73311567f519f2,metro_city,m16_25,le20,dong,160,8,30,64,57,1,19.0,대구광역시,북구,국우동,,국우동
apartment,ebbe08f18ae3aa7f9d3c52ea25cbab7248ade0ba08a2a399ead3f3a137241ab1,metro,m16_25,m21_30,dong,193,7,43,95,44,4,23.0,경기도,의왕시,오전동,,오전동
apartment,ebbfb8d669bf45779ab3ddf7f5c81a1b1ad2da86e77f9452def63598518cf4fb,nonurban,m16_25,le20,myeon,153,5,36,71,32,9,18.0,경상북도,경주시,현곡면,,현곡면
apartment,ebcbf99188f8fb513f83dce1e5b9d171f37093586d11cad9edec5bf529527e5a,nonurban,le15,le20,eup,217,21,45,86,53,12,15.0,충청북도,진천군,진천읍,,진천읍
apartment,ebd3be9703fa58f07ca7c3b322d193142aa26ea6f4dd90ad7806afa1e29c050f,other_urban,ge26,m21_30,dong,166,7,36,76,45,2,29.0,전북특별자치도,전주시,덕진구,송천동2가,송천동2가
apartment,ebdb073269bd5d59d0fc2f483edf6473c8f77bfaeffebd998902ed658e199e67,metro,ge26,m21_30,dong,318,6,96,133,80,3,27.0,경기도,평택시,칠원동,,칠원동
apartment,ebe61a37513e13514d2dde9e0e641952543acaad7551cd9a9ca8b47affe62eff,other_urban,le15,le20,dong,119,6,33,42,29,9,15.0,강원특별자치도,동해시,동회동,,동회동
apartment,ebf11f1e7ef3eb7e470cf9191d2210c7597eebb156fb0fe930260e790eac0a6c,metro,m16_25,m21_30,dong,122,5,35,65,16,1,23.0,경기도,수원시,영통구,망포동,망포동
apartment,ebf2180f911da61edc816f12fb42e6b41bca7f65f1f3041dc4aed10e6216317b,other_urban,le15,le20,dong,166,7,41,70,47,1,15.0,강원특별자치도,원주시,태장동,,태장동
apartment,ebf6b11aa2612adbb0103421812eb6558f6fbb59258a7b08c464ead230c97fd5,other_urban,le15,le20,dong,119,11,24,50,31,3,15.0,전북특별자치도,군산시,미장동,,미장동
apartment,ec096a7e55488f8b134e2e39a6d46a948a728dbfaa650d664aba4f26974af6f8,metro,le15,le20,dong,88,6,14,40,26,2,15.0,경기도,수원시,권선구,곡반정동,곡반정동
apartment,ec1341e0373fe2a1b5040b1fb3518709c6e0fd436a872a476918e9d37e444bf9,other_urban,m16_25,m21_30,dong,177,7,42,76,47,5,23.0,강원특별자치도,춘천시,퇴계동,,퇴계동
apartment,ec164b0c3dd34ebe1a31f00e7a445f9ac8bc9cd9373fd12a0d90fca22093bcbc,other_urban,m16_25,m21_30,dong,139,7,38,52,33,9,22.0,충청남도,아산시,모종동,,모종동
apartment,ec1fbfff0249426986b1055730e1836a5e1b3f76edc4575e4ed387701c07df0f,metro,m16_25,m21_30,dong,142,6,45,79,11,1,25.0,경기도,부천시,원미구,중동,중동
apartment,ec30e2095c8df00e7d9d88df81553ee4fc87a2d755e428d19d738236fde384d3,nonurban,m16_25,m21_30,myeon,110,5,30,50,24,1,25.0,충청남도,아산시,둔포면,,둔포면
apartment,ec3f9019043d5179502c02e41c56ecb5838696ead80562298ac29498ebe322fe,metro_city,le15,le20,dong,738,69,116,294,186,73,12.0,부산광역시,수영구,남천동,,남천동
apartment,ec48a0ad79b4e21645ac61e78c8acfcd7b06df3c127fd9c676a191dbcdcd612a,nonurban,m16_25,le20,eup,167,7,35,84,35,6,20.0,경상남도,창원시,마산회원구,내서읍,내서읍
apartment,ec549456fd802eb84babc3741075f88f93742782c0034505058039a17560122c,nonurban,m16_25,le20,eup,136,5,32,57,32,10,18.0,전북특별자치도,완주군,삼례읍,,삼례읍
apartment,ec5f25dab2cd0fc39b08f9acee222500566af23727933a2bc798f0b0113d79a7,metro,le15,le20,dong,70,7,16,29,14,4,15.0,경기도,수원시,권선구,곡반정동,곡반정동
apartment,ec61f7cf808b19873487b803d278cdf304fd555ff8156c2cfa0b3060eecf545a,metro,m16_25,m21_30,dong,180,7,47,66,58,2,25.0,경기도,평택시,비전동,,비전동
apartment,ec64308f1de89c8b5e9505739aae0100ade2adea27b7334d4f82da571913d595,other_urban,le15,le20,dong,50,10,0,15,12,13,5.0,경상북도,영주시,영주동,,영주동
apartment,ec6cfe8073c26fb3462980c58c606e3e044cd32c45db64e28874ca41962a3961,metro,ge26,m21_30,dong,472,9,127,215,120,1,28.0,경기도,남양주시,호평동,,호평동
apartment,ec79390629b93299b7672aef56fb142df1f59587f4036ecdbc0fe89a408821e5,metro_city,le15,le20,dong,131,6,40,47,36,2,15.0,부산광역시,해운대구,우동,,우동
apartment,ec815a004e98c7efacf9bab4ebd4c28b69f75c2755c150ad39518def761692b0,metro_city,ge26,ge31,dong,244,7,107,95,34,1,34.0,부산광역시,북구,화명동,,화명동
apartment,ec85aae714a8b4aa868da147bd7e306d30558283b53cca7e92436653831f3a76,metro_city,m16_25,m21_30,dong,88,5,22,43,17,1,24.0,부산광역시,사하구,감천동,,감천동
apartment,ec87c14adee3b386164ef075a7ed9fc71cf1d980ed6268e0e8f30c5ff9b6924d,metro,m16_25,m21_30,dong,171,8,45,73,40,5,25.0,서울특별시,영등포구,신길동,,신길동
apartment,ec97efec73abf54a18c0b7d406ef67ba566c15509fa9a33fd83bffc220735a48,metro_city,m16_25,m21_30,dong,129,7,21,58,39,4,22.0,대구광역시,달서구,두류동,,두류동
apartment,eca52488323bcd4d0505c4bf393a140db6e59b8f867e61dbbb01dc7f6f16301a,other_urban,le15,le20,dong,74,5,17,27,17,8,15.0,전북특별자치도,군산시,나운동,,나운동
apartment,ecb12759e96f28b2f74619b59787d5967dfa20021c9bb8c7dade8321f9ea089c,other_urban,le15,le20,dong,97,10,19,38,21,9,15.0,경상남도,양산시,평산동,,평산동
apartment,ecb3bdd280ce9e99a5d3418d2524c3edc13276b2c05dc546699bf5b4dc8b676a,other_urban,m16_25,le20,dong,281,11,85,135,43,7,20.0,전남광주통합특별시,광산구,운남동,,운남동
apartment,ecc3b3c02f5d7bfd56f1e55ea4c95d8e3d9893b9c4ec1cf0d8a2cc010621c58a,metro,le15,le20,dong,110,11,21,41,28,9,15.0,서울특별시,관악구,봉천동,,봉천동
apartment,ecc68ebcb481ade69c1f8047a05f8454ad7ff0537ed02da173736d76733a2773,other_urban,le15,le20,dong,137,13,20,57,43,4,15.0,강원특별자치도,삼척시,정상동,,정상동
apartment,ecc6e67abaef862a7a2ffaf3efddb9eb7cc9214bf33bd6acd93ac2a2800c8bc3,metro,m16_25,m21_30,dong,148,8,53,74,12,1,23.0,서울특별시,광진구,구의동,,구의동
apartment,ecc806ece71b9e2c7b24dc871ed0d34fa913b678895c40a4a8181df80176a05c,metro,m16_25,m21_30,dong,88,10,25,35,15,3,23.0,서울특별시,성북구,길음동,,길음동
apartment,eccb98784c8a19957a85141666f9cdef91bc750a79aaa4782883d73e77dbfdd0,other_urban,le15,le20,dong,160,13,30,81,27,9,15.0,강원특별자치도,원주시,태장동,,태장동
apartment,eccb9b650e7a17e39753c9fd1ee3d2f618e52e6ec3623009ed413ae81935e129,metro,le15,le20,dong,74,15,19,38,0,2,7.0,경기도,용인시,기흥구,영덕동,영덕동
apartment,ecccf476294155522fd37165d726cb3ed8db48a8ef462945185d3bd1acf2e71d,metro_city,m16_25,m21_30,dong,330,11,90,133,91,5,25.0,부산광역시,남구,용호동,,용호동
apartment,ecce9206a5c8723906a596c1afbe1d2319a4d43cf06c0d64a7f3c1d6d3875175,metro_city,le15,le20,dong,219,12,52,106,46,3,15.0,대구광역시,동구,신암동,,신암동
apartment,ecd09eb3b792d80f1903b3e2faee2e6c7140e9870cf610101f870ced24f3189e,other_urban,le15,le20,dong,93,6,19,42,23,3,15.0,전남광주통합특별시,여수시,시전동,,시전동
apartment,eceae5828710e19c9fc49528fd57a8d3fec5eb8c749cef84330eba9e3a66eda0,metro_city,le15,le20,dong,67,5,11,34,12,5,13.0,대구광역시,달서구,본동,,본동
apartment,eceb62c02b5eac8a057f9f4d291e7097612297f0eacbdf597287045dc0fa939d,other_urban,le15,le20,dong,106,8,34,52,8,4,15.0,제주특별자치도,제주시,노형동,,노형동
apartment,ecede1f0d71599cd5be55c1a83d052052f6a61f0b3d7e9234ef325149ecf0758,other_urban,le15,le20,dong,485,27,102,195,129,32,15.0,충청남도,천안시,동남구,봉명동,봉명동
apartment,ecef12210d8d4c61afd41fae0dcf57e5ac260da709c9dca14dc23fce85d3b34c,nonurban,ge26,ge31,myeon,209,7,63,103,31,5,32.0,충청남도,아산시,탕정면,,탕정면
apartment,ed076333bb4564c325a7ae1d3e8b5a7bd0b8c1633bfd8a1e8277e10715b91a68,metro,ge26,m21_30,eup,148,10,31,61,45,1,27.0,경기도,화성시,효행구,봉담읍,봉담읍
apartment,ed2210ce264399adb19b9d2677ef53dd2ed5ceeb1cfb26dfd948c471c086f7e4,metro,ge26,m21_30,dong,310,5,85,151,67,2,26.0,경기도,김포시,장기동,,장기동
apartment,ed3436543d36629f548a5bcd89887b66eb8b2147ed5ae1ed261924d73b9b08c2,metro,le15,le20,dong,96,6,22,30,26,12,15.0,경기도,안산시,상록구,성포동,성포동
apartment,ed5170186a4bae53d3ba0d09fde94bb15ee88d6439ca55a9521dbe778b2695db,metro_city,le15,le20,dong,176,17,26,73,48,12,15.0,대전광역시,서구,월평동,,월평동
apartment,ed57af08cada5ed893f28cda05a78395567ddbb9105f2a70ae4c0a75d9b62cd4,metro,le15,le20,dong,191,16,45,92,29,9,15.0,서울특별시,노원구,하계동,,하계동
apartment,ed58b5589e94e08f6649bd586fd2ea2a3163d6b4fa3e229d8b7a1c366eea7d43,metro,le15,le20,dong,98,8,15,53,18,4,12.0,서울특별시,은평구,불광동,,불광동
apartment,ed722c5514f480c5b3f252835260814e5b2f786b1c6673edfd011fec500202a7,other_urban,m16_25,le20,dong,170,15,39,79,34,3,16.0,충청북도,충주시,연수동,,연수동
apartment,ed7d576f8dacf01b1a45c05536e0360bb0e01bc541291b69842457ae545d04a0,nonurban,m16_25,m21_30,eup,248,8,64,134,40,2,23.0,충청남도,당진시,송악읍,,송악읍
apartment,ed91789eaae269fb9448765d414a3198e5636a506c185da605a43eb4624a31b1,other_urban,le15,le20,dong,69,5,13,28,20,3,15.0,충청남도,서산시,동문동,,동문동
apartment,ed9b867b17c8ce3b58d557b1c85c3a5d5b664e397748ad91a80a05aa08786115,metro,m16_25,le20,dong,137,7,25,58,42,5,19.0,경기도,고양시,일산동구,마두동,마두동
apartment,ed9d9946c4672610baa04ab8497c76019722c72048ec746a8f163d8180ca6788,other_urban,le15,le20,dong,365,20,65,162,100,18,15.0,전북특별자치도,군산시,나운동,,나운동
apartment,eda2a7eb9e9a75301425b615d8ba4cdb1ac4ffc14a82098189bcaa0181a15727,metro,le15,le20,dong,125,17,24,49,31,4,15.0,경기도,평택시,이충동,,이충동
apartment,edaa00a45ca6a346adfa54d24227365181fe80db8b54bdc8d58aa4de48805c66,other_urban,le15,le20,dong,107,6,17,41,36,7,15.0,충청남도,서산시,죽성동,,죽성동
apartment,edad623257e7f6517fe0e28854f3be774bb29d8e7adcbc09bf39e7c005b3bd67,metro,le15,le20,dong,65,16,0,20,12,17,5.0,서울특별시,강남구,일원동,,일원동
apartment,edb6485c8f57f8eb41a14d5e95f925735887b588e909b6f1a7b4a7d40feef309,metro,ge26,m21_30,dong,622,15,158,268,171,10,29.0,경기도,양주시,옥정동,,옥정동
apartment,edc49fa8cf0ebb5b35b140881568bcda2ee608c2aad522f6aa1d8e917ced1426,metro,m16_25,m21_30,dong,213,10,66,86,50,1,21.0,인천광역시,부평구,산곡동,,산곡동
apartment,edc63a0908fa9e1324588cec889221c480de8cab443d5afef822bb2c7fb59921,metro,le15,le20,eup,187,10,32,75,56,14,15.0,경기도,포천시,소흘읍,,소흘읍
apartment,eddaadac7e176961570decd3d4e5e475ec03bb019366ecfcba0b37d10ae04f69,metro,le15,le20,dong,59,14,0,19,16,10,5.0,인천광역시,검단구,마전동,,마전동
apartment,ede34697a7100008b6a2032954423139118cdb28658a2700dfff02113bb06871,metro,ge26,m21_30,dong,278,11,75,131,58,3,29.0,서울특별시,관악구,봉천동,,봉천동
apartment,edf2680df55207a4954668ad0e1b092a87ba78f25196ca39e444cbd307cf0767,other_urban,le15,le20,dong,266,21,56,116,53,20,15.0,강원특별자치도,속초시,조양동,,조양동
apartment,edf3474d02df2181c199167b0daffa5fe916758ea0861f0f628d29d74601c6f2,metro,le15,le20,dong,131,13,28,62,23,5,15.0,서울특별시,서대문구,홍제동,,홍제동
apartment,ee02bb13a8914044df470f532bbde6432bb525afae6256f2f6c1f7a1e5bcd609,metro,le15,le20,dong,51,11,0,4,14,22,5.0,인천광역시,영종구,운서동,,운서동
apartment,ee04be681fddbd6c4d51da8cf3f46e5843349bf6bb21f637a7572e04b5be7faa,other_urban,ge26,m21_30,dong,239,5,86,124,23,1,29.0,경상북도,포항시,북구,두호동,두호동
apartment,ee115b7af58544d3170e1655c42f9514e8dc14b3d8f68e81c39cfa891cea868f,nonurban,le15,le20,myeon,158,38,0,51,38,31,5.0,충청남도,공주시,의당면,,의당면
apartment,ee11efb608728cc4e2adaf4fb39ffac18c4104437dc5ed13be3e0ab5142b8a40,other_urban,m16_25,le20,dong,78,9,18,33,16,2,19.0,경상남도,진주시,평거동,,평거동
apartment,ee13aaaa9b4b282bf3c1da3b1e6d6a74ecd69e137e3b638e7696fd047aae34ec,metro_city,ge26,m21_30,dong,465,6,149,194,106,10,30.0,대구광역시,달서구,유천동,,유천동
apartment,ee1b6a0c923fc0d937ecfb2f1ca4fe5b4737d35fdb3a8aacf3d9d1a397733cd8,metro,m16_25,le20,dong,87,7,15,42,18,5,16.0,경기도,고양시,덕양구,성사동,성사동
apartment,ee217363938937cd3afc3a49943bb6ed781df244235b4a7595770944f511c5e8,other_urban,m16_25,le20,dong,82,5,17,38,20,2,20.0,전남광주통합특별시,목포시,옥암동,,옥암동
apartment,ee253cb8bac43a14147d8286547b351d7ee69fe1d55c6fce20447d8523d2700e,nonurban,le15,le20,myeon,61,7,0,30,16,8,6.0,전북특별자치도,정읍시,북면,,북면
apartment,ee2ae03e8f48141676ece2c50ed96a3d70a9097202d18cfd6e2aea57053daaac,other_urban,le15,le20,dong,150,30,0,55,31,34,5.0,경상북도,구미시,형곡동,,형곡동
apartment,ee336b6c85b5d41e286159e71ed6747a2de3909526a53c7a240b1184eaacee24,metro_city,m16_25,le20,eup,148,8,45,58,34,3,20.0,울산광역시,울주군,범서읍,,범서읍
apartment,ee35bc261e545a493b6e6fcbebe543879ddc271fab24cf9453f98470c0b4add5,metro,m16_25,le20,dong,104,7,24,53,18,2,20.0,경기도,용인시,기흥구,보라동,보라동
apartment,ee383652136476b4fe9a9364f1e34095bdbddec6e613ff36df5831788eb6553f,other_urban,m16_25,le20,dong,166,10,39,70,38,9,20.0,전남광주통합특별시,광산구,산정동,,산정동
apartment,ee4505a78349114cfe2b5cfce8e17742b06b22ff26ec75dda011469b4b4c8dcc,nonurban,le15,le20,eup,143,9,33,59,31,11,15.0,충청북도,청주시,청원구,오창읍,오창읍
apartment,ee5accb9235a1f03874b68ba7629eaa0219249a4dc72b7c65ebf411d1b070a2c,other_urban,le15,le20,dong,62,7,15,23,11,6,10.0,전남광주통합특별시,여수시,미평동,,미평동
apartment,ee5de01b1a25234f16a8269c6d8695e2b4c06bb8672336a7e1a7f2286f0a5506,other_urban,le15,le20,dong,86,13,17,31,20,5,12.0,전북특별자치도,전주시,덕진구,호성동1가,호성동1가
apartment,ee6651256aa66ae8b01d9b524f0922a70944707d773cb136bc42c050b724d4bf,metro,m16_25,m21_30,dong,397,23,117,191,63,3,25.0,서울특별시,관악구,봉천동,,봉천동
apartment,ee72417258650fee1699ba3cbfc847681ba94f14422271f7e770457bfb969db2,other_urban,m16_25,m21_30,dong,371,19,100,198,50,4,23.0,전남광주통합특별시,광양시,중동,,중동
apartment,ee8099fb0f348a8c2f0f3ce743160978288ced813034190a53eba62f0993d907,metro,le15,le20,dong,66,13,0,37,10,6,6.0,인천광역시,부평구,부개동,,부개동
apartment,ee8c9d0515c3633007132f3712bbd14d8b743a5916402c73a70c9280f4efe4d1,metro_city,le15,le20,eup,268,14,39,113,81,21,15.0,부산광역시,기장군,정관읍,,정관읍
apartment,ee9c50bae9621a5d552797219474c25407236ea0cf4217ea3ed53be29ab60fba,other_urban,le15,le20,dong,143,13,25,57,42,6,15.0,강원특별자치도,춘천시,칠전동,,칠전동
apartment,eea08d3b9c121cafad90b7e9293907f0fde9742f0175874f12e4e0d0e033768f,metro,m16_25,le20,dong,162,6,40,71,38,7,20.0,경기도,수원시,영통구,영통동,영통동
apartment,eeb34453677d8bc04229102df1eb5a8ca06361a31fb79fa3b1693d76f1e60ecc,metro,m16_25,m21_30,dong,176,8,39,73,55,1,25.0,경기도,의정부시,고산동,,고산동
apartment,eeb50c74843acf851de96010b03f3ea8c8c2acf4027278f027bda0044e8dbf69,other_urban,le15,le20,dong,169,29,0,53,33,54,5.0,강원특별자치도,태백시,황지동,,황지동
apartment,eebc394188f35f2f9d52777709ddf3b0abd2c313793378dcb683e7da7cb6f145,other_urban,m16_25,le20,dong,93,10,20,34,24,5,20.0,전남광주통합특별시,북구,두암동,,두암동
apartment,eec96a561572738fa21d403a2fb391123d176a29b3442e5cd2d3f294eb7a4a90,nonurban,m16_25,m21_30,eup,78,5,18,36,18,1,24.0,경상남도,양산시,물금읍,,물금읍
apartment,eecef967de57fbe58ac686f44a9ce595566cc8386f210963e4773a84d38fbe04,metro,m16_25,m21_30,dong,173,7,37,74,48,7,22.0,서울특별시,용산구,도원동,,도원동
apartment,eed71d24b95477c1a51db5a33fcd3a0eb1f57f843113b4a51d0083020d9acea5,metro_city,m16_25,m21_30,dong,186,6,43,83,48,6,23.0,울산광역시,남구,삼산동,,삼산동
apartment,eed7ffbc59a67af0306da0c1e83ada0ff9e9f27820d4db3c867c6e600ee5c473,metro,le15,le20,dong,185,12,37,80,43,13,15.0,서울특별시,동대문구,전농동,,전농동
apartment,eeeb2a4a014c1b225b66bee98985b668f1d50f8071b29ecb75e1dbf1bfa84fad,other_urban,m16_25,le20,dong,119,7,37,46,27,2,20.0,강원특별자치도,동해시,이도동,,이도동
apartment,ef082462c4a583c008aa133cfed3b212cb05e9c5ab511e3b12035bc634bd35e6,metro,m16_25,le20,dong,361,17,93,129,104,18,20.0,경기도,수원시,권선구,호매실동,호매실동
apartment,ef0d66efa71a6fac9d673860f8921601b27ea28c5758458557c8c6834cd97cf1,other_urban,le15,le20,dong,212,15,35,91,60,11,15.0,경상북도,구미시,구평동,,구평동
apartment,ef297b2c83a7b6833404977b9866e6efa038da46c4b024a1e5c8bab6b0343e11,nonurban,m16_25,m21_30,eup,564,10,154,271,122,7,25.0,경상북도,구미시,산동읍,,산동읍
apartment,ef2b6a5481518eaeda5b2efc3175f34bb595cdb7a906ea0d350c7ab11c4c656e,other_urban,ge26,m21_30,dong,219,6,57,100,54,2,28.0,강원특별자치도,삼척시,갈천동,,갈천동
apartment,ef3105ffef83fc5666173d3cfbf22ffee5b0cdffc925b7bce6a6897b4184479b,metro,m16_25,le20,dong,225,9,70,93,52,1,20.0,경기도,용인시,기흥구,동백동,동백동
apartment,ef336c6ea8ee4de9eb1fd1582dc3e0842c9bafdfb20087dfa8aa9a8c5c507bf1,metro,ge26,m21_30,dong,132,9,36,48,38,1,28.0,경기도,화성시,동탄구,반송동,반송동
apartment,ef34733ec5f9b6d7ebd021a244dc3396d1f5151dbda3893e43a7155b2a1021d4,metro_city,m16_25,le20,dong,114,7,30,57,18,2,19.0,대전광역시,동구,용전동,,용전동
apartment,ef364747e93d61bdd02dad4023d5286b969515f47da4d3c423d1f516cf8bcb29,metro,m16_25,le20,dong,151,7,50,60,33,1,20.0,서울특별시,성북구,길음동,,길음동
apartment,ef3d742b6440be81741d50a4553660a5df2f773ac0319ad1db8798811e266dba,other_urban,le15,le20,dong,54,14,0,21,12,7,5.0,전남광주통합특별시,여수시,국동,,국동
apartment,ef3ff3ab8e14fdfe9c17ce1460933e44a2e42425c42063f5062935e697e3f0a0,metro_city,le15,le20,dong,180,13,48,54,50,15,14.0,대전광역시,대덕구,대화동,,대화동
apartment,ef49a58a213bdd61d63a5e6df21985d62304eb051858df3f4854f9f43d27c728,metro,le15,le20,dong,120,15,31,48,20,6,10.0,경기도,시흥시,정왕동,,정왕동
apartment,ef53a3113ca65a86600e3fee245c4e2fa890179128cf3bf924183f154bca7e78,metro,le15,le20,myeon,60,5,11,27,16,1,15.0,경기도,양주시,장흥면,,장흥면
apartment,ef5ea53638d8f3d1015f400e0ad4f4c7935de94858c7317aa9cdb0c906bf32cf,metro,m16_25,le20,dong,154,11,44,73,24,2,20.0,경기도,하남시,망월동,,망월동
apartment,ef6613cd522cc83e02eaaa5b6471eaf6379c99eb8cf61ced88d5babeed59721d,other_urban,le15,le20,dong,92,8,17,32,28,7,15.0,전북특별자치도,전주시,완산구,서신동,서신동
apartment,ef6f361520997c1d723f5ef13241aec37048ee2eff7e82e5076879070bd6f778,metro_city,le15,le20,dong,50,7,10,19,11,3,15.0,울산광역시,중구,반구동,,반구동
apartment,ef7c56bf8cf040d7ee19b5e21d31743110c05114039f6c433aa457ea5a92cf69,metro,le15,le20,dong,114,11,22,46,31,4,15.0,경기도,화성시,병점구,기산동,기산동
apartment,ef85fe0657cfde12420564ccb9ea98fc3395fc1283b225e22f937d2fa7dd87c8,other_urban,ge26,m21_30,dong,296,7,87,133,66,3,29.0,경상남도,진주시,초전동,,초전동
apartment,ef92f166d035e8c48dace51fbb94f99f7762edc329d0be9c34b413b503f9dbc5,nonurban,m16_25,m21_30,myeon,164,5,40,87,31,1,25.0,경상남도,양산시,동면,,동면
apartment,ef949b64fce3daaee1cc98856041bc7f3f7ad0a40e2f2d96278b90e261bdb3c6,other_urban,le15,le20,dong,281,13,49,119,84,16,15.0,충청북도,청주시,상당구,금천동,금천동
apartment,efa136d832ce168d0bd858c174a549650d94819087858d48c80c439cf6889ea3,other_urban,le15,le20,dong,59,12,0,24,11,12,5.0,전남광주통합특별시,동구,산수동,,산수동
apartment,efb04b0cca00ec06288ff3d5b1b942b29b62f81f285384f547e38ef6006fd921,metro,le15,le20,dong,241,25,34,152,29,1,13.0,경기도,안산시,단원구,초지동,초지동
apartment,efb1bbc1b7a4fbc8e8f772dc8797504bb33e32ecc3b193e61a608a273b3942f6,metro_city,le15,le20,dong,54,5,8,21,13,7,15.0,부산광역시,사하구,장림동,,장림동
apartment,efb6be162a4c325822958807542ef2625e8960d8d18f7391bf14065e6311d282,nonurban,le15,le20,eup,148,12,33,52,36,15,15.0,충청남도,논산시,강경읍,,강경읍
apartment,efc9bc19e5b854ffd54c12935244f7d860f378abdd08bd3633e21a9c09347f74,other_urban,le15,le20,dong,103,24,0,43,20,16,5.0,경상남도,창원시,성산구,용호동,용호동
apartment,efde831574b669985ef3826dc09ef27bd2a093a7ecfc0a7f0f7baa9e6be49433,other_urban,le15,le20,dong,70,5,10,40,14,1,15.0,충청북도,청주시,서원구,산남동,산남동
apartment,efe2563e1fa4300a6048fc8f30d797f56e144b7ff8a902192f208794963c8d9d,metro_city,le15,le20,dong,166,17,25,73,48,3,15.0,부산광역시,강서구,명지동,,명지동
apartment,efe6e9d2e6c84fb99894799df0f9193d41bde53a1fdd551293d7a5658b2c1772,metro,le15,le20,dong,155,7,31,68,39,10,15.0,인천광역시,검단구,마전동,,마전동
apartment,efe91524dc946ba94251d58f43ea30fa00934e3f0dc6eed62f5af624b059297e,other_urban,le15,le20,dong,111,6,24,51,26,4,15.0,충청남도,아산시,온천동,,온천동
apartment,eff43eaec5f2e1bc8b1944aabe0cd57384f605452d6665842c0ecc45554e7d77,other_urban,le15,le20,dong,65,5,8,28,18,6,15.0,경상남도,거제시,문동동,,문동동
apartment,effbf7b76146aaa3005b97f860625d4745c276e70de4418fb8d32b52638e8bd6,nonurban,le15,le20,myeon,148,12,26,62,39,9,15.0,전남광주통합특별시,순천시,서면,,서면
apartment,efffd7410c3d56e3d3ecd593b454ee473003745abd71e899e00721f963824584,metro,le15,le20,dong,85,5,17,37,23,3,15.0,경기도,용인시,처인구,마평동,마평동
apartment,f008723cb10bc0b9ec19d3aa6550865edbb8d1ac1ebc5b360e883dc0e24e8a50,other_urban,le15,le20,dong,109,6,31,39,24,9,15.0,충청남도,천안시,동남구,용곡동,용곡동
apartment,f019fccfb5df88fd47000083ca637ec8eaa518a1aad80d561ef314cb63a07af2,metro,le15,le20,dong,339,14,74,126,100,25,15.0,서울특별시,강남구,개포동,,개포동
apartment,f01eb0a76deb83199f4b74d65bd55c940fa3322517c08a3e5c08d51bb17c7f44,nonurban,le15,le20,eup,98,12,18,45,19,4,13.0,충청북도,음성군,금왕읍,,금왕읍
apartment,f01fda25d8dd0622e5e04dd3b1e3620e06eb52fcb94415bc4c1eae6b0b366b3a,metro_city,ge26,m21_30,dong,272,7,77,106,73,9,28.0,부산광역시,연제구,연산동,,연산동
apartment,f025690317ba316a2f90bf5736afbf4eda1bcd656e58506688f79ab5f96e3cda,other_urban,le15,le20,dong,87,16,0,32,20,19,5.0,충청북도,청주시,흥덕구,운천동,운천동
apartment,f026c7456a55f39174bd280c20f409bc8336af303993cf98756bf75a1a107afc,metro_city,le15,le20,dong,77,5,14,40,14,4,15.0,대구광역시,수성구,시지동,,시지동
apartment,f035c8bcebd56bd1f975dda03b0bd1a08038ecf332aab7c53a7069a1177b54fd,other_urban,m16_25,le20,dong,77,7,18,37,11,4,19.0,경상남도,진주시,상봉동,,상봉동
apartment,f0422f167b7b0b09223f7cfe992e589392d192439bc34c32738c7089e96b4d05,metro_city,m16_25,m21_30,dong,82,5,30,33,12,2,24.0,부산광역시,남구,대연동,,대연동
apartment,f04823eff291dd759675f927021c7b2d9831524b36482acf7821d1272a5dde32,nonurban,le15,le20,myeon,62,11,0,25,11,15,5.0,충청남도,서산시,인지면,,인지면
apartment,f05c0a553d004bf09b927fbcfbaa17c76fbddcaca1d310b0f56b6fcf7b0f4a75,other_urban,le15,le20,dong,286,21,57,122,68,18,15.0,경상남도,창원시,진해구,장천동,장천동
apartment,f0648cb1727f0c481729705f35e8f28bd90aef5f0e5ff824fff82d6ac4b52bb1,metro,le15,le20,myeon,60,8,9,27,13,3,10.0,경기도,이천시,신둔면,,신둔면
apartment,f065dc028e68621dd983cb5499b1f9c0328ef46fb81351cb53265b59a2dafafe,metro_city,le15,le20,dong,72,9,14,29,15,5,12.0,대구광역시,달서구,본동,,본동
apartment,f06a12e66cd7a37525d6b48883e92461fe8b9cc04830479eefc6790f8924ef4f,metro,m16_25,m21_30,dong,84,6,19,32,24,3,22.0,서울특별시,영등포구,문래동3가,,문래동3가
apartment,f086a297ff73c8a30448947dff169911666f2c23f77d08340002eb605affb43c,metro_city,m16_25,m21_30,dong,149,6,47,66,29,1,25.0,부산광역시,부산진구,부암동,,부암동
apartment,f0881895057bf6e3928eccadf18f03fe7f8b86045c55f7eb1f07f4948da38ed0,other_urban,le15,le20,dong,120,12,19,44,37,8,15.0,전남광주통합특별시,광산구,산월동,,산월동
apartment,f0974bbbac970d6e8aafd6a1c52524616093a35b9332a46a3e7090ef0cd598df,metro,m16_25,m21_30,dong,107,5,34,50,17,1,25.0,경기도,군포시,당동,,당동
apartment,f0a0d5f6c048e08dbbb5d5d3aa2480a9b384b09d8e267ce779e6ef6f47c715cb,metro,m16_25,le20,dong,75,6,21,20,21,7,20.0,경기도,용인시,수지구,풍덕천동,풍덕천동
apartment,f0a257948b75c397301404b490745a32393b4cfb5b913644c45fc0ccc34617bc,other_urban,m16_25,m21_30,dong,215,10,56,96,52,1,23.0,충청남도,천안시,서북구,백석동,백석동
apartment,f0a675ae7aa163f5a083b935792bfaff1fe63de437a31f27d88b47151653cc2f,metro,le15,le20,dong,213,31,59,81,23,19,10.0,경기도,시흥시,정왕동,,정왕동
apartment,f0ad5c8784ee52d0f90334bf6519a150a61cc0a2e268c4d65494928a29c3e409,other_urban,m16_25,m21_30,dong,218,6,58,105,47,2,25.0,충청남도,천안시,동남구,청당동,청당동
apartment,f0b37436cea8e2f46e76cac4eedd273856da7da9f813bc65004ef9ee30bf8b2b,metro,m16_25,le20,dong,146,10,33,62,35,6,20.0,경기도,용인시,기흥구,영덕동,영덕동
apartment,f0c1f517352d4f6428fcfccf05409f121bf76e56c7a2425909d057b3464850b7,metro,m16_25,m21_30,dong,111,7,32,53,17,2,25.0,경기도,안양시,만안구,안양동,안양동
apartment,f0c363e1d55dc8ef41e4338983b054b1ee63a27a403e77c376f77e3afabd7e1f,other_urban,le15,le20,dong,83,9,19,33,15,7,15.0,전남광주통합특별시,목포시,산정동,,산정동
apartment,f0c41225d426043c797bf35a9c2d4181e7886dd9c6e71a7f32bb2c0b5e640a0b,metro,m16_25,le20,dong,137,12,28,52,41,4,18.0,경기도,수원시,영통구,매탄동,매탄동
apartment,f0c493161446cf6894d0b9380bfd8f7b36958ac7b3cff688ee5d2f8ae378b007,other_urban,m16_25,le20,dong,84,5,21,29,23,6,16.0,경상남도,양산시,평산동,,평산동
apartment,f0cafc17c71e3e48c3ddc771039b7e110d1d4c88b14e784e6e8e0498ba2c85b0,metro,le15,le20,dong,75,7,12,35,17,4,12.0,서울특별시,중랑구,신내동,,신내동
apartment,f0d3153a693a44056c9696f5fd975e803eeb672ed7b3a0c80c08ad6399703df7,metro,ge26,m21_30,dong,298,7,72,133,74,12,29.0,인천광역시,미추홀구,주안동,,주안동
apartment,f0def3415bfce23387a198ab05cea9113b5748f57b436552a2c4ffca9147c506,nonurban,le15,le20,eup,50,10,0,20,10,10,5.0,경상북도,울진군,울진읍,,울진읍
apartment,f0f525ed6a22f703dd96b9a459852001c5513aac93d89ef02113dbee4f93cf5e,metro,le15,le20,dong,194,22,51,87,32,2,14.0,서울특별시,강북구,미아동,,미아동
apartment,f1025b3e66a7d5ef31bcc23b86d61f442e58b23f02b788618c9896401ce2366f,metro_city,m16_25,le20,dong,72,5,13,33,19,2,19.0,부산광역시,사하구,장림동,,장림동
apartment,f106b01167ee0a1f5a068de0db3cdceadc114633c9aa0cca98bd03c2096edaea,metro,m16_25,le20,eup,226,14,52,86,60,14,18.0,경기도,평택시,안중읍,,안중읍
apartment,f11154e5af490af2262d5177f6db8e216d0dc895faa21c1b1545bfbc760cf264,other_urban,le15,le20,dong,76,6,11,26,20,13,15.0,강원특별자치도,삼척시,교동,,교동
apartment,f11b73a92c4cdf6b9233e893c6b6c60c8ad9f6eed7b9248125159b768ffe82bc,other_urban,m16_25,le20,dong,69,6,22,29,10,2,20.0,충청남도,공주시,금학동,,금학동
apartment,f131ec15743f95d931b26f6e2e06f421b4f24b21de0f306f9378de9d50671b03,other_urban,m16_25,le20,dong,193,18,60,63,47,5,20.0,전북특별자치도,정읍시,연지동,,연지동
apartment,f144ae0e7067de4f134a1c8e9cae339a0b9f500d3e1076ea701f29021b0d9fd8,metro,m16_25,le20,dong,87,6,23,33,19,6,20.0,경기도,수원시,권선구,금곡동,금곡동
apartment,f14a66242de8488c98877b49e56b1af1acdecafbeaf18826f2bdd78059581509,other_urban,le15,le20,dong,178,10,38,72,50,8,15.0,강원특별자치도,속초시,조양동,,조양동
apartment,f1515192ba0de47addacf86628c2a1a1d29fc97962c3978da0f805aa58aa7f84,metro,m16_25,le20,eup,70,8,16,21,20,5,18.0,경기도,화성시,효행구,봉담읍,봉담읍
apartment,f15c8d8b99e9d8ac020138395613d6b8c997e07059e9603c21e32758578c819d,metro,m16_25,le20,dong,128,12,32,50,26,8,20.0,경기도,용인시,기흥구,영덕동,영덕동
apartment,f16240cc989939a701bed9e2acc442014bf996ad1b459449d7ef540edc6ee845,metro,le15,le20,dong,132,12,28,58,18,16,10.0,경기도,시흥시,정왕동,,정왕동
apartment,f1697289290c0c79d0580e527b124b934cedcc7938ede98db64a369f2dc414d4,metro_city,m16_25,le20,dong,193,10,32,98,47,6,20.0,대구광역시,달서구,용산동,,용산동
apartment,f16e2903e8951cc04fa1141ae979ad4ba21906548ebf0e551d0c7e11c45f2487,other_urban,le15,le20,dong,110,5,25,54,22,4,15.0,충청북도,청주시,상당구,용암동,용암동
apartment,f17d10ac3413a22b7aa406f5e48f8431e49bdc1485b88a09cbc9c206d68600ff,nonurban,le15,le20,eup,171,7,31,76,40,17,15.0,전남광주통합특별시,광양시,광양읍,,광양읍
apartment,f182607a0d367b1d0cc8da6e24d3fdb1702e9f4d8d4d3195f8dc04f4418e851c,metro,le15,le20,dong,139,8,42,48,33,8,15.0,서울특별시,강서구,등촌동,,등촌동
apartment,f18ec9cb90afe8d6b23a10ab3d6124b0c5a210f69617a376357f69f94ac99b57,other_urban,m16_25,m21_30,dong,308,8,75,121,97,7,25.0,전남광주통합특별시,순천시,왕지동,,왕지동
apartment,f1900f4708083407a0e548d5f2d9b7093c7e334c4c5b8ee8889b1e53b06ba5d7,nonurban,le15,le20,eup,85,5,20,32,24,4,15.0,충청남도,태안군,태안읍,,태안읍
apartment,f19ab33d449a2062cd93bbe95e017eaf9d9ff83b7cf2bfef706018ddee4f0e43,sejong,m16_25,le20,dong,120,5,33,59,22,1,18.0,세종특별자치시,,고운동,,고운동
apartment,f1a05a55fcba816d6f444bf0951460372ed280584b630bf36145a375f11f4974,metro,m16_25,m21_30,dong,223,5,57,105,52,4,23.0,경기도,김포시,풍무동,,풍무동
apartment,f1a088729cb58df2a461092e7aa2156d750197dc59c7c1eed55eb0e4dbe89117,metro,m16_25,m21_30,dong,56,5,21,17,11,2,21.0,서울특별시,영등포구,신길동,,신길동
apartment,f1a6ff762da8f44523645f8fabcf6d82534119ebc872b6b9089649892f212274,metro_city,le15,le20,dong,438,28,92,180,116,22,15.0,대구광역시,동구,효목동,,효목동
apartment,f1c770f77cd8589d811b2293a65d16cc17e78c8281fbdff36c612e648c23c7a4,metro,m16_25,m21_30,dong,64,7,24,30,1,2,22.0,경기도,안양시,동안구,평촌동,평촌동
apartment,f1d8774901bc7aefcca2c401f1c0926fc3fa0e66178c8349df501607b07aafb4,other_urban,le15,le20,dong,80,5,23,32,13,7,15.0,충청북도,청주시,서원구,수곡동,수곡동
apartment,f1e528e04ff6ed85aef5ff6138a584bf39c45e212e2b1775924313973ed6d7a6,metro,m16_25,le20,dong,168,12,49,64,41,2,18.0,경기도,구리시,수택동,,수택동
apartment,f1f4c472524a6d240c8a0ba55944faa31cfb2923bdb0ae8dadd5f96119f1a2ee,metro,m16_25,m21_30,dong,200,5,49,92,52,2,21.0,경기도,김포시,풍무동,,풍무동
apartment,f1fa2f0bc917856a296ede8140fbf3c862f6a0dbb771bef5664af3d570daf39f,other_urban,le15,le20,dong,81,5,17,29,21,9,15.0,전남광주통합특별시,북구,문흥동,,문흥동
apartment,f1fda068c8e7b323ab19d180ce87c077db985881729abf301cdb94b4ae982a1b,nonurban,le15,le20,myeon,63,9,10,20,17,7,10.0,충청북도,음성군,생극면,,생극면
apartment,f21019adf80e87714c1e79ab3c3975933dca47679f35d268ad6a2e9fc2d5bcc0,metro,le15,le20,dong,155,7,24,56,54,14,14.0,서울특별시,마포구,성산동,,성산동
apartment,f218d648cbeeed9c21ebae71d2690adea263a722c65c794b8567f85fb455ff6b,metro,m16_25,le20,dong,225,11,45,79,74,16,17.0,경기도,용인시,수지구,풍덕천동,풍덕천동
apartment,f21f7e373b046c65647e4b85d40c8d8c80cd87151d33c813e421dacf49c49ca7,metro_city,m16_25,le20,eup,92,5,29,37,20,1,20.0,대구광역시,달성군,다사읍,,다사읍
apartment,f22e554171e52ffb98541f26573c844aafdb59aa61346f991dd38ba027a3669c,nonurban,le15,le20,eup,267,20,53,106,71,17,15.0,경상남도,양산시,물금읍,,물금읍
apartment,f236a1146810c5fb19f32b937345bfe3167bc2b6dccf69b3c18be7c3af87cec2,other_urban,m16_25,m21_30,dong,205,7,46,80,66,6,25.0,전북특별자치도,전주시,덕진구,중동,중동
apartment,f23af8e1f047236d11d7e620fd4862d98d581d5d045fa9c86bcecddeb04fc98b,other_urban,le15,le20,dong,112,14,27,41,27,3,13.0,경상남도,김해시,삼계동,,삼계동
apartment,f24392c3b21d2bea42a4bd9b38bac2d13f570074dbb9e7ca8727ad959210e72c,nonurban,le15,le20,eup,78,17,0,30,17,14,6.0,강원특별자치도,영월군,영월읍,,영월읍
apartment,f24c442c3274b61f7c3200a6b3afdeaa25ff1946b68f29a1fe5b402f5e6e66df,metro,le15,le20,dong,65,6,8,31,18,2,13.0,인천광역시,연수구,연수동,,연수동
apartment,f25be6e42282dc1e025a6694accb037bba74e47786ba83d29522cb147ab02425,nonurban,le15,le20,myeon,259,47,0,110,58,44,6.0,경상북도,칠곡군,약목면,,약목면
apartment,f2830fcfe632e739724433d9ad938e8fc6ea4ab64dc8061d37bda8b9b22cf5b2,metro,le15,le20,dong,152,12,36,49,41,14,14.0,서울특별시,마포구,성산동,,성산동
apartment,f288b620d00ba05a1b61f9c4aea10ecb59e3176153e12737da5855673d6ff860,metro,le15,le20,dong,110,11,19,40,35,5,15.0,경기도,의왕시,포일동,,포일동
apartment,f2ae90923c9a702ac1d955f1d4c08c1d2a2cd927cd75fd5e5be36889b7108acf,metro,ge26,ge31,dong,1183,43,424,521,191,4,35.0,서울특별시,송파구,가락동,,가락동
apartment,f2c0e81d1dce27253161ca8b9cf56361eb857247ffb3aed679bc46ddea577fc8,metro,le15,le20,dong,135,14,27,54,36,4,15.0,서울특별시,중구,신당동,,신당동
apartment,f2c6f88398a2ef37240644dee3dc2acd7039f982a5c1fdb14671183d5b59cc2e,metro,m16_25,le20,dong,157,7,45,78,24,3,19.0,인천광역시,서해구,검암동,,검암동
apartment,f2cb73921d091d976f34fecfcdd87a9b0636ad6fea51b6ede8daf4a4b3ad2c21,other_urban,m16_25,le20,dong,148,7,42,73,25,1,20.0,경상북도,경산시,사동,,사동
apartment,f2cc4ba242748807b0e5eef7f24eecd859f5ae0f760b64666881a43cb53300c3,other_urban,m16_25,le20,dong,455,21,114,196,116,8,20.0,충청남도,아산시,풍기동,,풍기동
apartment,f2de72761140fac82db31638845a96c6ee1e939c833893c672b10816b3c72c19,nonurban,le15,le20,eup,84,6,19,31,27,1,15.0,경상북도,칠곡군,북삼읍,,북삼읍
apartment,f2e7a6e9e6e2ae2950884d022daf5afce338492d639c8ef4f5e20189e72d0cff,other_urban,le15,le20,dong,72,6,20,27,16,3,15.0,경상북도,상주시,신봉동,,신봉동
apartment,f2e7e4658350b5539461026df5c3b932c496f9a8e67f683e61bcb9fd6cffae0b,other_urban,le15,le20,dong,56,8,18,19,9,2,15.0,충청남도,아산시,방축동,,방축동
apartment,f2e9ea3f9deaf5e0d5faf6dbf7c7ec1a80217d5da64b078fcf544b73be5c4aac,metro_city,le15,le20,dong,255,15,52,103,69,16,15.0,대구광역시,북구,복현동,,복현동
apartment,f2f90cbe242bd68008f65120329039d7bc65b20f20ec55f418b32ee4a94d6cb4,other_urban,le15,le20,dong,95,9,11,38,27,10,12.0,경상남도,양산시,북정동,,북정동
apartment,f2fdac57481f8d4cffee1b698c7edda681bbc78464ec2b4ef220966862f4e64c,other_urban,m16_25,le20,dong,51,7,17,20,6,1,18.0,경상남도,밀양시,가곡동,,가곡동
apartment,f2ff772a941116e3b3ff60c235fd0a0a34916be29851f1431be14740f8fe0882,metro_city,m16_25,le20,dong,230,8,59,97,54,12,20.0,대구광역시,달서구,호산동,,호산동
apartment,f30a997332a4f8d019e8cc1d0999e240cabc0dda4fbc6c272e28bbff5d9f570c,metro,le15,le20,dong,90,17,0,35,19,19,5.0,서울특별시,용산구,이촌동,,이촌동
apartment,f30da82cff3253054d6d1817aadf7eb6630e3ab6b362ec401b19f52efcebf2cd,other_urban,le15,le20,dong,87,7,13,41,22,4,15.0,충청남도,천안시,동남구,안서동,안서동
apartment,f30ed92910b129c34c59d28d72e057c5186aa9143c4ce4d562b619c710d665c1,other_urban,le15,le20,dong,98,14,6,27,39,12,7.0,제주특별자치도,제주시,화북일동,,화북일동
apartment,f31484bdcc1bffcce134351aa8f416b82b7c4204ca12a2c79d75bfac31f35d52,metro,m16_25,m21_30,dong,237,11,56,114,51,5,23.0,경기도,안산시,단원구,원곡동,원곡동
apartment,f3150ce0573ae36e4373ffa8e2a695846026461cdedd17bda2fc924adb213f08,metro,le15,le20,dong,228,17,79,83,39,10,15.0,경기도,안산시,상록구,성포동,성포동
apartment,f317711be017fbe697991aa30c786d784cf9b992b20aaccd648ec4c1747b862c,other_urban,m16_25,le20,dong,127,5,26,55,40,1,20.0,경상남도,진주시,평거동,,평거동
apartment,f31c908cc21e31f5eb161ac7f6edc2c189eba5bddadd4da8bb769c982ea5328d,metro,m16_25,le20,dong,100,7,33,47,12,1,20.0,서울특별시,서초구,방배동,,방배동
apartment,f31f7b45e61e112dd1d9c15564837417a4d09de19e22033a3fad6fc7a123aeab,metro,m16_25,m21_30,dong,217,12,83,96,25,1,24.0,경기도,성남시,중원구,중앙동,중앙동
apartment,f32743afbbfaad4f1b20579d32a93275106328665e15dd47f0c12be6a5e75066,nonurban,le15,le20,myeon,106,7,20,50,26,3,15.0,경상남도,사천시,정동면,,정동면
apartment,f32870a4acf0cc52be121344c8db9fd408eef3227e5ff9e65062627c46e3ca58,metro,le15,le20,dong,59,8,7,23,18,3,15.0,서울특별시,성북구,보문동3가,,보문동3가
apartment,f32d669b63e045a3ea9694588b9990e830999c2e914761b44983e70880a40c35,other_urban,m16_25,le20,dong,86,5,16,28,31,6,18.0,전남광주통합특별시,광산구,신창동,,신창동
apartment,f33a81bd6a33c25d53abb126be98b2d1e87e0a5462220385524d18eceaece4ed,nonurban,le15,le20,myeon,88,14,0,43,17,14,5.0,충청북도,음성군,맹동면,,맹동면
apartment,f33bc63a7cc4abe98825f4b9b10235847efbd9450d135ce685df09d6abcc6edb,nonurban,le15,le20,myeon,160,15,27,58,46,14,15.0,충청남도,아산시,신창면,,신창면
apartment,f33c09df519b7b3546fa70fb8042866f07ef9455d86eefc97cbb81adf69e2e63,metro_city,m16_25,m21_30,eup,147,7,34,64,39,3,25.0,울산광역시,울주군,청량읍,,청량읍
apartment,f3486d6e72e54c768979c872602096552a771ea3e16efbb958233d82795d8213,other_urban,le15,le20,dong,129,10,29,50,32,8,15.0,경상남도,김해시,삼방동,,삼방동
apartment,f34cf5e81083cbf659873ae09eebdea3a31b994403275e9de20df79177bd9460,metro_city,m16_25,m21_30,dong,148,5,41,61,40,1,25.0,부산광역시,금정구,부곡동,,부곡동
apartment,f34d44790fb87178f5dca1f21fcbb799106351e1b6024fb0725333a88c1d56ce,metro_city,ge26,m21_30,dong,63,5,14,29,12,3,29.0,부산광역시,사상구,학장동,,학장동
apartment,f3541244b388dd0bc0b4a86ab1e21a7ede5761b8da16fd0e82bb8067d0953170,metro,le15,le20,dong,144,7,32,58,44,3,15.0,경기도,평택시,비전동,,비전동
apartment,f354762353dae08df2e03d5136c827ccd72be6abdb1e8723949f215516374f35,nonurban,m16_25,le20,myeon,109,10,21,58,19,1,19.0,강원특별자치도,원주시,판부면,,판부면
apartment,f35f5ff03702ae679add92f413afe70dc9771a7f22e51051c043947259818ecb,metro,ge26,m21_30,dong,176,8,52,95,19,2,30.0,경기도,화성시,동탄구,반송동,반송동
apartment,f36b2b8fc01f290995b2ef4ccbe33ff28c30e97fc792c41fe562636f21d83e89,metro,m16_25,m21_30,dong,60,6,21,29,3,1,24.0,경기도,고양시,일산서구,주엽동,주엽동
apartment,f36fb38587e6b047ddc24f26ca3ec12f442fe5f8068d0b8dbad1888e2a5fa50d,other_urban,m16_25,le20,dong,163,16,34,68,39,6,20.0,경상남도,양산시,평산동,,평산동
apartment,f381c9538d5f370d0ee01fd4fbe498439890a98daa1971252c98f1c4fc552efb,metro_city,m16_25,le20,eup,223,9,37,89,76,12,18.0,부산광역시,기장군,정관읍,,정관읍
apartment,f389586a91664bada48b63397d07b29c51929a969f7a88fe25d903fc47bd485c,metro_city,m16_25,m21_30,dong,113,6,15,52,36,4,25.0,부산광역시,사상구,엄궁동,,엄궁동
apartment,f38eade2e99c8510e7a8e8b08f33190b30a3f959f036cb9dc492252aeec1c869,metro,ge26,m21_30,dong,125,6,32,57,27,3,27.0,경기도,하남시,풍산동,,풍산동
apartment,f3a76ba1c106bc7b0b397c27ec4dea9a9e242a2c751fb200457c34a50e8f1fa5,other_urban,m16_25,m21_30,dong,195,10,43,82,55,5,24.0,충청남도,천안시,동남구,신방동,신방동
apartment,f3a8f21e60a4fcc6f5f7dfb319ad18b58fa41630e26fd2fb5556b91847d41756,other_urban,m16_25,m21_30,dong,206,7,68,81,48,2,25.0,전북특별자치도,전주시,덕진구,우아동3가,우아동3가
apartment,f3a92975e7bc7cdf1f029261c8f315d84f3d2d3980424fafe907a2be222707e1,other_urban,le15,le20,dong,314,33,58,112,84,27,15.0,전북특별자치도,정읍시,수성동,,수성동
apartment,f3aea64efd1787b496ff6965b75d65346d660f99800d1a2caeca4b4854af6975,other_urban,le15,le20,dong,74,5,11,32,17,9,13.0,충청남도,천안시,서북구,두정동,두정동
apartment,f3b56eef5dbc87f2ade2d0bc256aa5f17699b3ec9b910713aa1c352ba5f8d01f,other_urban,le15,le20,dong,74,8,17,31,14,4,15.0,충청남도,논산시,취암동,,취암동
apartment,f3e19b3740b6ae65422970106f86c641ed1a22c90b092d93c747a314e53044ba,metro,le15,le20,dong,209,17,42,86,49,15,15.0,경기도,수원시,팔달구,우만동,우만동
apartment,f3e1d898cc9a6dd1629cc762bbeb4d2d96adf6d29e71b99b2e5a2fce04be1641,other_urban,le15,le20,dong,70,5,13,31,16,5,15.0,강원특별자치도,춘천시,후평동,,후평동
apartment,f3e4c4acdadb7867e56ed6474d1249f9abfc0adeb0724c893f5089c5c3d70a78,metro,ge26,ge31,dong,318,6,105,130,71,6,31.0,경기도,화성시,동탄구,석우동,석우동
apartment,f3ea02b298b93940b8da9a3e43fcaa930babcc26367d55b7b00131e933c3ecc9,metro,m16_25,m21_30,dong,322,11,64,144,95,8,25.0,인천광역시,서해구,가정동,,가정동
apartment,f3ee89b8cf959ec56939988750d1619ec625061113f5bfc3b3a7d685b181de73,metro,le15,le20,dong,136,8,29,56,37,6,15.0,경기도,안산시,상록구,사동,사동
apartment,f3ef6a80c575f91a1f648a4f34d4b9dd99facb91912f439409adde08a1f09e41,metro,le15,le20,dong,86,5,19,39,20,3,15.0,경기도,화성시,병점구,병점동,병점동
apartment,f3f64561568af607cb1e5e01d7302fe0751d9d22cdfacc8fcb0abf8d776c8664,metro,m16_25,le20,eup,135,9,23,61,36,6,18.0,경기도,이천시,부발읍,,부발읍
apartment,f3ff64417103a1698b035334b3057b3df0acf1e1815d6050013a1b38759a2246,metro,m16_25,le20,dong,140,6,32,66,31,5,20.0,경기도,용인시,기흥구,영덕동,영덕동
apartment,f402fe1927eccc22092d4bf8d7221b469e2e40230e5e6d498033630252028658,other_urban,m16_25,le20,dong,79,5,24,31,16,3,20.0,충청남도,논산시,화지동,,화지동
apartment,f4071bfd2fd7b74dce219ca62331d9671b4f7cac62cb8f435778196adff2fee4,other_urban,m16_25,le20,dong,52,5,11,24,9,3,18.0,전남광주통합특별시,북구,일곡동,,일곡동
apartment,f40b3adf8b31036e7c6907634db83882e556fad140b65c5d65e0e7b2ebed8381,metro_city,m16_25,le20,dong,135,7,32,62,32,2,19.0,대구광역시,북구,구암동,,구암동
apartment,f40d8725f553a6127a6ba0f9e1546991e8b7322a098298a8b2d502956189d0a7,nonurban,le15,le20,eup,82,8,17,26,27,4,15.0,강원특별자치도,홍천군,홍천읍,,홍천읍
apartment,f4228aa04e19cd2954dc79ed9852131aa1a5287f4b44b8c9a49224d0afd6b579,other_urban,le15,le20,dong,212,16,46,78,63,9,15.0,경상남도,진주시,평거동,,평거동
apartment,f428f4765581a75b1bdb6c53bde52f9a4a9db63a3296c2d22555d970d5940b5c,metro_city,le15,le20,dong,56,5,12,22,15,2,15.0,대구광역시,북구,연경동,,연경동
apartment,f4457afb3bd0f60043055ab9f95534f2ff8667662c1037a8607eda0a992ad27c,other_urban,m16_25,le20,dong,105,12,28,50,12,3,20.0,전남광주통합특별시,서구,쌍촌동,,쌍촌동
apartment,f4458ecf4ff89dcafce1189d6a22528241cf9f3ae4de521bacd549a0b6c35ea3,metro_city,le15,le20,dong,100,9,24,34,31,2,15.0,대구광역시,북구,구암동,,구암동
apartment,f445bebd0558348f4b84e7ff6bccb9c9a194c7dc4c6a893455230d2d154db2a4,other_urban,le15,le20,dong,147,10,31,61,40,5,15.0,강원특별자치도,삼척시,교동,,교동
apartment,f4483eab40d01a56f23a0dc1e57f20170459852f1f86f08a891bd5f91c3e7d1a,nonurban,m16_25,le20,eup,118,5,27,52,29,5,18.0,전북특별자치도,고창군,고창읍,,고창읍
apartment,f457b36bb690dd3ccef47ad1ff7ad072c774bcc5f78f48b42552f4ef8c7696d4,other_urban,le15,le20,dong,61,15,0,18,15,13,5.0,전북특별자치도,익산시,마동,,마동
apartment,f45c3d8d860691088ce56c7208992ff3beffb0dc2f128b4dae1394797460944b,metro,ge26,m21_30,dong,205,8,50,95,50,2,26.0,경기도,양주시,옥정동,,옥정동
apartment,f45d324dc7cf11dea958142897c8717e5cf8878848b2dbc3696a659ab0c61bf9,nonurban,m16_25,le20,myeon,107,6,25,48,21,7,18.0,강원특별자치도,춘천시,동내면,,동내면
apartment,f45db364d008809b820605ba1161d70c03692e4505d54f8fd35cffcdf5d52d39,other_urban,ge26,ge31,dong,236,5,77,105,48,1,31.0,충청남도,아산시,용화동,,용화동
apartment,f46600d03b3fa3d3019b24b9c9042e7d439366621930d10252262e0335808258,metro,m16_25,m21_30,dong,77,5,20,44,7,1,24.0,인천광역시,서해구,심곡동,,심곡동
apartment,f46b98c010a58bba630e3f047018b16237261688fc4f986e926f00cd38dd8526,metro,m16_25,m21_30,dong,186,11,52,106,16,1,23.0,경기도,용인시,수지구,동천동,동천동
apartment,f46f0b48180081ec8c6d1233ef8acc8c8f0b04ccf8cb90e16ede20ff4e26066c,nonurban,m16_25,le20,eup,98,8,19,39,23,9,17.0,경상북도,포항시,남구,오천읍,오천읍
apartment,f4774d25b4a6955dd5d645317a4d2c158b91025857521c497a2a9a170a2249c9,nonurban,ge26,m21_30,eup,175,7,38,83,45,2,29.0,충청남도,천안시,서북구,성거읍,성거읍
apartment,f48748bd8a302db29102dce1bb81afe93bdefc584a0a135e40d020346a785931,metro,le15,le20,dong,56,6,17,28,4,1,14.0,서울특별시,은평구,진관동,,진관동
apartment,f488a3a490c354c40c71e7101cedbdc3899328e1573722082519e050c3434a09,metro,m16_25,m21_30,dong,107,6,33,48,17,3,25.0,서울특별시,중랑구,신내동,,신내동
apartment,f49129fb2a0db288a1762d0f1b8278eff5ff1a0e97912afffcfefe80ac88abc0,metro,m16_25,m21_30,dong,82,5,21,43,11,2,23.0,경기도,남양주시,별내동,,별내동
apartment,f499008ba83be0b71442630d878b4216ef59a1f85ff2ca3a0af10362ad1246ea,other_urban,le15,le20,dong,277,22,59,92,78,26,15.0,경상남도,창원시,성산구,반림동,반림동
apartment,f49a015ca5ecc0f8ffdc3d59d2b0f5c557c208a98559f64fa9f92d925d2d4f5c,metro_city,le15,le20,dong,84,6,16,32,25,5,15.0,대구광역시,중구,남산동,,남산동
apartment,f49a3844a927edb5fd8b3be114322e6a95cbfa5659ce709f0a9131634fb1d575,other_urban,m16_25,le20,dong,99,9,16,37,34,3,18.0,경상북도,경산시,사동,,사동
apartment,f4a75e9e7125a5cd7c7e8733d285126d60498af14b37fc13523ed7a163d7fa0b,other_urban,le15,le20,dong,108,10,18,36,32,12,12.0,충청북도,충주시,연수동,,연수동
apartment,f4b0dc0e9e7cd7bf1f1614e35c61a2a808df6b04a9637cfbbd6b966317e362c2,nonurban,m16_25,le20,myeon,153,9,29,65,45,5,20.0,경상남도,진주시,금산면,,금산면
apartment,f4bdc81dfc75bbf64dbc062a64c054c48a5d3ad7047ac0fdde3ff67f3b047067,other_urban,le15,le20,dong,88,7,17,33,24,7,15.0,전북특별자치도,전주시,덕진구,인후동1가,인후동1가
apartment,f4cdabffa6c16142bb6348e624c9fef14cf29323ea4ca2c72196e939ed313ee6,other_urban,m16_25,le20,dong,72,6,23,26,15,2,18.0,경상북도,안동시,송현동,,송현동
apartment,f4d0eaf8720836111a7dea46d018495e41c95514335eb4539def03baa15be8b0,other_urban,m16_25,le20,dong,69,9,19,25,12,4,20.0,충청남도,당진시,채운동,,채운동
apartment,f4dd78f544e371afde051e552b859467c6a641a2ef8acd3040a37d0c0ff06fd4,metro_city,m16_25,m21_30,dong,112,6,28,55,22,1,23.0,부산광역시,해운대구,재송동,,재송동
apartment,f4e010162c9e6b56eac2f15bbadb0198006bdac11c12be21637d842300d37b2f,other_urban,le15,le20,dong,91,5,17,40,22,7,15.0,충청남도,천안시,서북구,쌍용동,쌍용동
apartment,f4e0aa46384932236450dc49dec17030ba226031c3f0abe491fb4b579e20bf5f,metro,le15,le20,dong,175,16,34,75,39,11,15.0,경기도,안산시,단원구,고잔동,고잔동
apartment,f4e85a817b101be31b638c9637d49ba78eaa7bda850fc82decafc87fab83e374,metro,le15,le20,eup,105,10,24,36,26,9,15.0,경기도,양평군,양평읍,,양평읍
apartment,f4f163334518fc8d10b0e8508f4dda19aa939f3ff4a8af4d5425facf486dc6a6,metro,m16_25,le20,dong,191,6,46,94,43,2,20.0,경기도,고양시,일산동구,중산동,중산동
apartment,f4fb08e224664d5b59f46c329613226a42f0ee2b97dd020125e392a71b54d53d,other_urban,le15,le20,dong,109,7,23,47,26,6,15.0,강원특별자치도,춘천시,퇴계동,,퇴계동
apartment,f50a33628c3066f0ae15e89a0e7f31711b0e19cd9a386805df0ce29446e3d901,other_urban,le15,le20,dong,169,9,31,84,38,7,15.0,충청북도,청주시,서원구,산남동,산남동
apartment,f5105da3b3380860860bb28d7e1e62bcd11f8f9701202e7d1cc1f4c1c8d574e5,metro_city,m16_25,m21_30,dong,167,10,44,73,39,1,24.0,대전광역시,동구,인동,,인동
apartment,f510f1bd8436c58601c981de62fb9ccfc7167632dc7fd9c8cba931dccd9418f5,metro,m16_25,m21_30,dong,86,5,26,46,7,2,23.0,인천광역시,제물포구,송현동,,송현동
apartment,f512db5030b7578ed5db41f6235a96696df8b967f4258530f116289f60a300b3,metro,m16_25,le20,dong,256,14,82,110,43,7,20.0,인천광역시,미추홀구,주안동,,주안동
apartment,f514b9478b59f050fcb4e6fd04f346f5c79ca4a0efc391c6ce84cae23836284a,other_urban,m16_25,m21_30,dong,175,8,38,75,50,4,25.0,강원특별자치도,강릉시,유천동,,유천동
apartment,f516ff8ca9a69e1fa3c350af31e6fcfd8b2e31aee07d5c76e7da13e4307d9193,metro,m16_25,m21_30,dong,134,11,37,67,17,2,24.0,경기도,안양시,동안구,비산동,비산동
apartment,f5199846a17df0a5c9145384739542eea837cd35cfb0f12ca045b291b518b9f7,metro,le15,le20,dong,86,7,17,42,19,1,14.0,경기도,고양시,일산서구,주엽동,주엽동
apartment,f51c9c3add95a39a3e10eb69c941f0a6c26ed8897862a35d5bfcebe4b832d917,metro,m16_25,le20,dong,239,11,76,116,35,1,19.0,경기도,부천시,원미구,상동,상동
apartment,f52066db272b9bd9cc8d164e791116a2ca085cb8dab8d93ee0db0fbfb39198c9,other_urban,le15,le20,dong,50,12,0,19,9,10,5.0,전남광주통합특별시,광산구,월계동,,월계동
apartment,f524e52862a2d20c6340dd1f1c16d12c9bdee5edee0a2a93162dfaf4413ac9cc,other_urban,m16_25,m21_30,dong,170,6,40,88,33,3,22.0,충청남도,서산시,동문동,,동문동
apartment,f5274927e7562a0dfd487dfc00049756e9bc1909c7d6e435e26f9db4a046db84,nonurban,ge26,m21_30,eup,121,8,40,64,8,1,27.0,경상남도,양산시,물금읍,,물금읍
apartment,f52da8ec87f4c1d3e4c96c2b8a432a7d4c5d0ba9410bf8dcf158491900cce662,other_urban,le15,le20,dong,879,73,195,342,201,68,15.0,충청남도,아산시,장존동,,장존동
apartment,f5348e8df2ad70db45020c5f8869bb779d9369492eabee6a2728a9442ad55f52,metro,m16_25,le20,dong,68,6,14,27,19,2,19.0,경기도,고양시,덕양구,고양동,고양동
apartment,f53d17b2942e696c6fed2fd878460a0266d2e71fe28834e8d479f1271335f8e2,metro_city,m16_25,le20,dong,68,5,18,22,22,1,18.0,대구광역시,북구,연경동,,연경동
apartment,f53dcf823be76f53dfc34bfd7bdfc6b1845ad78e5d0a94dfe29a2bb9dc558e1f,metro_city,le15,le20,dong,52,10,0,17,12,13,5.0,부산광역시,해운대구,반여동,,반여동
apartment,f549f9ae5316dd3387b5579c1a5959bc6d15b2bdd5bcbc0d36be65194acb1b87,metro,le15,le20,dong,159,15,32,60,48,4,15.0,경기도,고양시,덕양구,행신동,행신동
apartment,f54becbe600afc3d08a2a6ef384714769a531a25dccb3705edc8a82b731e25a4,metro,m16_25,le20,dong,123,5,36,56,23,3,20.0,경기도,부천시,소사구,소사본동,소사본동
apartment,f54c905d3ce3662d75b5f39c9fa2e8984b5a3951f0d03def87e83e459385dca2,metro_city,le15,le20,dong,150,9,29,60,40,12,15.0,울산광역시,북구,중산동,,중산동
apartment,f554bb63b38518efb1e920bb67fff6a0d59acbf7084b0dec3f197bd83ef53ab6,nonurban,le15,le20,myeon,92,9,15,37,21,10,10.0,충청남도,아산시,신창면,,신창면
apartment,f56ad348b0db64663a11b2073857fbb1b7260e9c50ee41cffdb05aa3f06d784a,other_urban,m16_25,le20,dong,259,11,72,107,63,6,20.0,전북특별자치도,전주시,덕진구,중동,중동
apartment,f584b84e94d3f11c0faa4c5b3383c2451f591d6974c179498043524bc772cc45,metro,m16_25,le20,dong,94,5,23,42,23,1,20.0,서울특별시,마포구,창전동,,창전동
apartment,f5940cd21b5670bf0c455b18fd518688a6a45cfeaeabb52d39d77b1be56b8cb6,metro,m16_25,m21_30,dong,64,10,26,20,7,1,22.0,경기도,성남시,분당구,정자동,정자동
apartment,f5af7f111a3b4b12cb0694d4a0d55402f55302cdd00cc85d8e83164ed882357a,metro,m16_25,le20,dong,74,5,20,25,21,3,18.0,서울특별시,동작구,상도동,,상도동
apartment,f5b231524243aacdeb6f559df271d83e02bcdd8d9f387b0abeaeb53c0ca9c26d,metro_city,le15,le20,dong,201,8,36,88,56,13,15.0,대구광역시,동구,율하동,,율하동
apartment,f5b8beb8a16989bf86657a9e15d93f0f3258ef1fb871e9f81094f30a44bcd99c,nonurban,m16_25,le20,eup,186,8,52,84,38,4,20.0,전남광주통합특별시,무안군,삼향읍,,삼향읍
apartment,f5c126dfc97df9cf9165df61f2aa57ea2d3c84007103d4dc1e6381b967236017,other_urban,m16_25,le20,dong,245,14,68,131,31,1,20.0,전북특별자치도,군산시,미룡동,,미룡동
apartment,f5ceb3d7757fa37af8ca3e5117fe682f18c0cc7df6972f7af2a7add553a974db,metro,le15,le20,dong,57,6,9,22,16,4,15.0,경기도,광주시,양벌동,,양벌동
apartment,f5df98493e27e50b2af4ba3d3c5873cd02ce72774a44d49a116b0a6ce5accc1c,other_urban,m16_25,m21_30,dong,139,8,41,58,30,2,22.0,경상남도,김해시,삼계동,,삼계동
apartment,f5dfac4c8d6b0784a7e4a91d31818247333844e79423b136f31ac44beb39f4f3,metro_city,m16_25,m21_30,dong,327,10,68,137,103,9,25.0,대전광역시,서구,관저동,,관저동
apartment,f5e1d2203ae45796be0b280eedf8f2a33c0777e1cf3d04891c0e04d6cb3f18a3,metro,m16_25,m21_30,dong,103,10,40,39,13,1,24.0,경기도,고양시,일산동구,풍동,풍동
apartment,f5e5fb413e01b637b4939b3efdd175cd765e7b126c452e3c5087d616ca49dec8,other_urban,le15,le20,dong,93,6,18,30,29,10,15.0,전남광주통합특별시,목포시,옥암동,,옥암동
apartment,f5e66cf72ee5eef70681b8d07f6d75bdca24e79a786b6ac3dd26f14437dad982,other_urban,le15,le20,dong,320,26,57,135,80,22,15.0,전북특별자치도,전주시,완산구,서신동,서신동
apartment,f5e774f7120022e32f8d5e91e1931d3f91e6b871c0fbafb23e9ea4fb1589e184,metro,m16_25,m21_30,dong,237,12,54,96,67,8,25.0,인천광역시,남동구,서창동,,서창동
apartment,f5f4ceb7baa123402a54a14713d8b1a3e0f68a096e456a391d1cceca0b973d21,metro,m16_25,le20,eup,96,5,22,38,26,5,18.0,경기도,김포시,통진읍,,통진읍
apartment,f5f9d5a979c64202d6798ea4bd0d3e688e0dff882dad48da21d221cdda6d7ca0,metro,m16_25,m21_30,dong,502,16,114,195,160,17,25.0,경기도,오산시,지곶동,,지곶동
apartment,f5fa1e11b3d552b99cc8ace25641b715abe31fbea1c7f6f1a9ddb64a603b12c7,metro,m16_25,le20,dong,121,8,31,52,28,2,18.0,경기도,광주시,양벌동,,양벌동
apartment,f6054ada384731d04a28d29fa2dbc0622d101cbd81e8262abfe9f2ef5613d6cb,other_urban,m16_25,le20,dong,77,8,16,38,14,1,19.0,경상남도,김해시,삼문동,,삼문동
apartment,f60c03bb55cbda1b2491fdbe118312e4e7ab22e70c1f9a35e1d1b07e12c0cfcb,nonurban,le15,le20,myeon,184,14,34,68,57,11,15.0,충청북도,충주시,대소원면,,대소원면
apartment,f6118c9e55330b8b368eda12ed082f042de856a6c928759caf7e0f3143608efc,other_urban,m16_25,le20,dong,122,8,34,53,25,2,19.0,전남광주통합특별시,북구,용봉동,,용봉동
apartment,f6212ae453ce4cd65d8feba34916803d71af556f68ad59e109e1459e24f60371,other_urban,m16_25,le20,dong,229,19,47,98,51,14,20.0,경상남도,창원시,성산구,성주동,성주동
apartment,f624f5b6be0c8fc7b1bf5dd55b1a3b61b55dd2c6d6e53a3f50a590803bef977d,other_urban,le15,le20,dong,84,12,0,37,19,16,5.0,경상남도,창원시,진해구,풍호동,풍호동
apartment,f62791aa6f32bf098139c5c6835d2ed2923d2bda17633ff9a44911410f264343,metro_city,ge26,m21_30,eup,279,8,79,138,50,4,29.0,대구광역시,달성군,화원읍,,화원읍
apartment,f6286cebd9658219cd034a8e4bba4f3234b9274d96975733163dade7c0e39f40,metro,le15,le20,dong,125,7,29,48,31,10,15.0,경기도,고양시,덕양구,행신동,행신동
apartment,f634efd4922a3b9a099723b008c4c9d23cd27ee14b69a0f0526e94c9c7f06757,other_urban,le15,le20,dong,163,13,41,74,30,5,15.0,경상남도,진주시,주약동,,주약동
apartment,f63cef2e4abbd0fadd91586ebeaa3f1daab25cd7548875d50b7ef3364c3db61e,other_urban,le15,le20,dong,75,12,0,33,16,14,6.0,강원특별자치도,삼척시,마달동,,마달동
apartment,f6498a69010b0ec1070f6a5a1597dc90ec7c39026623283f76aaa127c47b4ae5,metro,m16_25,m21_30,dong,160,5,66,72,16,1,25.0,서울특별시,성동구,상왕십리동,,상왕십리동
apartment,f6522079127cbb62f323221a85bf5193577854483218e7b14be39dcee131304b,metro,m16_25,le20,dong,115,6,27,45,34,3,18.0,경기도,평택시,비전동,,비전동
apartment,f65e5cbe1990608ccf991f902c6679a501102200dcc1b1c5df9b713244907ab0,metro,ge26,m21_30,dong,202,11,81,80,28,2,28.0,경기도,파주시,야당동,,야당동
apartment,f6669a89394be07e22dece301ab26e0c4142cd6f079bc1cebe1eb4bc311ef97b,other_urban,m16_25,m21_30,dong,232,6,55,99,69,3,22.0,충청북도,청주시,흥덕구,가경동,가경동
apartment,f66766ee7273db602a75613c51fba211bf2f7f680086291d49ca37105750f588,metro,le15,le20,dong,361,24,68,160,91,18,15.0,경기도,성남시,중원구,여수동,여수동
apartment,f66aab34582fd5649eecb0baf81a9b6d816ee8b1a5890d94b76cf314e4e42a43,sejong,ge26,m21_30,dong,431,5,163,208,52,3,30.0,세종특별자치시,,종촌동,,종촌동
apartment,f66f5b53db641fd2484b41bbb387af900d5b6c985349201183b78eb8ded7478d,metro,m16_25,m21_30,dong,114,8,37,49,19,1,22.0,경기도,평택시,고덕동,,고덕동
apartment,f673731102a2ecb4fa44dbecccc76733c30fa41b26313445bd7f135b83e3df10,metro_city,m16_25,le20,dong,125,6,35,48,29,7,20.0,대구광역시,달서구,장기동,,장기동
apartment,f6779f0fe433d7816025bc33788babb3aeb84263055904f23120929fdc1ae049,nonurban,m16_25,le20,eup,371,21,79,154,102,15,18.0,충청북도,청주시,청원구,오창읍,오창읍
apartment,f67a826c787343658c758b654e96aeee525e557a19a9e4636ae0f7ea5577975c,other_urban,le15,le20,dong,56,5,8,31,11,1,13.0,충청남도,천안시,서북구,성정동,성정동
apartment,f6a4a00e609dd31b75342fcb7ceb00ee5e953740323b07abc319bd7dd8642bc0,metro,m16_25,le20,dong,113,8,30,53,20,2,20.0,서울특별시,양천구,목동,,목동
apartment,f6aebadd2a5e60dcf46e60ce9092963dbbfb5ae0f6b114ef40f11c9bc10752e3,metro,m16_25,le20,dong,406,21,118,198,66,3,20.0,서울특별시,성북구,정릉동,,정릉동
apartment,f6c7a89a9f3063a6d9cfc8952c36f81740fecc4792f66d69f7e5dc52855ef787,other_urban,le15,le20,dong,53,8,6,27,8,4,13.0,전남광주통합특별시,광산구,도산동,,도산동
apartment,f6e5e6d67e0e1778c97292a7da48a95ccd4ac8e83bc851b682eb2edc08b43293,metro,le15,le20,dong,90,6,28,38,16,2,15.0,경기도,시흥시,거모동,,거모동
apartment,f6ea34971a0867ee8a001dc5acc24e79f3c7a3927f252c79f0c0c7bc096bf548,metro,le15,le20,eup,60,7,10,31,10,2,15.0,경기도,가평군,가평읍,,가평읍
apartment,f6f6f5efbe42253e00e3e2cb281fd666982192369372ae60881a5e6559f36e47,metro,m16_25,le20,dong,368,7,92,167,94,8,20.0,서울특별시,관악구,신림동,,신림동
apartment,f7135c9efea5bcc268ca6d16d6e5054d8fdd4eeaa7de1c85db22061970282dba,metro_city,m16_25,le20,dong,284,17,66,123,73,5,20.0,대전광역시,대덕구,송촌동,,송촌동
apartment,f718fb6e3c2440da580680d665cab98b696fa36b12a7c11bdffc2b364ca64656,metro,m16_25,le20,dong,184,9,41,76,55,3,20.0,서울특별시,금천구,시흥동,,시흥동
apartment,f71c74c302b20bc916de4eece9228c94fe144cca76d4c55b66e870a5d9e29a16,metro,m16_25,le20,dong,140,5,29,63,36,7,18.0,인천광역시,부평구,갈산동,,갈산동
apartment,f71e5a7402a148aee4bf28bba6944c3e66caaec8cf8f2843d5bbdd4665af162d,metro,le15,le20,dong,55,5,0,28,8,14,6.0,인천광역시,계양구,계산동,,계산동
apartment,f73b54ee3d8bcacf87031b3cf6e0913cc8c2472cbcb1632431148fc8338c1762,other_urban,ge26,m21_30,dong,235,8,57,118,49,3,26.0,강원특별자치도,춘천시,우두동,,우두동
apartment,f751aa34a1bc278fdb5ef7f099954e011d58374067f6c89b5a94ca4f6a686496,other_urban,le15,le20,dong,165,9,37,59,39,21,15.0,강원특별자치도,강릉시,포남동,,포남동
apartment,f755181839ef82ce445588f1fe18596936ce5d4c8dbc806398ac586d6df6156f,metro,le15,le20,dong,119,17,23,56,22,1,14.0,경기도,하남시,덕풍동,,덕풍동
apartment,f75d7152e1bf064da315995f9af7f33382f44c0c4b8d2245c8ecd95e3b897242,metro,le15,le20,dong,75,5,20,28,17,5,15.0,서울특별시,영등포구,문래동3가,,문래동3가
apartment,f75df48c551353a5f86b83c1d78ac9d479932ba85a6e387f7cc5dac0cb86e405,other_urban,m16_25,le20,dong,163,14,40,70,38,1,17.0,충청남도,천안시,동남구,신방동,신방동
apartment,f77f2e714772825848508bf08c2a01c3ec15c9b56ed7dcd4e2a8a2a782fe6447,nonurban,le15,le20,myeon,294,26,51,119,79,19,15.0,경상북도,칠곡군,약목면,,약목면
apartment,f783ec8b876500f2ff9f02b8e4688409ba400226e011e15109fdebf4a9890dbe,metro,m16_25,le20,dong,76,8,29,24,13,2,20.0,경기도,성남시,분당구,이매동,이매동
apartment,f78ab5ed15ffa4838c2a1140d2cda9544c7c1c19ef80fe0f8e70e8633d37afd9,other_urban,le15,le20,dong,76,9,8,43,9,7,15.0,전북특별자치도,전주시,덕진구,송천동1가,송천동1가
apartment,f78cca331771909bf20a4476bb603388f0b8df914fd6b1771088e4bdb532ad98,metro,m16_25,m21_30,dong,189,5,53,77,46,8,24.0,서울특별시,동대문구,제기동,,제기동
apartment,f7bb9d68d94b10979bf2bbf60e2ed4fdaeaf6e220cdf66c162337d82a38b9544,nonurban,le15,le20,myeon,187,35,19,58,51,24,8.0,경상남도,사천시,사남면,,사남면
apartment,f7c177a4372408533d7c221f9ff30d059a842ba8d56c0f2de48cf1c022bd269d,metro,m16_25,m21_30,dong,174,5,60,86,22,1,25.0,서울특별시,성북구,돈암동,,돈암동
apartment,f7c2bb1232ac2a202fdf72814a5004a26f7ecc0f1f4e29d93c373b52c0361ec0,metro,m16_25,le20,dong,228,13,65,108,36,6,20.0,경기도,구리시,인창동,,인창동
apartment,f7c6e13c5874b754abf20954421633f7ea03fa4f4a6a8b84073565e8746cd1bc,metro,m16_25,le20,dong,163,6,43,75,32,7,20.0,경기도,성남시,분당구,판교동,판교동
apartment,f7cab2c080ad58539e5a126613c87189d35ca1cc3c34e26ab2d9f02516f49847,metro,le15,le20,dong,77,5,19,32,17,4,15.0,서울특별시,금천구,시흥동,,시흥동
apartment,f7ccb872a942c8a0e123e4722b08ae34105918619ba1801cd4838359391e8043,other_urban,le15,le20,dong,283,15,53,120,74,21,15.0,경상남도,거제시,상동동,,상동동
apartment,f7d73f63b16386c143e795fd97281fb00e3bfcf99e09e6349f40661186efb726,metro_city,le15,le20,dong,62,5,11,31,12,3,15.0,부산광역시,사하구,신평동,,신평동
apartment,f7e7fef28e12f5dc36e824c00f97e4e9234892369bd70c4d38c36d8b323380e6,metro,m16_25,le20,dong,252,17,46,132,56,1,16.0,인천광역시,계양구,병방동,,병방동
apartment,f7e9e37742a71fa99528a933f060e2e1f05c48f52488298c17299a9e6930d10b,other_urban,le15,le20,dong,84,10,0,34,20,20,5.0,전북특별자치도,김제시,신풍동,,신풍동
apartment,f7ea9eca67a72f02710a2394a0c3be0262bee7fb8c41e7b334aa0d91a49f7b70,nonurban,le15,le20,eup,285,19,52,114,67,33,12.0,충청남도,천안시,동남구,목천읍,목천읍
apartment,f7fc66ddee6cb2cbabce8432be6a9c0c12fb2ef11066c4e1b5258f4ec35b2b19,metro,le15,le20,dong,188,27,60,71,24,6,15.0,서울특별시,양천구,목동,,목동
apartment,f80162e177bf564ff10d46140e73fbd568d82409e5c9302ddc98bccb8fdef803,metro,le15,le20,dong,88,8,14,38,19,9,15.0,경기도,평택시,이충동,,이충동
apartment,f815675dfd151afae4d3c30442fc957072329ec7bd991019c7187babc993af28,metro_city,le15,le20,dong,63,9,12,27,13,2,15.0,대전광역시,서구,도마동,,도마동
apartment,f81ef79c2fe95d61c252ceb0e8be2d225216b91d470e48598999c303123a6c48,other_urban,le15,le20,dong,321,25,51,156,65,24,15.0,충청북도,청주시,상당구,용암동,용암동
apartment,f8439ac160e115c9a84ed5a9cca276b84da39acbcfaceeb081762550a6db6d59,metro,le15,le20,dong,179,13,37,79,40,10,15.0,서울특별시,양천구,신정동,,신정동
apartment,f84d1daf2f9352ce06497a43f3db88f3b3ec22d00e0a4d7e19dcfee9f756fbe7,metro,le15,le20,dong,60,7,12,25,10,6,10.0,서울특별시,성동구,성수동1가,,성수동1가
apartment,f853b7e76120249d086625caecd33b1b62cce10bd47559e4d09a7add6e3241cd,metro_city,le15,le20,dong,114,9,20,46,32,7,12.0,울산광역시,중구,약사동,,약사동
apartment,f864eeced76be739dc890e6810e216442d78458fad7d650fa20e487d2ada2ed6,other_urban,le15,le20,dong,163,12,34,69,31,17,15.0,경상남도,밀양시,교동,,교동
apartment,f866316c2838888ac1cb3fb6c1ed05e8ba0ae6a05c1e121697e2f11aaf37bac3,metro,m16_25,le20,dong,94,6,22,37,24,5,19.0,경기도,용인시,수지구,풍덕천동,풍덕천동
apartment,f877d9c7506e777065df60aad5b53ae80c19331d3d0a4b71c1bf65b40604bf67,other_urban,m16_25,le20,dong,121,6,33,36,39,7,17.0,경상북도,구미시,도량동,,도량동
apartment,f87ae29d80e902a8887dea2df33bbdf1b18c43d85dd1367499ba666aefa16700,metro,le15,le20,dong,50,10,11,19,5,5,10.0,경기도,시흥시,정왕동,,정왕동
apartment,f880514489fef0973a27eadfb8e19f996e9ad55535eaa329cb5d43edbfaf6e76,metro_city,m16_25,le20,eup,119,8,22,53,34,2,20.0,대구광역시,달성군,다사읍,,다사읍
apartment,f89867ec65f678b1a391290605f06729e9af68026017be5392fed170a45f200f,metro,m16_25,le20,dong,105,7,33,52,12,1,20.0,서울특별시,동작구,흑석동,,흑석동
apartment,f89dc0a6c6bec924f30ec50b459dd4cb140249158ad2c8925fa6e59cd709ed4e,metro_city,le15,le20,dong,97,18,0,39,23,17,5.0,대전광역시,서구,도마동,,도마동
apartment,f8af07961f770ac6fc76670b2510af7e33cb4b852d63e67f71d327211a10325b,metro_city,m16_25,le20,dong,622,29,154,219,181,39,17.0,대전광역시,유성구,전민동,,전민동
apartment,f8b2b619544e1b73656a0d146253f8fa585c1097860450054ab2e84613efe1e8,other_urban,le15,le20,dong,145,13,25,46,44,17,15.0,전남광주통합특별시,북구,문흥동,,문흥동
apartment,f8dcbc8472fab1a5b4150177ce19d9a065f420b862479fc24d7b4f0123117eb5,metro_city,le15,le20,dong,181,9,42,100,29,1,15.0,대전광역시,동구,용운동,,용운동
apartment,f8dcd7ef1fdc39a500bc41217630ecf6644174952a0687665719c42c2037a529,metro,le15,le20,dong,117,7,25,39,36,10,15.0,인천광역시,계양구,작전동,,작전동
apartment,f8e2bf71c18b193a03ad40aa9e7cc9c62a06c17b0c507f4bc916bb66e3c42f29,other_urban,le15,le20,dong,169,6,39,73,35,16,15.0,경상남도,양산시,삼호동,,삼호동
apartment,f8f75b1dc1959d90d2e964dc2f3e187769d4340e03ea8a6599f22aa956f3db63,metro_city,ge26,ge31,dong,340,8,92,180,55,5,33.0,대전광역시,동구,신흥동,,신흥동
apartment,f8fd5059c09765767511a1a64fecddaf98cf02f22b58cc5ba89f633bd7f39c24,metro,m16_25,m21_30,dong,101,6,30,44,19,2,22.0,서울특별시,마포구,신공덕동,,신공덕동
apartment,f90893a6b00f046ab47cb5dc195306dd64e4012334fe1ba7fd698a08b668577e,metro,le15,le20,dong,87,8,15,38,22,4,15.0,서울특별시,강남구,개포동,,개포동
apartment,f91c423904602942fb2a53aa039c92cf46422cfb87746c574385db1dbb39ff3c,metro,le15,le20,eup,107,8,24,43,24,8,15.0,경기도,남양주시,화도읍,,화도읍
apartment,f933a973436ccee1794b416dea6e11e0610672a1aead37667330b457024a27b4,metro,le15,le20,dong,110,12,27,43,15,13,10.0,경기도,시흥시,정왕동,,정왕동
apartment,f93dbf1e0c7fa1f0f2a0c5583cd3942f96f5496f9889c4eb8d73d79ab22884b8,nonurban,le15,le20,myeon,61,7,18,12,17,7,14.0,경상북도,경주시,천북면,,천북면
apartment,f94746259ee1c01f21e9c1e1c5d04152e2115ee09bae0d70fe6b8cb0eb6b2cac,nonurban,le15,le20,myeon,67,14,0,25,16,12,5.0,경상북도,포항시,남구,동해면,동해면
apartment,f94fd8ad8f78220ff982e353c383282d908fc1e86ac051662b15910e9d9fd959,metro,m16_25,m21_30,dong,93,5,20,50,17,1,23.0,인천광역시,연수구,옥련동,,옥련동
apartment,f95319320307f048ffaa7fb43481cc3c53ae83cfb63d859dff44b9ee58adfd2e,metro,m16_25,le20,dong,347,24,81,149,81,12,20.0,경기도,시흥시,거모동,,거모동
apartment,f954f90e25d1a65cb3857f935cc099561376ae776266cd1e1eb05e01cb90bffa,metro,le15,le20,eup,335,22,58,142,95,18,15.0,경기도,평택시,청북읍,,청북읍
apartment,f955a81518f9f5b47e9059ecfb3a3bce94a88c07a84e3a6ea569dae5a27bf2f4,other_urban,m16_25,le20,dong,137,12,38,69,16,2,20.0,전남광주통합특별시,광산구,운남동,,운남동
apartment,f956f2ae74176da5a1830204fd53580a562e39237021c5f50e68be597c8eddcd,other_urban,m16_25,le20,dong,145,11,32,60,38,4,16.0,강원특별자치도,춘천시,석사동,,석사동
apartment,f963a17274cb41cdc28eba6780e33b14d76d80ec25be1521d47226c6b3a615e4,nonurban,le15,le20,eup,84,11,0,27,23,23,5.0,충청북도,증평군,증평읍,,증평읍
apartment,f96cab8bc912d687c4f9c61923a9acf9718494eefad2260634386f380da2ec06,nonurban,le15,le20,myeon,93,7,17,36,27,6,14.0,경상남도,사천시,정동면,,정동면
apartment,f97180f8927491fa6ac6e59faa9db6e21aa0436010b060d9fe5c29f1a2afa48a,metro,m16_25,le20,dong,87,9,25,33,19,1,18.0,서울특별시,서초구,방배동,,방배동
apartment,f975e45ae5078cabd340f3f3cdadd6a175277bc5fabbd8d678d9d817a7c4bc67,metro_city,m16_25,le20,dong,311,11,92,134,63,11,20.0,대구광역시,달서구,도원동,,도원동
apartment,f98002be1d296eb4886742bf6d671b14a8748dea4f3acc17f77bc2ce4b48ecc9,nonurban,le15,le20,myeon,188,15,42,71,46,14,15.0,경상남도,통영시,용남면,,용남면
apartment,f9966acf35d68fd81d13ad556ad9aab88ac1663d4535c17cfd2200ef7dda0884,metro_city,ge26,m21_30,dong,258,8,76,116,55,3,29.0,대전광역시,중구,목동,,목동
apartment,f99c569667eec68aaa6cb06546b120874336499f36c9efd4b23e97fbcff024e2,other_urban,ge26,m21_30,dong,187,5,50,83,43,6,29.0,충청북도,충주시,안림동,,안림동
apartment,f99c6be3174f6ac93294115c0c2a3761bfbed6d1c4c06af69ffb4b6eeb3b456a,metro_city,ge26,m21_30,dong,212,7,59,91,54,1,29.0,부산광역시,수영구,민락동,,민락동
apartment,f9b53067afbda53b33a6a683f774dd1d350a4f2336b272be16f52b234cd93718,metro,m16_25,le20,dong,132,8,41,57,20,6,20.0,경기도,구리시,인창동,,인창동
apartment,f9c58dca3bfe90d40b5f79b6c85bce96f71b4e4cc528704296593b70ce7e8200,metro_city,le15,le20,dong,172,14,24,82,44,8,12.0,대구광역시,서구,내당동,,내당동
apartment,f9e8d3c86df44b170eb91730d97965d7f80c0c4649e2e882856bc789dcedc242,nonurban,ge26,m21_30,eup,801,8,215,384,190,4,27.0,충청남도,아산시,배방읍,,배방읍
apartment,f9ed6ccaf6679c47b3ec740af8d90cc226ee59052690fa5f03645e7d3d94b660,metro,ge26,ge31,dong,263,6,89,110,57,1,36.0,인천광역시,서해구,청라동,,청라동
apartment,f9f04b6de387421237b4543abb8c9c68a61975dd12ce76c738f71c3b55bfa792,metro,m16_25,le20,dong,223,9,50,102,61,1,19.0,경기도,화성시,병점구,반정동,반정동
apartment,f9ffb34014c946a765a7b099ba20a27f2c7986a3d9afb50d7fee44c249bfea4c,other_urban,m16_25,le20,dong,76,10,18,38,9,1,18.0,전북특별자치도,익산시,동산동,,동산동
apartment,fa1757182f9bfad019dcab276eebf88ec63795f1fe4ef68118514986ef448068,other_urban,m16_25,m21_30,dong,218,12,44,94,63,5,23.0,충청남도,아산시,모종동,,모종동
apartment,fa1e63ab74c86c8800a4332bd5f835c296cd3d38a30b4b96d0622a9217f5b2c4,metro,m16_25,m21_30,dong,72,5,19,40,7,1,25.0,경기도,성남시,분당구,정자동,정자동
apartment,fa21704014c310b0253d6df1bb2878ab8cf7f8cb914b86855e84dffda810c4c0,nonurban,m16_25,le20,eup,61,5,12,30,10,4,16.0,충청남도,예산군,예산읍,,예산읍
apartment,fa227a7d8a76ccfc793b917eb17f8658f4a75cc8781d1474123bcbfb10c78519,other_urban,m16_25,m21_30,dong,131,8,31,66,21,5,22.0,충청남도,아산시,모종동,,모종동
apartment,fa2a628a001cc797ae065922d6406575f79b1122c0b3942632253dfb499170cd,metro_city,m16_25,le20,dong,107,9,20,37,38,3,20.0,부산광역시,사상구,주례동,,주례동
apartment,fa39b75275659e116ed0b206e41e382d98b277c2d5a38d971d8c230655042b74,metro,le15,le20,dong,77,5,15,32,21,4,15.0,서울특별시,강서구,가양동,,가양동
apartment,fa4ac7fa8c12404c9f987613c989755d56691185fa8e00186fc1f53f901c9c89,other_urban,m16_25,le20,dong,152,11,28,69,39,5,18.0,전북특별자치도,전주시,완산구,효자동1가,효자동1가
apartment,fa4ae3c87adac25af0202108d7413630b28d23f6ec66af6ae7af3873b387c0f5,metro_city,le15,le20,dong,237,14,54,103,51,15,15.0,부산광역시,부산진구,당감동,,당감동
apartment,fa5517bca7d1697693f46f96a70c03de3426e4e20354b9220424e0b3e071ddf4,other_urban,le15,le20,dong,340,25,60,146,87,22,15.0,강원특별자치도,춘천시,근화동,,근화동
apartment,fa5f29d0ce0d80d65d346d69d044790bf214b3d2463fcfb5a0ad2e28ef86a727,other_urban,le15,le20,dong,130,29,0,56,20,25,5.0,경상남도,창원시,진해구,석동,석동
apartment,fa6577d4bcbad8aed6db0380e9e5dbcaf862455588049da8c5f0b134e01f6c56,metro_city,m16_25,m21_30,dong,84,5,26,33,18,2,25.0,대전광역시,서구,도안동,,도안동
apartment,fa7578374c5b9cac163b4a0429e7755257c0ba85a3e57d99ecb6fd708399c220,other_urban,m16_25,le20,dong,114,8,33,50,20,3,19.0,전남광주통합특별시,광산구,월곡동,,월곡동
apartment,fa7f5bfbb2e9b7bef8205c0b6a982bcf2fbe94ca0e35681eab3f7d889cfaa77f,metro,m16_25,le20,eup,115,6,24,57,25,3,20.0,경기도,파주시,조리읍,,조리읍
apartment,fa80bbed5d0aad415ed12602c1b5b57b992f76b918e738b101b77b408e55efd2,metro,m16_25,le20,eup,311,18,54,155,73,11,16.0,경기도,김포시,고촌읍,,고촌읍
apartment,fa88219c4f567d216845bbac0b718c134140f1d7faf3311765fe92d583b2545e,other_urban,ge26,m21_30,dong,473,10,116,208,132,7,29.0,전북특별자치도,군산시,조촌동,,조촌동
apartment,fa913cb9648bac5084100f939ccc086c00940f8e017a8e210d55aa647d7cfe3b,nonurban,le15,le20,eup,237,18,50,96,63,10,15.0,전북특별자치도,완주군,봉동읍,,봉동읍
apartment,fa9b12b631f76c1397820e5fc1534f6ec95cc3ce243ad1c6f07b67e4ff85d0db,other_urban,le15,le20,dong,87,9,18,33,16,11,11.0,충청북도,충주시,연수동,,연수동
apartment,faa20bf931c422287d7aa0cae994175dbaa03b83a5ca31722942968f542cdfb6,metro_city,le15,le20,dong,294,15,59,111,84,25,15.0,대구광역시,북구,동천동,,동천동
apartment,faa531dac784b1dd045e44348e5c53ed5ad3eae60dd40141ff2d26e0c276eb3f,metro,le15,le20,eup,67,7,5,34,16,5,15.0,경기도,용인시,처인구,포곡읍,포곡읍
apartment,faa710c8b1f7534a4b19de36614babbceb4e701232592c421ebe512d780e8ad5,metro,le15,le20,dong,68,30,0,25,0,13,3.0,서울특별시,성북구,돈암동,,돈암동
apartment,faacecb2aa1807181c4528694df3e917163f99e5e517f3840996e5a5851228b0,other_urban,le15,le20,dong,52,5,7,26,8,6,13.0,전남광주통합특별시,남구,진월동,,진월동
apartment,fab9f1b3ed9e2e39c904d401d0f5bdfa911ad2210837ca55696ef3b732596e55,nonurban,le15,le20,myeon,100,8,17,36,28,11,15.0,충청남도,서산시,인지면,,인지면
apartment,fac8647a81693cc6097edd1f6ccfd6ba21ae8e5bb52d8c0ac0d0effda9ddd8d5,metro,le15,le20,dong,69,6,12,29,13,9,15.0,인천광역시,남동구,간석동,,간석동
apartment,facdfb3ee0ca3b06d30c01fe2b9dc1f22f1cd152773c7b958868c1d136db6466,other_urban,le15,le20,dong,316,44,109,135,22,6,15.0,경상남도,창원시,진해구,석동,석동
apartment,fad5be177bc17edb7f05919156948129786de1b6136676d4bc1833365189ba6f,metro,le15,le20,dong,83,5,13,43,16,6,15.0,인천광역시,계양구,작전동,,작전동
apartment,fad6bd31f8a9610dd29e69e6ce3cf1f5ebf6420a0cb65d06ab11f28e09676756,metro,le15,le20,dong,151,11,22,62,44,12,12.0,경기도,고양시,일산동구,중산동,중산동
apartment,fadfac6ecc8ec969844ff196d5181d30b5d83013b513464caf6dbcb6598fcaf0,metro_city,le15,le20,dong,50,5,7,25,7,6,10.0,대전광역시,서구,갈마동,,갈마동
apartment,fae1dad357e5d31ce0075b4ded63baf0bf19667d5495056fe7047bccbe73ef13,metro_city,m16_25,m21_30,dong,142,5,29,59,44,5,24.0,부산광역시,남구,감만동,,감만동
apartment,faef5d47274e9808c07120c179f2db244fc811dffe496144e3685d7c58004f76,metro,m16_25,m21_30,dong,326,12,92,153,67,2,25.0,인천광역시,영종구,운남동,,운남동
apartment,fb0076c177c6b0a288c35c441061961b78d39c1f4bd5c462315cc6aecf3bc47e,metro_city,m16_25,le20,dong,95,8,22,44,19,2,20.0,대전광역시,유성구,노은동,,노은동
apartment,fb0304295cf1b86e3dc3f97d4a9f16cecc0ba1504b8f3943c818fc262fa00ca3,other_urban,m16_25,m21_30,dong,260,5,114,96,43,2,24.0,경상남도,거제시,문동동,,문동동
apartment,fb1035c301fbaf9fc6f1b6dcd02a09c2f41c55a5db15024fe8d7a15cd3bf59b7,metro,m16_25,le20,dong,237,8,59,103,61,6,20.0,인천광역시,남동구,논현동,,논현동
apartment,fb1358f74262e7686c44491da25d513fd1f2a4f72f8bce85818566765121d7d4,nonurban,m16_25,le20,eup,197,5,51,93,45,3,20.0,경상북도,경산시,압량읍,,압량읍
apartment,fb1a58427f0b58b6583f90f4759363dce42e4ba048b8b191a76f847d58b821bd,other_urban,m16_25,m21_30,dong,254,8,76,129,40,1,25.0,경상남도,김해시,장유동,,장유동
apartment,fb2f2c31496c2350b6cba8683dfc0cec1681d98d3897d4d7a093d1f3c071fd6c,metro,le15,le20,dong,77,7,23,27,19,1,15.0,경기도,오산시,수청동,,수청동
apartment,fb310bcc62e24bdb736db2a38e9f3818a39bcbcd31acfb57c346b4baeed35434,metro,ge26,m21_30,dong,607,12,139,280,169,7,29.0,경기도,수원시,영통구,망포동,망포동
apartment,fb32eb8f8c85bee1d2db91266ec0deaabea3d9747fb1019fe0b5f2f5eb2ff0b2,metro,m16_25,le20,dong,249,12,72,98,60,7,20.0,경기도,평택시,고덕동,,고덕동
apartment,fb388c2429d6ea023b396c53839d639b2170df666bd8054ae6c765d5e1780163,other_urban,m16_25,le20,dong,203,15,54,85,45,4,20.0,전북특별자치도,전주시,완산구,평화동2가,평화동2가
apartment,fb39e08149776f34fd1d68d9dbd5133f908ba7c1cd96d41e39b8a785a545d919,other_urban,le15,le20,dong,78,10,0,44,13,11,6.0,전남광주통합특별시,순천시,조례동,,조례동
apartment,fb40d423fd0e5abe0328f6a4c1ec6e11d8495ad58ca0c240134558eff7a3d497,metro,le15,le20,dong,131,10,22,56,38,5,15.0,경기도,김포시,풍무동,,풍무동
apartment,fb5f4a8f37d1a107895ff4306a9aed1085ba2e66fecbdce9a03547b05fb5e9e5,metro,m16_25,m21_30,dong,178,12,64,77,24,1,25.0,서울특별시,동작구,흑석동,,흑석동
apartment,fb665d44100dc57c140f21c6d1595b0191805602ba39f27ef5ef65844d67ae47,metro,m16_25,m21_30,dong,193,9,68,90,25,1,24.0,경기도,고양시,덕양구,도내동,도내동
apartment,fb6aac9568b098934bd1e72a9c3981ed845fb10b6f6ad8d7c0ee6fa7fae5f0b5,nonurban,m16_25,le20,myeon,230,10,57,106,51,6,20.0,전북특별자치도,완주군,이서면,,이서면
apartment,fb748f7ea2a2112d9085c5c331a78f34ae9c945938d6b6bc4e8e6492b031f752,other_urban,m16_25,le20,dong,162,13,36,66,44,3,19.0,경상남도,김해시,안동,,안동
apartment,fb7e3d6d88b56ba6e775f773b2582f17824ee8b5bea8dc5845596de6769e7148,other_urban,m16_25,le20,dong,364,15,101,157,81,10,20.0,강원특별자치도,원주시,무실동,,무실동
apartment,fb962f1adfd36e2f008dabe5ce74af047377df2ee1fe60aa77c9853580912778,other_urban,m16_25,m21_30,dong,104,5,28,45,23,3,25.0,전남광주통합특별시,여수시,웅천동,,웅천동
apartment,fb976e768ad0fd5d8039ee5fe18bee49480dddd943bfb2f5bca7ea9c336f991f,metro,m16_25,le20,dong,144,8,32,52,40,12,17.0,서울특별시,마포구,도화동,,도화동
apartment,fb9c48ccc80bc1ba49889c180540339e53e515e68031727e8e651b9c48f5fa44,metro_city,m16_25,m21_30,dong,172,9,48,84,28,3,25.0,부산광역시,해운대구,반여동,,반여동
apartment,fbbcd335de3e78902a7fa4c7d13fab491fd736365a3cd3671d8f657f281a4922,metro,m16_25,m21_30,eup,84,6,19,33,24,2,23.0,경기도,파주시,조리읍,,조리읍
apartment,fbc4877a6f2604e3c92158609b5152e61ebac136718ddb6032b845016378b8be,other_urban,le15,le20,dong,153,12,27,57,40,17,15.0,전남광주통합특별시,목포시,상동,,상동
apartment,fbc72159d561c07a2c795132fd4aeface453fb9a19c096e7bd17f87a9f8b627b,other_urban,le15,le20,dong,108,6,17,47,30,8,15.0,강원특별자치도,원주시,반곡동,,반곡동
apartment,fbc7f4143e6e09ec88b61c2373514318156df87d18144bff9e5b0f113fbc930e,metro,le15,le20,dong,77,16,0,35,15,11,6.0,인천광역시,서해구,가정동,,가정동
apartment,fbc959626335d2f98403b1e6218a28ad69be4043ad6058a2ec5a4c5f0aff3f75,metro,m16_25,m21_30,dong,201,13,51,115,20,2,22.0,경기도,안산시,상록구,성포동,성포동
apartment,fbe8b19da35de28b00579984ff173907808851a16f50cabc76eae806e5e0d55c,nonurban,m16_25,le20,eup,145,6,49,64,23,3,20.0,충청남도,예산군,삽교읍,,삽교읍
apartment,fbed569ce51b8e1cfa52c6df3598a4d9cb9ddec38a1b4c56da6256165df161fc,metro,le15,le20,dong,94,7,21,37,23,6,15.0,경기도,용인시,수지구,신봉동,신봉동
apartment,fc0eb2c5ddefe2a050f8300fe3b5a102cf649cf7658282af9e9c6e9afbfec24e,nonurban,le15,le20,eup,112,6,19,49,30,8,15.0,전남광주통합특별시,고흥군,도양읍,,도양읍
apartment,fc18da586be4431baf21508b062874d55833eab1b1e27fafd68c5b558dfe5628,other_urban,m16_25,m21_30,dong,250,5,91,111,42,1,25.0,경상남도,김해시,장유동,,장유동
apartment,fc245dc31881ab3e52fd163433b640d738111b62dade3dd94c5524ed7c819e24,nonurban,le15,le20,eup,146,14,22,62,35,13,13.0,전남광주통합특별시,여수시,돌산읍,,돌산읍
apartment,fc28baf19008416c38dabc0d7c648fa536793048016bff80cd438e7b34146b8c,other_urban,le15,le20,dong,103,13,22,40,21,7,15.0,경상북도,경주시,용강동,,용강동
apartment,fc2bc79c1065b4ba8217d3672e710365856a08bc72b8d152b67c7a9f7d27eb2a,other_urban,le15,le20,dong,82,5,17,44,12,4,15.0,강원특별자치도,원주시,단계동,,단계동
apartment,fc2d1fe55bf51b37263d3daf1f741ee05d87ad1958de892789a0c87a66f88bb0,metro,ge26,m21_30,dong,194,5,58,77,52,2,29.0,경기도,화성시,동탄구,청계동,청계동
apartment,fc2de68d1e99db6831e7e0dee2dbb2be477763a13fe129f99c1e0d0aace2340f,nonurban,m16_25,m21_30,eup,152,8,47,75,21,1,24.0,충청남도,아산시,배방읍,,배방읍
apartment,fc339c56efdca947734f119c0d55b59a78920d1d80bc4e7e30cf95610cf935d5,metro_city,le15,le20,eup,92,5,25,38,19,5,15.0,부산광역시,기장군,정관읍,,정관읍
apartment,fc4046c6fe5ee148336e1870b6fba0a334f473980bbac2de25cb2f73bb9a413e,metro,m16_25,le20,eup,60,5,17,26,11,1,20.0,경기도,남양주시,와부읍,,와부읍
apartment,fc45e8d99862050dbd6e6f71938fd49779ec3ad86bd8581e5f36c8577afa5dc7,metro,m16_25,le20,dong,112,6,32,56,15,3,20.0,경기도,남양주시,별내동,,별내동
apartment,fc4b2a01e1cc51430e9e15f0791e15b7384b5be17fa136b9fc0ad06cfa30bdc7,other_urban,le15,le20,dong,352,20,75,139,90,28,15.0,경상남도,진주시,신안동,,신안동
apartment,fc5501cd3611634dedf8dac7ccdfb185517c59b0fa50a23b03abaca338f34d92,metro,m16_25,le20,dong,109,6,21,53,25,4,18.0,경기도,용인시,기흥구,마북동,마북동
apartment,fc56a12ad4d5790066edb9ba597a0e2a577bc32cdf8c62d850f18eaf716490c4,metro,m16_25,le20,dong,184,5,60,82,35,2,20.0,경기도,구리시,교문동,,교문동
apartment,fc885fac98495270c150b0470cd03695ec9c525712709d09dc52650bf46fcd69,nonurban,m16_25,m21_30,myeon,248,15,55,90,77,11,25.0,충청북도,청주시,서원구,남이면,남이면
apartment,fc986c95940b9a7b6c1714045abbba3548a543d0378ef9f4b8e43fda349ed34f,metro,m16_25,m21_30,eup,202,11,50,85,49,7,21.0,경기도,김포시,고촌읍,,고촌읍
apartment,fc9fc6faed0096a392ef88e2e4f61ad05156bf5453b130729c7ec6162b8e48fb,metro,m16_25,le20,dong,56,5,16,19,15,1,19.0,경기도,구리시,교문동,,교문동
apartment,fcad98c850c12e92b951db275f659c948384aa4ce447f851cc0845342d1a436c,metro_city,le15,le20,dong,81,5,18,31,22,5,14.0,대전광역시,대덕구,목상동,,목상동
apartment,fcb67c685c8eb7c9cea73e954597695fc403e8dbe9ff640177a2d114f30515e3,nonurban,le15,le20,eup,266,13,49,118,66,20,15.0,강원특별자치도,홍천군,홍천읍,,홍천읍
apartment,fcb79b15dbb1a270d35b75dd90bff2cec5db4beed18515b46868c20e49004e2b,other_urban,le15,le20,dong,305,14,65,113,90,23,15.0,경상남도,김해시,외동,,외동
apartment,fcbe0a490cffde198abd96ddcd3adf0694dd368dbb06aad33edec230b4eb3017,other_urban,le15,le20,dong,153,10,34,65,37,7,12.0,제주특별자치도,서귀포시,강정동,,강정동
apartment,fcbe1cafe20f5273192895c7e2065852fc47803da57d8cd67e68a962459c2055,nonurban,le15,le20,eup,263,19,41,112,59,32,12.0,전남광주통합특별시,영암군,삼호읍,,삼호읍
apartment,fcc179865499461891eebc713289a914f51091b4fb8fb9075e2bb965407be0ff,metro_city,le15,le20,dong,147,9,31,59,45,3,15.0,울산광역시,북구,상안동,,상안동
apartment,fcc2a3492eed22a17ad4106d9728d0a8477b8921420531921ba1d2ed04f7f730,nonurban,le15,le20,eup,89,15,0,43,14,17,6.0,충청북도,청주시,청원구,내수읍,내수읍
apartment,fce03485d969a5caa7ffa7c6a3a576e5e6b754560d04b87b6dc6520f23d8489d,metro,m16_25,le20,dong,95,5,14,51,21,4,19.0,경기도,성남시,분당구,구미동,구미동
apartment,fce0d1d254d1541263e0c4eb1d7c5f78411c02c48a332f8ce5d09a18f52d0da7,metro,le15,le20,dong,122,11,28,42,30,11,11.0,경기도,부천시,소사구,괴안동,괴안동
apartment,fce28f9ed88003881e79f8c543305b24ad32a3d14ffc62b0dd2381f0655b3dd7,other_urban,le15,le20,dong,57,11,0,19,13,14,5.0,전남광주통합특별시,광양시,금호동,,금호동
apartment,fce99932ff2b30412d757d02a956c5bde566569ed815a555c6da47411de0d700,nonurban,m16_25,le20,eup,111,7,35,42,25,2,18.0,충청북도,음성군,대소읍,,대소읍
apartment,fcf1aaa06b051ed68bbe36a58c3b2c7678e8d490efec3b89dfa62496a3574f1f,other_urban,le15,le20,dong,94,9,12,44,25,4,15.0,전북특별자치도,군산시,미장동,,미장동
apartment,fcfdb338b98d09a4cebadc675df7f68ff0035a958d9ec9856003c77dc5ef5697,metro_city,le15,le20,dong,133,7,24,63,37,2,15.0,부산광역시,동래구,온천동,,온천동
apartment,fcfdc9890c34663ebb4f30d6c98bbe0bf33cfbd27f925620b5f8dc8d01936fec,nonurban,m16_25,le20,eup,215,8,57,92,49,9,18.0,전남광주통합특별시,무안군,삼향읍,,삼향읍
apartment,fd016918234ae895eb9040b597b08a41783296b43edae48ffb9e75fef6fa439a,other_urban,le15,le20,dong,127,10,29,52,30,6,15.0,충청남도,서산시,죽성동,,죽성동
apartment,fd03cb2b2a582fab6adf85e056eb1a2c45ebdf8461af065118ac3d4902ac5c82,metro,le15,le20,dong,108,8,30,28,36,6,14.0,서울특별시,강남구,대치동,,대치동
apartment,fd0b87df730e9567c58db561ec6bfd2b07e071317c69bdf092e4d47ba970a8c3,other_urban,m16_25,m21_30,dong,187,6,42,86,45,8,23.0,경상남도,창원시,마산회원구,양덕동,양덕동
apartment,fd17f66ee8eacc1ecc5c5437ad01b2683e08f4010d50c711266e462cb7a82906,other_urban,le15,le20,dong,56,7,0,27,8,14,5.0,전남광주통합특별시,목포시,용당동,,용당동
apartment,fd20aaa61b08da61d7d562e726c7629da970653041066863f2478eb8bb66d384,other_urban,le15,le20,dong,156,11,30,76,33,6,15.0,경상남도,김해시,외동,,외동
apartment,fd2e1806cfdb3d20a7e65ba2e39911f9400a26f1d141433a99c6b627cc71dbe2,metro_city,m16_25,le20,eup,266,8,63,105,74,16,20.0,부산광역시,기장군,정관읍,,정관읍
apartment,fd2f3a668226d135db4889d8a7304742eaa50092435e487f4c772f464ccf29c0,other_urban,le15,le20,dong,53,5,13,22,11,2,15.0,전북특별자치도,군산시,미장동,,미장동
apartment,fd308fe456a1719667b277490ae0e5a6b8a74b58c7470779704753b60bd6eac3,metro,ge26,m21_30,dong,809,40,254,392,122,1,29.0,경기도,광명시,광명동,,광명동
apartment,fd38e6ac17ada2ace210f298b9ad7595583d9d1b20f6f14b964d6e9e49d69f77,metro,le15,le20,dong,97,5,24,41,24,3,15.0,경기도,용인시,수지구,동천동,동천동
apartment,fd3c5cfd836f97f559d882aef968034e3b54334c79d93a6abfe3dc632663f5c0,other_urban,le15,le20,dong,208,20,32,86,54,16,15.0,전남광주통합특별시,순천시,조례동,,조례동
apartment,fd455fc4d1ae38db0bb2d16f56358f3c36dfef69a1b3a70cfd53de349f7ccb37,metro_city,m16_25,m21_30,dong,213,10,53,103,44,3,23.0,대전광역시,서구,관저동,,관저동
apartment,fd47895fa9458156b444794929bfafc2b895f383e085a1d0678c32f294b9d073,nonurban,le15,le20,eup,60,7,7,23,19,4,9.0,경상남도,사천시,사천읍,,사천읍
apartment,fd4da0de6d78650cb6602586d635cbc8e1a1d7f87bcb5870493de606164f3314,metro,m16_25,m21_30,dong,187,9,48,88,39,3,25.0,인천광역시,부평구,부개동,,부개동
apartment,fd4ec6f76dc3994baeb3d8eda6c9d9b684a30b34d9c669a238b4a2074a7843c0,metro,m16_25,m21_30,dong,99,7,29,48,14,1,21.0,경기도,성남시,분당구,금곡동,금곡동
apartment,fd5bf5f357032fffe4b47e8cfa9df971bf002a88b5995420e9002c0bf4f21993,metro_city,le15,le20,dong,69,7,13,39,9,1,15.0,울산광역시,북구,중산동,,중산동
apartment,fd5c0530e2c0a69e93540de6d47a29cdb686a5e7f29f12fcadedafe71db86cea,metro,m16_25,le20,dong,140,13,41,59,25,2,20.0,경기도,용인시,수지구,죽전동,죽전동
apartment,fd60607e903f7bf241cd99084a1007c6f31ea1c473ef6a375dc130c6563bc831,metro,ge26,m21_30,dong,339,8,88,171,70,2,29.0,경기도,남양주시,다산동,,다산동
apartment,fd61589c97a38125e54e0bb13dbbcf13b99f1ea25e22e71bd51b4a39d33d437b,nonurban,le15,le20,eup,136,16,32,57,30,1,11.0,충청남도,천안시,서북구,성거읍,성거읍
apartment,fd6e74a8b1b89d5221728800d778e89c42bdab3a34cee0f5136e566e55849268,other_urban,le15,le20,dong,54,5,11,22,15,1,14.0,전북특별자치도,전주시,덕진구,호성동1가,호성동1가
apartment,fd767372701221f4f570a9bdf32ec0d9f55927340b2270507d3239aad0e574fe,other_urban,ge26,ge31,dong,171,5,52,64,49,1,31.0,경상북도,포항시,북구,우현동,우현동
apartment,fd7e1f888165a1d6cf1f2ab52c2d9e8618dcbcf2bb067d583cb47a48b9fcee33,other_urban,m16_25,le20,dong,182,11,32,71,59,9,18.0,경상북도,구미시,상모동,,상모동
apartment,fd7efff76926b135456e0a2fc34efcff774f38b97f5c06f32cd4695ad7bd7873,metro,m16_25,m21_30,dong,117,6,31,50,27,3,23.0,경기도,시흥시,광석동,,광석동
apartment,fd8a8b9f6939f669d609b606cc1d4540135021a000f6fad35196839605e27d28,metro,m16_25,m21_30,dong,132,7,34,48,42,1,24.0,경기도,성남시,분당구,백현동,백현동
apartment,fda1bcec36705702ece992188c4bd8aa24c17323422df154d749bc75eac84b35,metro,m16_25,le20,dong,192,10,50,87,37,8,20.0,서울특별시,동작구,상도동,,상도동
apartment,fdaa3932cc0d9c1415e986e0ffc3c9c200dab3caaaf7e8acc63d014ac096984b,other_urban,le15,le20,dong,99,8,22,50,16,3,15.0,충청남도,서산시,동문동,,동문동
apartment,fdb3dec7c15c234da54caebf435e84cbf83162420ee7d34359160404e0c24dc2,metro,le15,le20,dong,79,5,20,26,18,10,15.0,인천광역시,부평구,삼산동,,삼산동
apartment,fdb96a6dd432d3cbb487b387b275a616f7df98d219cbf871727189e59dfd3677,metro_city,ge26,m21_30,dong,302,8,96,120,76,2,27.0,울산광역시,남구,야음동,,야음동
apartment,fdc09b54edb41c1a166139ff63962ad287bdb83260537f77bdf891a3fe3eef17,metro,le15,le20,dong,50,7,5,24,9,5,12.0,서울특별시,영등포구,여의도동,,여의도동
apartment,fdc170ae9079cae1558e9426e303690c74791d62e0266c2650033bd9574fc9dd,other_urban,le15,le20,dong,83,6,20,36,20,1,15.0,충청북도,제천시,장락동,,장락동
apartment,fdca18c97e82e80a2dacfcdb2527c655986c7371c03dbacf55735c1ccbdc06e1,nonurban,le15,le20,eup,52,6,18,14,13,1,14.0,충청남도,아산시,배방읍,,배방읍
apartment,fdca4e71ae22d9b7cc5b7254fcd06b6a2f1a3aafcb5884663ac86bac864db2e6,other_urban,le15,le20,dong,76,7,20,28,16,5,14.0,강원특별자치도,강릉시,노암동,,노암동
apartment,fdd0a98ce7c615dbc739b91270ec65d3205f9f98d5efe6c597c2facf427be703,metro,le15,le20,dong,56,13,0,24,13,6,5.0,경기도,고양시,일산서구,덕이동,덕이동
apartment,fdd1e8bfc959c8faf1b9623e1e14c472fd1c9e69df76390893bd97c1611b452a,metro_city,le15,le20,dong,123,6,28,52,33,4,15.0,대구광역시,동구,신서동,,신서동
apartment,fdd2bbd04bf871adbaf3465102702e4c80ba3fd18c336f30add1668493aca764,other_urban,le15,le20,dong,221,15,41,93,46,26,10.0,전남광주통합특별시,광양시,광영동,,광영동
apartment,fdd53914a81786ffddaab1795b48854da16e9088c5976539786454b3fda30a35,other_urban,m16_25,le20,dong,205,12,57,73,60,3,17.0,충청남도,천안시,서북구,불당동,불당동
apartment,fe0183c2686f33ba0e45991de0063a25a795dd8744143bd5f908149cac0f3164,other_urban,le15,le20,dong,92,10,21,35,22,4,15.0,충청북도,청주시,서원구,수곡동,수곡동
apartment,fe1856482664e7f890023a556f4b7a50b37b8759bb16cbb7c8f270b37b0883b4,nonurban,le15,le20,eup,209,7,28,98,66,10,15.0,경상북도,구미시,고아읍,,고아읍
apartment,fe19fa72339a2faf799d690f05b8fc4abcd55c64844f6263e24714170e2da22e,nonurban,m16_25,m21_30,eup,375,15,66,173,102,19,23.0,경상남도,창원시,마산회원구,내서읍,내서읍
apartment,fe26c78593afd69dfa733c582602fe26bfaee22df743a5b294d910346284ae16,metro,ge26,ge31,dong,365,12,119,166,65,3,31.0,경기도,화성시,동탄구,산척동,산척동
apartment,fe284443af8dd6457bbbf8a6d6fda597c4f4b7d988914a3fa6440a69ddfa51e4,metro,m16_25,le20,dong,266,6,54,116,75,15,20.0,인천광역시,남동구,논현동,,논현동
apartment,fe2a6209f294283a4a686be9135b9dd8f6ea578e3d1c7df73b6ac159c824b7ad,metro_city,le15,le20,dong,63,7,13,29,12,2,13.0,대구광역시,북구,서변동,,서변동
apartment,fe3be619593aa0a045fe53368ccbfe23fb4c0874a2d60b0f05b0447130f672de,metro,le15,le20,dong,89,6,20,33,19,11,12.0,인천광역시,제물포구,송현동,,송현동
apartment,fe3ccd00e577f1968120933fecc5bd0457b3dfddce179d420216b08c248169b3,other_urban,m16_25,le20,dong,94,12,31,34,15,2,18.0,전북특별자치도,전주시,완산구,삼천동1가,삼천동1가
apartment,fe50f00573b10507c709bb3113fa906b14af6207bfcdfa4d68f602067977a749,other_urban,m16_25,m21_30,dong,321,7,76,167,64,7,25.0,경상남도,김해시,율하동,,율하동
apartment,fe51da785036b9dd0bf00dfcbb3330a5aca114430ddc4e07276add25bee5c941,nonurban,m16_25,le20,myeon,62,7,18,21,15,1,17.0,강원특별자치도,고성군,토성면,,토성면
apartment,fe5711729b49f3858a81edf058bc186787f4d01602f7968ab50c98a9dcb5048b,metro,m16_25,le20,dong,159,11,42,84,20,2,19.0,경기도,부천시,원미구,상동,상동
apartment,fe5e627014a78b8d69926b5ececc30f5af321de1c14d894d5bc37bfc4cd0eee5,other_urban,le15,le20,dong,56,15,0,22,8,11,5.0,경상남도,통영시,인평동,,인평동
apartment,fe5e7547c4367c48e01baf30da442ceccd9ce85fb1481e458b98f0b8f3c19cc8,metro,m16_25,m21_30,dong,111,11,47,44,8,1,24.0,경기도,성남시,분당구,분당동,분당동
apartment,fe6364f76a7f6fc51594f51139ade920ba7472e4760c19a97b7c35093670ddaf,metro_city,m16_25,le20,dong,127,6,26,63,29,3,19.0,대구광역시,달서구,용산동,,용산동
apartment,fe6ba3437e17f3defd49caf4cc92827e45d629da9903b373dcd1f90edc78090d,metro,m16_25,le20,dong,81,5,26,30,19,1,20.0,경기도,용인시,수지구,성복동,성복동
apartment,fe6d03be6bb738a240c7348271b0dd8fd20402ca5406a08f45efd46df699ce97,other_urban,ge26,m21_30,dong,477,16,114,228,118,1,29.0,경상남도,김해시,삼계동,,삼계동
apartment,fe6e5e93a6a6183afae2026937e0e229ec03cc051dc13f0c1b9d08f70b8b5c68,metro,m16_25,m21_30,dong,412,14,126,157,105,10,24.0,서울특별시,송파구,가락동,,가락동
apartment,fe6f2ea1734e4cbf788339eed9943b46ad1e3d098dc99debed871525547d9b09,metro,le15,le20,dong,131,8,15,58,38,12,15.0,인천광역시,미추홀구,용현동,,용현동
apartment,fe80951d7f37322fabcd0f409b1f270c32c69b64e6ff6900c5e70351d843e117,metro,ge26,m21_30,dong,285,5,92,146,38,4,27.0,서울특별시,영등포구,신길동,,신길동
apartment,fe9663f91705924c87ba0ec34da7af212f9da1ec08a56c134c0fcdb85e17f57e,nonurban,le15,le20,eup,259,9,57,108,67,18,15.0,충청북도,증평군,증평읍,,증평읍
apartment,fe97fc29f3ee99191aea64cbd1f9160acba3bc610be68d640eaa03bff3afc47b,metro,le15,le20,dong,124,27,0,44,21,32,5.0,인천광역시,연수구,동춘동,,동춘동
apartment,fe992fa2bfb0226b6fabc1e61aa57ce37f9dea4cefedde7ff0cd097bd762a2f1,metro,m16_25,m21_30,dong,120,11,33,49,25,2,24.0,경기도,수원시,장안구,천천동,천천동
apartment,fea56b31f61065df1b03eb424756f533ffc7247cc6a9077d09757a309b979127,metro,m16_25,m21_30,dong,88,6,30,33,17,2,24.0,서울특별시,강남구,대치동,,대치동
apartment,fea7ca4db78b9a5c941bc85c87b620601f30854ddc8e5888dc589c98e4ae0c38,other_urban,le15,le20,dong,130,14,24,68,20,4,13.0,전남광주통합특별시,남구,진월동,,진월동
apartment,feaa002fd4bf9f20b80d85eb206804007b0cc3734049ea67aa3e6f49f64b50ca,other_urban,le15,le20,dong,134,10,23,58,28,15,12.0,전북특별자치도,익산시,부송동,,부송동
apartment,feb36670e64320e48d4eb1cc4b7964b066d325774520a85d4df0610418a7d680,other_urban,m16_25,m21_30,dong,337,12,102,172,46,5,23.0,충청북도,청주시,서원구,개신동,개신동
apartment,febae783e9ce0c45dd2390911848d215b0b79958225420478db465d4e9dffdd2,other_urban,le15,le20,dong,93,5,24,36,21,7,15.0,충청남도,천안시,서북구,두정동,두정동
apartment,fec4e054178123379575df07dbde73a9226051f55505695629e6e1b8c51a9561,metro,ge26,m21_30,dong,161,5,62,69,21,4,26.0,인천광역시,부평구,산곡동,,산곡동
apartment,fed7b4956670f553935a7564d47accca4d16cec6e4ffd4eded9b1343b8360ee9,metro_city,le15,le20,dong,59,5,16,23,13,2,15.0,울산광역시,북구,달천동,,달천동
apartment,fef7871d43de23e66c0ed6200d82af1629924b4c5d579f1ad96943c07d0fec47,metro,le15,le20,dong,51,6,10,20,13,2,12.0,서울특별시,서초구,반포동,,반포동
apartment,ff03dbb59392440ea228000bf76bf3dbd27fd72ed40a68d45a1179fe7bfedcad,metro,ge26,m21_30,dong,247,6,64,108,67,2,28.0,경기도,하남시,망월동,,망월동
apartment,ff05b92dd2f72207ad6376e9c578291c415135f790d661cf8e2faff866f5b93f,metro_city,m16_25,le20,dong,104,9,24,33,33,5,17.0,대구광역시,동구,지묘동,,지묘동
apartment,ff0a019e4e578339bd750b1019dab6ffea4e27cc272010000f1addefc9b35c61,other_urban,ge26,ge31,dong,270,5,73,121,69,2,36.0,경상북도,구미시,사곡동,,사곡동
apartment,ff1a7b8a52e20e2460987bcad6e0614de1970a394a12329ec8d55961817663c4,other_urban,le15,le20,dong,187,22,39,71,41,14,15.0,전남광주통합특별시,목포시,산정동,,산정동
apartment,ff4e9499921cd37b8f5bf6a539a9c5eafe8eb6f98b4ec18cf48e7dc01f9efbae,other_urban,le15,le20,dong,194,6,51,75,53,9,15.0,전북특별자치도,전주시,완산구,삼천동1가,삼천동1가
apartment,ff6451416d940ab9e3484f5b215fd71b984eddee989140bd170879fd1748605c,metro,m16_25,m21_30,dong,193,11,45,87,49,1,22.0,인천광역시,연수구,옥련동,,옥련동
apartment,ff7ed850911cc1d1068211cc474a8147383e85baa80997ee3f98d3a46a757eb5,nonurban,le15,le20,eup,166,12,29,63,50,12,15.0,전남광주통합특별시,여수시,돌산읍,,돌산읍
apartment,ff8e28f0ffcff3d8a4029c1d76f5afd745ed73657ab289e916cfeb5a8fea1a1f,other_urban,le15,le20,dong,75,6,15,33,18,3,15.0,경상북도,포항시,북구,용흥동,용흥동
apartment,ff8ee85da97859e18233b3404b812917e1e35ec249eaf1e3fe494e124935ac53,metro_city,le15,le20,eup,85,17,0,27,23,18,5.0,대구광역시,달성군,현풍읍,,현풍읍
apartment,ff93e87e8e75516ac5a432ad12bb4d7fd61559338aeb77997276a7f7aeb2f62b,metro,m16_25,m21_30,dong,308,15,82,143,62,6,25.0,서울특별시,성북구,석관동,,석관동
apartment,ff96fc50707c92e89f9b1b873b4eadd22e0ebaf33d38f7175cb3c2f173503a23,other_urban,le15,le20,dong,141,14,23,68,31,5,15.0,경상남도,김해시,부곡동,,부곡동
apartment,ff99431e2ca8b97493feeb9ffc9a67cc98de15f4cd9f344de9474168fafa8507,metro,m16_25,le20,dong,138,9,37,54,35,3,20.0,경기도,의정부시,민락동,,민락동
apartment,ff9bd2523ffd0ecc6a57a5e6212a3647e7bad52b6faf0a2c7676d361c91cbc76,other_urban,m16_25,le20,dong,143,9,40,70,22,2,20.0,전북특별자치도,전주시,완산구,효자동2가,효자동2가
apartment,ffcbc2143c6e40638322ade0039dba88386961b7d1e39367de8c3f76162510f3,metro_city,le15,le20,dong,109,8,20,48,28,5,15.0,대구광역시,북구,동변동,,동변동
apartment,ffcd2182f24cad66620df1d7a87e81ad99af11dd785e3f1c785b358b356e9b67,metro,m16_25,m21_30,dong,106,5,25,42,31,3,24.0,경기도,안산시,상록구,사동,사동
apartment,ffe1b3b7b20c04902911f0ffb192d86d0d61bffc78d18c55dbefd710b38e712a,other_urban,m16_25,m21_30,dong,221,10,60,94,56,1,22.0,경상남도,양산시,평산동,,평산동
apartment,ffee0a5344de2fd43cf05306ad285c46473dd3692778e0f76fc95713af9f37ff,metro,m16_25,le20,dong,104,7,23,40,31,3,18.0,경기도,고양시,일산서구,가좌동,가좌동
officetel,076ff270ab98d8019227e6b7bdfef9436ad9594882bcc09a90492ec6f897f266,metro,le15,le20,dong,169,19,26,63,36,25,8.0,경기도,성남시,분당구,백현동,백현동
officetel,0ad09356c53740979f076317cb73f87bc452b7bb0d235735f45163abbfe40ece,other_urban,le15,le20,dong,87,5,13,47,17,5,15.0,제주특별자치도,제주시,노형동,,노형동
officetel,0c17277751330b2b0d06c8b596b5ac571bea0afc734910742214ca7abc8e6d2b,metro,le15,le20,dong,99,8,19,43,20,9,10.0,서울특별시,강남구,자곡동,,자곡동
officetel,2363e83d6066533ff49470e42aa3c14dfbf18aaa188bcad16e238f72b58a32e6,metro,le15,le20,dong,178,13,0,99,33,33,6.0,경기도,용인시,처인구,역북동,역북동
officetel,32b5191eb4b5e2e460dabdfb023dd5e3e257291bf9f563219dfa5dc8a64c0cb4,metro,le15,le20,eup,51,5,11,22,8,5,11.0,경기도,화성시,만세구,남양읍,남양읍
officetel,688f4dad8c656fbdea2d64ac0c8baae6bef3ce5d9e650a45bbefb053806fb5cd,metro,le15,le20,dong,178,11,31,67,41,28,10.0,서울특별시,강남구,자곡동,,자곡동
officetel,91ac1f54a85f3514965b2dc7ce1d41bc7f88cdc38e5657e856a2bec9d6de7ed2,metro_city,le15,le20,dong,73,18,0,13,17,25,4.0,대전광역시,서구,도안동,,도안동
officetel,9e0a0b14cfd207ed03e33eb0c9d19e538b1c0f0c04cb71a3cd55055ccbbfe064,metro,le15,le20,dong,60,10,0,30,10,10,6.0,서울특별시,성북구,안암동2가,,안암동2가
officetel,a3ec67ceaac68212f747bfe09f2c511843d1b23c8bb2f576d36e93f7704e9eaa,metro,le15,le20,dong,259,16,54,108,54,27,10.0,경기도,시흥시,조남동,,조남동
officetel,a51960a90e64607dda2033f718dc86eaf2ceed7f72cd18c4b245dff26fe34dca,metro,ge26,ge31,dong,71,9,7,35,18,2,49.0,서울특별시,양천구,목동,,목동
officetel,ffac4811a82420cc5abf3218be69e32ce2ff53cf128852b2c85307e53f5a3e4d,metro,le15,le20,dong,329,11,54,163,85,16,15.0,경기도,수원시,영통구,이의동,이의동
