building_key,pnu,elevator,ride,emgen,n_dongs,mixed,floors_above,reason
000874671a0aef8ea6a2828b926634f60a7fda13bd814742ecb3a7e4d3e5dee4,4373035021100480009,1,2,0,1,False,4,
00419ba984338a20acca40f4585877740f6f33d4d68473e9b00b39eff220ef71,4159025632101890007,,,,0,False,,no_housing
004f09097dba9e6aac577c8932b968b40861bddc37b6b74954386a5ff59221cb,4427025321103550000,0,0,0,4,False,4,
00a331d01b1b9ea9f4e3e01d612d82f00543ee22f899735d0ead1b445a965a4e,2827510600105460000,0,0,0,40,False,4,
00c0c73dbac2ffed1dcdabc0447e528a432adc9d34ac1cfe58d22b85ecb86450,4127110900104970006,0,0,0,1,False,4,
0105d3eb7362a4256d3641e02c07e691fb3936818fb762720c99fba4faa35a31,1138010800102260002,1,4,0,4,False,6,
01fae0b8a3ea72ab20e7f19a69d4f65a70dfcbd9e7c6c4dda2471e82b1f813a1,4113510700102670000,0,0,0,6,False,4,
0254e182d3866e086961707834e40528289fa42da48e28d32af38d1d70e9ac56,4812312800101430000,1,11,0,6,False,4,
0292692810f861f29a8e9a7eee726d636f82bdcdcd3916a6eb0185707cb50b90,2872036022102100025,1,1,0,1,False,4,
02abbf7726b660bee70ec0c0e7020964220ec0f0cd6553bf1b91844cadff4768,3111010400101260024,0,0,0,2,False,4,
02af0059a5562bb4112d765da3112418570f43fd47efedf785447ee89f7748c5,1117011100101180226,1,0,1,1,False,5,
033755fc031f16514f177f4b0007ea9fe4beec0851038f50279b23cba5d633f5,4155041023104660009,1,3,0,3,False,4,
0341a5bbfbe12f520540c56c89a05b02e7bea1d1a064a60f787935465f620eac,5013010200115900000,1,7,0,7,False,4,
039066032ba95ae248fcb6a393677ea2aff23de8f7b6d6bffc9fd78d57fd22d6,5011031022113650000,,11,0,8,True,4,mixed
0397e1ec3a1a34e0e096b9e37c24a41cdd14782e6c80710347c1bf6685fc93f7,2812513400100220120,0,0,0,1,False,4,
03b43537807928524b1532651cf80892d5d672395d3c30f471f7c5db946c7574,4128111000106280000,1,20,0,11,False,4,
03b454de5459940bd75df8acbbadd4e55add1b544e39f9e63382f18ab3c32553,4420011400105500033,0,0,0,1,False,4,
03e191745a814763ce37decf785e656248d661b17dff9a9f8ef19e06f6e6acc1,4373025037102030002,0,0,0,3,False,4,
044a98ebf07c51d40aa7489b147fcfe193c9be9ccc3d92c912d8265114ef3724,4159013100108610000,,,,0,False,,no_housing
04904a20c91e61e584a8f0d3af032298d17cc0b0e526f2925066d591d85c3c8e,4127110300113000004,0,0,0,1,False,4,
04d8221819f2caff83ba9f017d00c363037639018ebc71323068a10a91bfe5ed,1272037021102360011,1,6,0,4,False,4,
04ec88e687ee498f124376c3918ec48f48bb93222607df123f99d81e848d8daa,4313010500101310008,0,0,0,4,False,4,
050e120e48aa9666d85f50f81ab474372c24ae300fdbdb2771e5abb33b362886,5013010600118910001,,5,0,4,True,4,mixed
056b272eded4578bc859bbe850b37dffe9fa23cb2fe118e5494f91d301b9ee36,2644012200101130000,0,0,0,1,False,4,
0579d8cfe7cec20050bad91631d3a760dfadeabfb9d32ef8db25695615a3912b,4159031022101420008,,,,0,False,,no_housing
05b1ab7ac446dd551adbcaeb7ad5fc7083dd9a7723bc9aac9a878b8a3f3de275,4122025623100860125,0,0,0,1,False,4,
05c72c7c1d1dfc617c7093384c81acc1d42ae705b0e34055d49fa1b972a20aa7,5011012200138470000,1,10,0,10,False,4,
05cc22e11a48aa85bde138f3bfc6452c07da5ceb87d006c1b56625231c409597,2872036022102100024,1,1,0,1,False,4,
05cea31a315c9ec88ca1ee8681b385a5abe99441c18c2a590daa746bdf67dcbe,1213013400118660001,1,38,0,13,False,4,
05f5f2a688e8750531d8a62d762a31da5e3fc42e405ec3a46ed84e7863f3e709,4113511400100130000,0,0,0,12,False,4,
063042bc00cf83792b79da4a4c1de6bb4e9e7ab73087d33b017715026de94b73,4146311200103410015,0,0,0,2,False,4,
0657a9b235ae14826a00cc90e3f45ed625f39867741fd0aa3f06a6c6d450da3a,5011013600118970000,1,3,0,3,False,4,
06944b21907b03483150f5df41c3196b0a7da3a5e7bf9420d5b5e2a438fc8a48,5173033022102160000,1,2,0,2,False,4,
0694bb831e3c96e977d37850a9f01e8abe93783fc5f8227783580b5fe0e081cc,2650010400101770003,0,0,0,1,False,4,
0767c25252aaa9144c112c259c67650495d0885993bed2075bb6c45d89f3617b,4777036031101460009,0,0,0,1,False,4,
0796debb247da4dea9718acd3befcdd8b41d6453e597e9dc23e9c271146e59ba,4711325032115670000,0,0,0,1,False,4,
07bc2894400957cb7b8c07b6b7315a2e44599bdf969a23565b2d733c8baef1f3,4831036023103560000,1,6,0,6,False,4,
08142f8692801a6a388e80fbdf9ad0249c7c1adb4057edd30cb0f6f3391df9ad,4793037022101740000,0,0,0,1,False,4,
084bdf2d71089b4156f7a2ab9e0ce57d39124ee73a3c2fcd0cefd3400338ebed,1129013800102190314,1,1,0,1,False,4,
085e20fc52cd59debf1eaa49c09763566e965b715dd2e9f8905cd19615978580,2626010800112100008,0,0,0,1,False,4,
08ba0f66f0460e08c025af24b7d1d0e1310ae34371a57478104ac1d4475b6f55,4884025027109500004,1,2,0,2,False,4,
08cdb25d57bdebfa394ed018929b54833031d6440b228e5250144e190123230c,4311410600101860008,0,0,0,3,False,4,
08dadbfd88317a56ce3d4c18ffd08f6509af3eb9bbd77649d9b8677da71b09a5,4146125023104220056,0,0,0,1,False,4,
0901c656467dc056ed225f5ac99bb0ce7e8a6277cc6ff250d4a6ac9719da8e68,4113510100101130000,0,0,0,7,False,4,
09691ba443ee3e298eb1d9571f9a7115de1cb157b8ff7ba54039ceec3801a36f,4148011500105590000,,18,0,12,True,4,mixed
09c4b61abac76992864d98fbbdd404a1cc4d7a2830c6ac639e0ebf725daf2378,4157010300113390001,1,29,0,13,False,5,
09e3a2242d570e0694337c1ec837397d1971cdfa22346841841651b9243734b7,1123010600101320015,0,0,0,1,False,4,
09fe158ce3f0ec5767940f11002ea68be1d9d01fabb407d08cf4a686d741c892,5211310700106310204,0,0,0,1,False,4,
0a1abf540cc36b56db80aa0a21eb627e6c77b66b9634e907c2542a1639e8408d,4167010900102510000,1,3,0,3,False,4,
0a625915d75a3ad12138c1ecdb94c2ab98fc5b06aa5c49ab792fa4ea525f7a71,4128510200100080012,1,1,0,1,False,4,
0a7c0b90dcddbbe518c55b6403d49d672d4bd22c0423db8d0cb7bed4a49c5594,1150010600107450000,0,0,0,7,False,4,
0aa62a1e4aa3787b2177cdb1296545a7986648b700d33634bbc14c940094f43e,1156013200104560069,1,1,0,1,False,4,
0ace4ea7bac6f636ca25e6a666c81251f4079cfc6f76518b991e9d54210c7715,1121510200102390042,0,0,0,1,False,5,
0af33bd8239318be2316686fed1da13b2c062fdb969a03d6106dafc6e17047e1,1129013800102310291,0,0,0,1,False,4,
0afa08b89ae4c0d5890d492ff446a390804214734ce562cb85b4c9e4d37c4737,1224011800105310001,1,2,0,1,False,4,
0afee49f3ec708ce386c3b85984f546be56dac73acea6f459828e723a45d1b4b,2824510300101790008,0,0,0,1,False,4,
0b49e73984205e26c38e9c8d835565f7a63215fc1bb70759b7d33e48653de355,5011012600111780000,1,6,0,3,False,4,
0b564637f4f92e3cc3de9610259df8857f59c27c8dc3f67b65295e2a43bd44e6,1159010200102110378,1,5,0,5,False,5,
0bc27fd3965cb57e0871aa1815fc8aabb5eb8ef4e647a783f6589c27b8bff9c8,4111513800102200049,0,0,0,1,False,4,
0bc2a6d5e42427a9323c8e6eda34ae358d066a901d3c6e3b0d60baba273308d7,4146110500103260016,0,0,0,1,False,4,
0c1f7304324e4f875f06e8daff165a611f3a42f04396e3dee0499cebbea08928,4884033022103630000,1,2,0,2,False,4,
0cede93caef693b8073d7c013d7d58abb284a13043ea273ae2d150f70aa2ff46,4165010200101970001,0,0,0,2,False,4,
0d8b7769f7a64da499e9e9b230454c9358126a353e31ac5473503787b5c7cde3,1150010300104100132,1,1,0,1,False,4,
0d9323c6d07d4aa4e6166a9571c5e54613132e44c84b1db3e4a2ef513d181dd3,3114010600115360013,0,0,0,1,False,4,
0deb3c251870f24b501dc0d4d80410826fc538163e9a29ee17c99d46dffdeb34,4127110100105950014,1,1,0,1,False,5,
0e845131fb5aebf957a92a1d9fbdc019f5250431f92c5064926dbe2bdb94f579,4159026221110090006,,,,0,False,,no_housing
0e94e82d281a7c59cbe4a974c28d29cef58fe2b550faed70ebab0987cfe5b947,5011025924133330005,1,2,0,2,False,4,
0ec1dfa28f6b647bcad3d1f3a726e768da4b70a1ab9afebf7db6c0b64aab73cc,5214011300101280003,0,0,0,1,False,4,
0eeae687a5d14d8127484502af9720670bab03e05e35f694758ed4e344b61374,4127110300114050003,0,0,0,1,False,4,
0ef01461c45f4aedfeae890c06e8576505de0657a817c659f3e1fda744650fb4,4113510100100960000,0,0,0,10,False,4,
0f0388765ef08c8645df7f953a2f1d52e05dc50107d4f569b7494b0d651142d6,4423025331100770036,0,0,0,2,False,4,
0febbef2b8b7a425fcdc9677bd72753f454dbb49a44e3099cfdb9a570d060c94,4127310200108300002,0,0,0,5,False,4,
10158d2366b25365625d2b44b65ca071ddf7be5e79b895d3dcde1b8fec6080ef,2827510500102900004,0,0,0,2,False,5,
1023bab3561e083e0b910b02fbccbb03054e67b99dec09a323d1dba5812675e9,1150010300103920033,1,1,0,1,False,5,
1089f7f3b1155d0b95c65df4996b1449eb84bee3a015e0a0ba529a7f45168c08,4719011000105240000,1,12,0,4,False,4,
10b3945b739ff0fd6acf8de887047a6886dff983a4b34cfbad208c1115d7c2db,5211310700115570033,0,0,0,1,False,4,
10bc8f06da7226610ac4b9abc093409727359993d130a3f20187b52f7a529c8e,5011025321100310000,0,0,0,4,False,4,
11456d18a7220bf057a8442613ba49774fd6d06eaa956915376cdf71ee95fd6b,4165034021102110000,0,0,0,2,False,4,
11ca5347bf28cc6082dba0b712c52073f46d782dcac9e6467620e2b678a4e637,5213014500105730002,0,0,0,2,False,4,
121657f369158fc2f1c1e9d4b46bb7e13c907c51972a7431a2367c84413553df,3611025033101900013,0,0,0,1,False,4,
1240edf0fc84f473a6c22e6c8dc6eeac3efd61216550e5cce228c056524890ff,4125010600103040032,0,0,0,3,False,4,
125aa9a95445dbde0a3c03deae3e6eec9315e4555d036dbba1be14752a50e947,1153010900102940000,1,2,0,2,False,4,
125ff797ac3707f38ddfa9f578af91b65ed698a75cfaff05186334833d2ae26c,4831011000103070000,1,26,0,14,False,4,
1265e847a3afd3772017213192406b97231aecdefbb62ee4b15d6151489234e2,4113510800105520000,1,31,0,22,False,4,
130d56c1f6e6016e093014df763a726dbebc47721683a06fb894130a4b300d55,1227011500105600005,1,1,0,1,False,4,
13993005c5f1933533302cf37c9df91e160be94f55f7d865a16e52bd0b11cf16,4812914200109770001,0,0,0,7,False,4,
13e03e226abc6626a682be6beee93e5129d4efd020e02b5d7ecf3f530fa20413,1121510200102830024,0,0,0,1,False,4,
142ead65de2955c1550da769d931c29b50eccc04f0a649b780fe8753de48698f,4375025331100110009,0,0,0,2,False,4,
15474375509a1c3141984536dbbb976c5d656c3192727634ba00a27b2cdf75a8,4717013900101250001,0,0,0,1,False,4,
15c8ab51e497086cfb5e7f28d96879ac409c26466e5f8dcdc000007e51be58fb,4719010800100520000,1,2,0,2,False,4,
15ccdf3f1d05cae43a72158a062690d124007412639779aa37c40f984c66213d,4884025027109550000,1,2,0,2,False,4,
161a14b158c983bf906bb4ff07de74c9c2cf425a306330c95f32d3a89765dff8,4127110300112810007,0,0,0,1,False,4,
162dc402818fd290051d145dc937371553ce9be1e12b48b58b68b49d277975e4,4315011600108520000,0,0,0,6,False,4,
170ca9039d36ce901be40841c9bdb459420a65e15ced3f20e1cc221287203f16,2827510400107370011,0,0,0,1,False,4,
1764caae258d54707910edd3fb29641d3ea154a294ee5bcefb0aacb6dbc65df7,4113510700101850000,0,0,0,11,False,4,
17a4b9e9044980562099eea1a3bd8d5bd7438459d0e06dc1b3887102ad0f30c1,4413325023102580004,1,6,0,2,False,4,
183d035d1f2cadd069a416275597103611cbd2d3c7605fcac4a609abc32064dd,1227011400103580001,1,1,0,1,False,4,
184c81c99edddaf1cb46c3061c041f314eede7ea01830555fc083144d2bb1e9d,4127310200101080012,1,1,0,1,False,5,
1863f0fcf6db2c2ce8515e3453d03306781ef354aaa25d1eeb6acece98904988,1154510300100030123,1,1,0,1,False,4,
18a1d5483e16a10f3a2a971d7ef97b1a581e05ea4f5e6f49b0b333901e4645c2,1230010700112330017,1,1,0,1,False,4,
193565b32cb975bc3c45e590a202e254426b2d7d7a00d1d382f3d71736072dd7,5115033022106410106,0,0,0,1,False,4,
1961d6ad611e9a2491b707560da42f44f2910f3a628c9a712e5d584b1c770ac5,5013032025115120005,1,3,0,3,False,4,
19c7f479f59a1121826ddd814bf02d196052dffbc9882779ab1a561cb617d436,1159010200102790232,0,0,0,1,False,4,
19dc6f925284cec8abf21ca944a897d9f9946123e8043ec0416456c206904051,5013025924124710000,,3,0,5,True,4,mixed
19f29ffabf9772ac81ec4c9d0c862fc91001070914c13a55a00102812eeab0ea,5180025021101040003,0,0,0,5,False,4,
19f55f52ede090e5382bfe85836e9cc945c6caae8094bdfc8ee420d908db124c,5011011900138270000,1,11,0,8,False,4,
1a58cab2b8f65fca688ce467c05e619d25f7982b3783f7f17b371c9e440074f6,5013025029124050000,,52,0,24,True,4,mixed
1a7a18f4df6767b5c71b5e5e75901750b5d811a4ddc031ed8ae237cbc49f2222,5013010500119020007,0,0,0,3,False,4,
1aa223ca6d9a6819999a63f8f23c25b9feeac65199484c57d71703f4a35eb282,5011013600107920001,0,0,0,3,False,4,
1ada7def3a99b229aea69d6a866929c9e9d0d2bec1a336adadd819aeeebd30d4,4113510500103230000,0,0,0,6,False,4,
1b91748df9113b1acb7dd56dee536bd8ce6da43fe992f2edff21a15ee65669f3,1114014300100500002,1,1,0,1,False,5,
1c8949303e95e0a601a259078c91ca812bae356d6286bdfc2ab56ddd77492dff,2817710700103820003,1,2,0,1,False,4,
1d120ba03f189f6dccd3d959bfaf48bea2e81b3cf16496c067090e5318eb0639,4717013900101250000,0,0,0,1,False,4,
1d22d14416d949279de3750b00a6cae0cc35437f3e9caba26b0c183f9146dceb,1129013700100550041,0,0,0,1,False,4,
1d6b3f24758a9daf8b50ec6e5d4fac88d85bcde4a2253214eda7cdbaf64b3410,4146125321105310005,,4,0,3,True,4,mixed
1dbb53d2ba2e2406f40250272bf31e0fb96113e8fabf60575ad7c60e9e343478,5013032021129560000,0,0,0,11,False,4,
1dc8d193607ae83a9f0378c346dba53f79aa2d336a65111f8f1e98cd6ba8c2b2,1285025022105620001,1,2,0,1,False,5,
1df48860cebca064c6940c3f996494cf20d3753b97ff7bfb19295e7f47835c21,4831037022109570040,0,0,0,1,False,4,
1e7b6ca94558d753aba18a3ff8573dbf9163b455402645c8f23a7bbd0856bc5a,1213013400118670001,1,17,0,7,False,4,
1ed084c76411d73a0ee9c23cdf57968dc9816d815ad5c200ac01f66c8dac238b,1165010200101150002,0,0,0,1,False,4,
1ee4ec5a224e6f1e4887810da2fa476ecaae2c7b35901f7e3c9199478c1180ad,4311211100101430000,,,,0,False,,no_housing
1ef868539249103fa317691b1ec83710abaac99163cd079cc67156939092c074,4159011700103560040,,,,0,False,,no_housing
1f22e225416f40202259e3c8c8967ac18d5f563f8eb60b9814e050b4b90b12a1,5179025025105780000,0,0,0,5,False,4,
1fcfa2f22454f48e620c4636dc2f71994473ddf73b637940ca6c3b8668231408,2817710300106690006,0,0,0,2,False,4,
201237469c92cbb78ac880c312eb2b5cdda0fc257637a11528adb91a2a31f186,4375025021102730003,0,0,0,3,False,4,
202b709a62710560087dd96c1fbbb00d244846012ad2d02c2864865111abfe43,4719011800107910000,,4,0,7,True,4,mixed
2058aa73192d7cacd5aa4122e8336c0a76066b1e92915c8d083527f901dd4645,4420025324117350000,1,18,0,10,False,4,
20afb455d33632bcc262e3bf339affc4e0254e4424d5296d7a048c56f5723e8f,4127310200107830007,0,0,0,1,False,4,
20b8c7cb15e036b4a52a025f615c40624f3284c7cf34e4ae4bb75905d6007b6a,2827511100101040013,0,0,0,18,False,4,
21d634284e3f6eb54a3fc4727209fc51ae3821fdfdb475da60a035a6c6470edd,1156013200101890010,0,0,0,1,False,4,
224a017998ceecd810f154958ae99cfcb4ebaacea4fedd9465c7a3dac5ed57cb,4167025023105750030,1,3,0,3,False,4,
224f77f4211c10f4b5667a72e0d18d258a57811ebb58a54390d2509e34909cbb,4145010800107280000,1,4,0,4,False,4,
2270be02d3d641b2ca4f25362e9a88343e10c973cfd543d27e1701f934f10c28,1138010400103270044,1,1,0,1,False,4,
22ce54183018a0fc7430ec5c784e8fc1a050a5d9242e3693f3ce31a46d6bfd18,4148037024106670003,1,2,0,2,False,4,
23000f2795c9db798a504845181544db1f83e2257d2be7faccf3ab2f52ab18e7,2820010100111830032,0,0,0,1,False,4,
23c86efb26a619ed0b0e43b48c5553bcf907476fa16b2fd2ba7ed7a1686ec474,1121510300100570017,1,1,0,1,False,4,
23ece9dd7a2f7255f814a13b24168146f5c941094ec0eb83a0839fa795a7dbbe,2671025330104090004,1,3,0,3,False,4,
248d09a48eb5a730e55d0dc0b98431983ff5b1f266b50b8022090d2f148946d5,1233011400109490000,1,9,0,5,False,4,
2497428f9ed68a3a36f5ab4a89868ab941b05b670ad327d55b3ee5c5003bf3e4,3017011100103440028,0,0,0,1,False,4,
24a40d1b163fb422e3a0ff4e4f8d73a5ecb3e34f089002b03e9b3cdc355b6d4b,5011013600118210001,1,7,0,6,False,4,
24e2381dcf9aa9135d64b056c344016a60f9b5b3b67cc6dc616b96125c5431b0,5211113800103390000,1,0,2,1,False,4,
24f96583a5409a5fc4822fe765bcdc3924f45824d1e1e50e9025fdbd02d64d34,4161012000106350011,0,0,0,1,False,4,
251f7bab1d15fe8cb7f80d6d2b3267c8461c7f9b2dd6bed13521f5dd422262a9,3111010400103150038,0,0,0,1,False,4,
25247dc813d7b1a04e8449043402c829d89d0186d9863b5f37e8e52212f543e7,1129013800102190057,1,1,0,1,False,4,
25374b735e646739ec0c870298ddaea8e4c4114250af07ea6c225cd551c26d9b,4874025022109740000,1,6,0,3,False,4,
2543b95dc5be8f9e7325b721fa2e37a1ff8392b60965e76f9b65f3a5f4b0ec4f,2827510400107420018,0,0,0,2,False,4,
25597d1fa1a037f30bfbefa382fba450d812eb9e1b3120f6297b577bff3648b5,1221011000105430024,0,0,0,1,False,4,
25693626f4c01ac91aef0657a87f12fe314d6982789fdd2760407c0fe0497b7c,4421037021115500015,0,0,0,1,False,4,
256dddade6e550338163e8e32f66e931deb935f67cd6489d5f9e6612d6b3c0ef,4713010800105850000,0,0,0,10,False,4,
25d143ab4704b0e19a13ec5b4fce7bb7ef7a12a7a8b843091b6e0c171cdb9e22,2824510500100470002,0,0,0,1,False,4,
2607b15a013348fd4a967be675b87c3ccb8d1cddad21610c3b3ae43433f838cc,1150010200103650211,1,1,0,1,False,4,
262223a0707f17257831273fa5c4471d9ead10e800c17afca6437c2e06534047,4159025925104850022,,,,0,False,,no_housing
267d9af30b96250337e545ba1617810d95111a49678c2a9b691d60b75bdebfcb,4111113300103640000,0,0,0,1,False,4,
26aa6ed15b7dd398e737c0a6413637bc25e3a10ab228af8a2d346aded5817bc0,4148010100109530012,0,0,0,1,False,4,
2724d91641faecac6039f8c166cbe991526541ecbf8a3d4293e623be96d55dc5,5176038026106780000,,22,0,14,True,4,mixed
2726980c3057e2afeb091dafd6c0dd1e6a54fcd0ed17929d2028669486b9abab,5011025923121450000,1,6,0,6,False,4,
27a192aeb6ba47e1c7807fb7c4f053cc3e494ddf672fd8e63593e432bf9be298,2623011000106750019,0,0,0,1,False,4,
27f0d059a797a16c059a7b6a534ede4c033239370d0ee3ee9c20f499bd45c0dc,5013011600146420001,1,2,0,2,False,4,
28392e59a19bcd3171d516fe97da6f810cbc305d036bfad37f99aae8fba5d54e,4413325022100650035,0,0,0,3,False,4,
2844bb02ef2edb8d7602fdc88867e919edf4bbbe3f687643ff7a925b8f6ee5bc,1230011400110010000,1,12,0,12,False,4,
286a1e8af44841388d22db2afdb5f95cd5772fd011d333a8c670d28d304ed846,4127310200108510001,0,0,0,6,False,4,
286ec27ab00cfd887e5fff78c7d0ca047739823a8044755309c161c546f1838d,4113510700102660000,0,0,0,12,False,4,
288e8c703e994a7ef5d4d3f1d51f5d7e09457b0f7948896f9cb77de18b4bceb4,5011011700127310001,1,6,0,6,False,4,
28fb43d15416a94241525b9fd9026348ef95e4c5f7fb280e63b5b3ed6cf40921,5172025029101060003,1,2,0,1,False,4,
29055a0da8029260c50e670ac2cc7ca45e34f47465667fcdcd7b02ce38d943f0,4146310200102730000,0,0,0,10,False,4,
290c7f741e6d9696316a6be91fe48674debbce1ed38f2daa5b1183a97fd2fde6,4137010100108840025,0,0,0,1,False,4,
2913617667ecafb3b705924d42e455d1ae3460e20f7ea6fda31b70542d908e25,5011025330113760002,1,4,0,4,False,4,
294a8113b8a20b84e422766fc37395f541412105e8ceac7abd375200cedeca37,5011012000106640021,,6,0,7,True,4,mixed
297a330c97342ee8bf9fac77ac3361d46ee33f5a911eb441b9a8f6ebad0cb3b4,4157010300113370001,1,19,0,7,False,5,
29b3d3f262da17b1413c03c1bc4af9c6f58be1f651e4aa14e8e571784b9b7a03,4182034521102350006,0,0,0,3,False,4,
2a21db6a87f1c4f23b44953e0115faaf4a02d8a283ffb57706e799f772167d51,2827511000100780037,0,0,0,1,False,4,
2a5f714786b18490c47aef4d25714ed84eebebe0d456ce8b8b25d54d57d4c22d,5011013000128740000,1,20,0,15,False,4,
2ac64153c133671fe374f9124c92c6a815f5e8f3d094a86c92cfd0b5d1a6e236,4427010200101420002,0,0,0,3,False,4,
2ad50d52f26ce5035db52f42f1501173a444430dbb25ff5c5b48fbbce12bf8a2,5011011600117390001,0,0,0,5,False,4,
2b21cac1560dfedffb1d2b044ccdc0b6bef1d69582f3b16f6bd81404eb08e8a0,5214012100108040014,0,0,0,1,False,4,
2b25b236c74d51628112038c2c600f901a3739ad13b7fb9a8e8cad8be1e56054,1168010800101540001,0,0,0,1,False,4,
2b43ea20d9ad80d71b6b2499e456d20388feeea627bebb390bebed81ba0d1a23,4146510500109250000,1,4,0,4,False,4,
2b7af3b8d0b091fbe109d4e8572c26913dea31108ab4652c8ab0b78d942e415a,1150010300100730073,1,1,0,1,False,4,
2b8bce55d6566ff036095e765c4fc76df18617dd970e58e47609de126c9d7140,5011025021132380000,0,0,0,2,False,4,
2bbb7b8912ecd97c8646649c8f9b156ef3ab1ccdc5ebcb8e69d1295781a5c8fa,1165010600100490020,0,0,0,1,False,4,
2bd636a9710e564b23693c37aa73f6b14d7222f65a433949ce2a5fb17c959bc1,1233011200107840000,1,88,0,30,False,4,
2c50069b2820e5cb6e2cb60d0a1aa8758eb270ff1c127c86781c73a5992629fa,4150031022103430017,1,2,0,2,False,4,
2c692125ac138de8319e836d82b60c76cc92c2232cda985c5851a4103601226c,4146510300106040001,1,6,0,6,False,4,
2c83c79842ac3a2525be73aeab79922eb8b3fcb2327f411a7f83e7dbb50ce1f8,2629010600100430027,0,0,0,1,False,4,
2ca7151b2f0e004b95d92d86a2c0bc2223a051de7f7283b9d415bb75afbd9654,4882043029104990009,0,0,0,1,False,4,
2d2880bb072f9990a95e03fe20f46a0c5a37038bd2cba6ffaf421fa8fb6a59a8,4723038021104070153,1,3,0,1,False,4,
2d5aa58ae39589242f66348273c576ca9a1af1bdb99ca9fe04152b0b2b3fb2a4,5013011200118470001,1,8,0,3,False,4,
2d64fe018d20fc5282f1df79e341738eb2b944ff471db485e50c7fad677ea45f,5111012000108660000,0,0,0,16,False,4,
2d7b15a9bb94ce81d3366ba4c80171b0f2751101280d54bd7c3a07c91deb95e6,1219010800102580003,0,0,0,10,False,4,
2d8975d3ac82a126b5765417b56d4d21a76fa3366f3f398b8dbfdb5496c909d6,4137010800105830000,1,22,0,10,False,4,
2dcbcbb38845ef561ffcaf8a54c0f4af5e45b422d30bcf2a46e740fcb43966b0,5011014000104670001,0,0,0,1,False,4,
2dd941c7e7d5ffa531742dd5b1842a2ad5bc6b7f4788b7a8b447dad80ef62dfa,5013031027113950000,1,9,0,9,False,4,
2deadf6a3e333e7dad20a2f13afd3fa803f83ae6339780a00591f78877006f59,5111031022103330006,0,0,0,3,False,4,
2e08da92f2801d949659fec7c6869b08faecac4bc8c5fba363f6e30f9474ba07,4482525022106080001,1,3,0,1,False,4,
2e2e2cb03443d0d07703d56b47647febabfd9be0f64c16608978d5c6185f666e,4159025626109230014,,,,0,False,,no_housing
2e99f2ff100dc562985022d467da8b943c94a0df088a9f6a9af9df0c1f525b58,5211310400115310028,0,0,0,1,False,4,
2f87275f326cbfc2b3d94367136e595f98dec5994a1ec57c1ee07a411f601ba5,4159026221102740000,,,,0,False,,no_housing
2fa01aaace7db4c65eb305c8e0badab020b56ee7387555372d21c298605a102b,2614012300104340086,0,0,0,3,False,4,
2fa6d77b20f34cb4190e4a54bbed4633dc23b0e8be8b77d62e962221a6e73da0,4119410500103760005,0,0,0,1,False,4,
30237ea7013e0ca472ed41fcdd3fcf64896f2f49a0e66bcd140f10d1000903ca,4165036024109130008,,,,0,False,,no_housing
30324d72afe88b9853b1238e942ff3d6cbbce2d96243ac7cb36ee13c9a7e09d9,1114016200103040475,1,1,0,1,False,5,
307ae2efbe572c858df3506f384855e25cd5b18bef7920f33093af4f3ba3f6a9,5013031025135960000,,17,0,10,True,4,mixed
307c4e1f7353cd4bc9cc97daed25d2a7ae163962708277e6f8740824d6d1a5ec,4719010400102230007,0,0,0,1,False,4,
30aa23643eaaee22e58083993cd9c13352c70ad5ea468150981f0c80fbb20c81,2817710500112180008,1,1,0,1,False,4,
31203d2b71f7977592ad82eb3a9eaf188f005e374709fece892b98d616641623,4315011600108510000,0,0,0,10,False,4,
31d78a028074d591e59eb8bfb673354f9bdc0c67eb3b2ef144a95bfdb2dbcfe8,5119010500100020003,0,0,0,6,False,4,
32004de2b9785e64941a4cfe7e87274e89b9987c73d1c74cd2f2c21bca544cab,4111514000105050013,0,0,0,2,False,2,
32066f764af81d2dcd76e7a8d0252920271eb198b3145e80b8adcb1f4dad50cc,4777036030103780002,1,3,0,1,False,4,
328f94c7843a344af6fa1fc9a0e6cb02840a9e4da604094e6ce9ca9a3ec5ad82,5211313100113590001,1,23,0,11,False,4,
32bed33a1f871278c6038a637e952ba6ab82610811741bc0bead6e833a999f72,1147010200103240046,1,1,0,1,False,5,
333f3885e819bf4ef6a2c876757747921f05125e2ae35f546ceba26731c6c57a,4127310100106650000,0,0,0,6,False,4,
335d77f65e991c862db2220b5617d0e54b3a996c033ed4ea95d8734d9c2d27b4,4721010400116400003,0,0,0,2,False,4,
33c8928056c029fea49ef69ae777d7e762b19a137b3f003c08a04dac2c3ebd65,4128510300107210000,0,0,0,8,False,4,
347f304dd1d55f7fff13d26d29447ea74bd8b81e68baf9d197582549454d278a,4721010400106700000,0,0,0,4,False,4,
34ae452612e2fd44942482a83ced1b0b73794a74fd10050830237d8539180c2f,4481036026103350013,0,0,0,1,False,4,
34f34491f5b8f7c5d9a665677d8233d8a889bfe182fb973181bf0932002d8f15,1272025022107630000,1,3,0,3,False,4,
35038ff9f7b9bcb56e743e7788270c87f7d1eb7dc9f90a67566c25f1b335c846,4127110700106770008,0,0,0,1,False,4,
35c28ad6b4e2565fd812bfc8a31e2d7212da4804a4614d59e0c4fbe7adfa457c,4482525033102810005,0,0,0,4,False,4,
35cdb3fe8fd258cf4343f6a32e3c2f39ca86962aa3425b500388c56a402b65da,1230010100103310060,0,0,0,1,False,4,
3634341eccaa2b9697b12f61c2877b127fc857c33f4cf91fd4a1dd5a5f35842b,4793037021100540000,,0,6,3,True,4,mixed
36375897fe45e1c348dbd7b11fc4aa4a3f9aa1789b8f93e6f72875e29e8cdaed,1281033023101580004,0,0,0,1,False,4,
36bfcf1b00ac5c13367deb31cd0d3ca407d0a6437af456f5083fcab78a2849e4,4159037027104190000,,,,0,False,,no_housing
36dbb47a64a595ca1027025f2d47a02e8c99d84410d4fbaa367ed7b2dfe2b0c2,2650010400101380025,0,0,0,1,False,4,
36ee22bbfe15b79699d072803f458f66be9ecc7fcd94d68c44883ab4d09b98a0,2827511000101390018,0,0,0,2,False,4,
370e3087087c83c7f743d30a97ea779963e7e9a3da6c9d204d1dd7da844829d6,5011025923121450001,1,6,0,6,False,4,
371bc7001205a846bc7da21b6f0a924a3c26e2350f09525605c5818362993357,1227010300101300007,0,0,0,1,False,4,
3744b3f668c33bcfc17afb0d5ae2202cf5c373d5eaed0df7ded846c287c2db0f,5013031021121340000,,9,0,7,True,4,mixed
37d342eefb6915148ba6f83a382b58d9484f9082525cb4228eed4cfa2a008bd5,4146311200101280001,1,4,0,4,False,5,
37e20a830f0b323047c3fab9f8eb5c05a2dde3cc92060e3bba5e90e50c68bcfc,4377025322101500009,1,1,0,1,False,4,
37fe78cd07062873eb2b51332ab76b876a5f03b7990a609fe99e1b983dbe9aff,4113110700106570000,1,1,0,1,False,4,
38ef818bf5d3162210c340cd676f6e27a6e5e06b2fa9fe7eef6d9b84f3f19034,1159010200102790145,1,2,0,2,False,4,
3903edd56bb09ca77be097c883952d4836eb7f5783957cf870eb9ef72816e093,4874038021102620001,0,0,0,6,False,4,
39a5849e33edf92e18957c3a7a5b02ae17414f71a764ecc447a8934913138a20,4136025322200310007,0,0,0,10,False,4,
3a2b4a404949129e776647fa08c190281a2479ed29399a77cb293838de994cef,5211310600101260004,0,0,0,1,False,4,
3aaab6c623a53ace386b76dd1ff38c37375f44a4913c89a699d1a075408a85a7,1217025022100480006,0,0,0,2,False,4,
3af02b981218335e758b3397a9f16a39883c7f518391851aa27589860188ef92,4159013600109640000,,,,0,False,,no_housing
3b2f9229fba327cb99e7c6c70046cf9500f873850dd7341bfcfd879b59198884,2629011100100330008,0,0,0,1,False,5,
3b4d6740e269819d3941e4e203652bf7cee2e9c05281017459bfd6c92246c746,2823710200103250036,0,0,0,1,False,4,
3b6833bd12e4cf71d142c49a2ee4f2aee24513556147d99f83cb249f722b3c2c,2824510500100380009,0,0,0,2,False,4,
3b706459b8b8de0a8e0d5f47bff4a4e2ec4eb5a3d5deb240307c32770c89a58c,4146126222108980000,,4,0,15,True,4,mixed
3bf0859d1dfdf317a9982d63873ea3d65eb058becb1dfe6976752984e39559dd,2823710200101960003,,,,0,False,,no_housing
3c4a748be6ebc9d883c87c6374be4156acbe59dfdef258d8625ad27e00acd2f9,2726011200113330010,1,4,0,1,False,4,
3c4b01c6bd2e533627f646d9c3a50d50cc3b6ceae464810f37cde1c8caff49c2,1219011000106240001,0,0,0,42,False,4,
3c8b61b6cb29acfc1d9b1a4f443e02dcbf80f41da260a4e826cd6206cc674d51,5011025023104310000,1,3,0,3,False,4,
3cace329dda678f275331cd16f25844e2f5b5c5104ebda8b3576a8817f997a82,4480025026104090009,0,0,0,3,False,4,
3d248008fab867fe39ce6f1ecdb3a2a85757113063365a10ff71ec58d2105b0d,5013010500106530004,0,0,0,2,False,4,
3d31d9fae532891057aeefdab3cc427ec40ccbf4d2ddda95398d58652c67e2bd,4421010800100700035,1,1,0,1,False,4,
3d4d783dee432101c068ea907898a1a4b77e86f010bce82b52da7b65693a464b,4413325629102060000,1,8,0,8,False,4,
3d67b6b42c58cf6304b9d08de0d52373fc1cb88a8d60e6ee8872f3ed4f19a2a2,4155025030102230325,0,0,0,2,False,4,
3d7b6d448012bc4427a504ce952204b977cd9fae45f2fe80955ca0cef78d93a7,4163011400108900003,1,24,0,16,False,4,
3dc015f59782960f5c29da9588080d1a76a3d1f964c139108c006c58ee78f407,2620012100107050012,0,0,0,1,False,4,
3dd29ebc8eb8a5b1eed8356f481efddfbe023c7e4ca18a4365d4fa7dcefa1898,5013025327146290000,,5,0,6,True,4,mixed
3ddf784dee453cf97b47a1bc0acf4d821cd24eec2fde95463f0eeb642e753bcc,4183033022101610013,1,1,0,1,False,4,
3df0571082f27bcc4c16d6e560317092ffaf59767fd6df79851d2ca367463aa0,4415011000100790001,0,0,0,3,False,4,
3e1d3600a23313980abd260ead7732171d129468b310427fb9b7aa0154c52d9f,4711311900104500001,0,0,0,4,False,4,
3e2c2922bcb5a62daf7145e8da949b4e848aa44ab440217a4416a0acc8ed3c73,5279025022102940002,1,4,0,2,False,5,
3e39ab9a20e30795571cc9c278b271751ef788f3cc10b3c7874b0f00226a2a57,4146126221106630005,1,2,0,2,False,4,
3e424b04461b2a1143ae0eff556ae188250f055e5dcc1a7e08302085672eb576,4128111800105480000,0,0,0,1,False,4,
3f11e2985cb1b54e83c75fe0adb52bd3fe70892b80315966757915c85e6c3a69,4128510900101330014,0,0,0,2,False,4,
3f2fc8c1ffb202ce56c78a6a7ca9d798523a9d9eb3c903efdeffe9bd5729579b,4471025025104240000,1,4,0,4,False,4,
3f8e87decf26aab4298d7deb6db2bd5eb7e40ae9ae5bd127b6131ac670c22817,4374025031107400001,0,0,0,6,False,4,
3faddd636d819fcce1001be26189159d15cd8287b8acc3255db2953c7b258d9f,1168010100107040001,,,,0,False,,no_housing
3fafc92f4ff3ce7cd073138171f26dddb5cbdda95f7554b7712519b16cf120de,5011014000101520001,1,4,0,4,False,4,
3fdcc0ee823cfe6791676b55aec8acfd89f8491e60ef34ccda0c5ec5b7c55297,5013025022112630004,1,6,0,6,False,4,
3ff7b195f9b0c071435035b0615ed72397f7db1f8638481aa6e6dc1ce55ba0a2,4127110300111610003,0,0,0,1,False,4,
40145badbe5121a38d24230463086d83643a599c06838dafb9eccb2f01901412,5173031031107580000,0,0,0,3,False,4,
403c980acf72a29b90181cfe454e56f03ed1b6815602700ddcb313f4fc3f6832,1156013300107340009,0,0,0,1,False,4,
4097e3998d2884d5018fc14bb7a0096e66a1d34ab9a7b794b6476b715a6865cc,4128112800111130000,,13,0,7,True,4,mixed
409f66091b18a8459f098d6a0611d900543786b3488fad41d78f954d670a573f,2638010500100600036,0,0,0,13,False,4,
40d396c50774871dfb1bf8b10c5a554ee6303009423b27997c4aadff4fbe8c2a,2829010500108100012,1,8,0,3,False,4,
40e6ed330119a04b8a7f4e0a4b62c79d184cd0591a6e055a0df71b070859d963,4127110400107570001,0,0,0,1,False,4,
40ee9862d2f90a533f5b26f180a3ad8ee310d914d3a71d85bee52f852c8c528c,4136025321100250002,0,0,0,2,False,4,
4100df9373c7d38adc1802e5113b658fda39ad6cee95dd69dedef8d26ae40e45,5013010600112480000,0,0,0,5,False,4,
412b8b24ba76d8213851a7d001f4fbabc4631d0d3d6158c2a200b3f6f11457bb,4159011600108630010,,,,0,False,,no_housing
41427a76c164ce1ad50d9677ff1651df6b5ee7ba6821458dbbaab2720aa85d0a,5011012100128130000,0,0,0,2,False,4,
415ff4a873529b23042cb2a036fcb60ae4a300d4e99f2f7db03d531c9dd7ee2e,1274025026102550001,,1,0,2,True,4,mixed
41c7f515dcda3473098e44488f4ca0f8534a26330b943dd35d66cacc45bba799,4150010800105820013,0,0,0,1,False,4,
420d8b109ed53f2df8f95aec0b08429c0c991fba0b420243917effbe35e7a801,4480038021100880004,1,3,0,3,False,4,
429944e3b6f243ab3480ecc0c3df30f5e1265127ba6b07f53dacf4186796eea3,4415011000100750008,0,0,0,2,False,4,
42b71c48c6292aac9aba98dcb67e2cf839f21bec12313eed34372886aa92e9ec,4146126221101200024,0,0,0,1,False,4,
43368f2deb848ef7f6ffbc503d1a178de2e24996a27b42f24e0541256b09fe51,4717013900101250005,1,2,0,2,False,4,
43e30e570a57dc76ad8b84cb75bc58554bfd318ce10779a59b29253e39b60cf5,5011011800108170000,1,3,0,3,False,4,
45682af65a14b50136df776be61466e6f22ebe62f4495ab094a021f81ece51a6,5279025021105290000,1,4,0,2,False,4,
45b724d314061ef59af7c2d763d3eb7514aea479a0952d7b4e06a7ca0835cc11,1280025025101720000,0,0,0,2,False,4,
4659feeaef2bbf2050298079c5a97ca0a38007b9477e492254531e6855bbc882,4375025022106750015,0,0,0,2,False,4,
465c5fff5b7def3a17b7695f095147a71abe58ea0711df2bb667532fef2da849,2617010300108450015,0,0,0,1,False,4,
467b4a17f800736b0b5684c141528343d9a4a042db01af67e09809d859272283,1123010300112140000,1,2,0,2,False,5,
46df0fd95e37e2b869b2f8ae101b6cbe86033c0d0181f1cf3d6a9b0d6fdc7580,2829010500108100011,1,11,0,7,False,4,
46e7f27c74ef9494b13acfe02cdf4719ccfe95a44e2e3676cf78f6e160cc91bd,4165034021108340003,0,0,0,3,False,4,
4703e7281b66116a842bc17b69a9528e96bbf9243063bd17ead04a428d8a7c3d,2823710200101950003,,,,0,False,,no_housing
472286e3a194936b9180a2c513252add51d57023ea3dc20b1ec97bec972b91fa,3023011700105340017,0,0,0,2,False,4,
477f706c71ad29e32fedf5817ba74a2e61afd4e4c9d774b6f5166b8c6cd57c80,4128510200117200000,1,12,0,4,False,4,
478eb80814553a4cbd9bb204a697514052a7a0c3757c51fed802ee5882964ac3,1233012700111460000,1,74,0,32,False,4,
47acae7278a93ea19246667d2216c4e84d9e0ab0ed58ceef4ac3e86188c11567,4127310100106610002,0,0,0,6,False,4,
4800f5a8088b6d96373be24e15670b6c756e783e1576e51b83a82f631d44e163,5013010400113090012,1,6,0,5,False,4,
48232e8661b41b0e706d4ea64eeb56a7aa00e77f6c36e5029c2a75d338e57cc3,3023011500100420006,0,0,0,6,False,4,
48294be79b0c1f495350aecfdacb5950143b869733f431d78d181ba5feae206d,4159025622111190049,,,,0,False,,no_housing
48c04c0adc77056bdf41ce4df3c53bff946369b8a99744f58cf7107ee654aa76,4136025622104360009,0,0,0,1,False,4,
48c2744fa0cdf9465fcea8a5d79952d8e8a8022f0cc21ab385418c31dcb035a9,5211310300109480007,0,0,0,1,False,4,
48d7b74ebe5219bbc0225de8aee51621994824c6ff900af73e7a938667a724c9,4711312100108660232,0,0,0,1,False,3,
48f89743731c092ac57364858eaef7e66f2cfefce75088c6aaba7a01350ca30c,4728010100104020067,0,0,0,2,False,4,
492a69ef2812ad784a4f7a05bb5582dab3a8884297281d3da6fe3f7c2ba34c8f,4423025324108550007,0,0,0,3,False,4,
49ebdf3e73761540c5b0ae92dc9fc2c444260ffa5daa2faa869ee2211c404ada,2817710500112160017,1,3,0,1,False,4,
4a12669b8f41bc16f27915fc4a3469b9d066bc1ef0e46d96ac9ba94b3f3fed25,5011012000118060001,1,6,0,6,False,4,
4a166edc5bd0ffbd3c940abf4da9a9b6280b52f0e8bb09e2e189239239d0f560,5011011200149250002,1,6,0,6,False,4,
4a2109744ed3a1c20ff1559d8e5f6620ebec01b584a7b3dafb196a46a6f57fb2,2647010200111700000,0,0,0,1,False,4,
4a88607b5cbc88b3fa31133af8976d0265ba5596f0e1447468e0b9ae902650a9,4146310500106010000,1,17,0,9,False,4,
4adfbe126f9334213cda9934b9049b20dc881febdf2d3c12aefb4f96d2242419,1159010200101880025,1,4,0,4,False,5,
4ae34b47bb8d16ca10b35e163d0152a821e4964d41ca74d0bac89b64ec5ca800,4721010500105440006,0,0,0,5,False,4,
4b0240fd0c684cc0f1fd902b4f5e7095dd298fed8292da3d80c56ecb316fc5e5,4824025025100720011,,7,0,6,True,4,mixed
4b411f69b4bf8b300c24b42bae89e61732541f883a9818cb8a41b3ec6c1d42d2,4480025021104640032,,1,0,2,True,4,mixed
4b6db4b31cd65b77e07904ea1ff76c4154453f2bede243e57247cb7cdb54f18d,4128710400120030000,0,0,0,5,False,4,
4bbffed5c780c20fed517d9fd3314f09172fb3344cd917bbea9fd95d1066e6c2,2629010600108730007,1,1,0,1,False,6,
4beecb0452987827a44fb22ef0ab925cfe9b22a057cac68fc6723a8ea41135c1,4146510500110240000,1,39,0,30,False,4,
4c103f70d2eb760267e7fa9ef057a4e9bdd548635178051ed093fa10f39a1385,,,,,0,False,,no_pnu
4c1a0b1fdcd6f810621f5ba6456e2af6f066541f089c0f87892897805b7f1d98,2827511000101550024,0,0,0,2,False,4,
4c25e7691669734e47df47f9047bc609ffedecdc24c11fa32a623fb2cab65fa5,5011025634126200000,1,4,0,4,False,4,
4c2916bc639392706b9f6f36a62f7df1619104438e434a0c1e39b356b9c0fa61,2644010400134780004,1,30,0,16,False,4,
4c767f148a847804add675cc0c5346a230f46fd4cd4c2805bdb812f20dad6e3b,4413111800105030017,0,0,0,1,False,4,
4c7f9fced5c740b64f201895639deef648db77185d7365846d9ff794c17b07c3,4182032521103190007,0,0,0,2,False,4,
4ccf6e8738e64bc6c4e822ad9fecb2d1e74b2ce5877417cc78d184671c1c75dc,4128710100121410000,1,15,0,9,False,4,
4d707a349434f6b05d8d55bbd5eacd0ba8d2bfd0d235cf0192ba5a7d1ca4ba7d,1159010100102180098,1,1,0,1,False,4,
4da9795fcf92f84eb36af8a7f06b4a118c4bad68994ac129abf91f227117c5f2,4719011600100140011,0,0,0,1,False,4,
4db906862750139fc75f5be4d2f06cc32aec4a3803ae2f45b2c991112b8fb233,2824510700101630005,0,0,0,1,False,4,
4e0027304102c2f4aebd6b37bf2dde99ec243dfe95c526deff20467d07a47230,4157036021106010021,0,0,0,1,False,4,
4e5fe64dcdcf565a26353e5812c448b98716e297a919d50a127f04ed39ae0f84,4146510400101730010,1,2,0,2,False,4,
4e6e2f4e21c9d8bdc22fd70b0d17c3b0ebbfd5c360f0c105056a6e9361a4b8b4,5115011100103140001,1,3,0,3,False,4,
4e7e3391ee6be568469c8aeb7d07dfd5865d9bd4dab201aea24a7be9463c7453,2650010300103160006,,,,0,False,,no_housing
4e9b1512ae74339cce4527b6a64cde42090e462a9fd59e9b99411ca5929af7e7,1165010100108780017,1,2,0,2,False,5,
4eb3f3f2603fb2da0c64462e347e8e76eeaa25d74c701045033e346f4c532516,1141011700101630042,,,,0,False,,no_housing
4eb401730a1ec1259d4120bfe0e00385ad9f375e36f12b3d3e139d26af6a3726,4377025322101500028,1,1,0,1,False,4,
4eccac96e8092476c79090c2e274c90153b6e557ca9a175346d5376620efa891,4131010300102760006,0,0,0,2,False,4,
4ef966e1fd3c50374862c9f2a9ff5333420ca986b34088aaa8d0586d8b535c56,4157010300112940002,1,22,0,8,False,5,
4f3489ead5d3401b2ed1930dc917ce809811b96fd6117ab9be15cc6e16351d6a,4713025332118590006,1,3,0,1,False,4,
4fb289b38ed3070dc42dd4b9ea04d969fe66386cb72fb6755e3a944cbabdaf7e,4420041022105740001,0,0,0,1,False,4,
4fd8cc1fbb46d57eb96d1e5bc383db21dc6dd09d67e85ed9afe7402babbbc1c1,1277025048100160001,0,0,0,6,False,4,
4fece7d7906365cfa622ec6528a2d90f3272041d372183e289ad450705421e4d,4155025029107790002,,15,0,11,True,4,mixed
5000605e653eb3fc6fc6b83144532464cc2ada286a95f4cbe7409a88510944d2,4127110400111280018,0,0,0,1,False,4,
50048dbcefb733bc25f3bda565bb5e483c2942d5522af88fc7d39b8f60676d5d,4413310200106700008,0,0,0,1,False,4,
50e40ec34be26263043967c48910f3a7746dbbfc0ea1e95c5ea3f4e419b952ac,1132010800105930037,1,14,0,5,False,5,
5105ec419581600c236745964444407ee23442ffeb99e594a2b3f9089f417f54,4117110100104340004,0,0,0,2,False,4,
5134898678283d04e300d969e440e624ec71de0bfb29c60fffa1134da3cdd69f,1130510300107430000,1,2,0,1,False,5,
513cfdcaf8cb5efada53b0ea5e9899b6fc72f6075805e4b0bd80fd038d4fa661,3014011000102330261,1,2,0,2,False,4,
5161bb5264978347c5694d2fca02efe876ec2e711da9c4f60da1599f36cf5417,4137010100108840026,0,0,0,1,False,4,
5239da53fd6b9709d09bc2f6a4ff77514af1101c39f3d257f6b3249f3e246557,4159025941102770005,,,,0,False,,no_housing
524a3a7cfdad926839582579d87052506372fe6bef30b2689026ba66b5823a4b,1138010800100250088,1,1,0,1,False,5,
52d8e5bb05526f2ded9f60d65f7a5babd54cc61aa2b14d7da02bf6842b7025bc,4313041021112870001,1,3,0,3,False,4,
534b614ab392d67daeccb21a52f73d6b03e339fe0c309009d82c6a1632554d42,1230010600104820011,0,0,0,1,False,4,
53565c13222c0df315926f3312bc3c453043e4a4f01860fecf7e63337517b0d1,4427037022104200003,1,3,0,3,False,4,
5375851df1b03498b062a79acfda4629a02dd258add34603abcd080402910c79,4728010900104170001,1,3,0,3,False,4,
537d278f5daa3d829e8d8ca5ef5e157ad9e169388c3d874b053b6f7fbc072916,4157010300112880001,1,43,0,19,False,5,
53998bc25388a8226a4cb721adefba8a3b4811a0534d3ae2f6f52b4776707b40,1233010800102900000,0,0,0,26,False,4,
53b19e869d17bc985576e2482d988cbfd0599f23b74b948f0a757a40f1c1378e,4119210900105910000,0,0,0,16,False,4,
53b582a88d07a8931893223fa9a58f59c1d080945dff180b229555d71818f757,4122011200101040003,1,2,0,2,False,4,
53d142ef18a955c3a90be2a35904cef035d1f7a8cc6dfc8b24a72f65ecdd1994,4155025021103530007,,2,0,3,True,4,mixed
53fd5bcedbdf8b6f5854925b2bbab9726903b0e6215672bb55cefae5aba96618,5011012000118310000,,11,0,12,True,4,mixed
541156d4e1775444eff15f952843c47853945beb82503eae124b8c260bed28e9,5123025327106170012,1,1,0,1,False,4,
54d841fa1da72cf9868e2834149200e5f42951f3abfeb0d3d81583a5c0eaa1dd,5013011400105310001,,4,0,6,True,4,mixed
552317141a3208452d5b01cf3c63fb2b5bb8302eaddc9771d07ce5e45ecfabc6,,,,,0,False,,no_pnu
55338713f64b53eed49f6adf6833934dca19b51e30d58289a3a1479c9f5f3a38,4128510700105870001,1,6,0,6,False,4,
55bf279b0aa7b04d4259f5bc2df1b3582244e4361cffa940b1cff2d9605bfc05,2629010600105710018,0,0,0,1,False,4,
55c65c376cd8d8ff9198e0f81dc0334a33bc1b51d03855a6031578e4a3f958f9,5011013300125850000,,7,0,7,True,4,mixed
55e970317c78b23bd7d1af1aa20ca6e13c35adcb447de78c659daad41160a51b,4136011100109190000,1,18,0,18,False,4,
56185f3527918931bfd0e419f4c6809d3fbf30394b3ae4eba75d2db5cc006301,5280036022102720011,1,3,0,1,False,4,
5644ef102876e74f50d7d51bb4794a4e383c24f7d4919a42a4d5d8c3807f9872,4157010400117610000,1,11,0,7,False,4,
56540877cc3bbcbbcd37e80e9afdfb9f308f29549db013abf98e933e4eb4403a,4113310400110640000,0,0,0,1,False,4,
56842d1ad9f511c1113b7b0bc59369f280c7207fd39017699bdccb9e96954e0b,4882025023104760000,0,0,0,3,False,4,
568a5395cda6f154f9e72d117e91d2b37f6726f2118f3cb74cf438bfefeb894c,2817710500106140002,0,0,0,1,False,4,
56c0945947dc5c7377df37452a16aa3955e36ffae83ac0800021f043ba3fffba,4481025022102350004,0,0,0,7,False,4,
56cf262e8501771df0114cbb965a6111048669e8e3e199bb537cd9a6a4b9a212,1281033023101600005,0,0,0,1,False,4,
57140a8fe52344d4e55bd065078bffe8f9be70e17bead5d86967c889dab6abca,5011025340103850001,1,5,0,5,False,4,
57293445a235a46296b8e8eada0e3b5c7d3ed437109b4611a3c854669f9aca38,2714011100109020001,0,0,0,3,False,4,
574089be8550fcd2c2cd92b819237f48f8353fb0fa2e1348443e70c2e082b4eb,5013025022113570000,,6,0,7,True,4,mixed
57a14c3cdcb014178dd42859e4d7c0548c4953f345bc539d99454855d45a4a4f,5011025026119050001,1,2,0,2,False,4,
57bb1dbc6cd88a9f06286113483b34bf4f0e5610ba1d6542fd1accf81e0fa591,4311311400124470000,0,0,0,1,False,4,
57c518a1f6c1e8c55df96bcbef179f3300a0486e6d4b1026cfb62d34d5c91c61,2817710500107250013,0,0,0,1,False,4,
57f13e623893e9fd39748ff99e1724798c7b47c0f2a07673221e26d5ff45bd67,2817710200106290073,0,0,0,1,False,4,
58146c2438974d25402b480f399afd3fe99c3429efeba0aec7e27bfbce7e96bb,4113510700101730000,0,0,0,6,False,4,
588d1a9f317b1f78a8eb81840553a3e7050ec8b2c679af42df68e2d3e513b3fa,5013011100130830001,1,11,0,8,False,4,
58b1cc331f799acff04fe916009ba212e95ba5976eabba9eda2641c944b2c42f,5011025341113350000,0,0,0,2,False,4,
58f9eb10d224903b4d7884285331c3e9c8a17b649715b83d2181ed0d4a583fdc,5013010400106340001,1,4,0,4,False,4,
59097f99459ea38cc5d137e8a0606ded1da01a370c1a189958f61e33ee323b83,5214012700109030000,1,42,0,20,False,4,
596a6f0f91f6429376bfbea7ee30c43c0ebe49c51d30e2516d3b74013e7d76d5,5279040021104040000,1,4,0,3,False,4,
59a965e0cb918335b7e52a3564ea9523b5ddecc0813b155785f198540ee7c563,4136025622102390014,0,0,0,1,False,4,
59b0312856ae5918d4af175842f2aa7cafab54863f1062787409828ac144f8f2,4874025022109690003,1,5,0,2,False,4,
59d01ec7d0875c37a132632d0c08db798bb2e8edfcc7f042a01edfb405fae5f5,4420036021104440003,0,0,0,3,False,4,
5a15cf64a0f1e6f45df368621719154ca5cc25d1d186d6fd172a9b868d363932,4413136021107090000,,22,0,16,True,4,mixed
5a760703ce68a0768da98aab86cf2988b25cf0f3c529b23554fc962852af3b11,4773037037100400000,0,0,0,2,False,4,
5b1125755009f2bcc6088a4a115e4e3972128f429df562b95680d40f45a2522c,4117110200101260000,,6,0,7,True,4,mixed
5b1f524baa65d67b1784ea21f25848b134291c865a0cb35ff7e28ae3d17013bf,3020010300102040015,0,0,0,1,False,4,
5b25f786d6f5a700f8adf2ef5ad078189ccbe7d900f78ad5f2504662ea75e11d,4127110200105360009,0,0,0,1,False,4,
5b3e9ce422c7b99bf9fb368e9ca4b45274ee992560b6716d9b6a171f74e390ec,5211310300108800009,0,0,0,1,False,4,
5b51efe62d56102b520ad0cab4cff05fc5df72badf9863e38d18feec2900ef06,5013025021136750001,1,3,0,3,False,4,
5b6eb6dcbaa2825626c9b9d308a62860d4b56e3b495592e9c2de67c90017f828,4155035027103880015,1,2,0,2,False,4,
5bc42250087eae75fbffddf039174a10ff05929c0f89671a435338b1af58b7d6,4127110300113070009,0,0,0,1,False,4,
5c41b3d3a936f4bb47e6cc3d34cbd31c2ffec4ed7af1f34410d8ea986eab4cce,5214012000100990000,0,0,0,3,False,4,
5cd59832f4d4b53fcb74e56d85ca229a6bd33697e33a1ce95cb2fd51233f6ffc,4812725028103410006,1,3,0,2,False,4,
5d743ada48bd29de94885db0af01ea465524b6d8add219d78437ce9d17929da6,1121510300102110021,1,1,0,1,False,6,
5dd37ee3f69df5d37a090d0fbbded222378031b840872a46ef8e5b864e40b1cb,5214011500101690007,0,0,0,3,False,4,
5df4ae305b36d5c4a000c6b5a6d536350c012f98c2e788ad35eb99b7e783476a,2714010200104940000,,,,0,False,,no_housing
5ec8cd941f5ab535596a3663fbff974b2a79da8309b4f8b44e52c078ec70b8db,5013010500119000000,,6,0,7,True,4,mixed
5ee05ac62eff2766de104cd18c3fa8e776ed8c8a23fbdc679804b37d89edcbff,4427032023109210039,1,3,0,3,False,4,
5f1466b63cae77dda2cd616a2ae75afa64cc76215e36ca02c77f3ed2b462d2f9,4127110100106660012,0,0,0,1,False,4,
5f30bd907115a89d6bb8d67831301fd2769ff800c43a426cfed6863025df02dd,1221011100104520013,0,0,0,1,False,4,
5f43bcabdfc4c39fa7f019b69495ccc0c401b0ed4dbdbcdc193619fe748ad7c5,4111710200102090064,0,0,0,1,False,4,
5f54ed0809644a03416e7c9dc09b432acd0c41ab43ba61f3888a9a9438c44f25,1227010400110600000,1,14,0,5,False,6,
5fbf0c78a51bde47d544c4e931601a39a477161343f9c445d3e64ea42d482d31,4128510300106960000,0,0,0,7,False,4,
6008a123bbb4bff268b6bf7159fc7fb261a2b628f409b434003adf3a6d20aeba,2827510800101110096,0,0,0,2,False,4,
6035d6a825fab223f61821abceefe2329c76bd135a8cdb841e64283bcc1d92a5,4146310700106760000,1,33,0,14,False,4,
607180eb9f8c3e760b26700c04378467f87117ab82f35bc6428a7587ef13d692,4146135022106920006,1,1,0,1,False,4,
60762a3600aeded4bec742a3d2b547e3727b163cdd9dd5fb45875d3e51b87a75,4111710300111970000,1,21,0,21,False,4,
60bd82eb44c0ca4c1ace4eeb7c423bbb70ebc4f5739846109b146356eea3bf01,4128510600111450000,0,0,0,8,False,4,
6102d31ee561cb01dac0a38405ef48617cdb57bc61e062a1031d2325a1d02fe4,1144011100100880030,1,1,0,1,False,4,
610a29cb27fef9deec06cb4534a5c77b360627e35a7226ee2d27c999302ffa62,4831031026102270000,1,18,0,9,False,4,
6155e1d1f42f254091c45d8cd0f4749ee4122545644710c74dd32b5eb1b0b9b7,4413125033101700004,1,3,0,3,False,4,
61794a41ffa0ba261fb1bde5c5d0564d8059517e47e53060ca1507b7a9cb4cd3,2827510400106890011,0,0,0,1,False,4,
618551560f61f9c397b5fef5b2585afac63f73e98f6f181a97649dc495794e40,4117110100103510009,1,1,0,1,False,4,
618efd2d16afe9699aea7919910d8c56ee530e452d4cf7faebb7eca605534939,4161010800101310023,1,2,0,2,False,4,
61a93e60c12bd459970770deaba452a068b6f6c6d7bdee5affa37c417d7d107e,5211310700115830008,0,0,0,1,False,4,
61d72a3ebb40ab3f1db505f4eece19a7435dfe7f86de6312e771e5e86e418e77,4157025324112020000,1,13,0,6,False,5,
61ee1200502df32477d9bab1a2cba93020ba61db3044a96f5ce4a6945e0f881d,1159010500101860025,1,2,0,2,False,5,
6225ae47f37e4c27b661219f4f0010a92f4262d1a48eac6727ff059532b23009,5214012100103490000,0,0,0,1,False,4,
62abd4418392499eba3119b58a4b8b18ddf4b8a7879cb6efe7eb81e8222f9711,4119210700102270002,0,0,0,3,False,4,
62dfd702401f7287338e54fbc90a3a2fb7cce1f37cc1f91ff2b20a38271626f5,1277025624104910000,0,0,0,2,False,4,
6374f7e2a31352f9ccc50b062939d26f956bf0b7a17336b04f4367c3c03d2b9c,5013011400107920000,1,9,0,6,False,4,
63ae5a6a1d0c40de69ca4618d8ca52115f286970c14a008a5d0bfd04745e5928,2820010300101110021,0,0,0,1,False,4,
6475c3f1a06bb07ea77cc74ebaefbe95a871b5753eed140cd27cb29391f85fac,4122033021100220029,0,0,0,1,False,4,
6511ae2662ccdf304d409e6fddc6d36c9f788d05048c67f16950b2f089bc0395,5211114100110310002,0,0,0,1,False,4,
65154d912aa02ecef93ccdbdce4d428b25214e365e3504ee71fece4c6442654d,2824510300101790007,0,0,0,1,False,4,
656581cf32b765a435ece5db60c1859ed70254dc7cefc574546db6008e4d2036,4150011500103400014,1,1,0,1,False,4,
65ab62df3b62f17787a5dbe2205c4d5680f6a98679530fcae07c3e8b787bf1c9,4131010300107150000,1,14,0,6,False,5,
65f3cbbe6418219b9c9186737b99ac0a20f908803ab7a72b35e4d3da2b67c7e1,5172025024101190001,1,2,0,1,False,4,
6689c9e1d94787a07d128b8a90c6f431453aa93f739b975003400b3e124866c5,1147010200102310036,1,1,0,1,False,4,
66e4971848deaba49e75c08919058f566e2baf6ad9c7a08d32beec8d2cd81cfd,4127110200105450004,0,0,0,1,False,4,
66e7199d5a42c5e618b5dae682b116257c139b6538ce22470a7d355b3d143a3e,5115011600102670000,0,0,0,8,False,4,
6714e80955bf1cade7d23f8c875a5e24923f02e59f348240c5e0060f91e7048c,2620012000104750008,0,0,0,4,False,4,
676656dc2351c96e37c339a8a0b376af56b55b100d5ccc20f7ae16d01f5aed96,4122025027102260011,1,3,0,2,False,4,
6767e8ca5c3a3dd4013684d9b8e0c8b0f8a8d9eff12ff5ffa36cdc0e07339192,3114010400101670004,0,0,0,2,False,4,
6792f5d294b44318cf7fd99272d72df34aee950a1b194ead01f9a9a3d5553c57,5013025029124240000,,48,0,50,True,4,mixed
67a1f43959a5dbee732e0dc3f1aeac3dc344ed5cd435a2a1a35d214bb8adc8e2,5011012000107950001,1,6,0,6,False,4,
67b4f42dae1439bdacfc16382c28462feeb5d504d6d8b5bd7570f11663a5578b,4711310900100010001,0,0,0,7,False,4,
67e2de4554f495eb014679e69ab7eb6db21219e321f82166f151d4e4e521e773,4481025024103330001,0,0,0,1,False,4,
67ecc73227f35f2628dd490bc13a3daee05a4d2dbdb01f32374f8c517ada8902,1144011400100060092,0,0,0,1,False,4,
68febef974a78c4a22ac01031973805289d92eadaf4eda09048a9f59578de093,4113511600105900000,1,38,0,16,False,4,
691f575b5f95055e9ac237fcc56c272c8c7e8d86e07cdd29f0dc6aeae73a8ca1,4148010800102200002,1,2,0,2,False,4,
694d46d24b62d0776c76594b9b3f8ba96dfca772c2cf38fc56ed82e3bab2e544,1150010300109930007,1,2,0,2,False,5,
694fa601af0149dfb2f4bf4a9af36d57daaf116fb667828e604d5109d7664594,4784025021101490001,0,0,0,3,False,5,
69b070aec39053023fa384d0c4faf478fecb69c37e5cc28436544ba8e6104bcb,5011011200154660002,,14,0,14,True,4,mixed
69bd5641bec8e73d22fc10db696d8afbf3b7a43c5069d82176f15f598ebe67d7,5011010400104050000,0,0,0,9,False,4,
69d337e96899ca97ebc38273f053329b536012fe092012defa52591f264a76b2,4122010100108850002,0,0,0,3,False,4,
69f6340d5ae88d124a963cd8e64b6ec16893d31177f2c4eab868240b8e932c7a,4127110100106250006,0,0,0,1,False,4,
6a3bfb64c7a0f55aa55ec5db3bc09171ce7f4b402cfef51a5e8d85f2d6fda09a,2629010600105460008,0,0,0,1,False,4,
6a8e15d907f174e95d370a25527665c5e7897878420b2ddd8ea9fed9f7e9273e,2817710300103060144,0,0,0,1,False,4,
6a95bada300545e4a885b0b322fe1b2a23336e5e634c2e41e4cf712cd0356862,4155025025101350001,0,0,0,2,False,3,
6ab6f097310c45394e2a549db577194302bcc1791772d0afbf877d5d127f78f4,5117010100109700004,0,0,0,1,False,4,
6ae3e9d4dbebd3c573521665f96a8791384c5e898c74cc463bb80a5a5b0db78f,5011025028106360001,0,0,0,2,False,4,
6b1025168a5be4b6b8c96dfee394218fa6f19440e82d21a6311ac24a2d5b97d1,4812912000100190000,0,0,0,1,False,4,
6b60c4b8d5e95adf605a59c6beff26495ab28a8c7e2689c5773c75f45bc3f68d,3023012600101500011,1,2,0,2,False,4,
6bfec58d3a8de9eccba477bf3473027f42c1c19307d359197e45411f0c571b61,2641010400101200012,,,,0,False,,no_housing
6c2a5f4307a3f06a6a2e7b4635b2933647e4ab308015ea97d833ed575eac2019,4146510600107870000,,29,0,16,True,4,mixed
6d09b50fe40d1a93b50b97f1cf83f902c4ffd8cdbf5adf60d1bc4e7abdb093ac,2611010100104880007,0,0,0,1,False,4,
6d40b39c1be7fcd9a704848ef74dd4d508c26f7b6ff12f65fde1355d7ec154aa,1224011800105370002,0,0,0,1,False,4,
6de1a9b5097d8c286d4cdf702513c6a3d06e8e07e89a15eed78848c2da96bed4,4128710400120000000,0,0,0,6,False,4,
6e3c3fe9bb57518193d5e55911c48c8804af8c684a769bdc021a224f07f2f0b6,4146110100103140004,1,1,0,1,False,8,
6e475fd5d9492e9bd589714c1dcc4d28510c6473380d6eae527c8ed5e1485939,2653010600100920153,0,0,0,1,False,4,
6e72ea47c54a44c881776a2c95b4a745b7d5e057f4827627ea413c5df010fb48,1117011900100010001,0,0,0,1,False,4,
6ea3adb43707c8471fdcd8b2034715cec6168c05be04ca68ceb1f85dba0f7728,4167025021103710003,1,2,0,2,False,4,
6f1ea6436c83eb39c7537c753b17b3aec665526fe74030dddd77a8bb2098e3e6,4719025621105500003,0,0,0,1,False,4,
6f2d21a87c7f50931dba16463f8e6dc0d7774febd5bee317c4606641727f4255,2823710100106560028,0,0,0,1,False,4,
6f6ac04e16dfc92305458d13bdcf9a1dbc0980f42ff60f7f1c82037464e11e3d,5011013800100070000,1,10,0,6,False,4,
6fa7728df127022295a11b83059b7729e4456d1090ad3cad2fa278cb472896ab,4873025326101380000,1,2,0,2,False,4,
6fb4ef2292d7f4f2f2eac614eace37a5599699db310c8883e7725f1c6d9e87fb,5013010400115500001,1,6,0,3,False,4,
702eb1ff9decb2e7e924e5c28b4adc164a4d35b78693ee2fbd016ad9e50f7763,1171010600101230006,0,0,0,1,False,4,
70647fd55a1dca09e6b20bfc0a11022140a61898cfe371af6a4e0c2ccd126a4e,5176025023102270006,0,0,0,1,False,4,
70a2a294252450d2fd7cf176159bd904829cc486199ba6f4bf91f308c9f68499,1233011400109370000,1,0,8,4,False,4,
70e116e4344fb708987e3dbb6675cfa0d0c2c4be324db5b6c3e52b481d3db2f4,5011025326127370004,1,6,0,3,False,4,
71de98a13b9d4bc7d07269900f9128265060ad22bfae72815c1b84246f397bdf,1159010300103240003,1,1,0,1,False,5,
71fdbfa166d5892b931e3ba707be78d355e3cca817ad08e3b22a35c07fd88a44,5172025024101190029,1,2,0,1,False,4,
7219974a33c3b477667e1aaf4cb5fd9f03278dfc47afa547b98cea4b620fcf67,4131010500106700049,0,0,0,1,False,4,
723e02c2c6fd02daa928c66213d4b01e0d668d85cfb00c02f9ff980c055f156d,4146510200104720022,1,1,0,1,False,4,
724dad7abe28621f57525f4a8d6671d85776a4a52b8c28c23b5d6ac0e9c66f9f,5011012300101250002,1,5,0,5,False,4,
727dfa3b1616ba0372857affdba10d2674262da9c37f9ba3b037f9442a4491a5,4311210100100470023,0,0,0,1,False,5,
729cd49019ef2413f16db37813cca60620d4c8730f7398f7eceb54929687e0e1,1114016200104321692,1,3,0,3,False,4,
72a3c9dc7a00ab8cb190a1fceea3b79da986ea6b429127b7aac79eaf59fd8bea,1130510100107911544,1,2,0,2,False,5,
736ad92462d857d234f59a94f6b931757af003491b966559738b628e93794702,4127110400108850008,0,0,0,1,False,4,
744935df8f91a1ec5d6ce537cfa7b88ea59fd0570f3b53e03602f97b5730b3d2,5011012200106850001,1,6,0,3,False,4,
7450609f2e5b000be4e062d6336723e2ecb67973982b0d36ff7715fa016eeb5b,5271025022106560001,,1,0,2,True,4,mixed
750808abe19e5540e1eb15a4c84107f9e2f85dfea24a79a0035cf6fec5a03f9c,1120012200100520019,1,1,0,1,False,5,
754de27a5f9abf0f553d7bee740dc6eef8614e8ef2373f1f2cf15e87603c0811,5011011700103960028,,4,0,5,True,4,mixed
755910c1676d69b7cc8e093fed9447462e80158d07fa2743a6771d2c67aea56e,2824510500102440000,0,0,0,1,False,4,
757453817b35592509c3cd6091fa0fcf4dedf663081bde14f5fbcdf0b6cac028,5211310700115990009,0,0,0,1,False,4,
7581a0b19c7643ee7bac49b1abf4feb0c51ea4caf6e9779df960d4d29b58bf56,1126010100112530000,0,0,0,1,False,4,
75b71ae078832aa978013bf866628e811da351d48c46d5676d72abf3dee59397,3117010100110200002,0,0,0,1,False,4,
75e14bc80c7000312f3aac633fad529c9f8f671782d3d2135279ed6c646941c8,1138010500101770024,0,0,0,1,False,5,
762df8e8bd3c16c57f1e89076e40284fb9b479c0ade965dd7871f6d239d11412,1147010300110060007,0,0,0,1,False,2,
762e92244a6f7cd56b3963a2aa3181a427113baf584d7ca0bb2c1417a92c9080,4311132024101200000,1,3,0,3,False,4,
76e912d379af9be4083afcbe171690deab310a161c50c0becb9f831990d7aa34,2824510100106020005,0,0,0,2,False,4,
774db2eab56d41c3ed356b9f2f563d7d9c781dba627265124515239b752efef0,4827010200107090008,0,0,0,2,False,4,
7806e1d7e744a2902ea133f46de20b2a91c4162ace85b85e9252f1930b611a2a,4715010400101790004,0,0,0,1,False,4,
78169af274f29eb08ba81e41cfecb3bc75194ca604cf3b88f300c9f41040c86c,4127310100106080000,0,0,0,8,False,4,
788ec5653da8d160135706179442c48fa2188e06d72e603ad1bec5469bd677bf,4141010100107720032,0,0,0,2,False,4,
78bdfa573c7bdcc0408a71dce83f0fc4220f030be7d6e72d904e675b3bf37321,5011011700127450001,1,8,0,5,False,4,
78cfcde6ce0648c24d92422d2d0c9950c592e1f21a2b242fb53cef4603d746f4,5013010200115630000,,6,0,6,True,4,mixed
78feca34c7bc907dd64c489f2b924f799fa8abceb8d11d0fc4c7064e5356e4f7,5011013900123440000,0,0,0,6,False,4,
793ed684ddc2a23563c1da2d47c446fdec44f43b2f98857fac55d93a015f2459,4117310200114690000,0,0,0,2,False,4,
795bf9d5c337d30798be588f83f5698d2558dad51f3ab1969e33675366669f8c,4111710300112120000,1,54,0,22,False,5,
7966e48a7857550af192aaef1bc9f4b808d3cd1d86f5cffdb8ace37e8cc98ec8,5211310300107030004,0,0,0,1,False,4,
7993ddf123421a002f5cfa210ee751c95597c8c4d56cfc8459e4cb42c51277c1,5011025321142640000,0,0,0,8,False,4,
79bd4e11b9cb5c4bee8a110d0840fda88394d9afd36b765334b1c74c3cb69bcf,5011025923113350000,1,6,0,4,False,4,
79d3b36b17f6049696c875f5b40d3c0e3393ac4237704eefc35001344cf6fd97,4150025322115490000,1,25,0,25,False,4,
7aab1fead949c72122ff98c24448f3487867ada4c41191f7300a13e54869bfeb,1162010300110530024,1,2,0,2,False,4,
7ad7543c1ca6f18ec025f1b045c527f3d9232a7eb8281a6b1b11a17e12ffce11,4127310900109660004,0,0,0,2,False,4,
7b23e872b6faf776217a4e344ff0675a538b926810760e58d4c4c26faeb38fa9,1150010300110450019,0,0,0,1,False,4,
7b76b4889c2dacfd56e4da683d978c70e1cee9799bebff0c0a44aa3972ecb2e1,4111514000105030004,0,0,0,1,False,4,
7c00df6b1813cdc4e3cd87930bb1ab458555780cbdb4d28ca049209982977878,5011013400117180018,0,0,0,1,False,4,
7c26b6f3b6b5e02cc110d4fe55283da0b6e3a6f7473eab72b2795bb59079d9b7,5011025326127740008,1,4,0,3,False,4,
7c4c7ef8b70e491e335f768e7cc883efa07034bd8e4b60a30c83fd34d04a3e93,1138010500101770046,1,1,0,1,False,4,
7c75ff4225d5357cb47977b335fa43b0a13d8e992b90b724aad7e7329ea4bff5,5181032021106600019,0,0,0,2,False,4,
7c8c309f93abcf00dcf3ccd346cfe64e93d48e8f855eeaf9ad643aebf924e8fb,2641010800101290006,1,1,0,1,False,7,
7cb31c124214be8185e05d64b67b287224b58e0f92d7d119493595be49936ee9,4719011100101500010,0,0,0,5,False,4,
7d093a8444c2ec8b9e03bdbaf56c64df9b8e07c8425f1737348c8ea5ec0a2505,1138010400102750130,1,2,0,2,False,4,
7d1ac760eaab5b113e4d9bf3ed9487a7c0cd271010e01053f0b8b16425083981,5211310400115300004,0,0,0,1,False,4,
7d374950a6c976126f90fac80e2a74e91318a50598bab10b793eb9b59e1dd953,1123010700102190000,1,3,0,2,False,7,
7d38ed1780ba70c513e11e544d73f2957199f9164d7c8682f55d14df7faa982e,4711111400102070000,0,0,0,1,False,4,
7d5a724c4979ae5289d7f2dd2072fc468482ed7d0ced74b46b60d88f97ce1be8,4311134022100310001,0,0,0,4,False,5,
7d75b7ee7bb52e5e99f1dd6805f376ac626d269fc40aed19428eed9d97b1f326,4113510700102650000,0,0,0,11,False,4,
7d7e6f9c08da6d3502366919b468c7a3a13b1ea3e51cdf2ef23ab017af53c6a0,2650010400101200100,0,0,0,1,False,5,
7de576d95fb4f81973bb7dca5616a7679180f8621f199780019cab05d917c002,2729011400104190001,,,,0,False,,no_housing
7e2b91729dab60a5cf2f76777285ea4d3b09e049fc86065bb3bea764d5f65ad9,4812914000106590000,0,0,0,21,False,4,
7e99bfe0dc76010faff8aabcaa495df833d40617d6cb795b6e5c31ca40bf121e,1141011300101280009,1,1,0,1,False,4,
7ea4925bba55cc1fe7f961fed767c4d5cb15d07e62b369dc0dbede3e2bb7a373,4137012200100370000,0,0,0,7,False,4,
7ed8ffd2b90eb99d90a423a9ebe3ffb42c7e591de3b34a55f1551fb66a348514,4711311800105540000,1,34,0,12,False,4,
7ef6306e965de4a0f685626ed64ff86c2c48e37d680155c62b58464faf6ee3d7,4121010100102880096,0,0,0,1,False,4,
7fbddb7eb2b8820e05d206b4ccdef2c6f3355da9321185c5bb917b7e74ef31b7,1135010500113810000,0,0,0,1,False,4,
7fc6c93cf48f802270b125dc020f9b5dda2984cbc091b1e605a420655166e76f,1171010400100130016,1,1,0,1,False,5,
802ecee420639bf6bb169b83dadeb1e97ad75f5e642afd295d3dc39470a5d2e7,2817710500108560083,0,0,0,1,False,4,
80cd29fb4ef0b1703a94670dbfb6e4f6d7cf617d3002bf378b934cec4a4e0efd,1162010100109000019,1,3,0,3,False,6,
80fb69e83f55f93c3f5a00a889b135458f9145c05970c7321cf9487d030aa740,4148011400102570004,1,2,0,2,False,4,
811d0f8131fde844d41d407eb6fb6a12508188de8ab1966378c711de71c24aec,5011025924117520001,1,6,0,4,False,4,
81508827dd161e75b19e12c923a4fed4e1abec0909ef98261d1b7798ccf505f8,2620011500101000003,0,0,0,1,False,4,
8171128e18cc90d1095498f9fe7a20a4c8779fb62573c3c02b2f64d2472e20b0,4159035025103770006,,,,0,False,,no_housing
8191e3dfcf0b8f10df744dd064c8d1d5f39c65154df7828718ad7b6e62f134c9,1230010700110390002,0,0,0,1,False,4,
81ceadd4965789bde600a2b4e6d5b960b8b9af476d8daba68f2cd63e894a419c,4127310200107230000,0,0,0,5,False,4,
81de0773d3c9c8cf6e4447b6068a0ee398e505c8b6d93504ea8d5441c9f6b079,2647010100110130001,0,0,0,2,False,4,
81e8a13a779e1f0a3f7befbf096d3c1e10a55e29ad04ac693c45053e03d65fa3,4111312800108900028,0,0,0,1,False,4,
81f9428972bf5445736f77100899aa298e303dc80ee9079e35418d83ce00a557,2650010400100920003,0,0,0,5,False,4,
822796afa2c539ece601712c553f4ef16c9092bbbc11e9f76f1d955a2d053d92,5178025624112710040,0,0,0,1,False,4,
8240d90c348f74d2e9e4a24f0e5817c3b473c3747301922c246553659beada0d,1281025622123260000,1,18,0,6,False,4,
826502d56d4131b50fcb021908e9f70415a8bd09b7e138c08e647fe6aae42698,5176038024106130041,0,0,0,1,False,4,
826e55c934116dbcb941e9ae346e2fb506fd4fb7fbf02bf4a33c7dc9cc96301c,1126010100104460018,1,1,0,1,False,5,
828306f3b66999913efd00777fd762b171494dd14e4f210c6cee0118ec9fb4e2,4785025022104840002,0,0,0,2,False,4,
8285941df9f4d87e93ce1a5251e1c3f76a353e189f5f13db2b52642ccabd635c,4128510700113980000,1,12,0,10,False,4,
82b81046f2d4740586a94e27e1dfcdf7610a2777f8772c4a91f60eae52def86d,4127110300112060012,0,0,0,1,False,4,
82ef2f15484020c7a67c4cc0317221188327e73df1b7ef9e6c11aa687b0c5a00,1138010400100120383,0,0,0,1,False,4,
831dccaca167ff0c308a5f2ba653819df82b10c96d3925e15bb7a1ab94af4f6f,2817710200106270412,0,0,0,1,False,4,
83413b17e04b8b86c89d212f6046fb2bef68e00c2444d191bc67a0c846175d99,2817710500107500000,0,0,0,2,False,4,
83f0276cabd6cddd7ded3ebe1edf3f87954e662af022ce769a0daff6a7187b42,5011013900100320007,,6,0,6,True,4,mixed
843428c106073c26573e4e6d821824f8a55c1a4c68f094f04cfaf9d76a8138c9,1138011400100090000,1,28,0,12,False,4,
844e629bdf1ec298ab9dcac21f9e5c1ee5045e04b69bc86005da412e462444dc,1121510400105790000,1,20,0,8,False,4,
854dac2a7fac8430453d1297a2980707ea0f841b6d6a476c89046e4d6ea9ca64,1159010800103920022,1,1,0,1,False,5,
85797e458ef0e6d17f2635115756c0e444f0c963fcaafcb631a2ecf7d124bc94,5279040021103800001,,6,0,3,True,4,mixed
85e6397e700028b7ccdac4636437f11f6c6a87113eb430abcdb9718137885f53,4127110100105970006,0,0,0,1,False,4,
85f5d841aed54e633f0b7d31b3b85feb8d79093168497360e577f298168bbe7d,4119410200105300367,0,0,0,1,False,4,
866765eabce3384c17637a3c63fef33cf79bb30ca5208a7821c5ff5b6ffdc25c,4137010100106090166,0,0,0,1,False,4,
86779d371f896f72eb91dae4fa011007f7fd4a1722eb8f3ca38802738ba7515f,1287025025107910000,1,4,0,4,False,4,
872da9fe801dd02d6f6551dc7f1e1e019b6efcfb6f6403924eaca65f881963a2,4163033021107410059,0,0,0,2,False,4,
87fceaa37269a0b81061641b6e40c76144f473a05fe9398420dc448e9f54cc6f,2824510100105060025,0,0,0,2,False,4,
88041e6c620c85db9ec96ca331533ebd031be469f95729221ec8dc6aa48cf4fe,4311210700100650001,1,6,0,2,False,4,
881f0298899fa2258b4a50733961e43a8ced852d40532018c26a2138da35cc63,4161011700104380005,1,2,0,2,False,4,
8858c275ed768989ee3088ecf85182eb450ab777a0f205510bccfa126541bf91,4127110300112520000,0,0,0,1,False,4,
88781ffb9c2ca0e9467d35482d42c9d85625cc0170f82fbaa4406dc6e382d16a,2641010800103920046,0,0,0,1,False,4,
888f28fd8e42a302a862d6331f70e2fceebb00e645e713c46d91422c9d004f34,4128511300110070017,1,3,0,2,False,4,
88a12c7bec21b30c5196ccc5bf49e582d70dcbb174ea8284c8da1ddce2c654d9,1159010200100070182,1,1,0,1,False,4,
88b72c3edd453fe8fc21ef6e8e4ebaed606476744395083b92d06660940fb804,4111312600111470000,0,0,0,10,False,4,
88b92a3f953ff6717d618c51c1cfe5ff8375507b51f2bfc03bd7b01c043a8b8d,4128710400120830000,0,0,0,8,False,4,
88d5d6f93ef6491006b717c733b73722152efb5e830f4549cef83610d9a9495d,4427038030102090002,0,0,0,9,False,4,
88d8e3021646b1763aeb4b321b9b8e1600cbd632e675ccbc23efb76d3128de63,4137012200100200008,1,1,0,1,False,4,
89a73736db83288ccb6be03f93497d330792a5a65896cc09118d212d1d467728,4713025332120050000,0,0,0,2,False,4,
8a50daa6ce0199c0a65d5fe8a4b4904b8efb9880dd5200f66d08b45acd47281b,4148026221102380006,1,3,0,3,False,4,
8a7f4e45fa38fc706e58d2bee0c699695632c161928dd6c1fad4de3ebc12213c,1159010700103160258,1,1,0,1,False,5,
8a8e58d058210a2f547dcfb35625b4b1c393aa80a55fbef5ce867c6a13024373,4146510100106870001,0,0,0,10,False,4,
8a8e7eebf545059cfea0e77c7bbc4e0ec5c2b18d975f0ade9fb153aa6c711d68,4127110200105770010,0,0,0,1,False,4,
8aa8eb6e8b0cd09fd29f4fb503f70599b87eed948838ab9a7138a80bc7f5f5f7,1147010200105280036,1,1,0,1,False,5,
8ae1a27273164afda52b061339f43ea9e7284b8b995d062fe783104f3ea81fef,2820010300101110222,0,0,0,1,False,4,
8b245140cfc5c21ad9c5a66469f710543ef5ea5395b001ccc7f76e95052767a9,2632010500112410011,0,0,0,1,False,4,
8b6e4fe8f1a5e0825cacf62fa6b016d481d799235e955530374d56d9260ea4e4,3014010300103630000,1,12,0,4,False,6,
8b9ce36504b579f845fe35eb468c022b8a21ab09fbe9c8bfaa0dc9cba9d85686,4127111100108940014,,,,0,False,,no_housing
8bc0c168632d80c0393abdabcdce51f7e52379e4ba8fee8f6065e03c04447294,4375025021103580000,0,0,0,2,False,4,
8c28f420334d3ced7f4cff81dc0cd4746ac850696a0bce8c09c7b6a9dcf431e7,2824510200102950001,0,0,0,1,False,4,
8c46df426133de46f88a5b0566fbf54e77417cb5b2697ec338d02ffff52db356,5013011900133980000,1,5,0,5,False,4,
8c583c6a0a9e0075f8fd891d005e46a7d42bc46a66363d74564b0f645dec81ca,4872025030100680001,1,3,0,3,False,4,
8d0366fa762897ea72dcd8980c09a26f197ad501d9d8ce60b94bbc45ec7556eb,4413310200107060016,0,0,0,1,False,4,
8d109bd49b643d4cb034fa9026cb4a020596065e76b19d1db409d3e4f60878eb,4157034025103400009,1,2,0,2,False,4,
8d23161cce9c7b0a7f6139e556d9dce6e23577eab789dba3b8f6d4b2c0c1555b,5011011800110850000,1,6,0,5,False,4,
8d345ab272d18a3a73fa6a6b9f9a69aca766a267ba472831f835d2fbf3b3a64c,4711325047103480000,1,6,0,2,False,4,
8d3caec9c538cb779dfe1e0613a6357f04b00aee7641a55de8f03a979c7e6d7c,5013010200102120000,1,15,0,7,False,5,
8d48ddced00b27314d8edb3ce419e1cf7ded7de7b35c2337cc144c8fb19eccf9,4159013600109780000,,,,0,False,,no_housing
8d5dc2c3fc35d0b178247df47631dcab273bb5f6292e955d76b29054c30b41f5,4812914100105120000,0,0,0,3,False,4,
8d693e155ac3b440a3a08306d4f9216734d92737605f1218ab48270b0470e022,5011012200134400001,1,2,0,2,False,4,
8d88957fc3d610ae5e749df350437c008f47a10dbd32dd2adda0302e4111a01a,1230010700100030044,0,0,0,1,False,4,
8dd16b789a64c1b95f1877cab01c79a42ddab639b8380536fcdb26f8ff59153e,5211311400108990004,0,0,0,1,False,4,
8dddbaf5d23c65e0b8b4ca71f0406eb0a7d9e5913ffbc1784a6bbadf6edd33c3,2817710500113350004,0,0,0,1,False,4,
8e1c6918cbfd416ed9a16dc0ec840da76112ff76aafa9f1e4f90fe6cac312f61,5011014000102750002,,5,0,7,True,4,mixed
8e3f39f64d1b2ec7922086c290b2f97742946565399e5b461737062fbc72d82c,3120010800104730002,,,,0,False,,no_housing
8e65618a6ec6dcdb1113c234ee3cca64ce9e750aae0b73341cfb1b6bee023a23,4713012600105860098,0,0,0,3,False,4,
8e76cd83d61ef6da9229909dda4dbc99c0e78009f10fb4b1e07eb36c95b6a2ba,5011025921105510000,1,6,0,4,False,4,
8e7aa53511349b089ea429dd7271c470196e26a4bd219481ea35f97976644229,4311325024101080022,1,3,0,1,False,4,
8e866ad9df3e8509a7df5f70229ebf78e03204083ea442889fc408676737d1d1,4157025025100430002,0,0,0,11,False,4,
8e994b05d01bc489d4020b2c500bb32140ec516ff776dd4068562a289805eaab,2827510600105560000,0,0,0,8,False,4,
8ed57ca954e4b90b4c7ab1e9de89610dce6bcdbbd6317a61f669f4b983494628,5011010400100490000,1,5,0,5,False,4,
8eddabfcf89cb6e9fbf7dcaad7e21434b73005d9e562b0f56ef599c5b0a2c7ba,2815510400107190004,0,0,0,2,False,4,
8ee9aebbf0ac5cd69133aa7483ba8000691026f699daeeacfd010fb3be73820b,5011011700128020001,0,0,0,10,False,4,
8f19a5e2cad45650562ff33ca5c3934d17acec3ae8c6105de290d08bf2602019,5211310700105650003,0,0,0,1,False,4,
8f7e6beaa7b1acca8400f4453594c9e8f27a4672983a55188549084ac1f61329,4127110200105730001,0,0,0,1,False,4,
8f8a73f29cedc37bfe005d42e05661cbbc76f76be190ef4d84e88217e05f14b9,1159010200102140350,0,0,0,1,False,4,
8fa7a58b04276ac13e32c7c38c77e8e4a8204dd203820cdce852a0f79b5ac19d,4420041022105790002,0,0,0,1,False,4,
8fb154b99756aafbbe584e2d6aab8b36712fe831c326b2d6eb7799056cd2bbd5,4127110300112010009,0,0,0,1,False,4,
8fde6050753c65f70b016636b1ba4297901ed0cf5649663de2c4ec16a4a543f2,4111710100101970000,0,0,0,12,False,4,
9007044fe970f84f806b6b966673f8033459388a8e48826ec522b7ba6284b519,4313032521101170006,0,0,0,4,False,4,
9031df21da25c5a7528d1d3665e3d2ab0472c28537685a185954ce198d2c4db0,5013010200111960010,1,3,0,2,False,5,
9055e76f7fff92da3abe6ae312985680c572a91f1b2321cdaaf342db3f02fb0e,2827511000103060000,0,0,0,5,False,4,
906148da4245730bb5a02d574c6c46fa143bc5f02e1f404bbed26829f045e5f2,2729011400104130001,,,,0,False,,no_housing
907dd282ab1635458c58a3ae86047aaae1f5997149c45ad2f1404ab0ca3d9444,4127110300112470008,0,0,0,1,False,4,
90a64263e9d2d3d6cb1bb2c1d018c261394b7f6e0b8c2e6e934a14ff7320ae97,1150010200105300024,1,1,0,1,False,5,
91149dac1273b2e803e311d0d57ceeea76548ab98b08f0d38184b457baf77501,5211310700105650000,0,0,0,1,False,4,
9170dafea35d245942ea0438b1abe77eebfa1387d61968d68fdbf1b8c5e48922,1162010100106350352,1,1,0,1,False,4,
91858b028af745d54e28b35a94abad7f15f602880cf62b13dab710cc0d27e17f,4127110300111890007,0,0,0,1,False,4,
91dc76450e0f872e6a868eec526f50fcc3bcba663033bc149cd9192034f208f5,4146510100104000000,1,2,0,2,False,4,
9208fb2ce92275e4961fa837682e8f0ec0c8af9b8c1fb66109645c97d99a7a40,2629010600114750029,0,0,0,1,False,4,
9233c9af3c92f49abeabe7d743eea6e2f48bcd2987abdf2e5a3aec1e304c705b,4311311500123200001,1,1,0,1,False,4,
9237f5901ae5980be832572d915ef8795dd45196c32e7efc5679e16e6f468935,1274034027104670011,1,2,0,1,False,4,
929631f2103dd107f11b5211118db3e70e716ba3cbb2f172082346849ba66282,4413325021102640005,0,0,0,1,False,4,
947cde781bb70cce3af48c72fbfe30cf52e842b3a7fb179d1fd9a3b6ddfe6baf,3111011100107480010,0,0,0,8,False,4,
949557ad6f05e5e2d2b2e3372046885e160b41d8e1f6af968879e97c8cf1a694,4127110200105240001,1,1,0,1,False,5,
949e68eb7820b6143817c0577db25f8b2df9391bce4dc47ea774e51272fcc58d,4127110700106870004,0,0,0,1,False,4,
956ba38fe0139864bb1640f43fa0b5511bfc1c65517c6889dd2b098f32de5391,4882025025102740000,0,0,0,3,False,4,
9591b217f888a708f818cdbb72cad20494c230c0f744d0c66adeb27fccf2777d,2872036022106850002,1,2,0,2,False,4,
9597acba9d1a347cb1ba2505824eae98caa9d691fd3875a47330451073738226,3171026524109730004,0,0,0,1,False,4,
95d447ae80c075a9ca26a62609954a7a681f16d6960c3808b1eb752c2a47dee6,1159010900105990034,0,0,0,1,False,4,
95dbc5d0bea58982f9d0b15d6ece0ec25682b8169bf1370c430faf176a6d36be,5179032026111380000,0,0,0,4,False,4,
95f37ee79237908f2fb048a49d362ba6682d039609e3b29bbced9ca35d970073,4315034021108030002,0,0,0,1,False,4,
96111d94f2bf5d10a665f44e581bfed46754d2ab64ed7e4bc9e3d92e3fc49a21,2820010100111620002,0,0,0,1,False,4,
9669f8a63e4e6a79a5d5c0378902b8ce766145d38206906c5e9d4c1aad5a959b,4311331035100630003,1,1,0,1,False,4,
96e0bf8d2016dcdaecaf182721841cbb8ab13a238114932dcc453f9ea518afae,1171011100101780000,,,,0,False,,no_housing
96f67a5a31ccbe1cc4b40e4aa80927b3847f472dbbcdd75375fde98bea764e98,4139010200108170016,0,0,0,1,False,4,
970e761ca2e8b27c6ca9a13220129987a66d67e7210187bbb1d2e8c90f4d1bd2,2820010300101090146,0,0,0,1,False,4,
971ee10adb11ad6bf9d5cb87878abbf9c352ab2f7ab5bbe54b493e993e0cf204,2614012300104340357,0,0,0,2,False,4,
974df79e0c82b1b6381aa6da12f8354ed5142fe4aa6edd19ff6a7da9490fc188,4145010800107590000,1,18,0,8,False,4,
9793146dbfff8895e44ba13eb1eefb0e46fd022c753d24caca7db14c1f70a033,1159010200100070046,1,1,0,1,False,5,
97c286f44724fd95624dbf425869e11fd42baa131b4e46c28c4eafa0ff119b4b,4127110200105910009,0,0,0,1,False,4,
98d16ae3cc4afae91af833812235ddb799989ca21c60aae50ed28e9b96984ad8,4717013400104920003,1,2,0,2,False,4,
98e2dc84ceddca07db4a7f3419b601f00034ae76ed2c34c6c6137b74e1a4fb49,5211113700104170004,1,4,0,2,False,4,
99274a71eb538ded10ce5f591abc957802f7db5b65479b7ee9da75e74ab2cafa,4793025023105950001,0,0,0,7,False,4,
9962f3baf45c834357ff8f31f94b45528e5060e057e52d92be70a2ba625b6be4,2824510200103340005,0,0,0,2,False,4,
99a75133da9882af732a5a6e9244846ae242ccd0e6b4cf12387e2d28e24f39f1,4377025322101500029,0,0,0,1,False,4,
99aa8f0f4c891539936fcc038fb0bbf3afb63fa26687c445cbe4ab1a19a2890d,4139010100104660001,0,0,0,1,False,4,
99b5b286de0701f7268030f4e0707d33596203318d744eb06d5ae25052da2bd4,4165037023100650000,0,0,0,3,False,4,
99ebcb16a36fa3a9cc20736aabd4a6ff27e8e0476e76bd2a232355389895d91e,4421010200105100008,0,0,0,1,False,4,
9a6b683da1c68ab634d326274d22aff23a0598418752837e5eb6449cbe3976d5,2623011000105060032,0,0,0,1,False,4,
9a7547a70f4a83685b002d9730642ccd7d2b9a79d5bc8b99235a91774b5c2b1b,5121010700110730126,1,6,0,1,False,4,
9aaccbab57d037db9cc49d050913e6f530bbc18605667f8e8a584d42481e5579,4125010200103580002,1,2,0,1,False,4,
9ad74a9a79a5b74005d2320087d001648ccd709d914621e35c48c8766c915d18,5272025022103720045,0,0,0,1,False,4,
9ad928f7dc6bc96ea1cdd6830e4461d4777f13d3f69da7c58caffd2b8034f2f6,4115011100103150004,0,0,0,1,False,4,
9ae59b4611be15c2ac354f8f03d74064f46ed78d09e328952f5a84078e70491f,4115010100104110006,1,1,0,1,False,5,
9b449f2845517310fef7efcf305b7b139370d88a8cd4f1bb92375cdefd2dda38,4146110100104340039,,,,0,False,,no_housing
9b46c10192f08174228a851af2b4819e99e78ff35d066ef383bbb3d21691f433,3114010500108650014,0,0,0,1,False,4,
9b56d2d07369389bf4298ea62dbb5e3cf27f812774df482c0a52b7f5c1d15a4f,3171025325103790000,0,0,0,3,False,4,
9b67e3990c04342c4dd8338044bc3e77758ce914979d01df42c1fa2560748634,5011025321100430000,0,0,0,3,False,4,
9b78b995ad577df0b99b19062b592179b219a519599c09d7a9372c801496c230,4113510700105120000,0,0,0,6,False,4,
9be9ab3f533c44129859a07fbe991a13a4ad63cde5c1a4c8a2601315487d9739,4122010100106040177,0,0,0,2,False,4,
9c671ddfa9c381177bb4cabeb394fa4313df923dfeadbd86f7e1bde0805f706e,1168011100105410000,1,25,0,11,False,4,
9d42174b039bb0410e9ce0b6f3c73a00cd1077854ecfdfc9a85b050cd4de1aa8,5011013000101340000,1,7,0,5,False,4,
9d9c7bbcf9aeae51f1d63f7690e87bf86a3cf7141d34db37da86f29cf6f089ae,5011011700122970000,0,0,0,4,False,4,
9db445208a8e0b2fa6c120669b5a77d41074840f14c084c00978b27c4ccad14a,5274025023103500001,0,0,0,2,False,4,
9db5a74bf4aa3e18edea596db3d55762e2b1840bcc4857bae7ef8af92d5c1805,4122012400104480009,0,0,0,1,False,4,
9deb01c3c04ad7bfc1a4b2d6517811954cd70276f4425919310e31552bd39bdc,4377025321105350003,0,0,0,2,False,4,
9e25ec454ef936859591c527fdc9edd4210585cd51ace36cba6082047edbb969,5011025321137950000,1,3,0,3,False,4,
9e8d0fa3bac85c2478929b1cd104ebf152e0eb9150f4a1188c9919b318bfa4e4,4161011700104380007,1,2,0,2,False,4,
9ea0dae4f2a125cf5cb968d9501c3944e8af306c976cd7df28b4ff1d21352eff,5176038026102560001,0,0,0,2,False,4,
9efad1a00066e7aa0fb55f44346170b973b9edb55755b0159667693723efe2ab,5211310700115920003,0,0,0,1,False,4,
9f04211cfb20dd38b98eba2390e1fd1d42863961bc1d4f90b0057c3555f65b6a,1159010700100910047,1,3,0,3,False,4,
9f44e390faab3d87f042e59206f404baa0471ff7bf92285c17beaf2af5d5c7d9,4128111400103350006,0,0,0,1,False,4,
9f538da2d42d785e0fe87282882f5c793d1cd82bbc8b7f8f3cf4b22470da4d78,1213012200108960008,0,0,0,1,False,4,
9f7b6ff09b119d9fd72f6a94ce7c310a8a43c8661483a4d198b8694562689d07,1233012300110490000,1,0,30,10,False,4,
9f80bdbe98ef2a378a8ec1a909cebbd83c12757628ce59c2bc320b909c0b280b,4113510600102960000,0,0,0,7,False,4,
9f9dbce7d1a5091d3ff2e81e6fe269669b3cb81aae823491ead109f97853ea1c,5213014500104380030,,,,0,False,,no_housing
9ffe6d9dbadd67fc120f3103f3513947ae56c4619f4486e42e083d558d3af08a,2820010300111030000,0,0,0,1,False,4,
a027a33857c27894cabbdf2de27ad593e3722bc5737f5975d0cb1f8a63f25804,1150010300103670115,0,0,0,1,False,4,
a040d7bd95ff3e94a98d39c1314f5440db11b249f8efd686042d2f412d34747a,5013011600156690001,1,6,0,4,False,4,
a0a2dd176eb7caacd0fda1867aac46ec84ed4abd51516408fce23aca2fef0ca1,4415011000102430000,0,0,0,1,False,4,
a0b1c50ca8d58835f15fc25d74e375cd8dca7bc5c6576502e9c0ac57197a3042,4157010300112930004,1,23,0,10,False,5,
a0e34d3f23bca40f342c7e52a6669c8aca1aafed9da1a6c84be6045d6625df90,1153010700103320032,0,0,0,1,False,4,
a110c35bbe2cf10122aae29a835797608c0bcf80737b3e40d7e099494977980e,5176038025101660018,1,24,0,9,False,4,
a143b37dcd6689a187056f95a548c5d9bc2f81a4b37afe55766d9fa23fdbf715,4127110300111920007,0,0,0,1,False,4,
a156f6c6c323902afa7c7b880e931e0e118eefc826ed2921786357c61fd11220,5176038026101640000,1,3,0,2,False,4,
a1d7c84e01707618ffb89df96b251308e71db96590273a5790eab70587c1abc5,4413133021101630023,1,3,0,3,False,4,
a1f02b5d5f700a0a8a4c3ecfa5bbb727ed58097378b4e84324a09481fa1ca39e,1162010200101030190,1,1,0,1,False,5,
a2209f80d23f4b3f88fcb1fac87fac150a533b19b07555af12fe2f4abea9a62b,4427025334104260011,1,1,0,1,False,4,
a255736dc7acd587aaacf9b346e01a825d9e2da4307bd9717b16a122a2f46316,5011025340110400000,1,6,0,6,False,4,
a2fc520bce29891069ff247ea0b2a8d900536c6b107f2bea88ebea3920553d54,1278025026100150017,1,1,0,1,False,4,
a33a8d702d056b9d6a8989cf105e675734f9b7438cb5c3842c0dea132d605962,4157010600102550001,0,0,0,2,False,4,
a35703bec20ba1dad09225ff32ec2e8776706028e10934e8a1e57f3c263e717a,4311311500123180000,1,2,0,2,False,4,
a3964982ca34c7d437fa6b63bfb22b3e7dd4c7433930df05e2872c130c8fb189,4148025326104510006,0,0,0,1,False,4,
a3e08b94a3e774733c66ce759faec7e9371612f602317195a19914e520d75ff0,1130510100113780000,1,2,0,1,False,5,
a4a62c20839891b0f4ff9989fd7f5cd8cf026b7630aa6dd85a2dc814e7b3f0a6,5011011800113680000,,9,0,5,True,4,mixed
a4b8b377457debc46cb9391904036dfb1f0609b56d9732876b754ecec11e3af2,5115013300104380002,1,2,0,2,False,4,
a51feb555282b930f7d95d41c618d49bed4c493aa58ebac1aeef65bdc5ed2527,2650010400101760003,0,0,0,1,False,4,
a54b61abdcfc75c2c5e336e9c12b862888b397523738374ca022a76991f9cb1d,2823710100100160015,0,0,0,1,False,4,
a56a19b720979013b3757a1aceb4a57fa6965a2734560802a15a55419205e2eb,1162010100100410309,,,,0,False,,no_housing
a5f28143144ae7d5bfd820ba2666dc310071ceeadbe2edc4824f7ca1493f98c9,4148025327104160002,0,0,0,1,False,4,
a687c2a680d4f5224a903e4699d1b33d21145c546c8e1c164eb68f7602d178e4,1111017200100490002,0,0,0,1,False,4,
a6b822568f2ed965e2283472992471b9e679d7c9391edcce56ee251c9eb70c34,5011013900120430000,1,7,0,6,False,4,
a789ee0f2a7878d22db82df15a2429616201a3d3c76b01aa34cebfa3ea1b7272,5011025631200790047,0,0,0,3,False,4,
a79ebe77030ac00e1ffb1e47d5ead52083dd7e72d93f8b217a59096dd876d05f,4111710300112140000,1,14,0,14,False,4,
a7b55b2ea2530beb0c3331595674d34bfc9cd4e5918f765b951da98cd6315d3d,4148025321104130011,1,4,0,1,False,4,
a7f1a4ad4fa8abdf9aa15951d374f1e188f2c4683f36ee4735fde0136a8d559c,2817710200100840006,0,0,0,1,False,4,
a823014262c5225ea6a87f20ef91a8e16f9823f635f0960969f9682d1e2493d9,4715036021108170000,,22,0,11,True,4,mixed
a85ddf85d6984dbdf558ca88d07109d0d41047121bfc74e2bdeab59f3bb97f87,5013025030111150000,,36,0,22,True,5,mixed
a86b29585376222e19c7ad3b20fba0011a82a53d18f54147749140e13ab45ffd,1162010100115970031,0,0,0,1,False,4,
a8a86deb508cdaa0c6891602298760e808653748c5bb43a0bb69e2ccfceb17f4,4128710400120020000,0,0,0,7,False,4,
a8b2476e43db354255dd5a57c46e9fd0d34987304f262af04331cdd803febd43,1150010200106540026,1,2,0,2,False,6,
a93c4e6b96ac40e2e754cdb73a2add95b05549fab91c9ad7631b0cd111fdd0d1,4165010100103030019,0,0,0,2,False,4,
a991594ce336e6f20e1d7d1537a600df05c7544d704631b707793064f170dd1e,4137010800105320000,0,0,0,3,False,4,
aa41d2168d99277efb0593ad0350c1f6096f553451f436ccb0362c75407f8ea7,2638010600109300000,0,0,0,13,False,5,
aae36f4bbd6733e8666667e63e3ab19d2fdc13c2b60ad8c8c3ab2876522a6a70,4812312800101570000,,30,0,30,True,4,mixed
ab13ec90641e90a100e054403ee23e15299504d273297cf0a36205b22b974f4d,4375025330106370002,1,3,0,3,False,4,
ab23e3ebc2045eec9aa599f5776f84e74a91f8116b11f3530b51f2508c0300d3,4311410600101860050,,3,0,4,True,4,mixed
ab2659aa265fb3fda2ddc98c5d307d3f6217757c824f9576fe17df15421b951d,4719011600100610007,0,0,0,1,False,4,
ab38aea6e71bc3d5be6c80701ee34a2441f998eb0b462542cb017082e71c91e2,5011011800111880000,,5,0,6,True,4,mixed
abd81bd5c50acac8aa8b9f301a8ebb4602da5ab36d306a40210bdf672fe15534,4128510600111930000,0,0,0,11,False,4,
abf70d4d2ff41ec78792622032c0dc1aac1a0664772a471ecbd2ec151563eec3,4311311400124480000,0,0,0,3,False,4,
ac2c04563e3106355703b92b546d5f599a42c9a98adf12d2c2b7cdf1a08b8733,4127110300113190025,0,0,0,1,False,4,
acd26188e96ff0f0a1b47cb197eb87402957f0152babb8fd20ce7f97fd1ce429,4423010500102960028,0,0,0,3,False,4,
ace02560b30a18402e8305e7d3f7eb2ffe46e8287a39d8d0842e1ca665c7c6fc,4150025330106930025,1,1,0,1,False,4,
ad393a97b6bec12e0063c7fcfc030721d46b1d40ecb7f6643d2717d1586e9268,4150035028100200006,1,1,0,1,False,4,
ad57bbd0ed4a60a610ce7842d2ea80c05819b2c3f71b0dc2db2307c25d781838,4111513800102080000,0,0,0,3,False,4,
ad8aec18fa594de058235f363c061a8c655c5cb5ac4828d45b75f626e6b203f7,1213013400118150001,,33,0,13,True,4,mixed
ada0be4fbdaeb6da7ad2952fd4cbed098186403cc68c633a6eae277c5a7981c4,4182032521103190111,0,0,0,1,False,4,
adc00afa0bb2cd2098b98c28ce97a7a42342515afefb55c5ca5bd9acf0cb7991,4113510500103220000,0,0,0,7,False,4,
ae4360638d944f1b632e845355600f2d5a0c6f6c15f275beea5170859c87c0c1,4313012500110170000,,4,0,2,True,5,mixed
ae5495e41dae2de6455946f99aaa4b6bf1cedfe76eedd5e86437a0b7b737fade,4128111400103350000,0,0,0,1,False,4,
ae6170fe8b5bf6e9dd7a9e195d7090d84e5db16310c8941a8dcc819a44a85a2d,4423025324108550000,0,0,0,3,False,4,
aeeb1bffa8893dba25d7868bdc8cf45568ace51171a193d3cc86727b4f87f753,4143010800103430000,1,4,0,4,False,4,
af18f46b87613a034eebe43334ddb36b7a2aad8fdf23ec2f6ffe88e4448778c8,4139010200108230024,0,0,0,1,False,4,
af4aa7758b97ac092f4d850e4fd33ccb4df6328e34970e4c77d9f7fab4e158db,1274025028102160002,1,3,0,1,False,4,
af5ab92448a3a5551397be4874034d680714b48afb27cff90204c94135c3c9f0,1114016200103040413,0,0,0,1,False,4,
afd8250047a4c3e53f0cdfd51d86ffd57f81bd7e1b77e1df76f5824e316b19d3,4150025330106930006,1,1,0,1,False,4,
b06f8c6e9048901bf655bec52165835cc0157dc017112bf31bb96d589098ca0d,4122031030104270001,1,4,0,4,False,4,
b13c35d0d11819781a9aa3274a0f3d89f8abe1e29616b19abff264711b1614ba,4127110100101000001,1,1,0,1,False,5,
b18ebeb631a0d13265fb27083dca52d049113108053caae5852d7d5ca6f0e7a8,4148010800102260010,1,2,0,2,False,4,
b1ad97d8f10ab91e6365c8204bf27cdf765ffe0dd3550f8beac4bb9ae1759aa5,2827511000103060001,0,0,0,4,False,4,
b1c7c395a1256a9d120623be635c9ab0049c4f92baa40f5b6d1364ef3024a572,4113511500103070000,1,19,0,11,False,4,
b1d54f4624ff67a71bab62f8ded79f061df37c3be0b0f9fe26e9f5642ec964dd,4146311100109530000,1,20,0,7,False,4,
b1ed883167390557e9b9a3531ce9dda2d7d0295197a8dd0d9f6b6c38f17d97b3,5011025340109810003,1,7,0,7,False,4,
b22f073c917f28eeae0795b13df9cd70c76d38ac0367d70d1785964e40d60b5f,4121010100100330044,0,0,0,1,False,4,
b249b31766d57276865fa4aa7436ff249418d0c5af05d72d77475e274d8d4b8b,1230011500109460004,0,0,0,1,False,4,
b252d5c90986c9231e0ab9864588dc6dfbe512c5829850e5b956a1603d7938a7,4127310100106520001,0,0,0,1,False,4,
b299e34fb8167d7de36bf2457381a6cc6a28b744b6e68c59574842ae281f3a79,4159026221124210000,,,,0,False,,no_housing
b31f61de830cea20b4f42d86e0f8427e31b0c0083bc5def2e4edd0c461e8e653,5011012200135860000,1,13,0,9,False,4,
b33b79aae979c8ae002a4a3e4f6ae35db9007323ce5e2f31b4eec7bbfe286592,4482525321109640001,0,0,0,2,False,4,
b3405d14cec4dec1d6bc1ffb63d392b41971b3eedfb59d832fdf6ef4d90ceae0,4127110200105350004,1,1,0,1,False,5,
b3bcb74e93e2516c3417e11ae693570be5240780b9a845d55c0c4126de42bc72,4128510500108670000,0,0,0,13,False,4,
b3d3861c463b5350310af26d11e67ce274734457303ff4671eef80f6236a0c49,2827511100101040002,0,0,0,17,False,4,
b3d6dbacb8208ee4403629df5fdcb1f37a38c28d80c25e9af67ac5f9f6cb9682,4113510700102170000,0,0,0,7,False,4,
b43a285ca26fb98fb7762db17aab89b7048172465f6976975e675e5afb337ae5,5013011900119160000,1,6,0,4,False,4,
b4b0d08098683cfb935f7caa7b81cb087b5c508f711d3d0dbf2dfecbea013cac,3011010900102740001,0,0,0,4,False,4,
b4dc45f4cc12169a2b3f9f4f91ff6ff4bb3ef0038e3ef54b8393af3b06dfbfff,4167012000105970000,0,0,0,6,False,4,
b4f82f81fe1c396f56c30fcc3855abb5c1f47301951883c62a0e6458f7b08c6f,5011011600126890000,1,10,0,9,False,4,
b54843776d184e8c533348163d2fccd4f03e531daf6880399010154def3bb58b,4167011500104290021,,8,0,6,True,4,mixed
b56d5d493e6fcabb0797fb89187d29df71a2ba6a66f489bf3e30ec706265a0d0,4413131025101290002,0,0,0,1,False,4,
b57db4d2e6cd229718afe9f2fa683573d9e6fd1d831296d502d64f3177ffd351,1217012800100700001,0,0,0,3,False,4,
b64503730a05b71f8adafa0d6c3d91502095a771494f7b0c1866b4130024ed17,4817013200106420002,0,0,0,1,False,4,
b6a44023243d0c8cdfc4d3848672a5114eaf4e0a3fa0d704f4dd1c760e2ae266,2824510500100650014,0,0,0,1,False,4,
b6d1a763f988b004096a17b2040c201486d9eb19c621a9f81337d88856e81d0f,5011012000116730000,1,4,0,4,False,4,
b70627de03ee49984fba8ed2310dbe819a60a71d19b00ade95767b58a88a8808,4148025327100010003,0,0,0,7,False,4,
b7352ab6f7e1bfef8e31f0d22a11bd3bb85cc572c5bbfbcca5b23d2b7ee6b4fa,4136010100104390004,1,3,0,1,False,4,
b773dda7e2a16217cf16ffe7bf1ae03ea8ba503f76ea8923208f834242d116f6,3171025032101850006,0,0,0,5,False,4,
b8017ff9b263da9b4bfc3c30f4de4e62d41023ed9e9f146865297dd43e9f2170,4822011000105650003,0,0,0,1,False,4,
b80b3519efd962ea96a3efbb4d7e5a159232692372c5ca5defd020f7a5c28503,4131010400107650000,0,0,0,9,False,4,
b812e0fc2d468643a59e8f5009ae0b84f3030b76e1f53276f843a941daf03665,4127310100106090000,0,0,0,5,False,4,
b8629de6d214fd3e1d242be47883cd193b57374aa9496acba8d81a161cec2cca,5219011700106620000,1,19,0,12,False,4,
b8999057c418c4b80fde59ecb466c05c69d276dfd42a7c6b26b703aadf20d5d3,1284036026102470010,0,0,0,1,False,4,
b8bb7832423b7adbca04cb929c5a65899b732f0617a55dd760fc5af1a312667f,4139010200108140007,0,0,0,1,False,4,
b8e86b476db8c5cc6e21aab29294a938de00dcf7fdab6b18282f80b67009df99,5011025923111880000,0,0,0,3,False,4,
b90e7c1de3f380fe5646e01f78847a56a1209c0a4694afb811d9519eb5e9bec3,2820010200106170064,0,0,0,2,False,4,
b91ee1011134089d3a44ddb2dccac9d4e62aa338ab4a1724efc0b08b6264066c,5013011100108830010,1,3,0,3,False,4,
b9216b158b0d9e557f7a58e92544204396eb3d7fb2519c4299df630d415dc0c8,4127110300114270011,1,1,0,1,False,5,
b939699420cf94ec9a72e87c32c4388b7dcafc39c8f2abcccd23db48e5790fcb,4145011300104130026,1,4,0,2,False,4,
b96f2c45df7aba67c807930edc941f698032601d55b05082f296cef363428bb4,1117013000104090000,0,0,0,1,False,4,
b98c145376e7ce5c69146c39442e4097eea3b2612d523efc8572ac1cca871c94,4127110200105470012,1,1,0,1,False,5,
b98d6d6b75ef252c5172cf8f3d57a76fb5102c311f8f636bca3743029a4588d1,4122011200106240017,1,2,0,1,False,4,
b9d74688b505aec9869e3c1a8692cdf368c13aa3343ed54005f98a3927f2a590,3114010500112740003,0,0,0,1,False,4,
ba3eec6575eeeafb6f3a553c820de1fc206c8b339db408d092a3970d58e0377d,5011025023112040000,1,6,0,6,False,4,
ba3f9704a4eeb325837a6971cc3bcf9ece03944ac957d9aed4c84a37c2c77fcf,5115013400105650003,1,2,0,1,False,4,
ba6db6507eb3517bd31ee1d231abb01e1020f43e035318bd4e1f4be6ea7d1fb5,2824510200109890022,0,0,0,2,False,4,
ba6e0c7fd0f06df4b73a7a7c4ca6f2ca6d447bf561a71970a645425f11c438e4,1129013300102660452,0,0,0,1,False,4,
bad4b0c5e8f69061dd1db8d19f4a907899e84a4c1f87a4e8e813ac48462607ad,5011013300128470000,1,6,0,6,False,4,
bb2289f5bd1fe0714b043e77773fab37ea487b1fed2e128035ea3e3f7955eb31,4146110100101860024,0,0,0,1,False,4,
bb35afcd5b2a0170a35b6dedf9fd8c2848e8286c375b592239bfa2562566132d,5011013600127640004,,6,0,5,True,4,mixed
bb4edfd1dd565c44904d81f4ea81496ae944fb20c6b90bca815a4986357b10f5,4155011800103330000,0,0,0,2,False,4,
bb8496b37fa3205f94e11f1e502d57773f76f4f524e809fc737a4d86ba2e8927,5011012100128200000,,1,0,2,True,4,mixed
bb88a80372641ebfe1222c28d817be2092401d1ba07b1819df85400a51c8ce30,5013011800105370000,1,5,0,5,False,4,
bbf8412c26472123e4561454f361a64cb5aec7f68988f1a8694ad688145e1dad,4127310800107810002,0,0,0,1,False,4,
bbfa9238872dd49adfb8ddf22fb411e6de37637e4f9f94dc956122f5b1bc7819,4413325322102150009,0,0,0,1,False,4,
bc16028f42de311d9d85a876ff187332dfb94e33fe4db7705e7da90d4b4d02a7,4137010100108840022,1,1,0,1,False,4,
bc50dcdabeb43f4bc7050154f22f305c29347cda59cd14ea9e04743348905333,4155012500103620002,0,0,0,2,False,4,
bcf5feee50c6592690f624e38e2f3ac30d3d8682748014f6bbb2149f805e03a4,5011025926111240000,,25,0,17,True,4,mixed
bd2fce8f2c413e3cc82abd6ec62a5935caac94cfe935269320c8f19d9c371769,4137011300105310010,,,,0,False,,no_housing
bd312710b0061b18e6e453b329929388e752d2721544c5d9e45e35a8303f9796,4793037022106500000,0,0,0,4,False,4,
bd5719e00cf22f3cf1a84db9fd649d1a4e117e994161df754bd4c49fc988d9de,4111514100110050000,0,0,0,1,False,4,
bd9cb1cfceaf2225709d6491b6d0133e24238868b05a3a2e96bfdb59fb30f6dd,4159025325100850003,,,,0,False,,no_housing
bdd6dd6384d3aa0172b984231f15c2c18658359179b29ed4bd962f058a88e93a,5011013000115760000,1,7,0,5,False,4,
bded89e2edaed42ed4417414f5d96603676177ab1ea2983a31cf045b042bb9ac,2723012500113210000,0,0,0,10,False,4,
be593e5af4bfde5feed19b435bc91e4177357cccb2e0202e7ea6a8a89d6641b2,1278025023102550002,0,0,0,1,False,4,
bf41b03bc6e3fccfecca4a026d1656111e54e28c9ba4e2a0a11df67fa181596d,5013011100130840000,1,11,0,9,False,4,
bff920e6a1fcf7d6c65e012fa9a9dfcb770d537043cf8cb4682ad503a1b92091,2641010800103930019,0,0,0,1,False,4,
c017d31f2a06a11a278fb42ea445d60c23f7393fa479adce6c955b70183a5e93,1121510500106600019,0,0,0,1,False,4,
c051d37f8874d13edcce8817889a6e2f93d169527d9755fa22073183999ff4a7,4711325032115670003,0,0,0,1,False,4,
c0788d8d820d33348741cf9b82bfabcaceb2b4679467170768ea3926e4e2c937,1287025327100910002,1,2,0,2,False,4,
c080e69dad21aeb7a013d9f2d09ab0ce0dfaeec92b982a5fd33c8fddc18bba23,4127110400108840011,1,1,0,1,False,5,
c0bad4ff528a72f9f034d6749ba0858f516ccce7f50292e36b9cb4ee564b05cc,4150032026100020029,1,1,0,1,False,4,
c17cb70773afa09b2c3feb26f68c2f590dfdf34a1b1b59345abcb8d83f96d611,5121011300106450038,1,2,0,2,False,4,
c1864821cb58f508adc4441dcf08532c4bedde619b7076a019a5a6a8c0cc317e,2650010500105560029,0,0,0,1,False,4,
c1c429e4c1bd782295419afb91efce46547da572210ca8ef586ef679e5ec1628,4812914000106600000,0,0,0,11,False,4,
c20697763a002cab44639e7f85eaa257c694ee26f3497c1d8f59756ae210f70a,2723011800113380000,0,0,0,6,False,4,
c282e24368d85fce48cd2870a6ee57e5ef56c34e2b0d36947c762b9633d5de95,4127110200105870013,0,0,0,1,False,4,
c2cf38945777db903187999811bc40b841d077195d6def4c66124856fcd686ba,4128510300111110000,0,0,0,10,False,4,
c2ec07a63aeb1da272964e02cf9e709851714bff45b17d848bc68a330ae620be,4146311600109220000,1,12,0,8,False,4,
c31400bf382937185aef89dd1e83514a2d6699941c563eb1f4243344935de7c6,4375037027106440001,0,0,0,4,False,4,
c374663c7858c4089674955cde502153a1dbaf01a410c344832b86d37465620c,5178025624112710047,0,0,0,1,False,4,
c3cecf26058c09638c1f3c07ffdbcabf50645f3a12f8e27122a5ec1f4604a571,4128710400120950000,0,0,0,9,False,4,
c417e1f7a9796b0f4095305a6e69f0bc5a37b028a26ea5174da18ee9736e2474,4812725028107660000,1,3,0,1,False,4,
c4229d875f137abf312336da9d7eb3690e3fc1432bfa35078cfcf515c71faa0a,5272025021107680000,0,0,0,11,False,4,
c443788f090c31f5b3a3632536c480f43379026cb70da602b757a3affa918845,5011025028108090000,1,6,0,3,False,4,
c47d3c124e35bd8630f53ac8e2a27df3744759d493e58189792026c7358cabbb,5211311400108790003,0,0,0,1,False,4,
c48079c12ba47b0ada835ff4a3e64f3821cfd952e9501b1b4b508484f6c6a675,5172025025101830017,0,0,0,3,False,4,
c4e0ebde2be0598f31d1c4078eceb069414bb819c75be16f067bc2ea38e75aea,4777025027103650010,0,0,0,1,False,4,
c56350670d748a835e31c89b04c49f45884004f69250f5e7fa5da2181835e084,4831010900105400000,0,0,0,14,False,4,
c58e63433a283a90687f7a9d46db09c2864867613a052928e046ae5e57983343,5117011000101060002,0,0,0,2,False,4,
c59f2da03302a76ee64d2a653bc133eba3a644cc2cc40269ae7ea642d3ff0ae3,4128510500108590000,0,0,0,7,False,4,
c5ac4a1c16a93f7230f057deb3161df9a58df924106282bce5d8f5b41221586f,4128510700113770000,1,11,0,8,False,4,
c630d658dac6413dd6c4e727da458daf54948fdcabde08f6aa5bc7865472482d,1123010300102740035,1,1,0,1,False,4,
c64c2aaaf0b9c0a3cc3eef130b77a4b88c2253a1b690c509d4abc4c68df69242,4137010500100500008,1,1,0,1,False,4,
c67388f43612fce8de9834d1415578d5bbac8674b81c7a84e19603ccef4f121a,4167025021102570002,0,0,0,6,False,4,
c69a8b2b1a92d4526da443254bccf44e8c6c87f80e787752e5f3cb5946524f52,4413111200101640000,1,4,0,4,False,4,
c81259c64fe1f92d3dd1336877e7e6a6cd7b5fccc73db5c0d3daff81034156d2,1159010100102150146,,,,0,False,,no_housing
c8933a70982dadf7b9dabfabeb7b7de082326339b777dc11bb6c1d274675da29,3120010200102790004,,,,0,False,,no_housing
c89662294a9a19876aa0eacc6cba69260d19b41264365eb1a387c8b2265c6779,5011011300112390000,1,6,0,6,False,4,
c8c80ea567f75b47a2da33771d0f521000e258766e2a600f600689b08b0c7515,5115036025100240005,0,0,0,1,False,4,
c902b2faf20add68b1be1dbb5bf2957cd560706cd4d99df40050cb3a692891c8,4812710800102480017,0,0,0,1,False,4,
c918b83cef0f79c0e9d45dc30446ee43e91482199f108c39e98618b09be4debb,4159037021100460021,,,,0,False,,no_housing
c92e28792ecc5a98918e87d91e8519906ff2c0c0c591ed6b01afe35df1c7b27d,4128510300112690000,0,0,0,5,False,4,
c978e7c9b579cc23d2da739fcc93ed6df23a6e9702ec4ef3eee0a2d4abf272c7,4719011800107890000,,2,0,4,True,4,mixed
c992207d63430f5d318a4caea3728d88fb7d6a02ce3caa634925d406f78e8045,1111017500105810000,1,4,0,4,False,5,
c9b9ecc46a11dc32f22656be9ff56a24667ce6ca17dda7fab27ee1f4ec6a3ee1,2617010400108250043,0,0,0,4,False,4,
ca20d1f91c13abaa72cfc6bdebd235aebe595c6be58bfc43bc22599ffc0b6ed3,5011013600118950001,1,3,0,3,False,4,
ca4a22f0b7c8df2d923f3e55411d52ab07a446235b7ca64fa4a17f290a55e3cb,5013025029125090000,,36,0,18,True,5,mixed
ca855fd0738e3d036815d6d747320da2068464f8667250e3d8afefc28dab266b,1123010400101030068,1,1,0,1,False,4,
caa5aa543c458faf17f694d93f8d57fbec7f569b82cb0ddbe61f309ca3413ee7,3014011800104680002,0,0,0,3,False,4,
cb0c5f50d5b4d5114cf12d8f680dac9173c54a87922dddfc844ddfe733cc4196,4884025028106380000,1,3,0,3,False,4,
cb1cd6ba7c00e4dbd41b740a3433fc733c39b205bccace9d88656ff00cfe0f48,1168010100106730007,,,,0,False,,no_housing
cb21c76d42c08d0242102294c3fff711fc77e2a4d178ba25585140e304337f34,4146510500107040000,1,2,0,2,False,4,
cb2eeb2589defceb1df18c84cd5e41c175705720b9fb5a31de74bc66160b5a77,5211113500109990001,1,1,0,1,False,4,
cb2f623ce90fb52c0afd52262f01252d36070ccdda870ae06ccddc109802a879,4728025022100970001,0,0,0,1,False,4,
cb5e9a32521668ef87e5d18332c3d028bde1922d3c4e74c546f274025b75af70,4313038526106860000,1,11,0,11,False,5,
cbf3f71977dad8bdc05469304d85b93dfab213442534031c5a5ce59d6ee7aeaf,1144012500100300021,1,1,0,1,False,4,
cbfc3d7db9d821028afa8f2dfe5feeb44a4a3ad769d5155c5887f86b510403dd,4148012200114110000,1,27,0,13,False,4,
cca3327df0bb272fe8af34b82395099269786e6799ff3cba0fa9fb9a4443cca3,3611033021104900000,0,0,0,1,False,4,
cca8893d52af7e0e30a031ed48b05d6a598994f1cb1aef85844a52adec8baeb9,2629010600105720014,0,0,0,1,False,4,
cd207b0cbe33b5eb7e6f46ebf1cbc9b9634eaab933cc9572f363f0c9ea288492,4127110300112060001,0,0,0,1,False,4,
cd4633c828020553e85512daa7e1c321eb6a769a1a75afe4c50a07816bacebe5,5013010600112370000,,6,0,8,True,5,mixed
cdba62899eded2b8c8b1e225c9bccc7d2535535a51ebceabdc1a3e5e2f594220,4128710400120810000,0,0,0,12,False,4,
cdda45f3c05dc2f5f801b2e38ae37bc1266589872dc0d44835c39f50def45068,4127110200105380004,0,0,0,1,False,4,
cdf3de83d7b1ca928eff619b7a784806e8775c8238d07894520c428db32286ff,4183031022102890000,1,2,0,2,False,4,
ce37ba7887d20e788b634e15f94c4677b78100b058edcce2ffb3d46487e4ca63,4143010200102090019,0,0,0,1,False,4,
ce57e4fdcb06f6ac4f2f77cc80151c9e4cb7e78b435626e12b60564d8327acec,4375025026104500000,0,0,0,6,False,4,
cf110bc4a608f090020261022443a77b01aad07bdb487979f10f5a2db54bac23,2871025026106380001,1,2,0,2,False,4,
cf1f1a799cc8f2c6df29500308574bd944918cbbd3cbfb38ebd1c3dd70cb1559,4161012000106350005,0,0,0,1,False,4,
cf39f0abfdd722bfbb7a68905b039d6240b28338f766a19dfe329607ea5b6fde,4311410200104170006,0,0,0,7,False,4,
cf3a4d3cf5c7232fd0644c6659a6a9ff63eb5754e117c98f90448cdd7e99fa19,5280025024106550000,1,3,0,3,False,4,
cf40e763ffaf12a5e850f4d1cf471b22e6e8c4fff25a2830929c9e155f43b697,4113510700102180000,0,0,0,10,False,4,
cf644f7f63b2b33ba612e84f7629f38ac1eff43c7b4274f957c2e20616236333,5011012000130480000,1,6,0,4,False,4,
cf65ad346690d9846d37fab9c7c0d0afdde17ce7fe012aaaa1affc165ff0c76b,4119410400100320000,0,0,0,17,False,4,
cfd8be925a38263133aa35466f96246fb355890a23c034558aa27ad21e5b765b,5011012000119920000,0,0,0,3,False,4,
d07b8ee775867584bfb620e93fc5d6450afc03cdb6d6a78ff85ef341e950bd59,5011013000115720006,1,6,0,4,False,4,
d1039ea953540585097c781e10a5495bdae06d328e50d6988e9bd093e81af947,1168010800101550004,,,,0,False,,no_housing
d116c009b884775b38bd372c268207dbe867ac71a550d2c616fb993a4db14d72,5013011600156690000,1,6,0,3,False,4,
d12ae4a5ee6a866624d7cc48f7b4bf45110d4915aa48224ae6023c62426d4920,2641010800102320041,0,0,0,1,False,4,
d1660db1d1f3aaadfe639a1681ce05987b1ba26c95e9b2fea02248367fa9e832,1227010600105930000,1,1,0,1,False,4,
d1fbea955bc15da3b40c2352fd75b796c44884bc4a74c90a5be2397b53ddd2c4,4831011300109890005,0,0,0,7,False,4,
d246ddad7a01db8d5d6b4c9f7b06182c1d8562acbff188b3228fbb6a41cf04e1,5272025021109070004,1,4,0,3,False,4,
d24ef9cc9e7c02b09d13d0ef5b273a0a6883725ba141e20bdee82209b763f56a,4161010700101370000,0,0,0,1,False,4,
d270b600569e9c6f9e03b93b3807b44360516bd5a01174b7ec1d945c8fe995c7,5121011300106470016,1,7,0,3,False,4,
d317c2f40a6d139ad446bfdb4a3d1893bf060ca44fbb26f7f2db805c97dfd0b8,2820011000107650001,1,38,0,18,False,4,
d322665209dcb7e98a7bad702bd6830c81cc4fbcb1777cd04b91a30cd6171341,2817710300103060171,0,0,0,1,False,4,
d3551418386b144f62bdf429d3ddb10d4777864cca72c5ff9c99c09aba776366,4711311600100630000,0,0,0,2,False,4,
d369029058fe0eb91156bb9c322350dc7edbd6b81d46aebd89e2d441e738971c,1150010300103690029,0,0,0,1,False,4,
d36cb2161bad6341c4f34863ea1cb1195185d9604c5c5ba04a273b7d75f7ae76,2872036022100080248,1,1,0,1,False,4,
d38861453e8a4c6c6f04d96ef0b99f8c967a7fb8e86e7a6dd572c79b7315056a,2620011600100780004,0,0,0,1,False,4,
d3b6039372e6490f47e011ec37a2f0cfe88d382272106eb46ef386e5ce721416,2623010200100270135,0,0,0,1,False,4,
d40869819f70a0ead4d3aa3632a063d687c29a5c1311a5d8f96afbb8b0a3200e,1138010500105490000,1,2,0,1,False,5,
d4bc036d9fb47c50494d8d480840ef90d7ad51e80ad6ffa9c12fa15046130270,4822031021108180001,,3,0,4,True,4,mixed
d4c630e3521ccad9c5e679311c9bc16565373a8fb37b181fa57b6f25b1b24726,4111710200105900000,,23,0,28,True,4,mixed
d5015c5d81b42885e826144ccd5a7bba0a60921eb78b5263e1a5f55828055b5c,4137010100100550004,0,0,0,2,False,4,
d650d87637ce2ff6592ab66312a082f2bef9d4a72024833299b9428325b0f27f,5178025625112490002,0,0,0,2,False,4,
d6d9c86abd4c391df7f4dd6348bc39c9f4160de30eb362b29f07146340f7743e,5181031021105410002,1,2,0,2,False,4,
d6f5edbd8e5c4b9ede31bfb7f790528413385cc2e1837ef5821c51c88ed7773a,4146110600101940010,1,2,0,2,False,4,
d70467886aa31dc76bb3876486be30c937cd3a038be3c41d70fb1f42cc6a3159,4420025030100870019,,,,0,False,,no_housing
d72fd2a1f9d7942ed934dfb96f35de79bf191c0464879b788600649401ecc39c,4311112400104290002,1,198,0,11,False,4,
d76ccae45e88b502965e3c5b36c60b211ec24ab100d80f39b388b2b6cc641f1e,5011012700125380000,1,6,0,2,False,4,
d78ebad402ea6662175092ab3d2206aa2c2e8a7a938bbd1c5b20a8e940f24524,4125010600103920022,1,1,0,1,False,4,
d7b00ea7a716b2723bfbe908e9fd88b572cca341763af05b458f88bfa4d95000,5011012100121150001,1,6,0,6,False,4,
d7d01b0a768c51b6e8fb20a2d90e5958e259dc6d01e71c4a83dc6abaeff68fad,4155012800101230000,0,0,0,2,False,4,
d820419278a6965f02f30e23df7d31c7751d88f6734263dbcf07417cfcb09401,3171026524102090000,1,2,0,2,False,4,
d84457a9852ddabec51f824cbf010a179a3691408f472d0832d98cdbce7dc697,4375025330106370006,1,3,0,3,False,4,
d8a11492bd40082e2ea27ce6cbb30ef5d25233cd1de81abac2b8a5a1f5cf8d8c,1121510100101340031,1,1,0,1,False,4,
d990e17ee72cdc9e80f30ea5aef5b804ed6ffab4452d4c3a17cfd92825f9f491,4131010500106490000,1,2,0,2,False,4,
d9bd1619bb183efc703bc85d5e294e3fe5ee1205f9967d1e3fa93b519d1329ef,4122011700109320004,0,0,0,1,False,4,
d9ee243f9254c6849f1917523993e3b13562ade3a9df8d55c1d6b0556151bdcf,5011025924102610014,1,6,0,6,False,4,
da27024fd840bbffdd0c96b81200d712556b1090f419893ae2541a6876c0f89d,5011025321100470000,0,0,0,4,False,4,
da6b12f5d406937c1a9b5d5a2c378cef8e4c0f263f634ae0958599fc84e19744,4163011400108900001,1,16,0,10,False,4,
daa9aae883b148177c831bdbcfe9fcdeb1c70a9d3df54a590110100c5b3b2e1c,4122012700107660000,1,57,0,25,False,4,
dab0c9447eba0b89fc4b5bc08890d6f529163ee10193e6b46cb7b391fed59d1e,4476025028103260000,0,0,0,1,False,4,
daed0e73c4109ebd900d8602e7c4c88f698a4396d02279eb2a54a7c87bfcba7e,1162010200102510207,1,2,0,2,False,5,
daf0983531c5d34d07298667f00ea73a4e76a27c1e53f5a1d8a4bfc54fbbccb3,4128710400120260000,0,0,0,8,False,4,
daf494e78a208596001dad910b830a2ad45c5e895155d4db9184c8b478c587e3,4159012700100740000,,,,0,False,,no_housing
db0fa541c591ae7ef55098a59fed6df94f9824db4d6969c55c075bc66dd779a8,5011013600126800003,1,2,0,2,False,4,
db33073a08ab69d7e05e410a6e30bdc531e1611371e5e3da02d81f15ace2f65a,5211112800105740001,0,0,0,1,False,4,
db52178cbb00408415457f7e7d713817069b0e25db76f1109cb42b772d3b4bd4,2827510700100810002,0,0,0,1,False,4,
db5f1f0a3a3068f58a7dae27172c1a7c8ba01a8f84e1084542a4cf5c05ecd19f,5011011700122290000,1,6,0,6,False,4,
db94e05c35f6ef9f024199e9976aeb64e4538696de1962c22bb70f5329b71ff4,2650010500103530001,1,0,1,1,False,20,
dc5f15cc5b8cc13bede1f1456e4513095136f582ae4f745f2da9b06d88d44f92,4111710300111770000,1,24,0,12,False,4,
dcb4bcf9204170101777b5231b15bebe072cc7ebd26c0754a540ec45cf20f27d,4481025025100870013,0,0,0,5,False,4,
dccafb4d8443edb9da8a3c7b0409c73707074ab81a881da51c7565987c6f067f,4127111300104860006,0,0,0,1,False,4,
dceddbe2ded6297a2685fea3e00a0d9356e3f329cb8e836e7fcabffc06ae460d,4122011200105950002,1,1,0,1,False,4,
dd0ae383c5993bfb6adee5e7f6978eeb81d6d4f624c0275068e0697073c8b172,4127310800108160004,0,0,0,1,False,4,
dd2ed5bd3f051ccb23ab59cd9e7e6870d4b07a93ac134bb707d34c2b70deb324,1171010400101180025,1,1,0,1,False,5,
dd675f55d524610d2228fa7be26c639f5aa9f6b7ce3eae132867173cc9f8de52,5011012000131400000,1,7,0,4,False,4,
dd9a7fd18d8eb06d652f323b252554d97792740818e6cebe5023dd0e016f2af6,1147010200100410004,1,1,0,1,False,4,
dda0d36a79909da4174fd85ebfb7da4a29afb850394ab54619b4052b1dd54b99,3023011000101280028,0,0,0,2,False,4,
ddb068686bdc22b0ac3c0fa6c09ce2533ef162efaddcc6ef25925de157bb6dcf,1280025325101010024,0,0,0,1,False,4,
ddec2297ffd8ec065487fb53a740302ea33a0ed53fa65b7c33d9226c1a8891e1,4146310200102770000,0,0,0,5,False,4,
de3c6e39e39223433cb45c007644b97f8d4e0194dd28297555e3186dbb4c3287,1279025036102940000,0,0,0,1,False,4,
de5c59a5e622924311198677c1c3f7788595c4b31dd43f519e2b0b266e28f990,1279025036102500011,1,3,0,1,False,4,
de78489e7a3d6e2598abf1426b2d6229844ab53507cedc43ab469930cb70041f,4137011200102840002,0,0,0,1,False,4,
dea9f16ddcb140ee820b9fe8995e286cc019140608e45b8fa31961408858663d,4111513800101660015,1,2,0,1,False,4,
deef252cf50e49835c86a17ce75067569f2503afbe9eb54a358969990c1b8f86,4136025625101370030,1,3,0,1,False,4,
df3119fdfc0d1f6c24f13fd071934ced79705c1627bfdd61322e2255d8964c2d,2812513900100210043,0,0,0,1,False,4,
df31e6d2eee225598f293e1c61a185b2ca906f26705b4582a329ee5f822bfe1f,5121010700113260000,1,24,0,16,False,4,
df57ff6799c4392042e30a68eb374b70939affb5ec8d498d82f2211be09c2415,5011012900110250001,1,6,0,6,False,4,
df5b65ec8771b0ff2892708680fb2ff37ac0c7e619e02a3c3cc783659aba65c9,4128510300106760000,0,0,0,11,False,4,
dfc2b0fc2c5a026a7ed0bdca5aca67b55fb7e072613bcb51063466a48de371f5,4155035028107410000,0,0,0,3,False,4,
e039d1279c79041307d651131bdbea41207d262b22c41e562616d1e70a65f1b4,3114010400116450034,0,0,0,4,False,4,
e0babddd9895bdc9af0f2bf0e6c962e6e3c47f7f1f380d2b4da3006abbc0fc1a,4127110300111670005,0,0,0,1,False,4,
e0c6e6515e2347ea9a00bbf61ea25a2ba24c910ea75c7c57abde012f8882cbad,4163033026108020009,0,0,0,1,False,4,
e18a1f0387b7a142982a1a582b11654e833b83db94ad7c0f51d27405165011d7,4127110200105260008,0,0,0,1,False,4,
e19a7c14548c8a135674dd080f1de2cce69163691672ca4bd5c34811763ba122,4833010700106350007,0,0,0,1,False,4,
e1c74e6a5ba0ff8a89f883b6d8fb15f00dc0bee5e617211e59bf4711422a4a33,5011013700113580011,0,0,0,1,False,4,
e215f37fbe122d02cdd53b0a125c674bd33cc644e712a616d47292bfff4e1a70,4150035025104040013,0,0,0,1,False,4,
e22894d0ca5d93fbd557e835070489a9f5babffcc39585821ec3ed8d7bf9a696,4127110200105840002,0,0,0,1,False,4,
e2328914b98aac53a26e7c62f3a766d320d6255e7f647649c80018447d724913,1114016200104050006,1,1,0,1,False,5,
e25f2bb4be71ace7840fa8d5e8bc2cece6150c87eac3556e75eaeca9f40cde74,5211112800105720003,0,0,0,1,False,4,
e2854932dffd26060c7da39ddb0e3a5c5108586cd1b81cfa8edfaef0eade525c,4146311600108690000,1,19,0,9,False,4,
e2e6207917d8c534f8b2db033fc57c560ada0cc0000595ffc1fdc0249ca6315a,2820011000107390001,,31,0,14,True,4,mixed
e30868e741626b3773555a751c4da1a5397d77e8170e893cd40a23514c9b597f,5013025023115080000,1,5,0,5,False,4,
e38f0f1f63c5560709350a35137010c9334c7e6c67cebec8e9050cec2f677c5c,1168010500100360019,,,,0,False,,no_housing
e4294fa83b46f49564bf01e2aeab5bff3dd4d76ace82c936838a5934df4fe1a8,5211310700115570028,0,0,0,1,False,4,
e4960bd7a449c9f833d5dc17e2d15b60d5d1d509309469325629a512c0ec113e,1219011000107170000,0,0,0,38,False,4,
e4b173693420fd505450b9778006d65573c2a12b6148ed7df73d83b376b69fcf,5013025021130560009,0,0,0,2,False,4,
e4f222956c4bc5d9029037000f1a2d0cd3b22a2495e13b785517267db197d54d,4121010200102070000,0,0,0,21,False,4,
e54f43359b1467eb04d27e29bd42b759245624c86bca9bbeef39ad8e35728009,4148025326101450000,1,2,0,2,False,4,
e5ff9d338fb5dc6df6e59d6b7c1d7182a4cdc6797bc8583acca9407fc419459a,5013025321111470000,0,0,0,4,False,4,
e64487f504d3470cf1c975b35c60cd74c0a47312547b9572f056b2aec71e5217,4165025021102230021,0,0,0,3,False,4,
e6d5a12ce1dc66aa96d35593e98f5d354d54b6b92b6250f8af6f2f9f3cb6b858,4136025321104770017,0,0,0,6,False,4,
e6f911d60f6080f5d0efb81385c2d4904dbb2bc17ac131d9755f85205f58e1eb,5121010700110730129,1,6,0,1,False,4,
e71f34876d492a30336635bf1cae04074e4f3262abca383cede28af5da53f125,4159025321100260044,,,,0,False,,no_housing
e734f3349244f989e1ae2bed5052ab74eedc8f53409fad7893bea40a13d0718b,4113510700101770000,0,0,0,9,False,4,
e7394c1fc4eb73d872f1e35e083fccb0169ce5a159d2a06527005d47fbb96ff7,5011010400104380000,0,0,0,8,False,4,
e750294e5c75a2122aa7ff52b87f36d4b782ff1886b03d0b550e7184c3b26a13,4711312000109060000,0,0,0,2,False,4,
e77a138b4f36b01ac104f086d61b63660c65db6d97ac76c8775bae2e11912902,4113510100100950000,0,0,0,10,False,4,
e77beb05eb1a93113ab1a7a6d05da94e98f126aae5108ac621c56fd9dee338e5,4725010900101870001,0,0,0,1,False,4,
e7b441de6d9f1711341b5279e2188b158ff33806910afb6ec14489867ffc2e9d,4427010200103630008,0,0,0,4,False,4,
e7dc204eace628e1d4a4d5d4d8625c6d72c04e827b8d4848ee370265f88ca845,4122011800108150000,1,8,0,6,False,4,
e7e65819ece6378aebaf0591c8d9639a3d78c8e5196f86c4ca94051ec70503f5,5011025325111060000,1,3,0,3,False,4,
e8037ce39cfed2ae165b48fafe553e9c12b7aec226d6fdda04120128b3d875e4,4180025321103920001,0,0,0,3,False,3,
e81783c64b2e2c4d6761da15687c9a49ffa42bfa1eed777c93fd5c7c48804ca1,5011010500105810000,0,0,0,1,False,4,
e8d35326f5ed8d3a90c952cf240e3e6d5c39f5f307586546e8539d8377dec39e,2626010800104740008,,,,0,False,,no_housing
e8e252e9b0855a8d8b5d52910e90b35415b6e7e911c62dfd28023a52929ab04f,4380031021101390003,0,0,0,2,False,4,
e94617804cbef46544cf39cae6d7196d44d13cb52d5e8603f2e172bf2d8ea97e,4128111900102780018,1,2,0,2,False,4,
e9570a9b17b546c94d714ac6748caf5c4ba69399ddd52878bcef3ce06aa0912c,2824510100106020017,0,0,0,2,False,4,
e9786a140bb818d0d6c285c0e60fdbde02dba7196b67bceab4d1df67d44209c0,4146510400101730002,0,0,0,1,False,4,
e9c56a3d070504516d6b27021e4fc3c0da05aff2b75780d2903b3e7aafde4712,1221010900105710016,0,0,0,1,False,5,
e9e3edf37b4d1ec97b66c52715de767e5b846eaf1e901447274b278f18e03856,5013025327116940000,1,4,0,2,False,4,
e9e4e86a70bde1a0b438c4a90b0dd510dc4e78fa908a126cb794a1a6dab9ef48,4128111200103430000,1,44,0,16,False,4,
ea0e4908ba797614a752d53c92cf3e1e6d76a761bf2e3f9485e829780990e18e,4113310900101620004,0,0,0,1,False,4,
ea701632d0dc7204580360b385254d5280e51f5902b65140b59aecfaba3f60b2,5011013500113730004,1,2,0,2,False,4,
eae96f4814a17a855b318b6a4f82dbd7e124afcb96c605df04bed5e344421e5f,1153010600101450083,1,1,0,1,False,4,
eafabc9e2ba3cd744afe499c1b0eb85163313b3f21179f974e0b6c9c69d28402,4311112100100870001,1,10,0,5,False,4,
eb052daf5e412c93fa8f20cd9f5ffcaac50c10d3ba598f7d3198d208d460dfdb,2817710300103060296,0,0,0,1,False,4,
eb123f41d7aaf8efd357c67be0ca8bf76b81d7a6645bca4c42e12b3db85d4cbb,4311311500123080000,1,5,0,2,False,4,
eb1f81ecb447f20b8da56533660e09e510fb90f224bcd6357bad5d89cd02470b,4777031041100370000,1,3,0,1,False,4,
ebce6219c73cb4dc1db08fa60d8aca557809920b18f2820c84f3cf9f30d607d0,1274036024110860016,1,3,0,3,False,4,
ec01e54c118a107077a66cde42c99d4db40713c896a05689d23f73b52729ac04,1153010900101920001,,,,0,False,,no_housing
ec121c06f520f63f590400b575bd5f4fa73689a399bdf705cd89b798c9355739,4127310900110570008,0,0,0,1,False,4,
ec1c438c0e482f6c235123f9846e1e45c807a87a8d998db8e8ac1ec164c63943,4137012400100780003,1,4,0,4,False,4,
ec745dc41a9ce0cdee00bcc929334318ae43c70567cff584842fb0d4dc2d5543,2617010200111700001,0,0,0,3,False,4,
ecbdd9c4de6a074020eb79ccd5b08736c76cb93ec97199be34cf73db7988c9db,2723011800113030000,0,0,0,8,False,4,
ed14b154ce2c0e266967921fdc23ba0a07b78151f48f36d446eb04d572f5c278,,,,,0,False,,no_pnu
ed14bbd993842baff9e978e7689a2fb6b726b13b01648c170224ee36e6cc060a,4139013200111930008,0,0,0,1,False,4,
ed446e567e4c105d5de1cd12c9185fcf336a91be3248a90701c30416b37123f8,2617010200111870002,0,0,0,2,False,4,
ed9443cdc1f831538b4c616de7cfbcaf0d0fa0e9f85ab011a67d9ef330fe0e42,4163011500101800000,1,1,0,1,False,4,
ee60980c57af0634b8e881fb9fcd20f2cf75cf45d42920cbec4edb16172e8bf4,2820010300108650012,0,0,0,1,False,4,
eebb972054850961e29c20433ff02055cc7e790676d1aba10088b7048642fa4c,5011011200130720000,1,4,0,2,False,4,
ef948a1b746c29efcf8830589cd1792d4c7f5fe147a49109d36fdb615f1b70b0,4711110200101710001,0,0,0,2,False,4,
efa489972a2e028252dcbb88735a52ae3a68097b72919ac430b134c0ebddf8e3,5011033021104560001,1,1,0,1,False,4,
efac78ac068851ee8f453e17e723519d12cf964c549423e75374eb0955af4da9,4165033021104540001,,5,0,6,True,4,mixed
efe0f851cf1dfba99665629fb14be79effc26f2397acc7b328704f0889bbd714,4148011500100290032,1,3,0,3,False,4,
f02d23d3d2c8c4e4c3053c5274447f207ff5a7fdb041ce19d5126a0fb22a5903,2817710500106900014,0,0,0,2,False,4,
f088b372afdabedcd9d6ede7d42b55941bd10341546d08b3276546acb1828e2d,4127110300111490015,0,0,0,1,False,4,
f0bb491d9962d221bb6780bfeabb7b940f8d5c5675e0d60c00b424f84032128b,2629010600114790003,0,0,0,1,False,4,
f0f3c27e60369768685f0045eb72f505cee1da6af39690aa02a99d2396a8ccc8,3023011000101220001,0,0,0,2,False,4,
f14529661a6f75e108bd19c240180b5e4c46e4227029b813ea23ce874ee491a5,5011025927103600000,0,0,0,2,False,1,
f1c3b78030fe6cd8baaf5d8260072c86ea945289f786c7dde9a0ef7e18b35236,2872036022100080198,1,1,0,1,False,4,
f207a483e0c2b02509bc3b07bf70573cb57baccf0c3672d334c70df99199318e,4122011000106080001,1,4,0,1,False,4,
f25d1283447e5f1a94ae367bff92dc39413f272fb37a34f91b5d995b7fd26903,4777031034101220001,0,0,0,5,False,4,
f27324e0a44642e8b3f50ad8697655b3687cc19b9a63965e88eae170d9a132a2,1123010900102860208,0,0,0,1,False,4,
f2f7ce355eda0f069fc2b949cab985a968cd168350325e74d42e80826cf52923,4127110200105490013,0,0,0,1,False,4,
f30c674eac9b772c1f5ad95ec0e7b55a435575272a8c8c9785c61ff0f80946b7,1165010100107890022,0,0,0,1,False,4,
f33aad7aa96bf69166f64c96cd34ef7130194b5a12d0049773eac580447234a5,4119410400101670013,0,0,0,1,False,4,
f33b8ccd58d1caa638a04d711f382589a2eb190b6279a143269dd209755cd81b,4157010600111470000,0,0,0,1,False,4,
f3ec09ecbd1e29930834ab7a2dfc3f18e0d6fae164f152692e9b2e0fc5568d0f,4420010100107570000,1,1,0,1,False,4,
f4271b99e24ca687c440e7b7d70e8f902a67c5ca75c0b010263d33296ef138ec,4127110900104430001,0,0,0,9,False,3,
f438b26dd59c7d86e750a44b618f649f409edea71258209916966bf7e0601362,4150032026100320027,0,0,0,1,False,4,
f440c15a71611dd4451208939ad91ba22618a23214e7a17b5d68bea5c87177a9,4127110800105850003,0,0,0,5,False,4,
f464933f98adeedb6a7a43bb963b14ca2ac44ef57b8442532723bab3f27cae52,2638010600109430015,0,0,0,2,False,4,
f4704b6755980624169bd02c225848d27dbb4c47b5b2d0fa00fbc88f58f1303a,4128112000108820001,0,0,0,2,False,4,
f4ec3b6493aa86931035e8e7fe616a504861ef44f43a66f1bcfd1b771f994d3d,1168010100107810003,,,,0,False,,no_housing
f5176af58b77237d85a1544ed0dde22c45c8b472f33a5615f8872e5e7a47d54b,5011025921113310000,,10,0,7,True,4,mixed
f54679bbabf7dbbc9095367f21d2b19155ce1099fa6b09846a73e892c3167c4a,3120010800108770002,,1,0,3,True,4,mixed
f54be08273c238624e119bcc2f1b2adfd850c4064e133f34572c71b836e45abf,4831037022109570002,0,0,0,1,False,4,
f54d62d21002c57debde2f107b7d7028a12d335cb0c6c475fb58210a4fae4419,2817710300103060140,0,0,0,1,False,4,
f558dda61491d0c1bf208a492b4a28d3ed5fe5b92138fecabdaaa610755b241a,1159010200102830119,1,1,0,1,False,4,
f5b93a3484caf5f795fb081923958f52df0a932a4fb1cab31269565d76666d2d,5123025327106170002,1,1,0,1,False,4,
f5fd4d9679f40b8d132bfc9384a67426b713fb02aa268c273742f480e92e2b4b,4136025621100180021,1,3,0,3,False,4,
f601bbaf2566ada1720afec28bccb15421ed728a0b2977ed75bee9b758a4ed3c,4127110900105070006,0,0,0,1,False,4,
f649a30326c54c72aad5e4b458a082964248a29f552e553ba49d877bf0e61fea,4127110100105780003,0,0,0,1,False,4,
f65ec74fcf0055f625594d1adf834e65b3715fa151bae9c61346fbf41d0bd629,4128710400119970000,0,0,0,12,False,4,
f70c1e866a6272cb05162a7fe45af08297670bc5fbcf671247547098851c2f45,4159025328102710000,,,,0,False,,no_housing
f77f1d8d94d56fbe05b591418ba69c939f24de3d875f99afc5df1cfb587c4f36,1162010200104090096,1,1,0,1,False,4,
f78668e097f805266e6d76acb0945bb62e5dcf34f72b5f99b95d2c6bace4f7e5,5011012200128150000,1,3,0,3,False,4,
f7b7700f869263a46f86cf94e8a34d52d344357249a70ab9c5116c2dddfb763c,5011014000101720000,0,0,0,3,False,4,
f80d1b892947a2fde9711e13e9a3393497860886c0185f58e5778c298f7a9de8,4711111200100050000,0,0,0,2,False,4,
f81d8f8ca37283532648da8459e4a80fbd6d8a7a9f82ab20539561e9f073b8fe,4481038021107730001,1,3,0,3,False,4,
f89c61a7b81d3efea1560de759118e5feb3c677abbcaec88501c0a0567cd76f3,4137011900102010001,0,0,0,7,False,4,
f951e9036c76c102235532076bef5312092c6abf2cb628b718e346a1452dcd47,4146311200103410016,0,0,0,2,False,4,
f9c66cb703812da559883b3a5320fff56fcd61eb510acf866786d8b852d10bd9,4711125631100410011,0,0,0,2,False,4,
fa01be3b1471a05cd09c8f8954b0c3aa75a99cd2ee2d0ee5ab40ba1977b37184,4711110200101350129,0,0,0,1,False,4,
fa099463ddbd9556a770eab2e20d70dfe3eb490bd30b3b993792819bedc1b598,4128510300112660000,0,0,0,12,False,4,
fa2149de022efe1f873e1d510852500e434b40440926d5e952df4dbdd60fff50,1111016900100100021,1,1,0,1,False,4,
fadc214db4980ee57cacb02d80bc44627084bad1839cdc31fdba247f3031124f,4480033028107110014,1,2,0,2,False,4,
fb112d1563c16a85d3bd864aca175944b286a5fcae7330763993143dae8ba72c,4111513400100240000,0,0,0,3,False,4,
fb2ee397ffb5d044fa683f14b48ab7a0269885d17ecb25530d9d10094b070614,5117010100109670007,0,0,0,1,False,4,
fb61891490bcd9de5b917958355549a882285a4f53c81b26cf400400618b72e9,4824012700106070017,1,2,0,2,False,5,
fbbd2d34cd1d8f03ae9f2e162733d240b1b48c40a6b7a0b8228efa054152507a,4113510700101580000,0,0,0,5,False,4,
fbcdef21153c57c5f8d4823b175e4e56b958f3d14deaa1b87856c4856942b128,5211113500108010001,1,4,0,4,False,4,
fbf065ca8e64ba2b14be7e96377b9ce6308239fb2d56b4b26f7baadcdc270223,5011013400117200000,0,0,0,3,False,4,
fc033b73beaa6d1420d791baee1a3d78d10d8225b2bbae29e4a184031a723f40,5013025023119850004,1,2,0,1,False,4,
fc1cce627b8553fe8059a23f72c741f78d5159837f85fe6f22e8894b5d653159,4167012200101930002,0,0,0,3,False,4,
fc85e523e9a1767112a525c703153f512fc9ca4d7bcf770b8a24cf3c931849a8,5213014400107320005,0,0,0,12,False,4,
fc92058a85db250b80be6042734be6acfe6cbbdd5148a67f317850a3ea36c041,4375025022106750006,0,0,0,5,False,4,
fcc103a6082dbde902637f05295cf5af3d2d00859682187cda9def72980efb07,1159010200102790329,1,1,0,1,False,4,
fcd9bbcd9446f11fb0b2be66f5f06ee5c63710f62a0959db0ad2a0eb229e7259,3171026524109730005,0,0,0,1,False,4,
fcf02d6d0407b4f466f3aa04f76f9897d351eea0ca70dda0119e191c0a9efc79,4127110100100880012,0,0,0,1,False,4,
fcf1b493f0692e9251fd6d9e646707ebed70e25e1b71c0d5a09d8ead9be1f8f3,5013011600114230020,1,6,0,3,False,4,
fd1982868e7d9b476e2621ce3082584cae8e36e44747055186e319a26b2333c8,5011025023104170001,0,0,0,3,False,4,
fd43bfbf86cd8bfafa15d3aad1bed2b27a46137980aa24ed97f9b64480ab76e8,4777025022100460002,0,0,0,2,False,4,
fda472adf5a8026916adbf1e19e08af4515efb7e4fefb8c875c9d1f49fd027fb,4143010200102040019,0,0,0,1,False,4,
fe026da059147775c24d3dee2cd1f645428319773b0e207af9f13c3e67c8402d,4113510700102660000,0,0,0,12,False,4,
fe28f0938d184aaab256f04c6eb52e0fc454838b99e3a056f1d5afe3ad176d01,5013010600118910000,,2,0,3,True,4,mixed
fe425f5e41467b481d49a4b5698440ea24514a65dac0f9633f4e903d0ba7fa11,4127310200108090002,0,0,0,1,False,4,
fe7c8316356c5d42072bc1df06cc9091d238da8c5ceb1354b38e789ed04b626b,1168010100107230024,,,,0,False,,no_housing
fece1466f991fa60a75909d51f2d89b3056d0c690c6d473eafea3bc60ee1ef1a,5013025023119850000,1,2,0,1,False,4,
ff331db47836f22b3e8c4361f473aabf7091900f7d2d3344f0e1c0e0c4856ba1,4122037025104060017,0,0,0,1,False,4,
ff4881c0a66cfed5914de346fae595f52ffe49a261defddd2a7a054f39a5966e,5013025022112630000,,5,0,6,True,4,mixed
ff7f0643c9fc44f85c3c33f9ef8a7ff209639f04705ce20a6f2c38d8c9b8e4a3,3017011100102960002,0,0,0,2,False,4,
ffbdf3ae0c7fd8dd18e79c0214e2c43b42a4dc6e1c50dc153805c635fe0fa751,4136025621104110006,1,4,0,2,False,4,
