building_key,display_name,sido_name,sigungu_name,addr3,housing_subtype,region_type,n,n_1,n_mid,n_top,n_below,max_floor_tx,n_floor_values,median_area,median_year,eligible,ident_45,n_ge_10,n_ge_20,n_ge_30,n_ge_50
000874671a0aef8ea6a2828b926634f60a7fda13bd814742ecb3a7e4d3e5dee4,솔리움7차,충청북도,옥천군,청산면,충청북도_연립다세대_매매_2024.csv|525,gun,13,3,7,3,0,4.0,4,80.071,2020.0,True,True,True,False,False,False
00419ba984338a20acca40f4585877740f6f33d4d68473e9b00b39eff220ef71,동명주택3차가동,경기도,화성시,만세구,경기도_연립다세대_매매_2024.csv|7732,cap_city,10,4,5,1,0,4.0,4,44.07,1993.0,True,True,True,False,False,False
004f09097dba9e6aac577c8932b968b40861bddc37b6b74954386a5ff59221cb,공간그린하이츠,충청남도,당진시,송악읍,충청남도_연립다세대_매매_2025.csv|1561,urban_rural,12,5,4,3,0,4.0,3,59.85,1995.0,True,True,True,False,False,False
00a331d01b1b9ea9f4e3e01d612d82f00543ee22f899735d0ead1b445a965a4e,한신그랜드힐,인천광역시,서해구,가정동,,metro_gu,79,27,33,19,0,4.0,4,71.975,1992.0,True,True,True,True,True,True
00c0c73dbac2ffed1dcdabc0447e528a432adc9d34ac1cfe58d22b85ecb86450,새롬빌,경기도,안산시,상록구,경기도_연립다세대_매매_2024.csv|10826,cap_city,21,3,14,4,0,4.0,4,15.6,2013.0,True,True,True,True,False,False
0105d3eb7362a4256d3641e02c07e691fb3936818fb762720c99fba4faa35a31,골든네스트,서울특별시,은평구,역촌동,서울특별시_연립다세대_매매_2025.csv|33246,metro_gu,28,4,21,3,0,6.0,6,54.25,2017.0,True,False,True,True,False,False
01fae0b8a3ea72ab20e7f19a69d4f65a70dfcbd9e7c6c4dda2471e82b1f813a1,매화마을대창빌라,경기도,성남시,분당구,경기도_연립다세대_매매_2025.csv|24584,cap_city,13,3,9,1,0,4.0,4,84.96,1995.0,True,True,True,False,False,False
0254e182d3866e086961707834e40528289fa42da48e28d32af38d1d70e9ac56,루이젠하우스,경상남도,창원시,성산구,경상남도_연립다세대_매매_2025.csv|957,urban_rural,10,3,4,3,0,4.0,4,176.52,2008.0,True,True,True,False,False,False
0292692810f861f29a8e9a7eee726d636f82bdcdcd3916a6eb0185707cb50b90,(210-25),인천광역시,옹진군,영흥면,,gun,16,4,8,4,0,4.0,4,36.595,2014.0,True,True,True,False,False,False
02abbf7726b660bee70ec0c0e7020964220ec0f0cd6553bf1b91844cadff4768,북정,울산광역시,중구,북정동,울산광역시_연립다세대_매매_2025.csv|698,metro_gu,16,6,7,1,2,4.0,5,61.22,1979.0,True,True,True,False,False,False
02af0059a5562bb4112d765da3112418570f43fd47efedf785447ee89f7748c5,(118-226),서울특별시,용산구,청파동3가,서울특별시_연립다세대_매매_2022.csv|6168,metro_gu,10,4,5,1,0,4.0,4,37.52,2003.0,True,True,True,False,False,False
033755fc031f16514f177f4b0007ea9fe4beec0851038f50279b23cba5d633f5,리치빌2차,경기도,안성시,삼죽면,경기도_연립다세대_매매_2025.csv|16563,cap_city,13,6,6,1,0,4.0,4,59.31,2014.0,True,True,True,False,False,False
0341a5bbfbe12f520540c56c89a05b02e7bea1d1a064a60f787935465f620eac,이든빌,제주특별자치도,서귀포시,법환동,제주특별자치도_연립다세대_매매_2024.csv|523,urban_rural,10,5,3,2,0,4.0,4,82.19,2016.0,True,True,True,False,False,False
039066032ba95ae248fcb6a393677ea2aff23de8f7b6d6bffc9fd78d57fd22d6,한경서해파스텔,제주특별자치도,제주시,한경면,제주특별자치도_연립다세대_매매_2025.csv|1301,urban_rural,13,4,8,1,0,4.0,4,65.92,2020.0,True,True,True,False,False,False
0397e1ec3a1a34e0e096b9e37c24a41cdd14782e6c80710347c1bf6685fc93f7,성진빌라,인천광역시,제물포구,신흥동2가,,metro_gu,10,3,4,2,1,4.0,5,37.42,1997.0,True,True,True,False,False,False
03b43537807928524b1532651cf80892d5d672395d3c30f471f7c5db946c7574,삼송우미라피아노(B3)301동-311동,경기도,고양시,덕양구,경기도_연립다세대_매매_2025.csv|20878,cap_city,15,3,7,4,1,4.0,5,84.7435,2021.0,True,True,True,False,False,False
03b454de5459940bd75df8acbbadd4e55add1b544e39f9e63382f18ab3c32553,청룡(A),충청남도,아산시,권곡동,충청남도_연립다세대_매매_2021.csv|244,urban_rural,14,5,8,1,0,4.0,4,24.945,2003.0,True,True,True,False,False,False
03e191745a814763ce37decf785e656248d661b17dff9a9f8ef19e06f6e6acc1,옥천그린빌,충청북도,옥천군,옥천읍,충청북도_연립다세대_매매_2024.csv|713,gun,18,8,6,4,0,4.0,4,66.8348,2011.0,True,True,True,False,False,False
044a98ebf07c51d40aa7489b147fcfe193c9be9ccc3d92c912d8265114ef3724,중흥에스클래스더테라스,경기도,화성시,동탄구,경기도_연립다세대_매매_2025.csv|17299,cap_city,24,5,15,4,0,4.0,4,84.6737,2019.0,True,True,True,True,False,False
04904a20c91e61e584a8f0d3af032298d17cc0b0e526f2925066d591d85c3c8e,충남주택,경기도,안산시,상록구,경기도_연립다세대_매매_2024.csv|2727,cap_city,13,4,8,1,0,4.0,4,36.84,2002.0,True,True,True,False,False,False
04d8221819f2caff83ba9f017d00c363037639018ebc71323068a10a91bfe5ed,천지수풀림,전남광주통합특별시,곡성군,옥과면,,gun,20,7,10,3,0,4.0,4,71.1651,2016.0,True,True,True,True,False,False
04ec88e687ee498f124376c3918ec48f48bb93222607df123f99d81e848d8daa,홍실빌라트,충청북도,충주시,교현동,충청북도_연립다세대_매매_2025.csv|670,urban_rural,17,5,9,3,0,4.0,4,48.87,1993.0,True,True,True,False,False,False
050e120e48aa9666d85f50f81ab474372c24ae300fdbdb2771e5abb33b362886,서홍동별해리,제주특별자치도,서귀포시,서홍동,제주특별자치도_연립다세대_매매_2025.csv|2210,urban_rural,24,9,12,3,0,4.0,4,84.89,2018.0,True,True,True,True,False,False
056b272eded4578bc859bbe850b37dffe9fa23cb2fe118e5494f91d301b9ee36,(113-0),부산광역시,강서구,대항동,부산광역시_연립다세대_매매_2024.csv|428,metro_gu,19,4,10,5,0,4.0,4,27.36,2022.0,True,True,True,False,False,False
0579d8cfe7cec20050bad91631d3a760dfadeabfb9d32ef8db25695615a3912b,우주빌라,경기도,화성시,효행구,경기도_연립다세대_매매_2025.csv|25904,cap_city,11,4,5,2,0,4.0,4,58.65,1994.0,True,True,True,False,False,False
05b1ab7ac446dd551adbcaeb7ad5fc7083dd9a7723bc9aac9a878b8a3f3de275,원정빌라,경기도,평택시,포승읍,경기도_연립다세대_매매_2024.csv|21597,cap_city,21,4,11,6,0,4.0,4,35.04,1999.0,True,True,True,True,False,False
05c72c7c1d1dfc617c7093384c81acc1d42ae705b0e34055d49fa1b972a20aa7,휴안더프레스티지노형1차,제주특별자치도,제주시,노형동,제주특별자치도_연립다세대_매매_2025.csv|2277,urban_rural,18,5,11,2,0,4.0,4,84.9,2023.0,True,True,True,False,False,False
05cc22e11a48aa85bde138f3bfc6452c07da5ceb87d006c1b56625231c409597,영흥훼미리타운,인천광역시,옹진군,영흥면,,gun,19,6,9,4,0,4.0,4,36.515,2014.0,True,True,True,False,False,False
05cea31a315c9ec88ca1ee8681b385a5abe99441c18c2a590daa746bdf67dcbe,포레나여수웅천더테라스2단지,전남광주통합특별시,여수시,웅천동,,urban_rural,56,16,21,19,0,4.0,4,84.9804,2020.0,True,True,True,True,True,True
05f5f2a688e8750531d8a62d762a31da5e3fc42e405ec3a46ed84e7863f3e709,까치마을건영빌라6단지,경기도,성남시,분당구,경기도_연립다세대_매매_2025.csv|23787,cap_city,31,8,15,8,0,4.0,4,59.88,1995.0,True,True,True,True,True,False
063042bc00cf83792b79da4a4c1de6bb4e9e7ab73087d33b017715026de94b73,상록아트빌라(341-15),경기도,용인시,기흥구,경기도_연립다세대_매매_2022.csv|29071,cap_city,11,4,4,2,1,4.0,5,57.78,1992.0,True,True,True,False,False,False
0657a9b235ae14826a00cc90e3f45ed625f39867741fd0aa3f06a6c6d450da3a,삼성쉐르빌,제주특별자치도,제주시,영평동,제주특별자치도_연립다세대_매매_2024.csv|629,urban_rural,11,3,6,2,0,4.0,4,74.08,2016.0,True,True,True,False,False,False
06944b21907b03483150f5df41c3196b0a7da3a5e7bf9420d5b5e2a438fc8a48,"탑펠리스(101,102동)",강원특별자치도,횡성군,둔내면,강원특별자치도_연립다세대_매매_2024.csv|365,gun,11,3,5,3,0,4.0,4,67.08,2012.0,True,True,True,False,False,False
0694bb831e3c96e977d37850a9f01e8abe93783fc5f8227783580b5fe0e081cc,광안리즈빌,부산광역시,수영구,광안동,부산광역시_연립다세대_매매_2025.csv|2391,metro_gu,13,3,8,2,0,4.0,4,27.01,2002.0,True,True,True,False,False,False
0767c25252aaa9144c112c259c67650495d0885993bed2075bb6c45d89f3617b,행복원룸,경상북도,영덕군,영해면,경상북도_연립다세대_매매_2023.csv|1305,gun,19,5,10,4,0,4.0,4,23.04,2003.0,True,True,True,False,False,False
0796debb247da4dea9718acd3befcdd8b41d6453e597e9dc23e9c271146e59ba,미래를여는사람들(1567),경상북도,포항시,북구,경상북도_연립다세대_매매_2022.csv|1139,urban_rural,12,3,6,3,0,4.0,4,17.55,2003.0,True,True,True,False,False,False
07bc2894400957cb7b8c07b6b7315a2e44599bdf969a23565b2d733c8baef1f3,미래미라지,경상남도,거제시,사등면,경상남도_연립다세대_매매_2025.csv|937,urban_rural,36,6,21,9,0,4.0,4,84.9701,2016.0,True,True,True,True,True,False
08142f8692801a6a388e80fbdf9ad0249c7c1adb4057edd30cb0f6f3391df9ad,후정비치타운A,경상북도,울진군,죽변면,경상북도_연립다세대_매매_2024.csv|660,gun,10,4,4,2,0,4.0,4,65.37,1997.0,True,True,True,False,False,False
084bdf2d71089b4156f7a2ab9e0ce57d39124ee73a3c2fcd0cefd3400338ebed,더커먼즈37,서울특별시,성북구,장위동,서울특별시_연립다세대_매매_2025.csv|22719,metro_gu,13,3,6,4,0,4.0,4,29.77,2021.0,True,True,True,False,False,False
085e20fc52cd59debf1eaa49c09763566e965b715dd2e9f8905cd19615978580,광천원룸,부산광역시,동래구,온천동,부산광역시_연립다세대_매매_2025.csv|3759,metro_gu,28,8,12,8,0,4.0,4,20.7,2003.0,True,True,True,True,False,False
08ba0f66f0460e08c025af24b7d1d0e1310ae34371a57478104ac1d4475b6f55,스카이캐슬,경상남도,남해군,남해읍,,gun,12,5,6,1,0,4.0,4,33.2005,2025.0,True,True,True,False,False,False
08cdb25d57bdebfa394ed018929b54833031d6440b228e5250144e190123230c,금원휴빌리지,충청북도,청주시,청원구,충청북도_연립다세대_매매_2025.csv|667,urban_rural,16,5,6,5,0,4.0,4,84.9075,2017.0,True,True,True,False,False,False
08dadbfd88317a56ce3d4c18ffd08f6509af3eb9bbd77649d9b8677da71b09a5,삼성빌라(가동),경기도,용인시,처인구,경기도_연립다세대_매매_2024.csv|20726,cap_city,12,3,6,1,2,4.0,5,44.455,1998.0,True,True,True,False,False,False
0901c656467dc056ed225f5ac99bb0ce7e8a6277cc6ff250d4a6ac9719da8e68,장안타운(건영빌라),경기도,성남시,분당구,경기도_연립다세대_매매_2025.csv|23124,cap_city,15,3,4,8,0,4.0,3,84.84,1995.0,True,True,True,False,False,False
09691ba443ee3e298eb1d9571f9a7115de1cb157b8ff7ba54039ceec3801a36f,파주교하월드메르디앙타운하우스(101동-109동),경기도,파주시,문발동,경기도_연립다세대_매매_2025.csv|24065,cap_city,18,4,9,5,0,4.0,4,134.2205,2008.0,True,True,True,False,False,False
09c4b61abac76992864d98fbbdd404a1cc4d7a2830c6ac639e0ebf725daf2378,한신더휴테라스8(801-813동),경기도,김포시,운양동,경기도_연립다세대_매매_2025.csv|25474,cap_city,41,5,34,2,0,5.0,5,84.9896,2017.0,True,True,True,True,True,False
09e3a2242d570e0694337c1ec837397d1971cdfa22346841841651b9243734b7,(132-15),서울특별시,동대문구,장안동,서울특별시_연립다세대_매매_2024.csv|20208,metro_gu,11,4,6,1,0,4.0,4,31.36,2012.0,True,True,True,False,False,False
09fe158ce3f0ec5767940f11002ea68be1d9d01fabb407d08cf4a686d741c892,언덕위에하얀집,전북특별자치도,전주시,덕진구,전북특별자치도_연립다세대_매매_2025.csv|676,urban_rural,19,5,10,4,0,4.0,4,16.2,2002.0,True,True,True,False,False,False
0a1abf540cc36b56db80aa0a21eb627e6c77b66b9634e907c2542a1639e8408d,세종팰리스,경기도,여주시,월송동,경기도_연립다세대_매매_2025.csv|14129,cap_city,17,3,12,2,0,4.0,4,61.8,2016.0,True,True,True,False,False,False
0a625915d75a3ad12138c1ecdb94c2ab98fc5b06aa5c49ab792fa4ea525f7a71,우강프린스,경기도,고양시,일산동구,경기도_연립다세대_매매_2025.csv|19456,cap_city,10,4,5,1,0,4.0,4,45.32,2017.0,True,True,True,False,False,False
0a7c0b90dcddbbe518c55b6403d49d672d4bd22c0423db8d0cb7bed4a49c5594,마곡수명산파크8단지,서울특별시,강서구,내발산동,서울특별시_연립다세대_매매_2025.csv|19050,metro_gu,18,4,11,3,0,4.0,4,84.53,2006.0,True,True,True,False,False,False
0aa62a1e4aa3787b2177cdb1296545a7986648b700d33634bbc14c940094f43e,메종456,서울특별시,영등포구,신길동,서울특별시_연립다세대_매매_2025.csv|23544,metro_gu,11,3,5,3,0,4.0,4,29.78,2024.0,True,True,True,False,False,False
0ace4ea7bac6f636ca25e6a666c81251f4079cfc6f76518b991e9d54210c7715,로뎀하우스,서울특별시,광진구,능동,,metro_gu,27,4,17,6,0,4.0,4,12.28,2009.0,True,True,True,True,False,False
0af33bd8239318be2316686fed1da13b2c062fdb969a03d6106dafc6e17047e1,장원빌라,서울특별시,성북구,장위동,서울특별시_연립다세대_매매_2025.csv|19995,metro_gu,11,3,3,5,0,4.0,3,52.56,1993.0,True,True,True,False,False,False
0afa08b89ae4c0d5890d492ff446a390804214734ce562cb85b4c9e4d37c4737,가도스타디움(2차),전남광주통합특별시,서구,쌍촌동,,metro_gu,26,9,10,7,0,4.0,4,16.9685,2014.0,True,True,True,True,False,False
0afee49f3ec708ce386c3b85984f546be56dac73acea6f459828e723a45d1b4b,삼웅빌라(1동),인천광역시,계양구,작전동,,metro_gu,14,4,4,6,0,4.0,3,36.24,1991.0,True,True,True,False,False,False
0b49e73984205e26c38e9c8d835565f7a63215fc1bb70759b7d33e48653de355,노형리츠하임테라스파크,제주특별자치도,제주시,이호이동,제주특별자치도_연립다세대_매매_2025.csv|1191,urban_rural,11,3,6,2,0,4.0,4,84.9598,2018.0,True,True,True,False,False,False
0b564637f4f92e3cc3de9610259df8857f59c27c8dc3f67b65295e2a43bd44e6,리움펠리체,서울특별시,동작구,상도동,서울특별시_연립다세대_매매_2024.csv|24010,metro_gu,21,4,14,3,0,5.0,5,57.782,2021.0,True,True,True,True,False,False
0bc27fd3965cb57e0871aa1815fc8aabb5eb8ef4e647a783f6589c27b8bff9c8,영광원룸빌라트,경기도,수원시,팔달구,경기도_연립다세대_매매_2024.csv|9995,cap_city,12,3,8,1,0,4.0,4,29.64,1995.0,True,True,True,False,False,False
0bc2a6d5e42427a9323c8e6eda34ae358d066a901d3c6e3b0d60baba273308d7,유성빌라,경기도,용인시,처인구,경기도_연립다세대_매매_2025.csv|21020,cap_city,22,9,8,4,1,4.0,5,41.4,1995.0,True,True,True,True,False,False
0c1f7304324e4f875f06e8daff165a611f3a42f04396e3dee0499cebbea08928,스위트캐슬3차,경상남도,남해군,삼동면,경상남도_연립다세대_매매_2024.csv|221,gun,11,3,7,1,0,4.0,4,57.205,2021.0,True,True,True,False,False,False
0cede93caef693b8073d7c013d7d58abb284a13043ea273ae2d150f70aa2ff46,학산,경기도,포천시,어룡동,경기도_연립다세대_매매_2025.csv|20092,cap_city,32,3,22,7,0,4.0,4,48.63,1986.0,True,True,True,True,True,False
0d8b7769f7a64da499e9e9b230454c9358126a353e31ac5473503787b5c7cde3,공감지음410,서울특별시,강서구,화곡동,서울특별시_연립다세대_매매_2022.csv|30661,metro_gu,21,5,10,6,0,4.0,4,29.19,2021.0,True,True,True,True,False,False
0d9323c6d07d4aa4e6166a9571c5e54613132e44c84b1db3e4a2ef513d181dd3,쵸이스빌,울산광역시,남구,삼산동,울산광역시_연립다세대_매매_2025.csv|795,metro_gu,18,5,10,3,0,4.0,4,30.235,2002.0,True,True,True,False,False,False
0deb3c251870f24b501dc0d4d80410826fc538163e9a29ee17c99d46dffdeb34,(595-14),경기도,안산시,상록구,경기도_연립다세대_매매_2022.csv|35906,cap_city,18,5,10,3,0,4.0,4,22.96,2001.0,True,True,True,False,False,False
0e845131fb5aebf957a92a1d9fbdc019f5250431f92c5064926dbe2bdb94f579,(1009-6),경기도,화성시,만세구,경기도_연립다세대_매매_2025.csv|22183,cap_city,17,3,13,1,0,4.0,4,59.85,2017.0,True,True,True,False,False,False
0e94e82d281a7c59cbe4a974c28d29cef58fe2b550faed70ebab0987cfe5b947,바다소랑A동B동,제주특별자치도,제주시,조천읍,제주특별자치도_연립다세대_매매_2022.csv|2262,urban_rural,15,4,8,3,0,4.0,4,60.92,2018.0,True,True,True,False,False,False
0ec1dfa28f6b647bcad3d1f3a726e768da4b70a1ab9afebf7db6c0b64aab73cc,창조그린빌원룸,전북특별자치도,익산시,남중동,전북특별자치도_연립다세대_매매_2025.csv|955,urban_rural,13,6,3,4,0,4.0,4,27.7305,2001.0,True,True,True,False,False,False
0eeae687a5d14d8127484502af9720670bab03e05e35f694758ed4e344b61374,(1405-3),경기도,안산시,상록구,,cap_city,14,4,8,2,0,4.0,4,41.665,2006.0,True,True,True,False,False,False
0ef01461c45f4aedfeae890c06e8576505de0657a817c659f3e1fda744650fb4,장안타운(한신),경기도,성남시,분당구,경기도_연립다세대_매매_2025.csv|13520,cap_city,12,6,4,2,0,4.0,4,84.985,1994.0,True,True,True,False,False,False
0f0388765ef08c8645df7f953a2f1d52e05dc50107d4f569b7494b0d651142d6,해동,충청남도,논산시,연무읍,충청남도_연립다세대_매매_2024.csv|290,urban_rural,17,6,10,1,0,4.0,4,53.865,1984.0,True,True,True,False,False,False
0febbef2b8b7a425fcdc9677bd72753f454dbb49a44e3099cfdb9a570d060c94,신유,경기도,안산시,단원구,경기도_연립다세대_매매_2025.csv|24880,cap_city,12,3,5,4,0,4.0,4,61.709999999999994,1992.0,True,True,True,False,False,False
10158d2366b25365625d2b44b65ca071ddf7be5e79b895d3dcde1b8fec6080ef,남우맨션,인천광역시,서해구,심곡동,,metro_gu,11,3,5,3,0,5.0,5,59.78,2001.0,True,True,True,False,False,False
1023bab3561e083e0b910b02fbccbb03054e67b99dec09a323d1dba5812675e9,에스케이지음,서울특별시,강서구,화곡동,서울특별시_연립다세대_매매_2021.csv|6714,metro_gu,16,4,10,2,0,5.0,5,26.57,2021.0,True,True,True,False,False,False
1089f7f3b1155d0b95c65df4996b1449eb84bee3a015e0a0ba529a7f45168c08,송정동태왕아너스,경상북도,구미시,송정동,경상북도_연립다세대_매매_2025.csv|2362,urban_rural,27,5,15,7,0,4.0,4,57.134,2012.0,True,True,True,True,False,False
10b3945b739ff0fd6acf8de887047a6886dff983a4b34cfbad208c1115d7c2db,션샤인,전북특별자치도,전주시,덕진구,전북특별자치도_연립다세대_매매_2024.csv|796,urban_rural,32,8,18,2,4,4.0,5,30.55,2001.0,True,True,True,True,True,False
10bc8f06da7226610ac4b9abc093409727359993d130a3f20187b52f7a529c8e,무수천영도그린빌라,제주특별자치도,제주시,애월읍,제주특별자치도_연립다세대_매매_2025.csv|2168,urban_rural,16,4,9,3,0,4.0,4,59.586,2001.0,True,True,True,False,False,False
11456d18a7220bf057a8442613ba49774fd6d06eaa956915376cdf71ee95fd6b,세종빌라,경기도,포천시,신북면,경기도_연립다세대_매매_2025.csv|15662,cap_city,10,4,4,1,1,4.0,4,54.44,1992.0,True,True,True,False,False,False
11ca5347bf28cc6082dba0b712c52073f46d782dcac9e6467620e2b678a4e637,대한빌,전북특별자치도,군산시,미룡동,전북특별자치도_연립다세대_매매_2023.csv|183,urban_rural,19,4,10,5,0,4.0,4,23.73,2001.0,True,True,True,False,False,False
121657f369158fc2f1c1e9d4b46bb7e13c907c51972a7431a2367c84413553df,마이움101동,세종특별자치시,,조치원읍,,urban_rural,28,7,14,7,0,4.0,4,15.04,2014.0,True,True,True,True,False,False
1240edf0fc84f473a6c22e6c8dc6eeac3efd61216550e5cce228c056524890ff,파크타운,경기도,동두천시,보산동,경기도_연립다세대_매매_2025.csv|23898,cap_city,22,5,12,5,0,4.0,4,59.938,2000.0,True,True,True,True,False,False
125aa9a95445dbde0a3c03deae3e6eec9315e4555d036dbba1be14752a50e947,궁동에스하임1,서울특별시,구로구,궁동,서울특별시_연립다세대_매매_2022.csv|23141,metro_gu,14,4,7,3,0,4.0,4,51.6,2022.0,True,True,True,False,False,False
125ff797ac3707f38ddfa9f578af91b65ed698a75cfaff05186334833d2ae26c,상동청목아델하임,경상남도,거제시,상동동,경상남도_연립다세대_매매_2025.csv|1437,urban_rural,39,9,21,9,0,4.0,4,84.9919,2013.0,True,True,True,True,True,False
1265e847a3afd3772017213192406b97231aecdefbb62ee4b15d6151489234e2,판교원마을10단지(힐스테이트연립),경기도,성남시,분당구,경기도_연립다세대_매매_2025.csv|19491,cap_city,21,4,8,9,0,4.0,4,150.42,2009.0,True,True,True,True,False,False
130d56c1f6e6016e093014df763a726dbebc47721683a06fb894130a4b300d55,AM-CITY,전남광주통합특별시,남구,봉선동,,metro_gu,13,4,4,5,0,4.0,4,20.7508,2013.0,True,True,True,False,False,False
13993005c5f1933533302cf37c9df91e160be94f55f7d865a16e52bd0b11cf16,대동빌라트2단지,경상남도,창원시,진해구,경상남도_연립다세대_매매_2025.csv|913,urban_rural,18,6,7,5,0,4.0,4,76.23,1996.0,True,True,True,False,False,False
13e03e226abc6626a682be6beee93e5129d4efd020e02b5d7ecf3f530fa20413,에이스빌,서울특별시,광진구,능동,,metro_gu,17,5,9,1,2,4.0,5,24.57,2001.0,True,True,True,False,False,False
142ead65de2955c1550da769d931c29b50eccc04f0a649b780fe8753de48698f,신화빌라,충청북도,진천군,덕산읍,충청북도_연립다세대_매매_2024.csv|465,gun,11,4,4,3,0,4.0,4,59.23,1995.0,True,True,True,False,False,False
15474375509a1c3141984536dbbb976c5d656c3192727634ba00a27b2cdf75a8,더힐101,경상북도,안동시,정상동,경상북도_연립다세대_매매_2024.csv|409,urban_rural,16,4,11,1,0,4.0,4,84.64,2021.0,True,True,True,False,False,False
15c8ab51e497086cfb5e7f28d96879ac409c26466e5f8dcdc000007e51be58fb,남통동미리내타운,경상북도,구미시,남통동,경상북도_연립다세대_매매_2025.csv|1337,urban_rural,11,6,4,1,0,4.0,4,82.8864,2015.0,True,True,True,False,False,False
15ccdf3f1d05cae43a72158a062690d124007412639779aa37c40f984c66213d,스카이캐슬I,경상남도,남해군,남해읍,,gun,15,3,8,4,0,4.0,4,64.3,2025.0,True,True,True,False,False,False
161a14b158c983bf906bb4ff07de74c9c2cf425a306330c95f32d3a89765dff8,(1281-7),경기도,안산시,상록구,경기도_연립다세대_매매_2023.csv|7118,cap_city,16,5,9,2,0,4.0,4,29.975,2002.0,True,True,True,False,False,False
162dc402818fd290051d145dc937371553ce9be1e12b48b58b68b49d277975e4,수정타운,충청북도,제천시,장락동,충청북도_연립다세대_매매_2025.csv|784,urban_rural,46,6,20,20,0,4.0,4,49.95,1991.0,True,True,True,True,True,False
170ca9039d36ce901be40841c9bdb459420a65e15ced3f20e1cc221287203f16,대성아트빌(D동),인천광역시,서해구,연희동,,metro_gu,12,3,5,1,3,4.0,5,39.53,2001.0,True,True,True,False,False,False
1764caae258d54707910edd3fb29641d3ea154a294ee5bcefb0aacb6dbc65df7,목련마을화성빌리지,경기도,성남시,분당구,경기도_연립다세대_매매_2025.csv|20964,cap_city,28,8,15,5,0,4.0,4,71.77,1994.0,True,True,True,True,False,False
17a4b9e9044980562099eea1a3bd8d5bd7438459d0e06dc1b3887102ad0f30c1,성환내지브로,충청남도,천안시,서북구,충청남도_연립다세대_매매_2025.csv|1131,urban_rural,37,8,13,16,0,4.0,4,59.87,2021.0,True,True,True,True,True,False
183d035d1f2cadd069a416275597103611cbd2d3c7605fcac4a609abc32064dd,목화캐슬,전남광주통합특별시,남구,방림동,,metro_gu,42,12,21,9,0,4.0,4,59.52,2021.0,True,True,True,True,True,False
184c81c99edddaf1cb46c3061c041f314eede7ea01830555fc083144d2bb1e9d,(108-12),경기도,안산시,단원구,경기도_연립다세대_매매_2024.csv|11423,cap_city,22,4,14,4,0,5.0,5,47.53,2002.0,True,True,True,True,False,False
1863f0fcf6db2c2ce8515e3453d03306781ef354aaa25d1eeb6acece98904988,청춘가옥,서울특별시,금천구,시흥동,서울특별시_연립다세대_매매_2021.csv|8002,metro_gu,20,5,10,5,0,4.0,4,27.17,2021.0,True,True,True,True,False,False
18a1d5483e16a10f3a2a971d7ef97b1a581e05ea4f5e6f49b0b333901e4645c2,아이리스,전남광주통합특별시,북구,용봉동,,metro_gu,29,4,18,7,0,4.0,4,14.6806,2013.0,True,True,True,True,False,False
193565b32cb975bc3c45e590a202e254426b2d7d7a00d1d382f3d71736072dd7,학산로얄빌라,강원특별자치도,강릉시,구정면,강원특별자치도_연립다세대_매매_2023.csv|448,urban_rural,11,3,5,3,0,4.0,4,84.75,2015.0,True,True,True,False,False,False
1961d6ad611e9a2491b707560da42f44f2910f3a628c9a712e5d584b1c770ac5,(1512-5),제주특별자치도,서귀포시,표선면,제주특별자치도_연립다세대_매매_2023.csv|957,urban_rural,17,3,12,2,0,4.0,4,62.5728,2018.0,True,True,True,False,False,False
19c7f479f59a1121826ddd814bf02d196052dffbc9882779ab1a561cb617d436,한솔빌라(279-232),서울특별시,동작구,상도동,서울특별시_연립다세대_매매_2025.csv|32646,metro_gu,14,4,4,1,5,4.0,4,50.07,1998.0,True,True,True,False,False,False
19dc6f925284cec8abf21ca944a897d9f9946123e8043ec0416456c206904051,제이제이하우스,제주특별자치도,서귀포시,성산읍,제주특별자치도_연립다세대_매매_2024.csv|1579,urban_rural,18,3,10,5,0,4.0,4,69.24,2023.0,True,True,True,False,False,False
19f29ffabf9772ac81ec4c9d0c862fc91001070914c13a55a00102812eeab0ea,교보,강원특별자치도,양구군,양구읍,강원특별자치도_연립다세대_매매_2024.csv|813,gun,38,9,20,9,0,4.0,4,39.92,1997.0,True,True,True,True,True,False
19f55f52ede090e5382bfe85836e9cc945c6caae8094bdfc8ee420d908db124c,오라더프라미스,제주특별자치도,제주시,오라일동,제주특별자치도_연립다세대_매매_2025.csv|2344,urban_rural,19,5,9,5,0,4.0,4,84.36,2023.0,True,True,True,False,False,False
1a58cab2b8f65fca688ce467c05e619d25f7982b3783f7f17b371c9e440074f6,라온프라이빗에듀,제주특별자치도,서귀포시,대정읍,제주특별자치도_연립다세대_매매_2025.csv|2218,urban_rural,94,23,51,20,0,4.0,4,59.9977,2014.0,True,True,True,True,True,True
1a7a18f4df6767b5c71b5e5e75901750b5d811a4ddc031ed8ae237cbc49f2222,루체비스타,제주특별자치도,서귀포시,동홍동,제주특별자치도_연립다세대_매매_2025.csv|2347,urban_rural,25,5,17,3,0,4.0,4,77.1,2020.0,True,True,True,True,False,False
1aa223ca6d9a6819999a63f8f23c25b9feeac65199484c57d71703f4a35eb282,영평반석타운,제주특별자치도,제주시,영평동,제주특별자치도_연립다세대_매매_2025.csv|2082,urban_rural,29,6,14,9,0,4.0,4,46.8202,2001.0,True,True,True,True,False,False
1ada7def3a99b229aea69d6a866929c9e9d0d2bec1a336adadd819aeeebd30d4,효자촌대명,경기도,성남시,분당구,경기도_연립다세대_매매_2025.csv|14077,cap_city,13,5,3,5,0,4.0,3,58.95,1995.0,True,True,True,False,False,False
1b91748df9113b1acb7dd56dee536bd8ce6da43fe992f2edff21a15ee65669f3,HwellsPARK장충1,서울특별시,중구,장충동1가,서울특별시_연립다세대_매매_2022.csv|3339,metro_gu,19,5,12,2,0,5.0,5,28.08,2022.0,True,True,True,False,False,False
1c8949303e95e0a601a259078c91ca812bae356d6286bdfc2ab56ddd77492dff,늘해랑2동,인천광역시,미추홀구,문학동,,metro_gu,27,3,16,8,0,4.0,4,83.35,2023.0,True,True,True,True,False,False
1d120ba03f189f6dccd3d959bfaf48bea2e81b3cf16496c067090e5318eb0639,더힐102,경상북도,안동시,정상동,경상북도_연립다세대_매매_2024.csv|2281,urban_rural,13,4,5,4,0,4.0,4,84.64,2021.0,True,True,True,False,False,False
1d22d14416d949279de3750b00a6cae0cc35437f3e9caba26b0c183f9146dceb,(55-41),서울특별시,성북구,상월곡동,,metro_gu,16,4,8,4,0,4.0,4,14.094999999999999,2013.0,True,True,True,False,False,False
1d6b3f24758a9daf8b50ec6e5d4fac88d85bcde4a2253214eda7cdbaf64b3410,모드니타운,경기도,용인시,처인구,경기도_연립다세대_매매_2024.csv|8103,cap_city,33,7,14,7,5,4.0,5,82.5717,2021.0,True,True,True,True,True,False
1dbb53d2ba2e2406f40250272bf31e0fb96113e8fabf60575ad7c60e9e343478,대진유토피아,제주특별자치도,서귀포시,표선면,제주특별자치도_연립다세대_매매_2025.csv|1962,urban_rural,100,30,45,25,0,4.0,4,45.75,2017.0,True,True,True,True,True,True
1dc8d193607ae83a9f0378c346dba53f79aa2d336a65111f8f1e98cd6ba8c2b2,엘트라움,전남광주통합특별시,완도군,완도읍,,gun,10,4,4,2,0,4.0,4,84.9963,2022.0,True,True,True,False,False,False
1df48860cebca064c6940c3f996494cf20d3753b97ff7bfb19295e7f47835c21,비발디캐슬(957-40),경상남도,거제시,연초면,경상남도_연립다세대_매매_2022.csv|1768,urban_rural,22,5,13,4,0,4.0,4,17.36,2009.0,True,True,True,True,False,False
1e7b6ca94558d753aba18a3ff8573dbf9163b455402645c8f23a7bbd0856bc5a,포레나여수웅천더테라스1단지,전남광주통합특별시,여수시,웅천동,,urban_rural,28,11,11,6,0,4.0,4,84.9733,2020.0,True,True,True,True,False,False
1ed084c76411d73a0ee9c23cdf57968dc9816d815ad5c200ac01f66c8dac238b,양재빌라,서울특별시,서초구,양재동,서울특별시_연립다세대_매매_2025.csv|30193,metro_gu,13,4,4,1,4,4.0,4,35.1,1993.0,True,True,True,False,False,False
1ee4ec5a224e6f1e4887810da2fa476ecaae2c7b35901f7e3c9199478c1180ad,세울펜트하우스,충청북도,청주시,서원구,충청북도_연립다세대_매매_2021.csv|683,urban_rural,24,6,13,5,0,4.0,4,80.4432,2018.0,True,True,True,True,False,False
1ef868539249103fa317691b1ec83710abaac99163cd079cc67156939092c074,더누림빌리지,경기도,화성시,병점구,경기도_연립다세대_매매_2021.csv|11350,cap_city,29,4,20,5,0,4.0,4,15.04,2016.0,True,True,True,True,False,False
1f22e225416f40202259e3c8c8967ac18d5f563f8eb60b9814e050b4b90b12a1,동보,강원특별자치도,화천군,화천읍,강원특별자치도_연립다세대_매매_2025.csv|967,gun,86,17,56,13,0,4.0,4,32.64,1999.0,True,True,True,True,True,True
1fcfa2f22454f48e620c4636dc2f71994473ddf73b637940ca6c3b8668231408,"신일빌라(3,4)동",인천광역시,미추홀구,학익동,,metro_gu,10,4,3,3,0,4.0,3,40.885,1994.0,True,True,True,False,False,False
201237469c92cbb78ac880c312eb2b5cdda0fc257637a11528adb91a2a31f186,신양,충청북도,진천군,진천읍,충청북도_연립다세대_매매_2025.csv|1064,gun,19,6,11,2,0,4.0,4,59.91,1993.0,True,True,True,False,False,False
202b709a62710560087dd96c1fbbb00d244846012ad2d02c2864865111abfe43,오태명당풀리비에1단지,경상북도,구미시,오태동,경상북도_연립다세대_매매_2025.csv|2378,urban_rural,38,9,22,7,0,4.0,4,49.3239,2015.0,True,True,True,True,True,False
2058aa73192d7cacd5aa4122e8336c0a76066b1e92915c8d083527f901dd4645,배방한성필하우스테라스인포레,충청남도,아산시,배방읍,충청남도_연립다세대_매매_2025.csv|2200,urban_rural,30,8,17,5,0,4.0,4,84.972,2021.0,True,True,True,True,True,False
20afb455d33632bcc262e3bf339affc4e0254e4424d5296d7a048c56f5723e8f,(783-7),경기도,안산시,단원구,,cap_city,19,6,12,1,0,4.0,4,22.4,2003.0,True,True,True,False,False,False
20b8c7cb15e036b4a52a025f615c40624f3284c7cf34e4ae4bb75905d6007b6a,청라파크자이더테라스2블럭,인천광역시,서해구,청라동,,metro_gu,71,19,33,19,0,4.0,4,84.9945,2016.0,True,True,True,True,True,True
21d634284e3f6eb54a3fc4727209fc51ae3821fdfdb475da60a035a6c6470edd,도원빌라(189-10),서울특별시,영등포구,신길동,서울특별시_연립다세대_매매_2023.csv|16201,metro_gu,10,4,4,2,0,4.0,4,28.18,2001.0,True,True,True,False,False,False
224a017998ceecd810f154958ae99cfcb4ebaacea4fedd9465c7a3dac5ed57cb,블렌하임타운힐스(1001동~1003동),경기도,여주시,가남읍,경기도_연립다세대_매매_2022.csv|9641,cap_city,12,5,6,1,0,4.0,4,59.985,2017.0,True,True,True,False,False,False
224f77f4211c10f4b5667a72e0d18d258a57811ebb58a54390d2509e34909cbb,우남퍼스트빌리젠트,경기도,하남시,덕풍동,경기도_연립다세대_매매_2024.csv|24634,cap_city,12,5,3,4,0,4.0,4,135.1512,2008.0,True,True,True,False,False,False
2270be02d3d641b2ca4f25362e9a88343e10c973cfd543d27e1701f934f10c28,비비드하임,서울특별시,은평구,갈현동,서울특별시_연립다세대_매매_2024.csv|5281,metro_gu,12,3,7,2,0,4.0,4,58.92,2023.0,True,True,True,False,False,False
22ce54183018a0fc7430ec5c784e8fc1a050a5d9242e3693f3ce31a46d6bfd18,혜신빌타운1동2동,경기도,파주시,적성면,경기도_연립다세대_매매_2024.csv|24405,cap_city,11,3,6,2,0,4.0,4,69.06,2017.0,True,True,True,False,False,False
23000f2795c9db798a504845181544db1f83e2257d2be7faccf3ab2f52ab18e7,수도팬더빌라(2동),인천광역시,남동구,구월동,,metro_gu,10,3,4,1,2,4.0,5,38.26,1993.0,True,True,True,False,False,False
23c86efb26a619ed0b0e43b48c5553bcf907476fa16b2fd2ba7ed7a1686ec474,희망,서울특별시,광진구,구의동,서울특별시_연립다세대_매매_2023.csv|11112,metro_gu,13,4,7,2,0,4.0,4,34.71,2023.0,True,True,True,False,False,False
23ece9dd7a2f7255f814a13b24168146f5c941094ec0eb83a0839fa795a7dbbe,오션뷰타운2차,부산광역시,기장군,장안읍,부산광역시_연립다세대_매매_2023.csv|3462,gun,10,4,5,1,0,4.0,4,59.9968,2013.0,True,True,True,False,False,False
248d09a48eb5a730e55d0dc0b98431983ff5b1f266b50b8022090d2f148946d5,수안채리치,전남광주통합특별시,광산구,수완동,,metro_gu,12,3,6,3,0,4.0,4,111.86,2016.0,True,True,True,False,False,False
2497428f9ed68a3a36f5ab4a89868ab941b05b670ad327d55b3ee5c5003bf3e4,유진빌라,대전광역시,서구,갈마동,,metro_gu,14,3,8,3,0,4.0,4,31.15,2000.0,True,True,True,False,False,False
24a40d1b163fb422e3a0ff4e4f8d73a5ecb3e34f089002b03e9b3cdc355b6d4b,아뜨리움,제주특별자치도,제주시,영평동,제주특별자치도_연립다세대_매매_2023.csv|725,urban_rural,15,7,3,5,0,4.0,4,83.04,2016.0,True,True,True,False,False,False
24e2381dcf9aa9135d64b056c344016a60f9b5b3b67cc6dc616b96125c5431b0,노블28,전북특별자치도,전주시,완산구,전북특별자치도_연립다세대_매매_2025.csv|958,urban_rural,14,5,5,4,0,4.0,4,84.7728,2017.0,True,True,True,False,False,False
24f96583a5409a5fc4822fe765bcdc3924f45824d1e1e50e9025fdbd02d64d34,아원아트빌(B동),경기도,광주시,양벌동,경기도_연립다세대_매매_2024.csv|17658,cap_city,10,3,5,2,0,4.0,4,59.34,2012.0,True,True,True,False,False,False
251f7bab1d15fe8cb7f80d6d2b3267c8461c7f9b2dd6bed13521f5dd422262a9,금강원룸,울산광역시,중구,북정동,,metro_gu,11,3,6,2,0,4.0,4,20.83,2000.0,True,True,True,False,False,False
25247dc813d7b1a04e8449043402c829d89d0186d9863b5f37e8e52212f543e7,스타팰리스,서울특별시,성북구,장위동,서울특별시_연립다세대_매매_2025.csv|28557,metro_gu,14,3,7,1,3,4.0,5,46.64,2020.0,True,True,True,False,False,False
25374b735e646739ec0c870298ddaea8e4c4114250af07ea6c225cd551c26d9b,JMK힐타운,경상남도,창녕군,창녕읍,경상남도_연립다세대_매매_2025.csv|1455,gun,25,8,6,11,0,4.0,4,61.0514,2015.0,True,True,True,True,False,False
2543b95dc5be8f9e7325b721fa2e37a1ff8392b60965e76f9b65f3a5f4b0ec4f,청아빌라,인천광역시,서해구,연희동,,metro_gu,13,9,3,1,0,4.0,4,59.88,1996.0,True,True,True,False,False,False
25597d1fa1a037f30bfbefa382fba450d812eb9e1b3120f6297b577bff3648b5,산수아트빌,전남광주통합특별시,동구,산수동,,metro_gu,12,3,5,4,0,4.0,4,17.64,2003.0,True,True,True,False,False,False
25693626f4c01ac91aef0657a87f12fe314d6982789fdd2760407c0fe0497b7c,우성파크빌라(다동),충청남도,서산시,음암면,충청남도_연립다세대_매매_2025.csv|1552,urban_rural,12,3,4,5,0,4.0,4,49.83,1993.0,True,True,True,False,False,False
256dddade6e550338163e8e32f66e931deb935f67cd6489d5f9e6612d6b3c0ef,성건주공,경상북도,경주시,성건동,경상북도_연립다세대_매매_2025.csv|2167,urban_rural,19,4,8,7,0,4.0,4,58.11,1980.0,True,True,True,False,False,False
25d143ab4704b0e19a13ec5b4fce7bb7ef7a12a7a8b843091b6e0c171cdb9e22,동광빌라,인천광역시,계양구,임학동,,metro_gu,12,4,3,5,0,4.0,4,46.44,1994.0,True,True,True,False,False,False
2607b15a013348fd4a967be675b87c3ccb8d1cddad21610c3b3ae43433f838cc,이가채(365-211),서울특별시,강서구,등촌동,서울특별시_연립다세대_매매_2025.csv|24467,metro_gu,10,4,4,2,0,4.0,4,29.65,2015.0,True,True,True,False,False,False
262223a0707f17257831273fa5c4471d9ead10e800c17afca6437c2e06534047,(485-22),경기도,화성시,만세구,경기도_연립다세대_매매_2025.csv|19349,cap_city,20,5,10,5,0,4.0,4,15.6,2015.0,True,True,True,True,False,False
267d9af30b96250337e545ba1617810d95111a49678c2a9b691d60b75bdebfcb,성원(364),경기도,수원시,장안구,경기도_연립다세대_매매_2022.csv|16924,cap_city,15,3,8,4,0,4.0,4,18.48,2012.0,True,True,True,False,False,False
26aa6ed15b7dd398e737c0a6413637bc25e3a10ab228af8a2d346aded5817bc0,장미힐스빌102동,경기도,파주시,금촌동,경기도_연립다세대_매매_2025.csv|13777,cap_city,14,4,8,2,0,4.0,4,21.45,2001.0,True,True,True,False,False,False
2724d91641faecac6039f8c166cbe991526541ecbf8a3d4293e623be96d55dc5,평창스카이테라하우스,강원특별자치도,평창군,대관령면,강원특별자치도_연립다세대_매매_2025.csv|971,gun,143,26,86,31,0,4.0,4,31.8205,2016.0,True,True,True,True,True,True
2726980c3057e2afeb091dafd6c0dd1e6a54fcd0ed17929d2028669486b9abab,조천라오체1차,제주특별자치도,제주시,조천읍,제주특별자치도_연립다세대_매매_2025.csv|2232,urban_rural,24,9,10,5,0,4.0,4,72.69,2017.0,True,True,True,True,False,False
27a192aeb6ba47e1c7807fb7c4f053cc3e494ddf672fd8e63593e432bf9be298,송강빌,부산광역시,부산진구,가야동,,metro_gu,16,4,8,4,0,4.0,4,18.415,2008.0,True,True,True,False,False,False
27f0d059a797a16c059a7b6a534ede4c033239370d0ee3ee9c20f499bd45c0dc,강정동아정펠리즈,제주특별자치도,서귀포시,강정동,제주특별자치도_연립다세대_매매_2025.csv|1784,urban_rural,19,6,9,4,0,4.0,4,41.62,2022.0,True,True,True,False,False,False
28392e59a19bcd3171d516fe97da6f810cbc305d036bfad37f99aae8fba5d54e,성산주택,충청남도,천안시,서북구,충청남도_연립다세대_매매_2025.csv|1525,urban_rural,19,5,10,4,0,4.0,4,49.5,1993.0,True,True,True,False,False,False
2844bb02ef2edb8d7602fdc88867e919edf4bbbe3f687643ff7a925b8f6ee5bc,무등산이스토리,전남광주통합특별시,북구,두암동,,metro_gu,24,4,15,5,0,4.0,4,176.4014,2015.0,True,True,True,True,False,False
286a1e8af44841388d22db2afdb5f95cd5772fd011d333a8c670d28d304ed846,보륭3차,경기도,안산시,단원구,경기도_연립다세대_매매_2024.csv|23354,cap_city,12,3,7,2,0,4.0,4,58.68,1995.0,True,True,True,False,False,False
286ec27ab00cfd887e5fff78c7d0ca047739823a8044755309c161c546f1838d,매화마을동신빌라,경기도,성남시,분당구,경기도_연립다세대_매매_2025.csv|14610,cap_city,10,3,4,3,0,4.0,4,59.92,1995.0,True,True,True,False,False,False
288e8c703e994a7ef5d4d3f1d51f5d7e09457b0f7948896f9cb77de18b4bceb4,아라한성베르뜨,제주특별자치도,제주시,아라일동,제주특별자치도_연립다세대_매매_2024.csv|915,urban_rural,12,4,7,1,0,4.0,4,59.84,2016.0,True,True,True,False,False,False
28fb43d15416a94241525b9fd9026348ef95e4c5f7fb280e63b5b3ed6cf40921,비발디힐,강원특별자치도,홍천군,홍천읍,강원특별자치도_연립다세대_매매_2023.csv|928,gun,12,8,3,1,0,4.0,4,43.4,2019.0,True,True,True,False,False,False
29055a0da8029260c50e670ac2cc7ca45e34f47465667fcdcd7b02ce38d943f0,세종그랑시아2단지,경기도,용인시,기흥구,경기도_연립다세대_매매_2025.csv|15660,cap_city,27,11,10,6,0,4.0,4,84.983,1999.0,True,True,True,True,False,False
290c7f741e6d9696316a6be91fe48674debbce1ed38f2daa5b1183a97fd2fde6,화이트빌,경기도,오산시,오산동,,cap_city,20,5,10,5,0,4.0,4,18.630000000000003,2012.0,True,True,True,True,False,False
2913617667ecafb3b705924d42e455d1ae3460e20f7ea6fda31b70542d908e25,코지빌,제주특별자치도,제주시,애월읍,제주특별자치도_연립다세대_매매_2025.csv|2333,urban_rural,11,3,5,3,0,4.0,4,56.87,2017.0,True,True,True,False,False,False
294a8113b8a20b84e422766fc37395f541412105e8ceac7abd375200cedeca37,정실뜨래별,제주특별자치도,제주시,오라이동,제주특별자치도_연립다세대_매매_2024.csv|1256,urban_rural,16,4,8,4,0,4.0,4,29.73,2018.0,True,True,True,False,False,False
297a330c97342ee8bf9fac77ac3361d46ee33f5a911eb441b9a8f6ebad0cb3b4,한신더휴테라스11(1101-1107동),경기도,김포시,운양동,경기도_연립다세대_매매_2025.csv|19642,cap_city,25,3,19,3,0,5.0,5,84.9896,2017.0,True,True,True,True,False,False
29b3d3f262da17b1413c03c1bc4af9c6f58be1f651e4aa14e8e571784b9b7a03,천일홈타운,경기도,가평군,조종면,경기도_연립다세대_매매_2025.csv|21341,gun,17,5,9,3,0,4.0,4,58.17,2015.0,True,True,True,False,False,False
2a21db6a87f1c4f23b44953e0115faaf4a02d8a283ffb57706e799f772167d51,신현대빌라,인천광역시,서해구,가좌동,,metro_gu,12,3,3,4,2,4.0,5,37.35,2019.0,True,True,True,False,False,False
2a5f714786b18490c47aef4d25714ed84eebebe0d456ce8b8b25d54d57d4c22d,도련신일해피트리,제주특별자치도,제주시,도련일동,제주특별자치도_연립다세대_매매_2025.csv|1928,urban_rural,39,6,21,12,0,4.0,4,63.9548,2022.0,True,True,True,True,True,False
2ac64153c133671fe374f9124c92c6a815f5e8f3d094a86c92cfd0b5d1a6e236,당진정우,충청남도,당진시,채운동,충청남도_연립다세대_매매_2025.csv|2123,urban_rural,54,13,29,12,0,4.0,4,48.495,1996.0,True,True,True,True,True,True
2ad50d52f26ce5035db52f42f1501173a444430dbb25ff5c5b48fbbce12bf8a2,봉개반석아르미,제주특별자치도,제주시,봉개동,제주특별자치도_연립다세대_매매_2025.csv|2217,urban_rural,14,4,7,3,0,4.0,4,78.1075,2003.0,True,True,True,False,False,False
2b21cac1560dfedffb1d2b044ccdc0b6bef1d69582f3b16f6bd81404eb08e8a0,리빙원룸,전북특별자치도,익산시,신동,전북특별자치도_연립다세대_매매_2023.csv|206,urban_rural,16,5,10,1,0,4.0,4,20.83,2002.0,True,True,True,False,False,False
2b25b236c74d51628112038c2c600f901a3739ad13b7fb9a8e8cad8be1e56054,서진플로렌스154,서울특별시,강남구,논현동,서울특별시_연립다세대_매매_2025.csv|35210,metro_gu,20,7,11,2,0,4.0,4,12.37,2013.0,True,True,True,True,False,False
2b43ea20d9ad80d71b6b2499e456d20388feeea627bebb390bebed81ba0d1a23,웰스톤시티앤웰스톤애비뉴,경기도,용인시,수지구,경기도_연립다세대_매매_2025.csv|25229,cap_city,91,20,46,25,0,4.0,4,20.84,2015.0,True,True,True,True,True,True
2b7af3b8d0b091fbe109d4e8572c26913dea31108ab4652c8ab0b78d942e415a,VILL73,서울특별시,강서구,화곡동,서울특별시_연립다세대_매매_2024.csv|18048,metro_gu,11,3,6,2,0,4.0,4,20.36,2021.0,True,True,True,False,False,False
2b8bce55d6566ff036095e765c4fc76df18617dd970e58e47609de126c9d7140,레몬하우스,제주특별자치도,제주시,한림읍,제주특별자치도_연립다세대_매매_2025.csv|1817,urban_rural,13,4,7,2,0,4.0,4,41.5313,2017.0,True,True,True,False,False,False
2bbb7b8912ecd97c8646649c8f9b156ef3ab1ccdc5ebcb8e69d1295781a5c8fa,서전빌라B,서울특별시,서초구,잠원동,서울특별시_연립다세대_매매_2025.csv|24741,metro_gu,12,3,5,4,0,4.0,4,58.095,1996.0,True,True,True,False,False,False
2bd636a9710e564b23693c37aa73f6b14d7222f65a433949ce2a5fb17c959bc1,첨단금호어울림더테라스,전남광주통합특별시,광산구,비아동,,metro_gu,80,41,17,22,0,4.0,4,84.6878,2019.0,True,True,True,True,True,True
2c50069b2820e5cb6e2cb60d0a1aa8758eb270ff1c127c86781c73a5992629fa,"희주베스트유101동,102동",경기도,이천시,신둔면,경기도_연립다세대_매매_2024.csv|42,cap_city,14,3,8,3,0,4.0,4,51.92,2018.0,True,True,True,False,False,False
2c692125ac138de8319e836d82b60c76cc92c2232cda985c5851a4103601226c,다웰빌리지1단지,경기도,용인시,수지구,경기도_연립다세대_매매_2025.csv|16244,cap_city,16,3,8,5,0,4.0,4,48.79,2017.0,True,True,True,False,False,False
2c83c79842ac3a2525be73aeab79922eb8b3fcb2327f411a7f83e7dbb50ce1f8,나래빌,부산광역시,남구,대연동,부산광역시_연립다세대_매매_2023.csv|3237,metro_gu,10,3,6,1,0,4.0,4,19.909999999999997,2003.0,True,True,True,False,False,False
2ca7151b2f0e004b95d92d86a2c0bc2223a051de7f7283b9d415bb75afbd9654,드레곤빌A,경상남도,고성군,거류면,경상남도_연립다세대_매매_2024.csv|1589,gun,14,4,8,2,0,4.0,4,22.72,2008.0,True,True,True,False,False,False
2d2880bb072f9990a95e03fe20f46a0c5a37038bd2cba6ffaf421fa8fb6a59a8,아름드리102동,경상북도,영천시,고경면,경상북도_연립다세대_매매_2025.csv|2197,urban_rural,17,4,10,3,0,4.0,4,53.575,2015.0,True,True,True,False,False,False
2d5aa58ae39589242f66348273c576ca9a1af1bdb99ca9fe04152b0b2b3fb2a4,중문메리디안연립,제주특별자치도,서귀포시,중문동,제주특별자치도_연립다세대_매매_2024.csv|844,urban_rural,35,8,12,15,0,4.0,4,84.93,2016.0,True,True,True,True,True,False
2d64fe018d20fc5282f1df79e341738eb2b944ff471db485e50c7fad677ea45f,금호빌리지,강원특별자치도,춘천시,후평동,강원특별자치도_연립다세대_매매_2025.csv|992,urban_rural,50,8,18,24,0,4.0,4,95.6,1992.0,True,True,True,True,True,True
2d7b15a9bb94ce81d3366ba4c80171b0f2751101280d54bd7c3a07c91deb95e6,그린파크,전남광주통합특별시,광양시,광영동,,urban_rural,81,22,36,23,0,4.0,4,48.075,1993.0,True,True,True,True,True,True
2d8975d3ac82a126b5765417b56d4d21a76fa3366f3f398b8dbfdb5496c909d6,호반써밋라테라스,경기도,오산시,수청동,경기도_연립다세대_매매_2025.csv|23396,cap_city,22,9,5,5,3,4.0,5,113.7575,2023.0,True,True,True,True,False,False
2dcbcbb38845ef561ffcaf8a54c0f4af5e45b422d30bcf2a46e740fcb43966b0,삼다도팬션,제주특별자치도,제주시,내도동,제주특별자치도_연립다세대_매매_2022.csv|87,urban_rural,16,4,8,4,0,4.0,4,34.5,2003.0,True,True,True,False,False,False
2dd941c7e7d5ffa531742dd5b1842a2ad5bc6b7f4788b7a8b447dad80ef62dfa,라모인빌리지,제주특별자치도,서귀포시,안덕면,제주특별자치도_연립다세대_매매_2025.csv|2305,urban_rural,17,5,9,3,0,4.0,4,59.7585,2016.0,True,True,True,False,False,False
2deadf6a3e333e7dad20a2f13afd3fa803f83ae6339780a00591f78877006f59,다온빌라,강원특별자치도,춘천시,동면,강원특별자치도_연립다세대_매매_2024.csv|1311,urban_rural,10,4,4,2,0,4.0,4,59.2,2016.0,True,True,True,False,False,False
2e08da92f2801d949659fec7c6869b08faecac4bc8c5fba363f6e30f9474ba07,이코체하우스(2단지),충청남도,태안군,태안읍,충청남도_연립다세대_매매_2025.csv|1420,gun,10,3,5,2,0,4.0,4,55.16145,2013.0,True,True,True,False,False,False
2e2e2cb03443d0d07703d56b47647febabfd9be0f64c16608978d5c6185f666e,에코빌C동,경기도,화성시,만세구,경기도_연립다세대_매매_2024.csv|8882,cap_city,10,3,4,3,0,4.0,4,34.8,2023.0,True,True,True,False,False,False
2e99f2ff100dc562985022d467da8b943c94a0df088a9f6a9af9df0c1f525b58,소망원룸,전북특별자치도,전주시,덕진구,,urban_rural,19,6,11,2,0,4.0,4,19.24,2002.0,True,True,True,False,False,False
2f87275f326cbfc2b3d94367136e595f98dec5994a1ec57c1ee07a411f601ba5,남양더힐하우스,경기도,화성시,만세구,경기도_연립다세대_매매_2025.csv|15173,cap_city,22,5,12,5,0,4.0,4,58.42,2018.0,True,True,True,True,False,False
2fa01aaace7db4c65eb305c8e0badab020b56ee7387555372d21c298605a102b,시영(434-86),부산광역시,서구,남부민동,부산광역시_연립다세대_매매_2025.csv|3307,metro_gu,20,4,11,5,0,4.0,4,36.36,1969.0,True,True,True,True,False,False
2fa6d77b20f34cb4190e4a54bbed4633dc23b0e8be8b77d62e962221a6e73da0,청호맨션,경기도,부천시,소사구,경기도_연립다세대_매매_2024.csv|16533,cap_city,12,3,5,2,2,4.0,5,59.9,1997.0,True,True,True,False,False,False
30237ea7013e0ca472ed41fcdd3fcf64896f2f49a0e66bcd140f10d1000903ca,임호그린빌,경기도,포천시,영중면,경기도_연립다세대_매매_2025.csv|22972,cap_city,31,11,13,7,0,4.0,4,55.726,2003.0,True,True,True,True,True,False
30324d72afe88b9853b1238e942ff3d6cbbce2d96243ac7cb36ee13c9a7e09d9,더원,서울특별시,중구,신당동,서울특별시_연립다세대_매매_2025.csv|34860,metro_gu,21,4,16,1,0,5.0,5,27.65,2017.0,True,True,True,True,False,False
307ae2efbe572c858df3506f384855e25cd5b18bef7920f33093af4f3ba3f6a9,오션캐슬,제주특별자치도,서귀포시,안덕면,제주특별자치도_연립다세대_매매_2025.csv|2095,urban_rural,10,4,3,3,0,4.0,4,79.3097,2021.0,True,True,True,False,False,False
307c4e1f7353cd4bc9cc97daed25d2a7ae163962708277e6f8740824d6d1a5ec,수성원룸,경상북도,구미시,봉곡동,경상북도_연립다세대_매매_2023.csv|999,urban_rural,16,4,8,4,0,4.0,4,30.095,2002.0,True,True,True,False,False,False
30aa23643eaaee22e58083993cd9c13352c70ad5ea468150981f0c80fbb20c81,월드오피스텔,인천광역시,미추홀구,주안동,,metro_gu,18,4,8,4,2,4.0,5,20.28,2003.0,True,True,True,False,False,False
31203d2b71f7977592ad82eb3a9eaf188f005e374709fece892b98d616641623,부강타운,충청북도,제천시,장락동,충청북도_연립다세대_매매_2025.csv|963,urban_rural,60,16,19,25,0,4.0,4,59.36,1991.0,True,True,True,True,True,True
31d78a028074d591e59eb8bfb673354f9bdc0c67eb3b2ef144a95bfdb2dbcfe8,금성,강원특별자치도,태백시,문곡동,강원특별자치도_연립다세대_매매_2025.csv|860,prov_city,24,9,13,2,0,4.0,4,49.92,1993.0,True,True,True,True,False,False
32004de2b9785e64941a4cfe7e87274e89b9987c73d1c74cd2f2c21bca544cab,건우빌라,경기도,수원시,팔달구,경기도_연립다세대_매매_2024.csv|23803,cap_city,12,7,4,1,0,5.0,3,51.54,1991.0,True,True,True,False,False,False
32066f764af81d2dcd76e7a8d0252920271eb198b3145e80b8adcb1f4dad50cc,양문힐하우스,경상북도,영덕군,영해면,경상북도_연립다세대_매매_2024.csv|2823,gun,10,4,4,2,0,4.0,4,59.6374,2020.0,True,True,True,False,False,False
328f94c7843a344af6fa1fc9a0e6cb02840a9e4da604094e6ce9ca9a3ec5ad82,이지움레이크테라스,전북특별자치도,전주시,덕진구,전북특별자치도_연립다세대_매매_2025.csv|951,urban_rural,43,7,24,12,0,4.0,4,84.67,2020.0,True,True,True,True,True,False
32bed33a1f871278c6038a637e952ba6ab82610811741bc0bead6e833a999f72,테라스테이,서울특별시,양천구,목동,서울특별시_연립다세대_매매_2025.csv|20643,metro_gu,14,3,10,1,0,5.0,5,42.85,2016.0,True,True,True,False,False,False
333f3885e819bf4ef6a2c876757747921f05125e2ae35f546ceba26731c6c57a,진우(665-0),경기도,안산시,단원구,경기도_연립다세대_매매_2025.csv|24038,cap_city,11,6,4,1,0,4.0,3,78.6,1992.0,True,True,True,False,False,False
335d77f65e991c862db2220b5617d0e54b3a996c033ed4ea95d8734d9c2d27b4,"서원파크빌103,105동",경상북도,영주시,휴천동,경상북도_연립다세대_매매_2024.csv|2278,urban_rural,14,6,6,2,0,4.0,4,83.97,2015.0,True,True,True,False,False,False
33c8928056c029fea49ef69ae777d7e762b19a137b3f003c08a04dac2c3ebd65,양지마을3,경기도,고양시,일산동구,경기도_연립다세대_매매_2025.csv|23552,cap_city,16,5,7,4,0,4.0,4,84.33,1996.0,True,True,True,False,False,False
347f304dd1d55f7fff13d26d29447ea74bd8b81e68baf9d197582549454d278a,현대삼호(670),경상북도,영주시,휴천동,경상북도_연립다세대_매매_2025.csv|2188,urban_rural,15,4,4,7,0,4.0,4,75.64,1987.0,True,True,True,False,False,False
34ae452612e2fd44942482a83ced1b0b73794a74fd10050830237d8539180c2f,해피하우스B,충청남도,예산군,덕산면,충청남도_연립다세대_매매_2025.csv|2256,gun,22,4,12,6,0,4.0,4,22.08,2013.0,True,True,True,True,False,False
34f34491f5b8f7c5d9a665677d8233d8a889bfe182fb973181bf0932002d8f15,대명해피니스1차,전남광주통합특별시,곡성군,곡성읍,,gun,11,4,6,1,0,4.0,4,75.1777,2016.0,True,True,True,False,False,False
35038ff9f7b9bcb56e743e7788270c87f7d1eb7dc9f90a67566c25f1b335c846,(677-8),경기도,안산시,상록구,,cap_city,14,4,9,1,0,4.0,4,23.16,2003.0,True,True,True,False,False,False
35c28ad6b4e2565fd812bfc8a31e2d7212da4804a4614d59e0c4fbe7adfa457c,삭선해송마을2차,충청남도,태안군,태안읍,충청남도_연립다세대_매매_2025.csv|1701,gun,46,8,26,12,0,4.0,4,39.931,2000.0,True,True,True,True,True,False
35cdb3fe8fd258cf4343f6a32e3c2f39ca86962aa3425b500388c56a402b65da,하나원룸,전남광주통합특별시,북구,중흥동,,metro_gu,13,4,8,1,0,4.0,4,21.53,2001.0,True,True,True,False,False,False
3634341eccaa2b9697b12f61c2877b127fc857c33f4cf91fd4a1dd5a5f35842b,텔아빌하우스,경상북도,울진군,죽변면,경상북도_연립다세대_매매_2025.csv|2301,gun,12,8,3,1,0,4.0,4,84.799,2006.0,True,True,True,False,False,False
36375897fe45e1c348dbd7b11fc4aa4a3f9aa1789b8f93e6f72875e29e8cdaed,샘아트빌,전남광주통합특별시,무안군,청계면,,gun,19,5,10,4,0,4.0,4,21.46,2012.0,True,True,True,False,False,False
36bfcf1b00ac5c13367deb31cd0d3ca407d0a6437af456f5083fcab78a2849e4,사랑파크타운,경기도,화성시,만세구,경기도_연립다세대_매매_2024.csv|9110,cap_city,18,3,10,5,0,4.0,4,66.38,2017.0,True,True,True,False,False,False
36dbb47a64a595ca1027025f2d47a02e8c99d84410d4fbaa367ed7b2dfe2b0c2,다나한빌,부산광역시,수영구,광안동,부산광역시_연립다세대_매매_2024.csv|1360,metro_gu,20,5,9,6,0,4.0,4,16.59,2010.0,True,True,True,True,False,False
36ee22bbfe15b79699d072803f458f66be9ecc7fcd94d68c44883ab4d09b98a0,"낙원빌라(가,나동)",인천광역시,서해구,가좌동,,metro_gu,11,3,3,4,1,4.0,5,35.75,1991.0,True,True,True,False,False,False
370e3087087c83c7f743d30a97ea779963e7e9a3da6c9d204d1dd7da844829d6,조천라오체2차,제주특별자치도,제주시,조천읍,제주특별자치도_연립다세대_매매_2025.csv|1658,urban_rural,18,5,9,4,0,4.0,4,72.69,2017.0,True,True,True,False,False,False
371bc7001205a846bc7da21b6f0a924a3c26e2350f09525605c5818362993357,에덴동산가동,전남광주통합특별시,남구,서동,,metro_gu,16,3,9,4,0,4.0,4,21.5,2005.0,True,True,True,False,False,False
3744b3f668c33bcfc17afb0d5ae2202cf5c373d5eaed0df7ded846c287c2db0f,산방산어반아르떼,제주특별자치도,서귀포시,안덕면,제주특별자치도_연립다세대_매매_2025.csv|1899,urban_rural,11,3,6,2,0,4.0,4,84.887,2019.0,True,True,True,False,False,False
37d342eefb6915148ba6f83a382b58d9484f9082525cb4228eed4cfa2a008bd5,더포레타운하우스,경기도,용인시,기흥구,경기도_연립다세대_매매_2025.csv|23237,cap_city,17,3,12,2,0,5.0,5,65.8,2023.0,True,True,True,False,False,False
37e20a830f0b323047c3fab9f8eb5c05a2dde3cc92060e3bba5e90e50c68bcfc,전원에코씨티A동,충청북도,음성군,금왕읍,충청북도_연립다세대_매매_2022.csv|634,gun,24,6,12,6,0,4.0,4,20.39,2016.0,True,True,True,True,False,False
37fe78cd07062873eb2b51332ab76b876a5f03b7990a609fe99e1b983dbe9aff,더하우스에듀,경기도,성남시,수정구,경기도_연립다세대_매매_2025.csv|24308,cap_city,12,3,4,5,0,4.0,4,55.575,2019.0,True,True,True,False,False,False
38ef818bf5d3162210c340cd676f6e27a6e5e06b2fa9fe7eef6d9b84f3f19034,상도시그니처,서울특별시,동작구,상도동,서울특별시_연립다세대_매매_2025.csv|28736,metro_gu,18,5,9,4,0,4.0,4,56.93,2022.0,True,True,True,False,False,False
3903edd56bb09ca77be097c883952d4836eb7f5783957cf870eb9ef72816e093,성동누리마을,경상남도,창녕군,영산면,경상남도_연립다세대_매매_2025.csv|1661,gun,21,4,10,7,0,4.0,4,48.6629,2006.0,True,True,True,True,False,False
39a5849e33edf92e18957c3a7a5b02ae17414f71a764ecc447a8934913138a20,동부진주,경기도,남양주시,진접읍,경기도_연립다세대_매매_2025.csv|17985,cap_city,34,9,18,7,0,4.0,4,44.16,1986.0,True,True,True,True,True,False
3a2b4a404949129e776647fa08c190281a2479ed29399a77cb293838de994cef,덕일빌리지,전북특별자치도,전주시,덕진구,전북특별자치도_연립다세대_매매_2025.csv|921,urban_rural,37,7,19,11,0,4.0,4,37.35,1996.0,True,True,True,True,True,False
3aaab6c623a53ace386b76dd1ff38c37375f44a4913c89a699d1a075408a85a7,남평,전남광주통합특별시,나주시,남평읍,,urban_rural,11,3,6,2,0,4.0,4,59.49,1985.0,True,True,True,False,False,False
3af02b981218335e758b3397a9f16a39883c7f518391851aa27589860188ef92,동탄호수우남더테라스,경기도,화성시,동탄구,경기도_연립다세대_매매_2025.csv|23940,cap_city,40,22,10,8,0,4.0,3,84.993,2021.0,True,True,True,True,True,False
3b2f9229fba327cb99e7c6c70046cf9500f873850dd7341bfcfd879b59198884,모던빌,부산광역시,남구,감만동,부산광역시_연립다세대_매매_2023.csv|4058,metro_gu,19,5,8,6,0,5.0,4,23.0617,2022.0,True,True,True,False,False,False
3b4d6740e269819d3941e4e203652bf7cee2e9c05281017459bfd6c92246c746,에이스그린빌,인천광역시,부평구,십정동,,metro_gu,11,3,7,1,0,4.0,4,57.86,2001.0,True,True,True,False,False,False
3b6833bd12e4cf71d142c49a2ee4f2aee24513556147d99f83cb249f722b3c2c,우창주택,인천광역시,계양구,임학동,,metro_gu,12,3,5,3,1,4.0,5,41.03,1993.0,True,True,True,False,False,False
3b706459b8b8de0a8e0d5f47bff4a4e2ec4eb5a3d5deb240307c32770c89a58c,양지포레스토리(총15동),경기도,용인시,처인구,경기도_연립다세대_매매_2025.csv|17065,cap_city,33,23,9,1,0,4.0,4,82.8039,2019.0,True,True,True,True,True,False
3bf0859d1dfdf317a9982d63873ea3d65eb058becb1dfe6976752984e39559dd,은하빌라타운(196-3),인천광역시,부평구,십정동,,metro_gu,11,3,4,2,2,4.0,5,35.04,1991.0,True,True,True,False,False,False
3c4a748be6ebc9d883c87c6374be4156acbe59dfdef258d8625ad27e00acd2f9,수성벨루체,대구광역시,수성구,지산동,대구광역시_연립다세대_매매_2025.csv|636,metro_gu,24,4,11,9,0,4.0,4,35.92,2013.0,True,True,True,True,False,False
3c4b01c6bd2e533627f646d9c3a50d50cc3b6ceae464810f37cde1c8caff49c2,백합(624-1),전남광주통합특별시,광양시,금호동,,urban_rural,209,69,128,12,0,4.0,4,59.37,1988.0,True,True,True,True,True,True
3c8b61b6cb29acfc1d9b1a4f443e02dcbf80f41da260a4e826cd6206cc674d51,한림가온,제주특별자치도,제주시,한림읍,제주특별자치도_연립다세대_매매_2025.csv|2325,urban_rural,14,4,6,4,0,4.0,4,70.5,2017.0,True,True,True,False,False,False
3cace329dda678f275331cd16f25844e2f5b5c5104ebda8b3576a8817f997a82,효자그린빌,충청남도,홍성군,홍성읍,충청남도_연립다세대_매매_2025.csv|1231,gun,22,7,12,3,0,4.0,4,59.5,2005.0,True,True,True,True,False,False
3d248008fab867fe39ce6f1ecdb3a2a85757113063365a10ff71ec58d2105b0d,위너스빌(102동103동),제주특별자치도,서귀포시,동홍동,제주특별자치도_연립다세대_매매_2025.csv|1319,urban_rural,10,3,5,2,0,4.0,4,84.99,2010.0,True,True,True,False,False,False
3d31d9fae532891057aeefdab3cc427ec40ccbf4d2ddda95398d58652c67e2bd,파인그로브102동,충청남도,서산시,석남동,,urban_rural,24,6,12,6,0,4.0,4,49.89,2014.0,True,True,True,True,False,False
3d4d783dee432101c068ea907898a1a4b77e86f010bce82b52da7b65693a464b,모닝스위트,충청남도,천안시,서북구,충청남도_연립다세대_매매_2025.csv|1722,urban_rural,12,4,7,1,0,4.0,4,29.106,2016.0,True,True,True,False,False,False
3d67b6b42c58cf6304b9d08de0d52373fc1cb88a8d60e6ee8872f3ed4f19a2a2,뉴젠하우스,경기도,안성시,공도읍,경기도_연립다세대_매매_2024.csv|631,cap_city,12,3,4,5,0,4.0,4,68.76,1994.0,True,True,True,False,False,False
3d7b6d448012bc4427a504ce952204b977cd9fae45f2fe80955ca0cef78d93a7,라피아노스위첸양주옥정2단지,경기도,양주시,옥정동,경기도_연립다세대_매매_2025.csv|22477,cap_city,64,32,15,17,0,4.0,3,84.4858,2024.0,True,True,True,True,True,True
3dc015f59782960f5c29da9588080d1a76a3d1f964c139108c006c58ee78f407,비치원룸,부산광역시,영도구,동삼동,부산광역시_연립다세대_매매_2021.csv|173,metro_gu,19,5,10,4,0,4.0,4,28.08,2004.0,True,True,True,False,False,False
3dd29ebc8eb8a5b1eed8356f481efddfbe023c7e4ca18a4365d4fa7dcefa1898,도담카운티,제주특별자치도,서귀포시,남원읍,제주특별자치도_연립다세대_매매_2025.csv|1943,urban_rural,35,6,19,10,0,4.0,4,84.4219,2019.0,True,True,True,True,True,False
3ddf784dee453cf97b47a1bc0acf4d821cd24eec2fde95463f0eeb642e753bcc,레이크빌(라동),경기도,양평군,양서면,경기도_연립다세대_매매_2024.csv|25311,gun,15,4,7,4,0,4.0,4,51.54,2022.0,True,True,True,False,False,False
3df0571082f27bcc4c16d6e560317092ffaf59767fd6df79851d2ca367463aa0,영우마을,충청남도,공주시,금학동,충청남도_연립다세대_매매_2025.csv|1991,urban_rural,32,10,13,9,0,4.0,4,47.3054,1999.0,True,True,True,True,True,False
3e1d3600a23313980abd260ead7732171d129468b310427fb9b7aa0154c52d9f,준양그린힐,경상북도,포항시,북구,경상북도_연립다세대_매매_2024.csv|2051,urban_rural,10,3,5,2,0,4.0,4,62.686,2000.0,True,True,True,False,False,False
3e2c2922bcb5a62daf7145e8da949b4e848aa44ab440217a4416a0acc8ed3c73,샤인힐,전북특별자치도,고창군,고창읍,전북특별자치도_연립다세대_매매_2025.csv|780,gun,18,3,13,2,0,5.0,5,75.98,2019.0,True,True,True,False,False,False
3e39ab9a20e30795571cc9c278b271751ef788f3cc10b3c7874b0f00226a2a57,양지더힐,경기도,용인시,처인구,경기도_연립다세대_매매_2024.csv|23208,cap_city,10,3,5,2,0,4.0,4,69.73,2022.0,True,True,True,False,False,False
3e424b04461b2a1143ae0eff556ae188250f055e5dcc1a7e08302085672eb576,정우빌1,경기도,고양시,덕양구,경기도_연립다세대_매매_2025.csv|17486,cap_city,10,4,5,1,0,4.0,4,36.63,1991.0,True,True,True,False,False,False
3f11e2985cb1b54e83c75fe0adb52bd3fe70892b80315966757915c85e6c3a69,"SL그린빌C,D동",경기도,고양시,일산동구,경기도_연립다세대_매매_2024.csv|22241,cap_city,16,4,7,5,0,4.0,4,55.99,2013.0,True,True,True,False,False,False
3f2fc8c1ffb202ce56c78a6a7ca9d798523a9d9eb3c903efdeffe9bd5729579b,소르빌하임(가든하우스),충청남도,금산군,금산읍,충청남도_연립다세대_매매_2025.csv|2064,gun,14,3,8,3,0,4.0,4,74.69,2023.0,True,True,True,False,False,False
3f8e87decf26aab4298d7deb6db2bd5eb7e40ae9ae5bd127b6131ac670c22817,"A,B,C,D,E",충청북도,영동군,영동읍,충청북도_연립다세대_매매_2025.csv|730,gun,32,11,11,10,0,4.0,4,37.15,1995.0,True,True,True,True,True,False
3faddd636d819fcce1001be26189159d15cd8287b8acc3255db2953c7b258d9f,그레이스빌,서울특별시,강남구,역삼동,서울특별시_연립다세대_매매_2022.csv|10807,metro_gu,17,4,8,1,4,4.0,5,30.18,1995.0,True,True,True,False,False,False
3fafc92f4ff3ce7cd073138171f26dddb5cbdda95f7554b7712519b16cf120de,하이어스8차,제주특별자치도,제주시,내도동,제주특별자치도_연립다세대_매매_2025.csv|2023,urban_rural,12,6,4,2,0,4.0,3,68.87,2019.0,True,True,True,False,False,False
3fdcc0ee823cfe6791676b55aec8acfd89f8491e60ef34ccda0c5ec5b7c55297,동성더유,제주특별자치도,서귀포시,대정읍,제주특별자치도_연립다세대_매매_2024.csv|906,urban_rural,24,3,16,5,0,4.0,4,72.49,2016.0,True,True,True,True,False,False
3ff7b195f9b0c071435035b0615ed72397f7db1f8638481aa6e6dc1ce55ba0a2,흥성빌라,경기도,안산시,상록구,경기도_연립다세대_매매_2024.csv|22772,cap_city,15,4,10,1,0,4.0,4,18.0,2003.0,True,True,True,False,False,False
40145badbe5121a38d24230463086d83643a599c06838dafb9eccb2f01901412,동산,강원특별자치도,횡성군,우천면,강원특별자치도_연립다세대_매매_2025.csv|988,gun,34,10,17,7,0,4.0,4,64.215,1996.0,True,True,True,True,True,False
403c980acf72a29b90181cfe454e56f03ed1b6815602700ddcb313f4fc3f6832,황금알,서울특별시,영등포구,대림동,서울특별시_연립다세대_매매_2024.csv|9219,metro_gu,51,9,32,10,0,4.0,4,12.32,2014.0,True,True,True,True,True,True
4097e3998d2884d5018fc14bb7a0096e66a1d34ab9a7b794b6476b715a6865cc,서정마을11단지중흥에스클래스타운하우스,경기도,고양시,덕양구,경기도_연립다세대_매매_2025.csv|22314,cap_city,15,3,7,5,0,4.0,4,84.9805,2009.0,True,True,True,False,False,False
409f66091b18a8459f098d6a0611d900543786b3488fad41d78f954d670a573f,화인빌리지,부산광역시,사하구,장림동,부산광역시_연립다세대_매매_2025.csv|3111,metro_gu,17,4,9,4,0,4.0,4,59.34,1994.0,True,True,True,False,False,False
40d396c50774871dfb1bf8b10c5a554ee6303009423b27997c4aadff4fbe8c2a,드림힐,인천광역시,검단구,원당동,,metro_gu,19,6,9,4,0,4.0,4,71.45,2017.0,True,True,True,False,False,False
40e6ed330119a04b8a7f4e0a4b62c79d184cd0591a6e055a0df71b070859d963,(757-1),경기도,안산시,상록구,경기도_연립다세대_매매_2021.csv|8165,cap_city,11,3,6,2,0,4.0,4,45.09,2001.0,True,True,True,False,False,False
40ee9862d2f90a533f5b26f180a3ad8ee310d914d3a71d85bee52f852c8c528c,청운빌라,경기도,남양주시,진접읍,경기도_연립다세대_매매_2025.csv|13564,cap_city,10,4,5,1,0,4.0,3,32.4,1992.0,True,True,True,False,False,False
4100df9373c7d38adc1802e5113b658fda39ad6cee95dd69dedef8d26ae40e45,골든렉시움더테라스하우스,제주특별자치도,서귀포시,서홍동,제주특별자치도_연립다세대_매매_2025.csv|1256,urban_rural,18,5,12,1,0,4.0,4,65.6699,2021.0,True,True,True,False,False,False
412b8b24ba76d8213851a7d001f4fbabc4631d0d3d6158c2a200b3f6f11457bb,비전하우스,경기도,화성시,병점구,경기도_연립다세대_매매_2023.csv|19483,cap_city,15,4,8,3,0,4.0,4,15.51,2013.0,True,True,True,False,False,False
41427a76c164ce1ad50d9677ff1651df6b5ee7ba6821458dbbaab2720aa85d0a,에스포아,제주특별자치도,제주시,오라삼동,제주특별자치도_연립다세대_매매_2024.csv|1155,urban_rural,28,7,14,7,0,4.0,4,31.8025,2014.0,True,True,True,True,False,False
415ff4a873529b23042cb2a036fcb60ae4a300d4e99f2f7db03d531c9dd7ee2e,스타골드빌,전남광주통합특별시,고흥군,고흥읍,,gun,16,4,8,4,0,4.0,4,84.24,2023.0,True,True,True,False,False,False
41c7f515dcda3473098e44488f4ca0f8534a26330b943dd35d66cacc45bba799,은현빌,경기도,이천시,갈산동,경기도_연립다세대_매매_2022.csv|36033,cap_city,12,3,6,3,0,4.0,4,20.4,2014.0,True,True,True,False,False,False
420d8b109ed53f2df8f95aec0b08429c0c991fba0b420243917effbe35e7a801,골드플라우어빌,충청남도,홍성군,갈산면,,gun,16,5,8,3,0,4.0,4,72.03,2020.0,True,True,True,False,False,False
429944e3b6f243ab3480ecc0c3df30f5e1265127ba6b07f53dacf4186796eea3,영우마을2차,충청남도,공주시,금학동,충청남도_연립다세대_매매_2025.csv|1636,urban_rural,13,4,7,2,0,4.0,4,81.8699,2002.0,True,True,True,False,False,False
42b71c48c6292aac9aba98dcb67e2cf839f21bec12313eed34372886aa92e9ec,푸른솔빌리지(B동),경기도,용인시,처인구,경기도_연립다세대_매매_2021.csv|5113,cap_city,16,6,6,4,0,4.0,4,57.6,2002.0,True,True,True,False,False,False
43368f2deb848ef7f6ffbc503d1a178de2e24996a27b42f24e0541256b09fe51,"정상로하스힐(101동,102동)",경상북도,안동시,정상동,경상북도_연립다세대_매매_2024.csv|902,urban_rural,13,3,6,4,0,4.0,4,70.47,2017.0,True,True,True,False,False,False
43e30e570a57dc76ad8b84cb75bc58554bfd318ce10779a59b29253e39b60cf5,리체힐아라2단지,제주특별자치도,제주시,아라이동,제주특별자치도_연립다세대_매매_2024.csv|54,urban_rural,13,3,6,4,0,4.0,4,84.7852,2023.0,True,True,True,False,False,False
45682af65a14b50136df776be61466e6f22ebe62f4495ab094a021f81ece51a6,미소드림,전북특별자치도,고창군,고창읍,전북특별자치도_연립다세대_매매_2025.csv|976,gun,30,5,21,4,0,4.0,4,84.35,2019.0,True,True,True,True,True,False
45b724d314061ef59af7c2d763d3eb7514aea479a0952d7b4e06a7ca0835cc11,그린파크,전남광주통합특별시,영암군,영암읍,,gun,15,4,4,7,0,4.0,4,59.3,1999.0,True,True,True,False,False,False
4659feeaef2bbf2050298079c5a97ca0a38007b9477e492254531e6855bbc882,천호2,충청북도,진천군,진천읍,충청북도_연립다세대_매매_2025.csv|1202,gun,30,7,15,8,0,4.0,4,27.87,2001.0,True,True,True,True,True,False
465c5fff5b7def3a17b7695f095147a71abe58ea0711df2bb667532fef2da849,(845-15),부산광역시,동구,좌천동,부산광역시_연립다세대_매매_2023.csv|853,metro_gu,14,4,9,1,0,4.0,4,17.925,2012.0,True,True,True,False,False,False
467b4a17f800736b0b5684c141528343d9a4a042db01af67e09809d859272283,동광팰리스(1214),서울특별시,동대문구,제기동,서울특별시_연립다세대_매매_2025.csv|35637,metro_gu,17,3,11,3,0,5.0,5,28.55,2016.0,True,True,True,False,False,False
46df0fd95e37e2b869b2f8ae101b6cbe86033c0d0181f1cf3d6a9b0d6fdc7580,더안타운하우스,인천광역시,검단구,원당동,,metro_gu,16,10,5,1,0,4.0,4,72.08,2020.0,True,True,True,False,False,False
46e7f27c74ef9494b13acfe02cdf4719ccfe95a44e2e3676cf78f6e160cc91bd,로즈빌,경기도,포천시,신북면,경기도_연립다세대_매매_2024.csv|25304,cap_city,26,7,14,5,0,4.0,4,59.49,2021.0,True,True,True,True,False,False
4703e7281b66116a842bc17b69a9528e96bbf9243063bd17ead04a428d8a7c3d,은하빌라타운(195-3),인천광역시,부평구,십정동,,metro_gu,11,5,3,2,1,4.0,5,35.7,1991.0,True,True,True,False,False,False
472286e3a194936b9180a2c513252add51d57023ea3dc20b1ec97bec972b91fa,국제빌라다세대주택(534-17),대전광역시,대덕구,평촌동,대전광역시_연립다세대_매매_2025.csv|716,metro_gu,10,3,5,2,0,4.0,4,55.83,1993.0,True,True,True,False,False,False
477f706c71ad29e32fedf5817ba74a2e61afd4e4c9d774b6f5166b8c6cd57c80,중흥에스클래스타운하우스701동-704동,경기도,고양시,일산동구,경기도_연립다세대_매매_2025.csv|24955,cap_city,15,5,9,1,0,4.0,4,145.4361,2008.0,True,True,True,False,False,False
478eb80814553a4cbd9bb204a697514052a7a0c3757c51fed802ee5882964ac3,어등산한양수자인테라스플러스,전남광주통합특별시,광산구,산정동,,metro_gu,34,7,21,6,0,4.0,4,84.9317,2021.0,True,True,True,True,True,False
47acae7278a93ea19246667d2216c4e84d9e0ab0ed58ceef4ac3e86188c11567,무진3,경기도,안산시,단원구,경기도_연립다세대_매매_2025.csv|17750,cap_city,19,6,7,6,0,4.0,4,55.44,1991.0,True,True,True,False,False,False
4800f5a8088b6d96373be24e15670b6c756e783e1576e51b83a82f631d44e163,엔알파라디빌,제주특별자치도,서귀포시,호근동,제주특별자치도_연립다세대_매매_2025.csv|2174,urban_rural,30,11,15,4,0,4.0,4,80.52,2019.0,True,True,True,True,True,False
48232e8661b41b0e706d4ea64eeb56a7aa00e77f6c36e5029c2a75d338e57cc3,광진빌라(101~302동),대전광역시,대덕구,덕암동,대전광역시_연립다세대_매매_2025.csv|1151,metro_gu,11,3,6,2,0,4.0,4,52.53,1991.0,True,True,True,False,False,False
48294be79b0c1f495350aecfdacb5950143b869733f431d78d181ba5feae206d,(1119-49),경기도,화성시,만세구,경기도_연립다세대_매매_2023.csv|191,cap_city,15,4,8,3,0,4.0,4,32.4,2023.0,True,True,True,False,False,False
48c04c0adc77056bdf41ce4df3c53bff946369b8a99744f58cf7107ee654aa76,고광빌라(가동),경기도,남양주시,화도읍,경기도_연립다세대_매매_2025.csv|20275,cap_city,14,3,3,8,0,4.0,4,46.290000000000006,1995.5,True,True,True,False,False,False
48c2744fa0cdf9465fcea8a5d79952d8e8a8022f0cc21ab385418c31dcb035a9,도일골든빌리지B동,전북특별자치도,전주시,덕진구,전북특별자치도_연립다세대_매매_2023.csv|565,urban_rural,15,3,8,4,0,4.0,4,34.16,2002.0,True,True,True,False,False,False
48d7b74ebe5219bbc0225de8aee51621994824c6ff900af73e7a938667a724c9,대명장성맨션3,경상북도,포항시,북구,경상북도_연립다세대_매매_2025.csv|1874,urban_rural,31,11,17,3,0,4.0,4,51.03,1986.0,True,True,True,True,True,False
48f89743731c092ac57364858eaef7e66f2cfefce75088c6aaba7a01350ca30c,우성,경상북도,문경시,점촌동,경상북도_연립다세대_매매_2024.csv|228,urban_rural,15,3,8,4,0,4.0,4,36.45,1987.0,True,True,True,False,False,False
492a69ef2812ad784a4f7a05bb5582dab3a8884297281d3da6fe3f7c2ba34c8f,연무읍동산리855-7공동주택,충청남도,논산시,연무읍,충청남도_연립다세대_매매_2025.csv|1277,urban_rural,13,4,7,2,0,4.0,4,50.285,2016.0,True,True,True,False,False,False
49ebdf3e73761540c5b0ae92dc9fc2c444260ffa5daa2faa869ee2211c404ada,주안에쉐르,인천광역시,미추홀구,주안동,,metro_gu,42,7,27,8,0,4.0,4,37.5569,2017.0,True,True,True,True,True,False
4a12669b8f41bc16f27915fc4a3469b9d066bc1ef0e46d96ac9ba94b3f3fed25,오라수피아빌,제주특별자치도,제주시,오라이동,제주특별자치도_연립다세대_매매_2025.csv|2010,urban_rural,10,4,3,3,0,4.0,3,55.6376,2015.0,True,True,True,False,False,False
4a166edc5bd0ffbd3c940abf4da9a9b6280b52f0e8bb09e2e189239239d0f560,에코휴심빌리지,제주특별자치도,제주시,화북이동,제주특별자치도_연립다세대_매매_2025.csv|2229,urban_rural,11,3,5,3,0,4.0,4,60.613,2013.0,True,True,True,False,False,False
4a2109744ed3a1c20ff1559d8e5f6620ebec01b584a7b3dafb196a46a6f57fb2,금영원룸,부산광역시,연제구,연산동,,metro_gu,18,4,10,4,0,4.0,4,25.53,2003.0,True,True,True,False,False,False
4a88607b5cbc88b3fa31133af8976d0265ba5596f0e1447468e0b9ae902650a9,한양수자인,경기도,용인시,기흥구,경기도_연립다세대_매매_2025.csv|25683,cap_city,19,4,12,3,0,4.0,4,119.251,2009.0,True,True,True,False,False,False
4adfbe126f9334213cda9934b9049b20dc881febdf2d3c12aefb4f96d2242419,신한쉐르빌,서울특별시,동작구,상도동,서울특별시_연립다세대_매매_2025.csv|32186,metro_gu,12,3,6,3,0,5.0,5,38.71,2016.0,True,True,True,False,False,False
4ae34b47bb8d16ca10b35e163d0152a821e4964d41ca74d0bac89b64ec5ca800,명성빌리지1차,경상북도,영주시,가흥동,경상북도_연립다세대_매매_2025.csv|1473,urban_rural,22,7,7,8,0,4.0,4,59.7496,1999.0,True,True,True,True,False,False
4b0240fd0c684cc0f1fd902b4f5e7095dd298fed8292da3d80c56ecb316fc5e5,사천유원리치빌,경상남도,사천시,사천읍,경상남도_연립다세대_매매_2025.csv|836,urban_rural,12,7,4,1,0,4.0,3,84.9251,2004.0,True,True,True,False,False,False
4b411f69b4bf8b300c24b42bae89e61732541f883a9818cb8a41b3ec6c1d42d2,한진에버빌2차,충청남도,홍성군,홍성읍,충청남도_연립다세대_매매_2025.csv|1326,gun,12,3,7,2,0,4.0,4,35.16,2019.0,True,True,True,False,False,False
4b6db4b31cd65b77e07904ea1ff76c4154453f2bede243e57247cb7cdb54f18d,성저마을(건영12),경기도,고양시,일산서구,경기도_연립다세대_매매_2025.csv|17478,cap_city,14,3,5,6,0,4.0,4,84.84,1996.0,True,True,True,False,False,False
4bbffed5c780c20fed517d9fd3314f09172fb3344cd917bbea9fd95d1066e6c2,부성베스트17차(873-7),부산광역시,남구,대연동,부산광역시_연립다세대_매매_2022.csv|620,metro_gu,19,4,10,5,0,4.0,4,17.87,2001.0,True,True,True,False,False,False
4beecb0452987827a44fb22ef0ab925cfe9b22a057cac68fc6723a8ea41135c1,광교산한양수자인더킨포크,경기도,용인시,수지구,경기도_연립다세대_매매_2025.csv|24139,cap_city,63,18,41,4,0,4.0,4,84.946,2017.0,True,True,True,True,True,True
4c103f70d2eb760267e7fa9ef057a4e9bdd548635178051ed093fa10f39a1385,태영맨션(C동),경기도,용인시,처인구,경기도_연립다세대_매매_2025.csv|25416,cap_city,13,3,8,2,0,4.0,4,78.03,1999.0,True,True,True,False,False,False
4c1a0b1fdcd6f810621f5ba6456e2af6f066541f089c0f87892897805b7f1d98,가좌빌라(155-24),인천광역시,서해구,가좌동,,metro_gu,13,4,6,2,1,4.0,5,37.14,1993.0,True,True,True,False,False,False
4c25e7691669734e47df47f9047bc609ffedecdc24c11fa32a623fb2cab65fa5,거웅라피네2차,제주특별자치도,제주시,구좌읍,제주특별자치도_연립다세대_매매_2025.csv|1682,urban_rural,16,4,9,3,0,4.0,4,67.8256,2017.0,True,True,True,False,False,False
4c2916bc639392706b9f6f36a62f7df1619104438e434a0c1e39b356b9c0fa61,부산명지중흥S-클래스더테라스,부산광역시,강서구,명지동,부산광역시_연립다세대_매매_2025.csv|3751,metro_gu,39,14,10,15,0,4.0,4,84.4654,2019.0,True,True,True,True,True,False
4c767f148a847804add675cc0c5346a230f46fd4cd4c2805bdb812f20dad6e3b,송정원룸,충청남도,천안시,동남구,충청남도_연립다세대_매매_2023.csv|817,urban_rural,16,3,9,4,0,4.0,4,21.52,2002.0,True,True,True,False,False,False
4c7f9fced5c740b64f201895639deef648db77185d7365846d9ff794c17b07c3,아산빌라1동2동,경기도,가평군,청평면,경기도_연립다세대_매매_2025.csv|13600,gun,15,6,5,4,0,4.0,3,46.44,1999.0,True,True,True,False,False,False
4ccf6e8738e64bc6c4e822ad9fecb2d1e74b2ce5877417cc78d184671c1c75dc,현대성우오스타,경기도,고양시,일산서구,경기도_연립다세대_매매_2025.csv|25946,cap_city,18,4,11,3,0,4.0,4,124.495,2011.0,True,True,True,False,False,False
4d707a349434f6b05d8d55bbd5eacd0ba8d2bfd0d235cf0192ba5a7d1ca4ba7d,부자의길,서울특별시,동작구,노량진동,서울특별시_연립다세대_매매_2025.csv|31350,metro_gu,28,8,19,1,0,4.0,4,13.12,2013.0,True,True,True,True,False,False
4da9795fcf92f84eb36af8a7f06b4a118c4bad68994ac129abf91f227117c5f2,명성빌,경상북도,구미시,상모동,,urban_rural,14,3,8,3,0,4.0,4,25.380000000000003,2004.0,True,True,True,False,False,False
4db906862750139fc75f5be4d2f06cc32aec4a3803ae2f45b2c991112b8fb233,대산빌라,인천광역시,계양구,병방동,,metro_gu,19,3,9,3,4,4.0,5,38.76,1993.0,True,True,True,False,False,False
4e0027304102c2f4aebd6b37bf2dde99ec243dfe95c526deff20467d07a47230,그랜드빌라2동,경기도,김포시,하성면,,cap_city,16,4,8,4,0,4.0,4,32.22,2010.0,True,True,True,False,False,False
4e5fe64dcdcf565a26353e5812c448b98716e297a919d50a127f04ed39ae0f84,샤르망,경기도,용인시,수지구,경기도_연립다세대_매매_2025.csv|22342,cap_city,10,4,4,2,0,4.0,4,60.0048,2017.0,True,True,True,False,False,False
4e6e2f4e21c9d8bdc22fd70b0d17c3b0ebbfd5c360f0c105056a6e9361a4b8b4,파인빌리지,강원특별자치도,강릉시,포남동,강원특별자치도_연립다세대_매매_2025.csv|977,urban_rural,44,8,21,15,0,4.0,4,22.52,2018.0,True,True,True,True,True,False
4e7e3391ee6be568469c8aeb7d07dfd5865d9bd4dab201aea24a7be9463c7453,무지개원룸,부산광역시,수영구,민락동,부산광역시_연립다세대_매매_2024.csv|861,metro_gu,18,5,9,4,0,4.0,4,26.445,1996.0,True,True,True,False,False,False
4e9b1512ae74339cce4527b6a64cde42090e462a9fd59e9b99411ca5929af7e7,(878-17),서울특별시,서초구,방배동,서울특별시_연립다세대_매매_2025.csv|26049,metro_gu,15,4,10,1,0,6.0,6,49.611,2018.0,True,False,True,False,False,False
4eb3f3f2603fb2da0c64462e347e8e76eeaa25d74c701045033e346f4c532516,상신빌라A동,서울특별시,서대문구,연희동,서울특별시_연립다세대_매매_2023.csv|14930,metro_gu,10,3,4,1,2,4.0,5,51.4,1992.0,True,True,True,False,False,False
4eb401730a1ec1259d4120bfe0e00385ad9f375e36f12b3d3e139d26af6a3726,전원에코씨티B동,충청북도,음성군,금왕읍,,gun,24,6,12,6,0,4.0,4,20.39,2016.0,True,True,True,True,False,False
4eccac96e8092476c79090c2e274c90153b6e557ca9a175346d5376620efa891,동아,경기도,구리시,인창동,경기도_연립다세대_매매_2025.csv|25026,cap_city,11,3,7,1,0,4.0,4,53.19,1992.0,True,True,True,False,False,False
4ef966e1fd3c50374862c9f2a9ff5333420ca986b34088aaa8d0586d8b535c56,하늘빛마을일성트루엘101-108동,경기도,김포시,운양동,경기도_연립다세대_매매_2025.csv|23490,cap_city,18,5,7,6,0,4.0,4,127.117,2012.0,True,True,True,False,False,False
4f3489ead5d3401b2ed1930dc917ce809811b96fd6117ab9be15cc6e16351d6a,영인빌리지,경상북도,경주시,안강읍,경상북도_연립다세대_매매_2025.csv|2286,urban_rural,22,6,10,6,0,4.0,4,73.57,2021.0,True,True,True,True,False,False
4fb289b38ed3070dc42dd4b9ea04d969fe66386cb72fb6755e3a944cbabdaf7e,스튜빌1,충청남도,아산시,신창면,충청남도_연립다세대_매매_2022.csv|2103,urban_rural,32,8,16,8,0,4.0,4,16.825,2004.0,True,True,True,True,True,False
4fd8cc1fbb46d57eb96d1e5bc383db21dc6dd09d67e85ed9afe7402babbbc1c1,성은,전남광주통합특별시,장흥군,장흥읍,,gun,28,6,13,9,0,4.0,4,27.54,2000.0,True,True,True,True,False,False
4fece7d7906365cfa622ec6528a2d90f3272041d372183e289ad450705421e4d,그랜드캐슬,경기도,안성시,공도읍,경기도_연립다세대_매매_2025.csv|25145,cap_city,26,4,14,8,0,4.0,4,63.096,2015.0,True,True,True,True,False,False
5000605e653eb3fc6fc6b83144532464cc2ada286a95f4cbe7409a88510944d2,(1128-18),경기도,안산시,상록구,경기도_연립다세대_매매_2022.csv|8151,cap_city,19,6,12,1,0,4.0,4,21.87,2001.0,True,True,True,False,False,False
50048dbcefb733bc25f3bda565bb5e483c2942d5522af88fc7d39b8f60676d5d,보보스빌(A),충청남도,천안시,서북구,충청남도_연립다세대_매매_2024.csv|491,urban_rural,18,4,10,4,0,4.0,4,19.08,2002.0,True,True,True,False,False,False
50e40ec34be26263043967c48910f3a7746dbbfc0ea1e95c5ea3f4e419b952ac,도봉숲아뜨리움,서울특별시,도봉구,도봉동,서울특별시_연립다세대_매매_2025.csv|34344,metro_gu,31,8,15,8,0,5.0,5,55.18,2016.0,True,True,True,True,True,False
5105ec419581600c236745964444407ee23442ffeb99e594a2b3f9089f417f54,금산맨션,경기도,안양시,만안구,경기도_연립다세대_매매_2024.csv|21774,cap_city,19,4,9,4,2,4.0,5,58.68,1991.0,True,True,True,False,False,False
5134898678283d04e300d969e440e624ec71de0bfb29c60fffa1134da3cdd69f,다드림15차,서울특별시,강북구,수유동,서울특별시_연립다세대_매매_2025.csv|33435,metro_gu,49,9,30,10,0,5.0,5,57.71,2024.0,True,True,True,True,True,False
513cfdcaf8cb5efada53b0ea5e9899b6fc72f6075805e4b0bd80fd038d4fa661,하늘빛파크A동B동,대전광역시,중구,대사동,대전광역시_연립다세대_매매_2024.csv|914,metro_gu,23,4,13,6,0,4.0,4,63.532,2022.0,True,True,True,True,False,False
5161bb5264978347c5694d2fca02efe876ec2e711da9c4f60da1599f36cf5417,스위트빌D,경기도,오산시,오산동,경기도_연립다세대_매매_2023.csv|12802,cap_city,22,5,12,5,0,4.0,4,16.455000000000002,2013.0,True,True,True,True,False,False
5239da53fd6b9709d09bc2f6a4ff77514af1101c39f3d257f6b3249f3e246557,대성,경기도,화성시,만세구,경기도_연립다세대_매매_2025.csv|20318,cap_city,17,10,3,4,0,4.0,4,64.95,1986.0,True,True,True,False,False,False
524a3a7cfdad926839582579d87052506372fe6bef30b2689026ba66b5823a4b,인산엘르빌(25-88),서울특별시,은평구,역촌동,서울특별시_연립다세대_매매_2025.csv|27403,metro_gu,13,4,5,4,0,4.0,4,39.67,2017.0,True,True,True,False,False,False
52d8e5bb05526f2ded9f60d65f7a5babd54cc61aa2b14d7da02bf6842b7025bc,"에뜨비앙A단지(101,103,104동)",충청북도,충주시,산척면,충청북도_연립다세대_매매_2024.csv|915,urban_rural,14,3,10,1,0,4.0,4,53.76,2016.0,True,True,True,False,False,False
534b614ab392d67daeccb21a52f73d6b03e339fe0c309009d82c6a1632554d42,드림빌B동,전남광주통합특별시,북구,신안동,,metro_gu,36,6,20,10,0,4.0,4,18.24,2000.0,True,True,True,True,True,False
53565c13222c0df315926f3312bc3c453043e4a4f01860fecf7e63337517b0d1,흥진펠리체,충청남도,당진시,우강면,,urban_rural,12,3,5,4,0,4.0,4,54.7,2017.0,True,True,True,False,False,False
5375851df1b03498b062a79acfda4629a02dd258add34603abcd080402910c79,훼미리타운,경상북도,문경시,공평동,경상북도_연립다세대_매매_2025.csv|2328,urban_rural,78,19,41,18,0,4.0,4,62.48,2018.0,True,True,True,True,True,True
537d278f5daa3d829e8d8ca5ef5e157ad9e169388c3d874b053b6f7fbc072916,한신더휴테라스12(1201-1219동),경기도,김포시,운양동,경기도_연립다세대_매매_2025.csv|23300,cap_city,71,16,49,6,0,5.0,5,84.9896,2017.0,True,True,True,True,True,True
53998bc25388a8226a4cb721adefba8a3b4811a0534d3ae2f6f52b4776707b40,라인1차,전남광주통합특별시,광산구,소촌동,,metro_gu,160,54,67,39,0,4.0,4,59.85,1994.0,True,True,True,True,True,True
53b19e869d17bc985576e2482d988cbfd0599f23b74b948f0a757a40f1c1378e,세종그랑시아,경기도,부천시,원미구,경기도_연립다세대_매매_2025.csv|23514,cap_city,28,4,17,7,0,4.0,4,84.8825,2002.0,True,True,True,True,False,False
53b582a88d07a8931893223fa9a58f59c1d080945dff180b229555d71818f757,발트하임,경기도,평택시,신장동,경기도_연립다세대_매매_2024.csv|13216,cap_city,14,4,6,4,0,4.0,4,58.53,2016.0,True,True,True,False,False,False
53d142ef18a955c3a90be2a35904cef035d1f7a8cc6dfc8b24a72f65ecdd1994,(353-7),경기도,안성시,공도읍,경기도_연립다세대_매매_2025.csv|16366,cap_city,12,3,6,3,0,4.0,4,81.68,2020.0,True,True,True,False,False,False
53fd5bcedbdf8b6f5854925b2bbab9726903b0e6215672bb55cefae5aba96618,벽강하이본빌,제주특별자치도,제주시,오라이동,제주특별자치도_연립다세대_매매_2025.csv|1860,urban_rural,26,7,18,1,0,4.0,4,58.87,2013.0,True,True,True,True,False,False
541156d4e1775444eff15f952843c47853945beb82503eae124b8c260bed28e9,(617-12),강원특별자치도,삼척시,원덕읍,강원특별자치도_연립다세대_매매_2024.csv|211,urban_rural,32,6,16,10,0,4.0,4,38.69,2018.0,True,True,True,True,True,False
54d841fa1da72cf9868e2834149200e5f42951f3abfeb0d3d81583a5c0eaa1dd,히페리온빌리지,제주특별자치도,서귀포시,대포동,제주특별자치도_연립다세대_매매_2025.csv|2329,urban_rural,17,4,11,2,0,4.0,4,84.95,2017.0,True,True,True,False,False,False
552317141a3208452d5b01cf3c63fb2b5bb8302eaddc9771d07ce5e45ecfabc6,동탄역남해오네뜨더테라스,경기도,화성시,동탄구,경기도_연립다세대_매매_2025.csv|25078,cap_city,25,10,13,2,0,4.0,4,84.8687,2018.0,True,True,True,True,False,False
55338713f64b53eed49f6adf6833934dca19b51e30d58289a3a1479c9f5f3a38,애니골삼성캐슬(1301~1306동),경기도,고양시,일산동구,경기도_연립다세대_매매_2025.csv|14662,cap_city,11,7,3,1,0,4.0,4,70.98,2024.0,True,True,True,False,False,False
55bf279b0aa7b04d4259f5bc2df1b3582244e4361cffa940b1cff2d9605bfc05,부성하이츠원룸11차(571-18),부산광역시,남구,대연동,,metro_gu,19,5,10,4,0,4.0,4,15.3,2001.0,True,True,True,False,False,False
55c65c376cd8d8ff9198e0f81dc0334a33bc1b51d03855a6031578e4a3f958f9,펠리시티2차,제주특별자치도,제주시,회천동,제주특별자치도_연립다세대_매매_2025.csv|1880,urban_rural,24,3,11,10,0,4.0,4,81.34,2017.0,True,True,True,True,False,False
55e970317c78b23bd7d1af1aa20ca6e13c35adcb447de78c659daad41160a51b,별내효성해링턴코트,경기도,남양주시,별내동,경기도_연립다세대_매매_2025.csv|24390,cap_city,34,9,23,2,0,4.0,4,84.88,2017.0,True,True,True,True,True,False
56185f3527918931bfd0e419f4c6809d3fbf30394b3ae4eba75d2db5cc006301,대경펠리체,전북특별자치도,부안군,변산면,전북특별자치도_연립다세대_매매_2025.csv|910,gun,18,4,11,3,0,4.0,4,84.81,2017.0,True,True,True,False,False,False
5644ef102876e74f50d7d51bb4794a4e383c24f7d4919a42a4d5d8c3807f9872,테라하우스(101동-107동),경기도,김포시,장기동,경기도_연립다세대_매매_2025.csv|13914,cap_city,22,6,11,5,0,4.0,4,83.436,2017.0,True,True,True,True,False,False
56540877cc3bbcbbcd37e80e9afdfb9f308f29549db013abf98e933e4eb4403a,대성빌라,경기도,성남시,중원구,경기도_연립다세대_매매_2025.csv|15875,cap_city,10,4,4,1,1,5.0,6,55.650000000000006,1994.0,True,True,True,False,False,False
56842d1ad9f511c1113b7b0bc59369f280c7207fd39017699bdccb9e96954e0b,상기씨사이드빌,경상남도,고성군,고성읍,경상남도_연립다세대_매매_2024.csv|615,gun,12,4,6,2,0,4.0,4,64.105,2016.0,True,True,True,False,False,False
568a5395cda6f154f9e72d117e91d2b37f6726f2118f3cb74cf438bfefeb894c,진주빌라(614-2),인천광역시,미추홀구,주안동,,metro_gu,12,5,3,3,1,4.0,4,35.82,1994.0,True,True,True,False,False,False
56c0945947dc5c7377df37452a16aa3955e36ffae83ac0800021f043ba3fffba,다솜HILL,충청남도,예산군,예산읍,충청남도_연립다세대_매매_2025.csv|2169,gun,67,20,32,15,0,4.0,4,35.8316,2010.0,True,True,True,True,True,True
56cf262e8501771df0114cbb965a6111048669e8e3e199bb537cd9a6a4b9a212,드림빌,전남광주통합특별시,무안군,청계면,,gun,19,5,10,4,0,4.0,4,20.15,2010.0,True,True,True,False,False,False
57140a8fe52344d4e55bd065078bffe8f9be70e17bead5d86967c889dab6abca,엘오션카바나,제주특별자치도,제주시,애월읍,,urban_rural,27,6,14,7,0,4.0,4,70.2,2023.0,True,True,True,True,False,False
57293445a235a46296b8e8eada0e3b5c7d3ed437109b4611a3c854669f9aca38,성호그린빌라트,대구광역시,동구,방촌동,대구광역시_연립다세대_매매_2024.csv|85,metro_gu,10,3,5,2,0,4.0,4,73.42500000000001,1995.0,True,True,True,False,False,False
574089be8550fcd2c2cd92b819237f48f8353fb0fa2e1348443e70c2e082b4eb,나애빌,제주특별자치도,서귀포시,대정읍,제주특별자치도_연립다세대_매매_2025.csv|2230,urban_rural,21,9,7,5,0,4.0,4,84.83,2018.0,True,True,True,True,False,False
57a14c3cdcb014178dd42859e4d7c0548c4953f345bc539d99454855d45a4a4f,갤럭시동명빌,제주특별자치도,제주시,한림읍,제주특별자치도_연립다세대_매매_2025.csv|2104,urban_rural,12,3,6,3,0,4.0,4,68.09,2017.0,True,True,True,False,False,False
57bb1dbc6cd88a9f06286113483b34bf4f0e5610ba1d6542fd1accf81e0fa591,가경신라빌라,충청북도,청주시,흥덕구,충청북도_연립다세대_매매_2024.csv|716,urban_rural,17,4,9,4,0,4.0,4,84.96,1993.0,True,True,True,False,False,False
57c518a1f6c1e8c55df96bcbef179f3300a0486e6d4b1026cfb62d34d5c91c61,명보아트빌,인천광역시,미추홀구,주안동,,metro_gu,13,4,8,1,0,4.0,4,47.46,2003.0,True,True,True,False,False,False
57f13e623893e9fd39748ff99e1724798c7b47c0f2a07673221e26d5ff45bd67,태원원룸,인천광역시,미추홀구,용현동,,metro_gu,19,5,12,2,0,4.0,4,23.1,2001.0,True,True,True,False,False,False
58146c2438974d25402b480f399afd3fe99c3429efeba0aec7e27bfbce7e96bb,대원빌라(1단지),경기도,성남시,분당구,경기도_연립다세대_매매_2025.csv|20811,cap_city,29,7,17,5,0,4.0,4,57.975,1994.0,True,True,True,True,False,False
588d1a9f317b1f78a8eb81840553a3e7050ec8b2c679af42df68e2d3e513b3fa,파우제인제주오션블록,제주특별자치도,서귀포시,토평동,제주특별자치도_연립다세대_매매_2025.csv|2030,urban_rural,69,23,35,11,0,4.0,4,19.96,2015.0,True,True,True,True,True,True
58b1cc331f799acff04fe916009ba212e95ba5976eabba9eda2641c944b2c42f,반석하귀타운,제주특별자치도,제주시,애월읍,제주특별자치도_연립다세대_매매_2024.csv|961,urban_rural,37,6,23,8,0,4.0,4,39.82,1998.0,True,True,True,True,True,False
58f9eb10d224903b4d7884285331c3e9c8a17b649715b83d2181ed0d4a583fdc,휴미래빌,제주특별자치도,서귀포시,호근동,제주특별자치도_연립다세대_매매_2025.csv|2268,urban_rural,14,3,9,2,0,4.0,4,70.49,2017.0,True,True,True,False,False,False
59097f99459ea38cc5d137e8a0606ded1da01a370c1a189958f61e33ee323b83,이지움더테라스아트리체,전북특별자치도,익산시,팔봉동,전북특별자치도_연립다세대_매매_2025.csv|806,urban_rural,38,14,19,5,0,4.0,4,84.498,2022.0,True,True,True,True,True,False
596a6f0f91f6429376bfbea7ee30c43c0ebe49c51d30e2516d3b74013e7d76d5,흥덕더파크빌,전북특별자치도,고창군,흥덕면,전북특별자치도_연립다세대_매매_2024.csv|920,gun,10,3,4,3,0,4.0,4,70.0,2017.0,True,True,True,False,False,False
59a965e0cb918335b7e52a3564ea9523b5ddecc0813b155785f198540ee7c563,청영(가동),경기도,남양주시,화도읍,경기도_연립다세대_매매_2023.csv|8065,cap_city,12,4,5,3,0,4.0,4,40.86,1994.5,True,True,True,False,False,False
59b0312856ae5918d4af175842f2aa7cafab54863f1062787409828ac144f8f2,JMK힐타운2차,경상남도,창녕군,창녕읍,경상남도_연립다세대_매매_2024.csv|868,gun,14,4,8,2,0,4.0,4,71.6351,2017.0,True,True,True,False,False,False
59d01ec7d0875c37a132632d0c08db798bb2e8edfcc7f042a01edfb405fae5f5,경희,충청남도,아산시,둔포면,충청남도_연립다세대_매매_2025.csv|1145,urban_rural,12,4,4,4,0,4.0,3,59.77,1995.0,True,True,True,False,False,False
5a15cf64a0f1e6f45df368621719154ca5cc25d1d186d6fd172a9b868d363932,부경타운하우스2단지,충청남도,천안시,동남구,충청남도_연립다세대_매매_2025.csv|1110,urban_rural,13,4,6,3,0,4.0,4,39.982,2018.0,True,True,True,False,False,False
5a760703ce68a0768da98aab86cf2988b25cf0f3c529b23554fc962852af3b11,우광주택,경상북도,의성군,금성면,경상북도_연립다세대_매매_2023.csv|900,gun,10,3,4,3,0,4.0,4,70.81,1994.0,True,True,True,False,False,False
5b1125755009f2bcc6088a4a115e4e3972128f429df562b95680d40f45a2522c,엘림하우스(2단지),경기도,안양시,만안구,경기도_연립다세대_매매_2025.csv|20941,cap_city,21,4,14,3,0,4.0,4,62.54,2019.0,True,True,True,True,False,False
5b1f524baa65d67b1784ea21f25848b134291c865a0cb35ff7e28ae3d17013bf,보성빌,대전광역시,유성구,대정동,대전광역시_연립다세대_매매_2025.csv|1086,metro_gu,21,6,10,5,0,4.0,4,24.96,2004.0,True,True,True,True,False,False
5b25f786d6f5a700f8adf2ef5ad078189ccbe7d900f78ad5f2504662ea75e11d,(536-9),경기도,안산시,상록구,경기도_연립다세대_매매_2021.csv|12979,cap_city,17,5,10,2,0,4.0,4,19.6,2004.0,True,True,True,False,False,False
5b3e9ce422c7b99bf9fb368e9ca4b45274ee992560b6716d9b6a171f74e390ec,퀸즈빌,전북특별자치도,전주시,덕진구,,urban_rural,12,4,4,4,0,4.0,4,29.61,2002.0,True,True,True,False,False,False
5b51efe62d56102b520ad0cab4cff05fc5df72badf9863e38d18feec2900ef06,힐링타운하우스,제주특별자치도,서귀포시,대정읍,제주특별자치도_연립다세대_매매_2025.csv|1819,urban_rural,13,5,5,3,0,4.0,4,72.25,2015.0,True,True,True,False,False,False
5b6eb6dcbaa2825626c9b9d308a62860d4b56e3b495592e9c2de67c90017f828,승도빌리지,경기도,안성시,대덕면,,cap_city,15,4,7,4,0,4.0,4,57.225,2013.0,True,True,True,False,False,False
5bc42250087eae75fbffddf039174a10ff05929c0f89671a435338b1af58b7d6,자인빌,경기도,안산시,상록구,경기도_연립다세대_매매_2023.csv|13408,cap_city,12,3,8,1,0,4.0,4,20.92,2013.0,True,True,True,False,False,False
5c41b3d3a936f4bb47e6cc3d34cbd31c2ffec4ed7af1f34410d8ea986eab4cce,우정,전북특별자치도,익산시,신용동,전북특별자치도_연립다세대_매매_2025.csv|862,urban_rural,93,26,50,17,0,4.0,4,23.76,1998.0,True,True,True,True,True,True
5cd59832f4d4b53fcb74e56d85ca229a6bd33697e33a1ce95cb2fd51233f6ffc,삼계위드필타운하우스5단지,경상남도,창원시,마산회원구,경상남도_연립다세대_매매_2024.csv|239,urban_rural,13,4,6,3,0,4.0,4,74.243,2015.0,True,True,True,False,False,False
5d743ada48bd29de94885db0af01ea465524b6d8add219d78437ce9d17929da6,여진하우스,서울특별시,광진구,구의동,서울특별시_연립다세대_매매_2022.csv|11305,metro_gu,15,4,10,1,0,5.0,5,39.78,1996.0,True,True,True,False,False,False
5dd37ee3f69df5d37a090d0fbbded222378031b840872a46ef8e5b864e40b1cb,대림빌리지,전북특별자치도,익산시,모현동2가,전북특별자치도_연립다세대_매매_2025.csv|883,urban_rural,45,11,20,14,0,4.0,4,26.79,1997.0,True,True,True,True,True,False
5df4ae305b36d5c4a000c6b5a6d536350c012f98c2e788ad35eb99b7e783476a,동아,대구광역시,동구,신천동,대구광역시_연립다세대_매매_2025.csv|630,metro_gu,21,8,10,3,0,4.0,4,50.71,1977.0,True,True,True,True,False,False
5ec8cd941f5ab535596a3663fbff974b2a79da8309b4f8b44e52c078ec70b8db,동홍동해밀타운,제주특별자치도,서귀포시,동홍동,제주특별자치도_연립다세대_매매_2024.csv|1722,urban_rural,10,3,6,1,0,4.0,4,84.8661,2019.0,True,True,True,False,False,False
5ee05ac62eff2766de104cd18c3fa8e776ed8c8a23fbdc679804b37d89edcbff,황토마을,충청남도,당진시,석문면,충청남도_연립다세대_매매_2025.csv|1605,urban_rural,11,3,4,4,0,4.0,4,68.505,2016.0,True,True,True,False,False,False
5f1466b63cae77dda2cd616a2ae75afa64cc76215e36ca02c77f3ed2b462d2f9,(666-12),경기도,안산시,상록구,경기도_연립다세대_매매_2023.csv|6568,cap_city,19,5,10,4,0,4.0,4,25.76,2003.0,True,True,True,False,False,False
5f30bd907115a89d6bb8d67831301fd2769ff800c43a426cfed6863025df02dd,도연스카이,전남광주통합특별시,동구,지산동,,metro_gu,11,3,5,3,0,4.0,4,16.83,2005.0,True,True,True,False,False,False
5f43bcabdfc4c39fa7f019b69495ccc0c401b0ed4dbdbcdc193619fe748ad7c5,원천아트빌,경기도,수원시,영통구,경기도_연립다세대_매매_2022.csv|36315,cap_city,14,4,8,2,0,4.0,4,20.52,2002.0,True,True,True,False,False,False
5f54ed0809644a03416e7c9dc09b432acd0c41ab43ba61f3888a9a9438c44f25,월산동이스토리,전남광주통합특별시,남구,월산동,,metro_gu,53,6,43,4,0,6.0,6,59.4975,2016.0,True,False,True,True,True,True
5fbf0c78a51bde47d544c4e931601a39a477161343f9c445d3e64ea42d482d31,양지마을4,경기도,고양시,일산동구,경기도_연립다세대_매매_2024.csv|760,cap_city,22,8,11,3,0,4.0,4,84.84,1996.0,True,True,True,True,False,False
6008a123bbb4bff268b6bf7159fc7fb261a2b628f409b434003adf3a6d20aeba,"명성아트빌라(A,B)동",인천광역시,서해구,석남동,,metro_gu,15,4,5,4,2,4.0,5,45.9,1995.0,True,True,True,False,False,False
6035d6a825fab223f61821abceefe2329c76bd135a8cdb841e64283bcc1d92a5,화성파크드림PRAV,경기도,용인시,기흥구,경기도_연립다세대_매매_2025.csv|24141,cap_city,37,3,27,7,0,4.0,4,84.9084,2009.0,True,True,True,True,True,False
607180eb9f8c3e760b26700c04378467f87117ab82f35bc6428a7587ef13d692,(692-6),경기도,용인시,처인구,경기도_연립다세대_매매_2025.csv|20073,cap_city,24,6,12,6,0,4.0,4,15.095500000000001,2024.0,True,True,True,True,False,False
60762a3600aeded4bec742a3d2b547e3727b163cdd9dd5fb45875d3e51b87a75,e편한세상TERRACE광교Westhill,경기도,수원시,영통구,경기도_연립다세대_매매_2025.csv|22642,cap_city,62,17,35,10,0,4.0,4,110.4223,2017.0,True,True,True,True,True,True
60bd82eb44c0ca4c1ace4eeb7c423bbb70ebc4f5739846109b146356eea3bf01,백송마을10(건영),경기도,고양시,일산동구,경기도_연립다세대_매매_2025.csv|19389,cap_city,22,5,12,5,0,4.0,4,60.0,1996.0,True,True,True,True,False,False
6102d31ee561cb01dac0a38405ef48617cdb57bc61e062a1031d2325a1d02fe4,서강퀸즈하우스,서울특별시,마포구,신수동,서울특별시_연립다세대_매매_2025.csv|24770,metro_gu,12,3,6,3,0,4.0,4,25.67,2021.0,True,True,True,False,False,False
610a29cb27fef9deec06cb4534a5c77b360627e35a7226ee2d27c999302ffa62,거제리우,경상남도,거제시,일운면,경상남도_연립다세대_매매_2025.csv|1716,urban_rural,22,6,13,3,0,4.0,4,84.7837,2015.0,True,True,True,True,False,False
6155e1d1f42f254091c45d8cd0f4749ee4122545644710c74dd32b5eb1b0b9b7,행복주택,충청남도,천안시,동남구,충청남도_연립다세대_매매_2024.csv|1760,urban_rural,14,6,7,1,0,4.0,4,58.7,2018.0,True,True,True,False,False,False
61794a41ffa0ba261fb1bde5c5d0564d8059517e47e53060ca1507b7a9cb4cd3,풍도빌라트,인천광역시,서해구,연희동,,metro_gu,19,4,8,3,4,4.0,5,31.7,2002.0,True,True,True,False,False,False
618551560f61f9c397b5fef5b2585afac63f73e98f6f181a97649dc495794e40,더힐B,경기도,안양시,만안구,경기도_연립다세대_매매_2025.csv|24197,cap_city,15,4,8,3,0,4.0,4,76.9,2024.0,True,True,True,False,False,False
618efd2d16afe9699aea7919910d8c56ee530e452d4cf7faebb7eca605534939,"물빛타운(101,102동)",경기도,광주시,중대동,,cap_city,11,3,6,2,0,4.0,4,65.66,2025.0,True,True,True,False,False,False
61a93e60c12bd459970770deaba452a068b6f6c6d7bdee5affa37c417d7d107e,시티빌원룸,전북특별자치도,전주시,덕진구,전북특별자치도_연립다세대_매매_2024.csv|1065,urban_rural,34,8,18,8,0,4.0,4,29.68,2002.0,True,True,True,True,True,False
61d72a3ebb40ab3f1db505f4eece19a7435dfe7f86de6312e771e5e86e418e77,고촌솔리힐더테라스101동-106동,경기도,김포시,고촌읍,경기도_연립다세대_매매_2025.csv|25910,cap_city,16,4,5,7,0,5.0,5,84.9593,2018.0,True,True,True,False,False,False
61ee1200502df32477d9bab1a2cba93020ba61db3044a96f5ce4a6945e0f881d,흑석뜰安愛,서울특별시,동작구,흑석동,,metro_gu,36,9,20,7,0,5.0,5,29.9,2022.0,True,True,True,True,True,False
6225ae47f37e4c27b661219f4f0010a92f4262d1a48eac6727ff059532b23009,신동원룸,전북특별자치도,익산시,신동,전북특별자치도_연립다세대_매매_2023.csv|752,urban_rural,16,5,10,1,0,4.0,4,17.28,1998.0,True,True,True,False,False,False
62abd4418392499eba3119b58a4b8b18ddf4b8a7879cb6efe7eb81e8222f9711,대진(227-2),경기도,부천시,원미구,경기도_연립다세대_매매_2024.csv|8089,cap_city,10,3,6,1,0,4.0,4,54.54,1983.0,True,True,True,False,False,False
62dfd702401f7287338e54fbc90a3a2fb7cce1f37cc1f91ff2b20a38271626f5,한양후레쉬빌,전남광주통합특별시,장흥군,대덕읍,,gun,13,4,6,3,0,4.0,4,59.8,1999.0,True,True,True,False,False,False
6374f7e2a31352f9ccc50b062939d26f956bf0b7a17336b04f4367c3c03d2b9c,천마에코피아7차,제주특별자치도,서귀포시,대포동,제주특별자치도_연립다세대_매매_2024.csv|1709,urban_rural,16,5,6,5,0,4.0,4,83.7384,2018.0,True,True,True,False,False,False
63ae5a6a1d0c40de69ca4618d8ca52115f286970c14a008a5d0bfd04745e5928,승희빌라,인천광역시,남동구,만수동,,metro_gu,13,4,8,1,0,4.0,3,34.54,1997.0,True,True,True,False,False,False
6475c3f1a06bb07ea77cc74ebaefbe95a871b5753eed140cd27cb29391f85fac,당현리오페라하우스,경기도,평택시,고덕면,경기도_연립다세대_매매_2024.csv|23052,cap_city,11,3,7,1,0,4.0,4,70.7,2012.0,True,True,True,False,False,False
6511ae2662ccdf304d409e6fddc6d36c9f788d05048c67f16950b2f089bc0395,로즈밸리아카데미타운,전북특별자치도,전주시,완산구,전북특별자치도_연립다세대_매매_2024.csv|449,urban_rural,32,11,13,8,0,4.0,4,22.945050000000002,2003.0,True,True,True,True,True,False
65154d912aa02ecef93ccdbdce4d428b25214e365e3504ee71fece4c6442654d,보광맨션(A동),인천광역시,계양구,작전동,,metro_gu,10,4,4,2,0,4.0,4,32.605,2001.0,True,True,True,False,False,False
656581cf32b765a435ece5db60c1859ed70254dc7cefc574546db6008e4d2036,(340-14),경기도,이천시,장록동,경기도_연립다세대_매매_2024.csv|16075,cap_city,12,3,6,3,0,4.0,4,28.43,2014.0,True,True,True,False,False,False
65ab62df3b62f17787a5dbe2205c4d5680f6a98679530fcae07c3e8b787bf1c9,클레시움더테라스하우스,경기도,구리시,인창동,경기도_연립다세대_매매_2025.csv|18875,cap_city,28,7,17,4,0,5.0,5,65.4762,2017.0,True,True,True,True,False,False
65f3cbbe6418219b9c9186737b99ac0a20f908803ab7a72b35e4d3da2b67c7e1,파크빌B,강원특별자치도,홍천군,홍천읍,강원특별자치도_연립다세대_매매_2024.csv|50,gun,24,9,12,3,0,4.0,4,59.4768,2017.0,True,True,True,True,False,False
6689c9e1d94787a07d128b8a90c6f431453aa93f739b975003400b3e124866c5,다온빌리지,서울특별시,양천구,목동,서울특별시_연립다세대_매매_2022.csv|20309,metro_gu,11,3,6,2,0,4.0,4,37.44,2022.0,True,True,True,False,False,False
66e4971848deaba49e75c08919058f566e2baf6ad9c7a08d32beec8d2cd81cfd,(545-4),경기도,안산시,상록구,경기도_연립다세대_매매_2023.csv|10412,cap_city,19,5,12,2,0,4.0,4,21.25,2003.0,True,True,True,False,False,False
66e7199d5a42c5e618b5dae682b116257c139b6538ce22470a7d355b3d143a3e,기산그린타운,강원특별자치도,강릉시,내곡동,강원특별자치도_연립다세대_매매_2025.csv|769,urban_rural,54,15,23,16,0,4.0,4,30.59,1997.0,True,True,True,True,True,True
6714e80955bf1cade7d23f8c875a5e24923f02e59f348240c5e0060f91e7048c,세양쉬에당,부산광역시,영도구,청학동,부산광역시_연립다세대_매매_2025.csv|2479,metro_gu,15,3,8,4,0,4.0,4,59.986,2003.0,True,True,True,False,False,False
676656dc2351c96e37c339a8a0b376af56b55b100d5ccc20f7ae16d01f5aed96,(226-11),경기도,평택시,팽성읍,경기도_연립다세대_매매_2021.csv|3730,cap_city,24,6,12,6,0,4.0,4,103.84,2019.0,True,True,True,True,False,False
6767e8ca5c3a3dd4013684d9b8e0c8b0f8a8d9eff12ff5ffa36cdc0e07339192,한일맨션,울산광역시,남구,신정동,울산광역시_연립다세대_매매_2024.csv|652,metro_gu,12,4,6,2,0,4.0,4,67.2,1981.0,True,True,True,False,False,False
6792f5d294b44318cf7fd99272d72df34aee950a1b194ead01f9a9a3d5553c57,삼정G.edu,제주특별자치도,서귀포시,대정읍,제주특별자치도_연립다세대_매매_2025.csv|2296,urban_rural,125,24,71,30,0,4.0,4,74.43,2015.0,True,True,True,True,True,True
67a1f43959a5dbee732e0dc3f1aeac3dc344ed5cd435a2a1a35d214bb8adc8e2,테라시티,제주특별자치도,제주시,오라이동,제주특별자치도_연립다세대_매매_2025.csv|2178,urban_rural,17,3,8,6,0,4.0,4,70.66,2018.0,True,True,True,False,False,False
67b4f42dae1439bdacfc16382c28462feeb5d504d6d8b5bd7570f11663a5578b,고려,경상북도,포항시,북구,경상북도_연립다세대_매매_2025.csv|1863,urban_rural,36,11,17,8,0,4.0,4,57.24,1984.0,True,True,True,True,True,False
67e2de4554f495eb014679e69ab7eb6db21219e321f82166f151d4e4e521e773,오성그린빌라트,충청남도,예산군,예산읍,충청남도_연립다세대_매매_2025.csv|2059,gun,21,4,11,6,0,4.0,4,59.34,1997.0,True,True,True,True,False,False
67ecc73227f35f2628dd490bc13a3daee05a4d2dbdb01f32374f8c517ada8902,(6-92),서울특별시,마포구,창전동,서울특별시_연립다세대_매매_2021.csv|13239,metro_gu,11,3,6,2,0,4.0,4,53.08,2004.0,True,True,True,False,False,False
68febef974a78c4a22ac01031973805289d92eadaf4eda09048a9f59578de093,판교SKVIEWTerrace,경기도,성남시,분당구,경기도_연립다세대_매매_2025.csv|18851,cap_city,25,3,18,4,0,4.0,4,84.9906,2023.0,True,True,True,True,False,False
691f575b5f95055e9ac237fcc56c272c8c7e8d86e07cdd29f0dc6aeae73a8ca1,가림빌라205동206동,경기도,파주시,야당동,경기도_연립다세대_매매_2025.csv|24904,cap_city,11,3,5,3,0,4.0,4,52.916,2017.0,True,True,True,False,False,False
694d46d24b62d0776c76594b9b3f8ba96dfca772c2cf38fc56ed82e3bab2e544,미가채,서울특별시,강서구,화곡동,서울특별시_연립다세대_매매_2025.csv|28605,metro_gu,10,4,5,1,0,5.0,5,43.88,2015.0,True,True,True,False,False,False
694fa601af0149dfb2f4bf4a9af36d57daaf116fb667828e604d5109d7664594,경산,경상북도,성주군,성주읍,경상북도_연립다세대_매매_2025.csv|1995,gun,11,4,5,2,0,4.0,4,49.76,1988.0,True,True,True,False,False,False
69b070aec39053023fa384d0c4faf478fecb69c37e5cc28436544ba8e6104bcb,황사평갤럭시타운,제주특별자치도,제주시,화북이동,제주특별자치도_연립다세대_매매_2025.csv|2184,urban_rural,32,12,13,7,0,4.0,4,56.251,2013.0,True,True,True,True,True,False
69bd5641bec8e73d22fc10db696d8afbf3b7a43c5069d82176f15f598ebe67d7,영산홍,제주특별자치도,제주시,이도이동,제주특별자치도_연립다세대_매매_2025.csv|2216,urban_rural,19,4,11,4,0,4.0,4,58.41,1993.0,True,True,True,False,False,False
69d337e96899ca97ebc38273f053329b536012fe092012defa52591f264a76b2,미송가단지,경기도,평택시,서정동,경기도_연립다세대_매매_2025.csv|26098,cap_city,15,7,3,5,0,4.0,4,39.6,1986.0,True,True,True,False,False,False
69f6340d5ae88d124a963cd8e64b6ec16893d31177f2c4eab868240b8e932c7a,(625-6),경기도,안산시,상록구,,cap_city,17,5,10,2,0,4.0,4,22.4,2003.0,True,True,True,False,False,False
6a3bfb64c7a0f55aa55ec5db3bc09171ce7f4b402cfef51a5e8d85f2d6fda09a,시드니원룸,부산광역시,남구,대연동,부산광역시_연립다세대_매매_2025.csv|3746,metro_gu,15,3,8,4,0,4.0,4,17.585,2002.0,True,True,True,False,False,False
6a8e15d907f174e95d370a25527665c5e7897878420b2ddd8ea9fed9f7e9273e,이화빌라,인천광역시,미추홀구,학익동,,metro_gu,17,3,3,5,6,4.0,4,33.97,1997.0,True,True,True,False,False,False
6a95bada300545e4a885b0b322fe1b2a23336e5e634c2e41e4cf712cd0356862,진흥빌라,경기도,안성시,공도읍,경기도_연립다세대_매매_2025.csv|13611,cap_city,13,3,9,1,0,4.0,4,59.4,1987.0,True,True,True,False,False,False
6ab6f097310c45394e2a549db577194302bcc1791772d0afbf877d5d127f78f4,천호원룸,강원특별자치도,동해시,천곡동,강원특별자치도_연립다세대_매매_2024.csv|1067,prov_city,16,3,10,3,0,4.0,4,23.79,2004.0,True,True,True,False,False,False
6ae3e9d4dbebd3c573521665f96a8791384c5e898c74cc463bb80a5a5b0db78f,주암썬빌리지(옹포),제주특별자치도,제주시,한림읍,제주특별자치도_연립다세대_매매_2024.csv|894,urban_rural,21,4,10,7,0,4.0,4,45.6105,2001.0,True,True,True,True,False,False
6b1025168a5be4b6b8c96dfee394218fa6f19440e82d21a6311ac24a2d5b97d1,경남빌라,경상남도,창원시,진해구,경상남도_연립다세대_매매_2024.csv|1659,urban_rural,11,3,6,2,0,4.0,4,56.7,1998.0,True,True,True,False,False,False
6b60c4b8d5e95adf605a59c6beff26495ab28a8c7e2689c5773c75f45bc3f68d,브리스빌,대전광역시,대덕구,신탄진동,대전광역시_연립다세대_매매_2025.csv|906,metro_gu,12,3,7,2,0,4.0,4,54.5508,2017.0,True,True,True,False,False,False
6bfec58d3a8de9eccba477bf3473027f42c1c19307d359197e45411f0c571b61,태양아트빌라,부산광역시,금정구,남산동,부산광역시_연립다세대_매매_2022.csv|3669,metro_gu,12,3,6,3,0,4.0,4,75.13499999999999,1998.0,True,True,True,False,False,False
6c2a5f4307a3f06a6a2e7b4635b2933647e4ab308015ea97d833ed575eac2019,수지성복효성해링턴코트,경기도,용인시,수지구,경기도_연립다세대_매매_2025.csv|22846,cap_city,41,7,23,11,0,4.0,4,84.994,2018.0,True,True,True,True,True,False
6d09b50fe40d1a93b50b97f1cf83f902c4ffd8cdbf5adf60d1bc4e7abdb093ac,남영조은빌B,부산광역시,중구,영주동,부산광역시_연립다세대_매매_2024.csv|1618,metro_gu,16,3,6,4,3,4.0,5,22.884999999999998,2003.0,True,True,True,False,False,False
6d40b39c1be7fcd9a704848ef74dd4d508c26f7b6ff12f65fde1355d7ec154aa,마당채,전남광주통합특별시,서구,쌍촌동,,metro_gu,20,5,10,5,0,4.0,4,22.72,2006.0,True,True,True,True,False,False
6de1a9b5097d8c286d4cdf702513c6a3d06e8e07e89a15eed78848c2da96bed4,성저마을(건영10),경기도,고양시,일산서구,경기도_연립다세대_매매_2025.csv|25931,cap_city,14,5,5,4,0,4.0,4,84.84,1996.0,True,True,True,False,False,False
6e3c3fe9bb57518193d5e55911c48c8804af8c684a769bdc021a224f07f2f0b6,제일하이츠,경기도,용인시,처인구,경기도_연립다세대_매매_2022.csv|9852,cap_city,10,3,4,2,1,4.0,5,36.16,1990.0,True,True,True,False,False,False
6e475fd5d9492e9bd589714c1dcc4d28510c6473380d6eae527c8ed5e1485939,MAPLEⅡ,부산광역시,사상구,주례동,부산광역시_연립다세대_매매_2023.csv|698,metro_gu,19,4,10,5,0,4.0,4,19.8,2002.0,True,True,True,False,False,False
6e72ea47c54a44c881776a2c95b4a745b7d5e057f4827627ea413c5df010fb48,프라임27,서울특별시,용산구,효창동,서울특별시_연립다세대_매매_2024.csv|21474,metro_gu,13,3,8,2,0,4.0,4,14.41,2014.0,True,True,True,False,False,False
6ea3adb43707c8471fdcd8b2034715cec6168c05be04ca68ceb1f85dba0f7728,해오름빌,경기도,여주시,가남읍,경기도_연립다세대_매매_2023.csv|21947,cap_city,14,3,7,4,0,4.0,4,42.26,2015.0,True,True,True,False,False,False
6f1ea6436c83eb39c7537c753b17b3aec665526fe74030dddd77a8bb2098e3e6,동아,경상북도,구미시,산동읍,경상북도_연립다세대_매매_2022.csv|2933,urban_rural,33,9,16,8,0,4.0,4,28.81,1997.0,True,True,True,True,True,False
6f2d21a87c7f50931dba16463f8e6dc0d7774febd5bee317c4606641727f4255,근진빌,인천광역시,부평구,부평동,,metro_gu,10,3,6,1,0,4.0,4,14.13,2000.0,True,True,True,False,False,False
6f6ac04e16dfc92305458d13bdcf9a1dbc0980f42ff60f7f1c82037464e11e3d,청목더웰도평,제주특별자치도,제주시,도평동,제주특별자치도_연립다세대_매매_2025.csv|1853,urban_rural,39,7,24,8,0,4.0,4,66.1186,2017.0,True,True,True,True,True,False
6fa7728df127022295a11b83059b7729e4456d1090ad3cad2fa278cb472896ab,"새롬파크빌108,109동",경상남도,함안군,칠원읍,경상남도_연립다세대_매매_2025.csv|1393,gun,11,3,6,2,0,4.0,4,69.84,2016.0,True,True,True,False,False,False
6fb4ef2292d7f4f2f2eac614eace37a5599699db310c8883e7725f1c6d9e87fb,서귀포의아침,제주특별자치도,서귀포시,호근동,제주특별자치도_연립다세대_매매_2025.csv|1375,urban_rural,20,3,13,4,0,4.0,4,84.9,2018.0,True,True,True,True,False,False
702eb1ff9decb2e7e924e5c28b4adc164a4d35b78693ee2fbd016ad9e50f7763,(123-6),서울특별시,송파구,삼전동,서울특별시_연립다세대_매매_2025.csv|22729,metro_gu,10,3,4,2,1,4.0,5,28.68,1993.0,True,True,True,False,False,False
70647fd55a1dca09e6b20bfc0a11022140a61898cfe371af6a4e0c2ccd126a4e,대동월드105동,강원특별자치도,평창군,평창읍,강원특별자치도_연립다세대_매매_2022.csv|1741,gun,19,4,10,5,0,4.0,4,23.94,2001.0,True,True,True,False,False,False
70a2a294252450d2fd7cf176159bd904829cc486199ba6f4bf91f308c9f68499,수완아뜨리움연립주택,전남광주통합특별시,광산구,수완동,,metro_gu,13,4,6,3,0,4.0,4,84.7694,2015.0,True,True,True,False,False,False
70e116e4344fb708987e3dbb6675cfa0d0c2c4be324db5b6c3e52b481d3db2f4,애월르시엘,제주특별자치도,제주시,애월읍,제주특별자치도_연립다세대_매매_2025.csv|1846,urban_rural,19,6,10,3,0,4.0,4,83.7783,2018.0,True,True,True,False,False,False
71de98a13b9d4bc7d07269900f9128265060ad22bfae72815c1b84246f397bdf,상도뜰안애,서울특별시,동작구,상도1동,서울특별시_연립다세대_매매_2025.csv|21961,metro_gu,13,3,9,1,0,5.0,5,29.45,2023.0,True,True,True,False,False,False
71fdbfa166d5892b931e3ba707be78d355e3cca817ad08e3b22a35c07fd88a44,파크빌C,강원특별자치도,홍천군,홍천읍,강원특별자치도_연립다세대_매매_2025.csv|1040,gun,16,5,9,2,0,4.0,4,54.5846,2017.0,True,True,True,False,False,False
7219974a33c3b477667e1aaf4cb5fd9f03278dfc47afa547b98cea4b620fcf67,한림빌리지,경기도,구리시,수택동,경기도_연립다세대_매매_2024.csv|9368,cap_city,22,5,10,2,5,4.0,5,19.32,2002.0,True,True,True,True,False,False
723e02c2c6fd02daa928c66213d4b01e0d668d85cfb00c02f9ff980c055f156d,리천빌,경기도,용인시,수지구,경기도_연립다세대_매매_2023.csv|5351,cap_city,29,5,18,6,0,4.0,4,13.56,2012.0,True,True,True,True,False,False
724dad7abe28621f57525f4a8d6671d85776a4a52b8c28c23b5d6ac0e9c66f9f,남건휴먼스오렌지카운티,제주특별자치도,제주시,외도일동,제주특별자치도_연립다세대_매매_2025.csv|2118,urban_rural,27,8,12,7,0,4.0,4,31.456,2017.0,True,True,True,True,False,False
727dfa3b1616ba0372857affdba10d2674262da9c37f9ba3b037f9442a4491a5,목련,충청북도,청주시,서원구,충청북도_연립다세대_매매_2025.csv|1015,urban_rural,12,3,7,2,0,5.0,5,50.94,1985.0,True,True,True,False,False,False
729cd49019ef2413f16db37813cca60620d4c8730f7398f7eceb54929687e0e1,레이나,서울특별시,중구,신당동,서울특별시_연립다세대_매매_2025.csv|35096,metro_gu,10,4,3,3,0,4.0,3,44.224999999999994,2020.0,True,True,True,False,False,False
72a3c9dc7a00ab8cb190a1fceea3b79da986ea6b429127b7aac79eaf59fd8bea,예담빌리지,서울특별시,강북구,미아동,서울특별시_연립다세대_매매_2025.csv|34957,metro_gu,23,3,18,2,0,5.0,5,50.82,2017.0,True,True,True,True,False,False
736ad92462d857d234f59a94f6b931757af003491b966559738b628e93794702,(885-8),경기도,안산시,상록구,경기도_연립다세대_매매_2023.csv|4669,cap_city,13,5,6,2,0,4.0,4,47.1,2001.0,True,True,True,False,False,False
744935df8f91a1ec5d6ce537cfa7b88ea59fd0570f3b53e03602f97b5730b3d2,뜨레모아6차,제주특별자치도,제주시,노형동,제주특별자치도_연립다세대_매매_2025.csv|2323,urban_rural,10,3,4,3,0,4.0,4,84.65,2012.0,True,True,True,False,False,False
7450609f2e5b000be4e062d6336723e2ecb67973982b0d36ff7715fa016eeb5b,힐스빌라,전북특별자치도,완주군,삼례읍,전북특별자치도_연립다세대_매매_2023.csv|958,gun,10,3,4,3,0,4.0,4,59.1462,2012.0,True,True,True,False,False,False
750808abe19e5540e1eb15a4c84107f9e2f85dfea24a79a0035cf6fec5a03f9c,GoldenHouse,서울특별시,성동구,용답동,서울특별시_연립다세대_매매_2025.csv|23461,metro_gu,18,5,9,4,0,5.0,5,23.75,2022.0,True,True,True,False,False,False
754de27a5f9abf0f553d7bee740dc6eef8614e8ef2373f1f2cf15e87603c0811,이도빌리지,제주특별자치도,제주시,아라일동,제주특별자치도_연립다세대_매매_2025.csv|2252,urban_rural,38,4,23,11,0,4.0,4,24.485,2015.0,True,True,True,True,True,False
755910c1676d69b7cc8e093fed9447462e80158d07fa2743a6771d2c67aea56e,조흥빌라,인천광역시,계양구,임학동,,metro_gu,47,10,22,6,9,4.0,5,39.0,1991.0,True,True,True,True,True,False
757453817b35592509c3cd6091fa0fcf4dedf663081bde14f5fbcdf0b6cac028,인성,전북특별자치도,전주시,덕진구,,urban_rural,17,3,10,4,0,4.0,4,14.52,2002.0,True,True,True,False,False,False
7581a0b19c7643ee7bac49b1abf4feb0c51ea4caf6e9779df960d4d29b58bf56,현대빌라,서울특별시,중랑구,면목동,서울특별시_연립다세대_매매_2025.csv|31148,metro_gu,13,4,6,1,2,4.0,5,41.58,1991.0,True,True,True,False,False,False
75b71ae078832aa978013bf866628e811da351d48c46d5676d72abf3dee59397,화암빌리지,울산광역시,동구,방어동,,metro_gu,13,4,8,1,0,4.0,4,25.44,2002.0,True,True,True,False,False,False
75e14bc80c7000312f3aac633fad529c9f8f671782d3d2135279ed6c646941c8,트라움베르크,서울특별시,은평구,구산동,서울특별시_연립다세대_매매_2024.csv|756,metro_gu,12,3,8,1,0,5.0,5,44.88,2024.0,True,True,True,False,False,False
762df8e8bd3c16c57f1e89076e40284fb9b479c0ade965dd7871f6d239d11412,현대빌라,서울특별시,양천구,신월동,서울특별시_연립다세대_매매_2023.csv|16909,metro_gu,19,10,4,2,3,4.0,4,41.32,1986.0,True,True,True,False,False,False
762e92244a6f7cd56b3963a2aa3181a427113baf584d7ca0bb2c1417a92c9080,"내산빌리지(A,B,C)",충청북도,청주시,상당구,충청북도_연립다세대_매매_2025.csv|1107,urban_rural,11,4,4,3,0,4.0,4,69.65,2013.0,True,True,True,False,False,False
76e912d379af9be4083afcbe171690deab310a161c50c0becb9f831990d7aa34,"신화빌라(7,8동)",인천광역시,계양구,효성동,,metro_gu,10,6,3,1,0,4.0,3,36.48,1991.0,True,True,True,False,False,False
774db2eab56d41c3ed356b9f2f563d7d9c781dba627265124515239b752efef0,"밀성2,3동",경상남도,밀양시,내이동,경상남도_연립다세대_매매_2025.csv|1441,urban_rural,13,5,5,3,0,4.0,4,43.64,1983.0,True,True,True,False,False,False
7806e1d7e744a2902ea133f46de20b2a91c4162ace85b85e9252f1930b611a2a,자산,경상북도,김천시,성내동,경상북도_연립다세대_매매_2025.csv|1789,urban_rural,11,4,5,2,0,4.0,4,52.29,1977.0,True,True,True,False,False,False
78169af274f29eb08ba81e41cfecb3bc75194ca604cf3b88f300c9f41040c86c,대동(608-0),경기도,안산시,단원구,경기도_연립다세대_매매_2025.csv|16966,cap_city,20,3,10,7,0,4.0,4,53.49,1991.0,True,True,True,True,False,False
788ec5653da8d160135706179442c48fa2188e06d72e603ad1bec5469bd677bf,현대(772-32),경기도,군포시,당동,경기도_연립다세대_매매_2022.csv|33772,cap_city,17,3,8,4,2,4.0,5,54.78,1991.0,True,True,True,False,False,False
78bdfa573c7bdcc0408a71dce83f0fc4220f030be7d6e72d904e675b3bf37321,아라주원라비앙,제주특별자치도,제주시,아라일동,제주특별자치도_연립다세대_매매_2025.csv|2251,urban_rural,16,5,9,2,0,4.0,4,66.48,2016.0,True,True,True,False,False,False
78cfcde6ce0648c24d92422d2d0c9950c592e1f21a2b242fb53cef4603d746f4,블루캐니언,제주특별자치도,서귀포시,법환동,제주특별자치도_연립다세대_매매_2025.csv|1473,urban_rural,34,9,14,11,0,4.0,4,84.3,2020.0,True,True,True,True,True,False
78feca34c7bc907dd64c489f2b924f799fa8abceb8d11d0fc4c7064e5356e4f7,제일일출빌리지,제주특별자치도,제주시,해안동,제주특별자치도_연립다세대_매매_2025.csv|2205,urban_rural,23,3,12,8,0,4.0,4,44.54,2003.0,True,True,True,True,False,False
793ed684ddc2a23563c1da2d47c446fdec44f43b2f98857fac55d93a015f2459,대도,경기도,안양시,동안구,경기도_연립다세대_매매_2025.csv|16258,cap_city,15,5,8,2,0,4.0,4,55.35,1984.0,True,True,True,False,False,False
795bf9d5c337d30798be588f83f5698d2558dad51f3ab1969e33675366669f8c,호반가든하임,경기도,수원시,영통구,경기도_연립다세대_매매_2025.csv|21499,cap_city,31,14,9,8,0,4.0,4,128.784,2011.0,True,True,True,True,True,False
7966e48a7857550af192aaef1bc9f4b808d3cd1d86f5cffdb8ace37e8cc98ec8,동초빌라,전북특별자치도,전주시,덕진구,전북특별자치도_연립다세대_매매_2025.csv|595,urban_rural,17,5,9,3,0,4.0,4,28.81,2004.0,True,True,True,False,False,False
7993ddf123421a002f5cfa210ee751c95597c8c4d56cfc8459e4cb42c51277c1,슈테른더테라스,제주특별자치도,제주시,애월읍,제주특별자치도_연립다세대_매매_2025.csv|1884,urban_rural,23,7,10,6,0,4.0,4,84.0243,2017.0,True,True,True,True,False,False
79bd4e11b9cb5c4bee8a110d0840fda88394d9afd36b765334b1c74c3cb69bcf,조천휴안1차,제주특별자치도,제주시,조천읍,제주특별자치도_연립다세대_매매_2025.csv|1353,urban_rural,23,7,8,8,0,4.0,4,80.14,2018.0,True,True,True,True,False,False
79d3b36b17f6049696c875f5b40d3c0e3393ac4237704eefc35001344cf6fd97,미라지움(403동~506동),경기도,이천시,부발읍,경기도_연립다세대_매매_2024.csv|14726,cap_city,11,3,4,4,0,4.0,4,59.97,2021.0,True,True,True,False,False,False
7aab1fead949c72122ff98c24448f3487867ada4c41191f7300a13e54869bfeb,"파크뷰A,B동",서울특별시,관악구,남현동,서울특별시_연립다세대_매매_2025.csv|24863,metro_gu,15,3,7,2,3,4.0,5,51.57,2021.0,True,True,True,False,False,False
7ad7543c1ca6f18ec025f1b045c527f3d9232a7eb8281a6b1b11a17e12ffce11,대동하이츠빌라,경기도,안산시,단원구,경기도_연립다세대_매매_2025.csv|14458,cap_city,10,3,5,2,0,4.0,4,59.67,1993.0,True,True,True,False,False,False
7b23e872b6faf776217a4e344ff0675a538b926810760e58d4c4c26faeb38fa9,대원빌라,서울특별시,강서구,화곡동,서울특별시_연립다세대_매매_2024.csv|23164,metro_gu,11,3,5,1,2,4.0,5,36.57,1990.0,True,True,True,False,False,False
7b76b4889c2dacfd56e4da683d978c70e1cee9799bebff0c0a44aa3972ecb2e1,창남빌라,경기도,수원시,팔달구,경기도_연립다세대_매매_2024.csv|22521,cap_city,12,4,6,1,1,4.0,5,57.84,1994.0,True,True,True,False,False,False
7c00df6b1813cdc4e3cd87930bb1ab458555780cbdb4d28ca049209982977878,베르그하우스,제주특별자치도,제주시,오등동,,urban_rural,16,4,8,4,0,4.0,4,34.2,2010.0,True,True,True,False,False,False
7c26b6f3b6b5e02cc110d4fe55283da0b6e3a6f7473eab72b2795bb59079d9b7,애월마리솔빌리지,제주특별자치도,제주시,애월읍,제주특별자치도_연립다세대_매매_2025.csv|2150,urban_rural,12,3,8,1,0,4.0,4,81.546,2017.0,True,True,True,False,False,False
7c4c7ef8b70e491e335f768e7cc883efa07034bd8e4b60a30c83fd34d04a3e93,알콩달콩구산(177-46),서울특별시,은평구,구산동,서울특별시_연립다세대_매매_2021.csv|12303,metro_gu,10,3,6,1,0,4.0,4,56.8,2021.0,True,True,True,False,False,False
7c75ff4225d5357cb47977b335fa43b0a13d8e992b90b724aad7e7329ea4bff5,원통빌라,강원특별자치도,인제군,북면,강원특별자치도_연립다세대_매매_2025.csv|928,gun,16,3,7,2,4,4.0,5,73.08,2001.0,True,True,True,False,False,False
7c8c309f93abcf00dcf3ccd346cfe64e93d48e8f855eeaf9ad643aebf924e8fb,이룸빌Ⅱ,부산광역시,금정구,장전동,부산광역시_연립다세대_매매_2024.csv|392,metro_gu,11,3,6,2,0,4.0,4,31.3,2012.0,True,True,True,False,False,False
7cb31c124214be8185e05d64b67b287224b58e0f92d7d119493595be49936ee9,강산타운,경상북도,구미시,신평동,경상북도_연립다세대_매매_2025.csv|2248,urban_rural,26,4,15,7,0,4.0,4,45.03,1986.0,True,True,True,True,False,False
7d093a8444c2ec8b9e03bdbaf56c64df9b8e07c8425f1737348c8ea5ec0a2505,서연빌리지,서울특별시,은평구,갈현동,서울특별시_연립다세대_매매_2025.csv|25721,metro_gu,11,5,3,3,0,4.0,4,40.48,2012.0,True,True,True,False,False,False
7d1ac760eaab5b113e4d9bf3ed9487a7c0cd271010e01053f0b8b16425083981,건지채,전북특별자치도,전주시,덕진구,,urban_rural,19,4,10,5,0,4.0,4,21.45,2002.0,True,True,True,False,False,False
7d374950a6c976126f90fac80e2a74e91318a50598bab10b793eb9b59e1dd953,중앙애플비,서울특별시,동대문구,청량리동,서울특별시_연립다세대_매매_2025.csv|28867,metro_gu,94,13,68,13,0,7.0,7,16.93,2012.0,True,False,True,True,True,True
7d38ed1780ba70c513e11e544d73f2957199f9164d7c8682f55d14df7faa982e,효자그린빌원룸,경상북도,포항시,남구,경상북도_연립다세대_매매_2024.csv|2077,urban_rural,12,3,8,1,0,4.0,4,25.82,2003.0,True,True,True,False,False,False
7d5a724c4979ae5289d7f2dd2072fc468482ed7d0ced74b46b60d88f97ce1be8,한국화약(주),충청북도,청주시,상당구,충청북도_연립다세대_매매_2024.csv|67,urban_rural,44,12,30,2,0,5.0,5,84.06,1991.0,True,True,True,True,True,False
7d75b7ee7bb52e5e99f1dd6805f376ac626d269fc40aed19428eed9d97b1f326,매화마을건영빌라,경기도,성남시,분당구,경기도_연립다세대_매매_2025.csv|25336,cap_city,32,6,18,8,0,4.0,4,59.88,1995.0,True,True,True,True,True,False
7d7e6f9c08da6d3502366919b468c7a3a13b1ea3e51cdf2ef23ab017af53c6a0,조은집,부산광역시,수영구,광안동,부산광역시_연립다세대_매매_2025.csv|2477,metro_gu,72,3,55,14,0,5.0,5,14.92,2009.0,True,True,True,True,True,True
7de576d95fb4f81973bb7dca5616a7679180f8621f199780019cab05d917c002,그랜드(419-1),대구광역시,달서구,본리동,대구광역시_연립다세대_매매_2021.csv|339,metro_gu,24,6,17,1,0,4.0,4,77.61,1995.0,True,True,True,True,False,False
7e2b91729dab60a5cf2f76777285ea4d3b09e049fc86065bb3bea764d5f65ad9,벚꽃그린빌4단지,경상남도,창원시,진해구,경상남도_연립다세대_매매_2025.csv|1551,urban_rural,71,25,30,16,0,4.0,4,74.96,2003.0,True,True,True,True,True,True
7e99bfe0dc76010faff8aabcaa495df833d40617d6cb795b6e5c31ca40bf121e,이룸일가,서울특별시,서대문구,대신동,서울특별시_연립다세대_매매_2022.csv|13210,metro_gu,13,4,8,1,0,4.0,4,27.97,2022.0,True,True,True,False,False,False
7ea4925bba55cc1fe7f961fed767c4d5cb15d07e62b369dc0dbede3e2bb7a373,오산빌리지,경기도,오산시,고현동,경기도_연립다세대_매매_2025.csv|23810,cap_city,29,8,16,5,0,4.0,4,41.885,1990.0,True,True,True,True,False,False
7ed8ffd2b90eb99d90a423a9ebe3ffb42c7e591de3b34a55f1551fb66a348514,우현더힐,경상북도,포항시,북구,경상북도_연립다세대_매매_2025.csv|2264,urban_rural,41,13,18,10,0,4.0,4,84.9915,2020.0,True,True,True,True,True,False
7ef6306e965de4a0f685626ed64ff86c2c48e37d680155c62b58464faf6ee3d7,현대빌라,경기도,광명시,광명동,경기도_연립다세대_매매_2025.csv|25822,cap_city,15,4,3,3,5,4.0,5,42.14,1995.0,True,True,True,False,False,False
7fbddb7eb2b8820e05d206b4ccdef2c6f3355da9321185c5bb917b7e74ef31b7,보람빌라17차,서울특별시,노원구,상계동,서울특별시_연립다세대_매매_2025.csv|28637,metro_gu,10,4,5,1,0,4.0,4,60.21,1997.0,True,True,True,False,False,False
7fc6c93cf48f802270b125dc020f9b5dda2984cbc091b1e605a420655166e76f,덕일주택,서울특별시,송파구,송파동,서울특별시_연립다세대_매매_2024.csv|15108,metro_gu,18,4,8,2,4,4.0,5,28.85,1992.0,True,True,True,False,False,False
802ecee420639bf6bb169b83dadeb1e97ad75f5e642afd295d3dc39470a5d2e7,두손빌라,인천광역시,미추홀구,주안동,,metro_gu,12,5,6,1,0,4.0,4,36.355000000000004,1996.0,True,True,True,False,False,False
80cd29fb4ef0b1703a94670dbfb6e4f6d7cf617d3002bf378b934cec4a4e0efd,민채타운하우스A동B동C동,서울특별시,관악구,봉천동,서울특별시_연립다세대_매매_2021.csv|1218,metro_gu,44,6,36,2,0,6.0,6,39.01,2021.0,True,False,True,True,True,False
80fb69e83f55f93c3f5a00a889b135458f9145c05970c7321cf9487d030aa740,델라르떼102동103동,경기도,파주시,당하동,경기도_연립다세대_매매_2025.csv|24780,cap_city,16,4,8,4,0,4.0,4,67.94,2022.0,True,True,True,False,False,False
811d0f8131fde844d41d407eb6fb6a12508188de8ab1966378c711de71c24aec,에덴빌리지1차,제주특별자치도,제주시,조천읍,제주특별자치도_연립다세대_매매_2025.csv|1454,urban_rural,14,4,9,1,0,4.0,4,64.59,2015.0,True,True,True,False,False,False
81508827dd161e75b19e12c923a4fed4e1abec0909ef98261d1b7798ccf505f8,드림빌,부산광역시,영도구,봉래동1가,부산광역시_연립다세대_매매_2022.csv|2328,metro_gu,14,3,7,4,0,4.0,4,14.59,1989.0,True,True,True,False,False,False
8171128e18cc90d1095498f9fe7a20a4c8779fb62573c3c02b2f64d2472e20b0,오션빌,경기도,화성시,만세구,경기도_연립다세대_매매_2025.csv|17164,cap_city,20,5,11,4,0,4.0,4,52.53,2018.0,True,True,True,True,False,False
8191e3dfcf0b8f10df744dd064c8d1d5f39c65154df7828718ad7b6e62f134c9,금호빌라,전남광주통합특별시,북구,용봉동,,metro_gu,16,3,9,4,0,4.0,4,29.88,1995.0,True,True,True,False,False,False
81ceadd4965789bde600a2b4e6d5b960b8b9af476d8daba68f2cd63e894a419c,토성,경기도,안산시,단원구,경기도_연립다세대_매매_2024.csv|4057,cap_city,16,5,8,3,0,4.0,4,42.48,1991.0,True,True,True,False,False,False
81de0773d3c9c8cf6e4447b6068a0ee398e505c8b6d93504ea8d5441c9f6b079,눌원아트빌라(1013-1),부산광역시,연제구,거제동,,metro_gu,13,3,7,3,0,4.0,4,65.27,1996.0,True,True,True,False,False,False
81e8a13a779e1f0a3f7befbf096d3c1e10a55e29ad04ac693c45053e03d65fa3,송이주택,경기도,수원시,권선구,경기도_연립다세대_매매_2024.csv|22090,cap_city,21,3,12,6,0,4.0,4,18.62,2012.0,True,True,True,True,False,False
81f9428972bf5445736f77100899aa298e303dc80ee9079e35418d83ce00a557,광안APT,부산광역시,수영구,광안동,부산광역시_연립다세대_매매_2025.csv|3227,metro_gu,16,3,9,4,0,4.0,4,38.05,1969.0,True,True,True,False,False,False
822796afa2c539ece601712c553f4ef16c9092bbbc11e9f76f1d955a2d053d92,한탄강푸른레져(B동),강원특별자치도,철원군,갈말읍,강원특별자치도_연립다세대_매매_2022.csv|1416,gun,19,4,10,5,0,4.0,4,49.1,2007.0,True,True,True,False,False,False
8240d90c348f74d2e9e4a24f0e5817c3b473c3747301922c246553659beada0d,남악오투그란데더테라스,전남광주통합특별시,무안군,삼향읍,,gun,22,7,9,6,0,4.0,4,127.0152,2021.0,True,True,True,True,False,False
826502d56d4131b50fcb021908e9f70415a8bd09b7e138c08e647fe6aae42698,쌍용주택,강원특별자치도,평창군,대관령면,강원특별자치도_연립다세대_매매_2025.csv|1251,gun,19,3,10,6,0,4.0,4,69.1712,1999.0,True,True,True,False,False,False
826e55c934116dbcb941e9ae346e2fb506fd4fb7fbf02bf4a33c7dc9cc96301c,세원그린빌,서울특별시,중랑구,면목동,서울특별시_연립다세대_매매_2025.csv|35450,metro_gu,15,4,10,1,0,5.0,5,29.73,2018.0,True,True,True,False,False,False
828306f3b66999913efd00777fd762b171494dd14e4f210c6cee0118ec9fb4e2,스텔라,경상북도,칠곡군,왜관읍,경상북도_연립다세대_매매_2024.csv|769,gun,11,4,4,3,0,4.0,4,165.3489,2018.0,True,True,True,False,False,False
8285941df9f4d87e93ce1a5251e1c3f76a353e189f5f13db2b52642ccabd635c,스타팰리스101동-110동,경기도,고양시,일산동구,경기도_연립다세대_매매_2025.csv|21719,cap_city,19,8,5,6,0,4.0,4,50.0643,2019.0,True,True,True,False,False,False
82b81046f2d4740586a94e27e1dfcdf7610a2777f8772c4a91f60eae52def86d,부영주택,경기도,안산시,상록구,경기도_연립다세대_매매_2022.csv|16319,cap_city,16,4,10,2,0,4.0,4,17.28,2003.0,True,True,True,False,False,False
82ef2f15484020c7a67c4cc0317221188327e73df1b7ef9e6c11aa687b0c5a00,패밀리원룸,서울특별시,은평구,갈현동,서울특별시_연립다세대_매매_2024.csv|4992,metro_gu,14,4,8,2,0,4.0,4,12.05,2013.0,True,True,True,False,False,False
831dccaca167ff0c308a5f2ba653819df82b10c96d3925e15bb7a1ab94af4f6f,대림빌라(2동),인천광역시,미추홀구,용현동,,metro_gu,10,4,3,3,0,4.0,4,43.45,1996.0,True,True,True,False,False,False
83413b17e04b8b86c89d212f6046fb2bef68e00c2444d191bc67a0c846175d99,"청림빌라(마,바동)",인천광역시,미추홀구,주안동,,metro_gu,15,7,6,2,0,4.0,4,32.16,1994.0,True,True,True,False,False,False
83f0276cabd6cddd7ded3ebe1edf3f87954e662af022ce769a0daff6a7187b42,브리즈스테이1차,제주특별자치도,제주시,해안동,제주특별자치도_연립다세대_매매_2025.csv|1836,urban_rural,21,7,13,1,0,4.0,4,84.58,2019.0,True,True,True,True,False,False
843428c106073c26573e4e6d821824f8a55c1a4c68f094f04cfaf9d76a8138c9,은평지웰테라스,서울특별시,은평구,진관동,서울특별시_연립다세대_매매_2025.csv|33959,metro_gu,28,4,15,9,0,4.0,4,84.3116,2017.0,True,True,True,True,False,False
844e629bdf1ec298ab9dcac21f9e5c1ee5045e04b69bc86005da412e462444dc,광장11현대홈타운,서울특별시,광진구,광장동,서울특별시_연립다세대_매매_2025.csv|35101,metro_gu,28,5,17,6,0,4.0,4,84.94,2003.0,True,True,True,True,False,False
854dac2a7fac8430453d1297a2980707ea0f841b6d6a476c89046e4d6ea9ca64,푸른숲,서울특별시,동작구,대방동,서울특별시_연립다세대_매매_2025.csv|18645,metro_gu,11,3,6,2,0,5.0,4,57.71,2022.0,True,True,True,False,False,False
85797e458ef0e6d17f2635115756c0e444f0c963fcaafcb631a2ecf7d124bc94,The싱그런빌리지,전북특별자치도,고창군,흥덕면,전북특별자치도_연립다세대_매매_2024.csv|933,gun,25,6,9,10,0,4.0,4,65.54,2018.0,True,True,True,True,False,False
85e6397e700028b7ccdac4636437f11f6c6a87113eb430abcdb9718137885f53,(597-6),경기도,안산시,상록구,경기도_연립다세대_매매_2023.csv|22968,cap_city,15,4,8,3,0,4.0,4,36.88,2001.0,True,True,True,False,False,False
85f5d841aed54e633f0b7d31b3b85feb8d79093168497360e577f298168bbe7d,성호빌라,경기도,부천시,소사구,경기도_연립다세대_매매_2023.csv|2890,cap_city,11,3,4,2,2,4.0,5,34.83,1987.0,True,True,True,False,False,False
866765eabce3384c17637a3c63fef33cf79bb30ca5208a7821c5ff5b6ffdc25c,위너스빌,경기도,오산시,오산동,경기도_연립다세대_매매_2022.csv|17137,cap_city,23,3,14,6,0,4.0,4,20.63,2012.0,True,True,True,True,False,False
86779d371f896f72eb91dae4fa011007f7fd4a1722eb8f3ca38802738ba7515f,가도스타디움,전남광주통합특별시,신안군,지도읍,,gun,15,3,9,3,0,4.0,4,72.14,2013.0,True,True,True,False,False,False
872da9fe801dd02d6f6551dc7f1e1e019b6efcfb6f6403924eaca65f881963a2,선경예스빌라,경기도,양주시,광적면,경기도_연립다세대_매매_2024.csv|9634,cap_city,15,3,9,3,0,4.0,4,49.14,1996.0,True,True,True,False,False,False
87fceaa37269a0b81061641b6e40c76144f473a05fe9398420dc448e9f54cc6f,뉴코아그린맨숀,인천광역시,계양구,효성동,,metro_gu,18,3,6,5,4,4.0,5,49.27,1995.0,True,True,True,False,False,False
88041e6c620c85db9ec96ca331533ebd031be469f95729221ec8dc6aa48cf4fe,아름나래빌,충청북도,청주시,서원구,충청북도_연립다세대_매매_2025.csv|1086,urban_rural,12,3,6,3,0,4.0,4,84.7459,2004.0,True,True,True,False,False,False
881f0298899fa2258b4a50733961e43a8ced852d40532018c26a2138da35cc63,더모아,경기도,광주시,문형동,경기도_연립다세대_매매_2024.csv|15756,cap_city,10,3,5,2,0,4.0,4,64.12,2021.0,True,True,True,False,False,False
8858c275ed768989ee3088ecf85182eb450ab777a0f205510bccfa126541bf91,(1252-0),경기도,안산시,상록구,경기도_연립다세대_매매_2021.csv|2960,cap_city,18,5,10,3,0,4.0,4,23.92,2001.0,True,True,True,False,False,False
88781ffb9c2ca0e9467d35482d42c9d85625cc0170f82fbaa4406dc6e382d16a,이화하이츠,부산광역시,금정구,장전동,부산광역시_연립다세대_매매_2021.csv|1109,metro_gu,15,4,8,3,0,4.0,4,19.625,2002.0,True,True,True,False,False,False
888f28fd8e42a302a862d6331f70e2fceebb00e645e713c46d91422c9d004f34,"루체A동,B동",경기도,고양시,일산동구,경기도_연립다세대_매매_2025.csv|22278,cap_city,14,4,4,6,0,4.0,4,50.046,2018.0,True,True,True,False,False,False
88a12c7bec21b30c5196ccc5bf49e582d70dcbb174ea8284c8da1ddce2c654d9,케이디아이빌C동,서울특별시,동작구,상도동,서울특별시_연립다세대_매매_2025.csv|27818,metro_gu,10,3,5,2,0,4.0,3,29.945,2007.0,True,True,True,False,False,False
88b72c3edd453fe8fc21ef6e8e4ebaed606476744395083b92d06660940fb804,미영,경기도,수원시,권선구,경기도_연립다세대_매매_2025.csv|25951,cap_city,63,18,32,13,0,4.0,4,46.68,1988.0,True,True,True,True,True,True
88b92a3f953ff6717d618c51c1cfe5ff8375507b51f2bfc03bd7b01c043a8b8d,성저마을(건영6),경기도,고양시,일산서구,경기도_연립다세대_매매_2025.csv|23710,cap_city,28,6,19,3,0,4.0,4,59.99,1996.0,True,True,True,True,False,False
88d5d6f93ef6491006b717c733b73722152efb5e830f4549cef83610d9a9495d,세안주택,충청남도,당진시,신평면,충청남도_연립다세대_매매_2025.csv|2196,urban_rural,88,24,61,3,0,4.0,4,44.46,1991.0,True,True,True,True,True,True
88d8e3021646b1763aeb4b321b9b8e1600cbd632e675ccbc23efb76d3128de63,씨앤엠파크Ⅱ,경기도,오산시,고현동,경기도_연립다세대_매매_2023.csv|5281,cap_city,22,6,11,5,0,4.0,4,16.73,2019.0,True,True,True,True,False,False
89a73736db83288ccb6be03f93497d330792a5a65896cc09118d212d1d467728,행복청실,경상북도,경주시,안강읍,경상북도_연립다세대_매매_2024.csv|2217,urban_rural,10,3,3,4,0,4.0,4,49.379999999999995,1988.0,True,True,True,False,False,False
8a50daa6ce0199c0a65d5fe8a4b4904b8efb9880dd5200f66d08b45acd47281b,포레지움Ⅰ(101-103동),경기도,파주시,조리읍,경기도_연립다세대_매매_2024.csv|481,cap_city,24,6,12,6,0,4.0,4,70.85,2022.0,True,True,True,True,False,False
8a7f4e45fa38fc706e58d2bee0c699695632c161928dd6c1fad4de3ebc12213c,한백리츠빌(316-258),서울특별시,동작구,사당동,서울특별시_연립다세대_매매_2024.csv|24034,metro_gu,13,3,8,2,0,5.0,5,42.3,2021.0,True,True,True,False,False,False
8a8e58d058210a2f547dcfb35625b4b1c393aa80a55fbef5ce867c6a13024373,우성그린빌,경기도,용인시,수지구,경기도_연립다세대_매매_2025.csv|25906,cap_city,14,6,7,1,0,4.0,4,59.89,1997.0,True,True,True,False,False,False
8a8e7eebf545059cfea0e77c7bbc4e0ec5c2b18d975f0ade9fb153aa6c711d68,행복주택(577-10),경기도,안산시,상록구,,cap_city,16,3,12,1,0,4.0,4,18.94,2014.0,True,True,True,False,False,False
8aa8eb6e8b0cd09fd29f4fb503f70599b87eed948838ab9a7138a80bc7f5f5f7,오성드림빌,서울특별시,양천구,목동,서울특별시_연립다세대_매매_2025.csv|33009,metro_gu,11,3,7,1,0,5.0,5,29.86,2016.0,True,True,True,False,False,False
8ae1a27273164afda52b061339f43ea9e7284b8b995d062fe783104f3ea81fef,화정그린빌라,인천광역시,남동구,만수동,,metro_gu,11,3,4,3,1,4.0,5,38.33,1996.0,True,True,True,False,False,False
8b245140cfc5c21ad9c5a66469f710543ef5ea5395b001ccc7f76e95052767a9,대경빌라,부산광역시,북구,구포동,,metro_gu,17,5,9,2,1,4.0,5,18.42,2002.0,True,True,True,False,False,False
8b6e4fe8f1a5e0825cacf62fa6b016d481d799235e955530374d56d9260ea4e4,엠스타목동타운,대전광역시,중구,목동,대전광역시_연립다세대_매매_2025.csv|998,metro_gu,75,7,56,12,0,6.0,6,59.98,2018.0,True,False,True,True,True,True
8b9ce36504b579f845fe35eb468c022b8a21ab09fbe9c8bfaa0dc9cba9d85686,산호,경기도,안산시,상록구,경기도_연립다세대_매매_2022.csv|35236,cap_city,23,3,16,4,0,4.0,4,43.56,1993.0,True,True,True,True,False,False
8bc0c168632d80c0393abdabcdce51f7e52379e4ba8fee8f6065e03c04447294,신양(358번지),충청북도,진천군,진천읍,충청북도_연립다세대_매매_2025.csv|810,gun,27,3,14,10,0,4.0,4,59.88,2000.0,True,True,True,True,False,False
8c28f420334d3ced7f4cff81dc0cd4746ac850696a0bce8c09c7b6a9dcf431e7,중앙그린빌라,인천광역시,계양구,계산동,,metro_gu,13,4,4,3,2,4.0,5,39.9,1993.0,True,True,True,False,False,False
8c46df426133de46f88a5b0566fbf54e77417cb5b2697ec338d02ffff52db356,색달동휴마루라벨로,제주특별자치도,서귀포시,색달동,제주특별자치도_연립다세대_매매_2025.csv|2306,urban_rural,39,9,15,15,0,4.0,4,82.45,2017.0,True,True,True,True,True,False
8c583c6a0a9e0075f8fd891d005e46a7d42bc46a66363d74564b0f645dec81ca,만노빌리지,경상남도,의령군,의령읍,경상남도_연립다세대_매매_2024.csv|484,gun,19,5,10,4,0,4.0,4,70.06,2017.0,True,True,True,False,False,False
8d0366fa762897ea72dcd8980c09a26f197ad501d9d8ce60b94bbc45ec7556eb,선우주택(706-16),충청남도,천안시,서북구,충청남도_연립다세대_매매_2025.csv|1390,urban_rural,18,6,8,4,0,4.0,4,21.8,2003.0,True,True,True,False,False,False
8d109bd49b643d4cb034fa9026cb4a020596065e76b19d1db409d3e4f60878eb,미래아트빌1동2동,경기도,김포시,대곶면,경기도_연립다세대_매매_2025.csv|20090,cap_city,20,7,10,3,0,4.0,4,42.36,2016.0,True,True,True,True,False,False
8d23161cce9c7b0a7f6139e556d9dce6e23577eab789dba3b8f6d4b2c0c1555b,아라2차미다움,제주특별자치도,제주시,아라이동,제주특별자치도_연립다세대_매매_2024.csv|892,urban_rural,18,8,7,3,0,4.0,4,79.24,2016.0,True,True,True,False,False,False
8d345ab272d18a3a73fa6a6b9f9a69aca766a267ba472831f835d2fbf3b3a64c,그린캐슬,경상북도,포항시,북구,경상북도_연립다세대_매매_2025.csv|1597,urban_rural,24,8,10,6,0,4.0,4,55.195,2016.0,True,True,True,True,False,False
8d3caec9c538cb779dfe1e0613a6357f04b00aee7641a55de8f03a979c7e6d7c,디자인뷰,제주특별자치도,서귀포시,법환동,제주특별자치도_연립다세대_매매_2025.csv|2179,urban_rural,40,3,32,5,0,5.0,5,74.5361,2020.0,True,True,True,True,True,False
8d48ddced00b27314d8edb3ce419e1cf7ded7de7b35c2337cc144c8fb19eccf9,테라스 더 모스트,경기도,화성시,동탄구,경기도_연립다세대_매매_2025.csv|25682,cap_city,33,6,19,8,0,4.0,4,84.817,2019.0,True,True,True,True,True,False
8d5dc2c3fc35d0b178247df47631dcab273bb5f6292e955d76b29054c30b41f5,무지개,경상남도,창원시,진해구,경상남도_연립다세대_매매_2025.csv|1590,urban_rural,16,3,6,7,0,4.0,4,59.49,1985.0,True,True,True,False,False,False
8d693e155ac3b440a3a08306d4f9216734d92737605f1218ab48270b0470e022,폴라리스빌3차,제주특별자치도,제주시,노형동,제주특별자치도_연립다세대_매매_2025.csv|1469,urban_rural,12,5,4,3,0,4.0,4,73.125,2015.0,True,True,True,False,False,False
8d88957fc3d610ae5e749df350437c008f47a10dbd32dd2adda0302e4111a01a,이원,전남광주통합특별시,북구,용봉동,,metro_gu,24,8,12,4,0,4.0,4,21.9,1997.0,True,True,True,True,False,False
8dd16b789a64c1b95f1877cab01c79a42ddab639b8380536fcdb26f8ff59153e,대현주택,전북특별자치도,전주시,덕진구,전북특별자치도_연립다세대_매매_2025.csv|998,urban_rural,11,4,4,3,0,4.0,4,54.24,2003.0,True,True,True,False,False,False
8dddbaf5d23c65e0b8b4ca71f0406eb0a7d9e5913ffbc1784a6bbadf6edd33c3,대웅빌라,인천광역시,미추홀구,주안동,,metro_gu,10,3,3,4,0,4.0,3,44.51,1996.0,True,True,True,False,False,False
8e1c6918cbfd416ed9a16dc0ec840da76112ff76aafa9f1e4f90fe6cac312f61,진흥아트빌,제주특별자치도,제주시,내도동,제주특별자치도_연립다세대_매매_2025.csv|1568,urban_rural,14,5,4,5,0,4.0,4,69.59,2016.0,True,True,True,False,False,False
8e3f39f64d1b2ec7922086c290b2f97742946565399e5b461737062fbc72d82c,신영빌라,울산광역시,북구,천곡동,울산광역시_연립다세대_매매_2023.csv|371,metro_gu,11,3,5,3,0,4.0,4,64.72,1998.0,True,True,True,False,False,False
8e65618a6ec6dcdb1113c234ee3cca64ce9e750aae0b73341cfb1b6bee023a23,"선주B단지(다,라)동",경상북도,경주시,동천동,경상북도_연립다세대_매매_2024.csv|260,urban_rural,18,3,12,3,0,4.0,4,35.52,1990.0,True,True,True,False,False,False
8e76cd83d61ef6da9229909dda4dbc99c0e78009f10fb4b1e07eb36c95b6a2ba,조천해동그린앤골드,제주특별자치도,제주시,조천읍,제주특별자치도_연립다세대_매매_2025.csv|1296,urban_rural,47,9,27,11,0,4.0,4,34.59,2016.0,True,True,True,True,True,False
8e7aa53511349b089ea429dd7271c470196e26a4bd219481ea35f97976644229,쌍청리예당마을3동,충청북도,청주시,흥덕구,충청북도_연립다세대_매매_2025.csv|1125,urban_rural,10,3,5,2,0,4.0,4,59.9718,2017.0,True,True,True,False,False,False
8e866ad9df3e8509a7df5f70229ebf78e03204083ea442889fc408676737d1d1,태일포로미101동-111동,경기도,김포시,통진읍,경기도_연립다세대_매매_2025.csv|19579,cap_city,30,10,17,3,0,4.0,4,83.76,2006.0,True,True,True,True,True,False
8e994b05d01bc489d4020b2c500bb32140ec516ff776dd4068562a289805eaab,길운시티빌,인천광역시,서해구,가정동,,metro_gu,24,9,9,6,0,4.0,4,59.814,1997.0,True,True,True,True,False,False
8ed57ca954e4b90b4c7ab1e9de89610dce6bcdbbd6317a61f669f4b983494628,이도노브힐3차,제주특별자치도,제주시,이도이동,제주특별자치도_연립다세대_매매_2025.csv|1752,urban_rural,12,4,5,3,0,4.0,4,76.1838,2016.0,True,True,True,False,False,False
8eddabfcf89cb6e9fbf7dcaad7e21434b73005d9e562b0f56ef599c5b0a2c7ba,(719-4),인천광역시,영종구,운북동,,metro_gu,12,4,5,2,1,4.0,5,40.68,2011.0,True,True,True,False,False,False
8ee9aebbf0ac5cd69133aa7483ba8000691026f699daeeacfd010fb3be73820b,방선문빌리지,제주특별자치도,제주시,아라일동,제주특별자치도_연립다세대_매매_2024.csv|1604,urban_rural,10,3,5,2,0,4.0,4,71.8,2011.0,True,True,True,False,False,False
8f19a5e2cad45650562ff33ca5c3934d17acec3ae8c6105de290d08bf2602019,청수원룸,전북특별자치도,전주시,덕진구,전북특별자치도_연립다세대_매매_2022.csv|378,urban_rural,19,5,10,4,0,4.0,4,20.79,2001.0,True,True,True,False,False,False
8f7e6beaa7b1acca8400f4453594c9e8f27a4672983a55188549084ac1f61329,(573-1),경기도,안산시,상록구,경기도_연립다세대_매매_2022.csv|20359,cap_city,14,4,8,2,0,4.0,4,30.560000000000002,2002.0,True,True,True,False,False,False
8f8a73f29cedc37bfe005d42e05661cbbc76f76be190ef4d84e88217e05f14b9,쉐어하우스,서울특별시,동작구,상도동,서울특별시_연립다세대_매매_2025.csv|26838,metro_gu,21,7,13,1,0,4.0,4,15.08,2012.0,True,True,True,True,False,False
8fa7a58b04276ac13e32c7c38c77e8e4a8204dd203820cdce852a0f79b5ac19d,탑-x빌라,충청남도,아산시,신창면,,urban_rural,16,4,8,4,0,4.0,4,17.990000000000002,2002.0,True,True,True,False,False,False
8fb154b99756aafbbe584e2d6aab8b36712fe831c326b2d6eb7799056cd2bbd5,(1201-9),경기도,안산시,상록구,경기도_연립다세대_매매_2023.csv|903,cap_city,38,8,24,6,0,4.0,4,20.9,2001.0,True,True,True,True,True,False
8fde6050753c65f70b016636b1ba4297901ed0cf5649663de2c4ec16a4a543f2,동남빌라,경기도,수원시,영통구,경기도_연립다세대_매매_2025.csv|25123,cap_city,66,13,37,16,0,4.0,4,60.0,1992.0,True,True,True,True,True,True
9007044fe970f84f806b6b966673f8033459388a8e48826ec522b7ba6284b519,"삼천리주택(3,6,7동)",충청북도,충주시,수안보면,충청북도_연립다세대_매매_2025.csv|745,urban_rural,14,3,7,4,0,4.0,4,33.47,1992.0,True,True,True,False,False,False
9031df21da25c5a7528d1d3665e3d2ab0472c28537685a185954ce198d2c4db0,루체클래식,제주특별자치도,서귀포시,법환동,제주특별자치도_연립다세대_매매_2024.csv|1687,urban_rural,15,5,9,1,0,5.0,5,79.965,2016.0,True,True,True,False,False,False
9055e76f7fff92da3abe6ae312985680c572a91f1b2321cdaaf342db3f02fb0e,코스모스,인천광역시,서해구,가좌동,,metro_gu,76,34,35,7,0,4.0,4,37.62,1986.0,True,True,True,True,True,True
906148da4245730bb5a02d574c6c46fa143bc5f02e1f404bbed26829f045e5f2,효성나동,대구광역시,달서구,본리동,대구광역시_연립다세대_매매_2021.csv|379,metro_gu,27,8,15,4,0,4.0,4,77.095,1997.0,True,True,True,True,False,False
907dd282ab1635458c58a3ae86047aaae1f5997149c45ad2f1404ab0ca3d9444,(1247-8),경기도,안산시,상록구,경기도_연립다세대_매매_2023.csv|4168,cap_city,16,5,10,1,0,4.0,4,21.42,2002.0,True,True,True,False,False,False
90a64263e9d2d3d6cb1bb2c1d018c261394b7f6e0b8c2e6e934a14ff7320ae97,SK파크리움(530-24),서울특별시,강서구,등촌동,서울특별시_연립다세대_매매_2025.csv|34309,metro_gu,28,7,17,4,0,5.0,5,28.04,2020.0,True,True,True,True,False,False
91149dac1273b2e803e311d0d57ceeea76548ab98b08f0d38184b457baf77501,대흥원룸,전북특별자치도,전주시,덕진구,전북특별자치도_연립다세대_매매_2022.csv|504,urban_rural,19,5,10,4,0,4.0,4,27.9,2001.0,True,True,True,False,False,False
9170dafea35d245942ea0438b1abe77eebfa1387d61968d68fdbf1b8c5e48922,모던빌,서울특별시,관악구,봉천동,서울특별시_연립다세대_매매_2023.csv|12414,metro_gu,20,5,12,3,0,4.0,4,26.7,2023.0,True,True,True,True,False,False
91858b028af745d54e28b35a94abad7f15f602880cf62b13dab710cc0d27e17f,(1189-7),경기도,안산시,상록구,,cap_city,18,5,10,3,0,4.0,4,21.8,2001.0,True,True,True,False,False,False
91dc76450e0f872e6a868eec526f50fcc3bcba663033bc149cd9192034f208f5,삼성쉐르빌,경기도,용인시,수지구,경기도_연립다세대_매매_2025.csv|20047,cap_city,27,6,12,9,0,4.0,4,182.81,2000.0,True,True,True,True,False,False
9208fb2ce92275e4961fa837682e8f0ec0c8af9b8c1fb66109645c97d99a7a40,부일아트존,부산광역시,남구,대연동,부산광역시_연립다세대_매매_2024.csv|2782,metro_gu,26,5,13,8,0,4.0,4,20.93,2002.0,True,True,True,True,False,False
9233c9af3c92f49abeabe7d743eea6e2f48bcd2987abdf2e5a3aec1e304c705b,지이마을,충청북도,청주시,흥덕구,충청북도_연립다세대_매매_2025.csv|1148,urban_rural,34,5,19,10,0,4.0,4,53.55,2012.0,True,True,True,True,True,False
9237f5901ae5980be832572d915ef8795dd45196c32e7efc5679e16e6f468935,한일스카이파크,전남광주통합특별시,고흥군,도화면,,gun,12,3,4,5,0,4.0,4,98.57,2022.0,True,True,True,False,False,False
929631f2103dd107f11b5211118db3e70e716ba3cbb2f172082346849ba66282,드림빌라,충청남도,천안시,서북구,충청남도_연립다세대_매매_2023.csv|1228,urban_rural,19,5,10,4,0,4.0,4,21.06,2004.0,True,True,True,False,False,False
947cde781bb70cce3af48c72fbfe30cf52e842b3a7fb179d1fd9a3b6ddfe6baf,SK공동주택,울산광역시,중구,태화동,울산광역시_연립다세대_매매_2025.csv|734,metro_gu,25,6,13,6,0,4.0,4,65.88,1987.0,True,True,True,True,False,False
949557ad6f05e5e2d2b2e3372046885e160b41d8e1f6af968879e97c8cf1a694,(524-1),경기도,안산시,상록구,경기도_연립다세대_매매_2022.csv|33238,cap_city,17,5,10,2,0,4.0,4,32.51,2002.0,True,True,True,False,False,False
949e68eb7820b6143817c0577db25f8b2df9391bce4dc47ea774e51272fcc58d,형제빌라,경기도,안산시,상록구,경기도_연립다세대_매매_2023.csv|8534,cap_city,19,6,11,2,0,4.0,4,23.03,2001.0,True,True,True,False,False,False
956ba38fe0139864bb1640f43fa0b5511bfc1c65517c6889dd2b098f32de5391,영생,경상남도,고성군,고성읍,경상남도_연립다세대_매매_2025.csv|921,gun,12,5,6,1,0,4.0,4,40.32,1986.0,True,True,True,False,False,False
9591b217f888a708f818cdbb72cad20494c230c0f744d0c66adeb27fccf2777d,(685-2),인천광역시,옹진군,영흥면,,gun,15,3,8,4,0,4.0,4,38.85,2019.0,True,True,True,False,False,False
9597acba9d1a347cb1ba2505824eae98caa9d691fd3875a47330451073738226,그린빌A동,울산광역시,울주군,삼남읍,울산광역시_연립다세대_매매_2022.csv|999,gun,15,3,8,4,0,4.0,4,33.98,2003.0,True,True,True,False,False,False
95d447ae80c075a9ca26a62609954a7a681f16d6960c3808b1eb752c2a47dee6,렉스빌,서울특별시,동작구,신대방동,,metro_gu,23,8,12,3,0,4.0,4,15.39,2012.0,True,True,True,True,False,False
95dbc5d0bea58982f9d0b15d6ece0ec25682b8169bf1370c430faf176a6d36be,화천산수화연립,강원특별자치도,화천군,하남면,강원특별자치도_연립다세대_매매_2025.csv|1240,gun,34,7,16,11,0,4.0,4,38.0128,2008.0,True,True,True,True,True,False
95f37ee79237908f2fb048a49d362ba6682d039609e3b29bbced9ca35d970073,백남주택,충청북도,제천시,덕산면,충청북도_연립다세대_매매_2024.csv|973,urban_rural,14,4,5,5,0,4.0,4,59.0,1995.0,True,True,True,False,False,False
96111d94f2bf5d10a665f44e581bfed46754d2ab64ed7e4bc9e3d92e3fc49a21,수정빌라,인천광역시,남동구,구월동,,metro_gu,29,6,15,8,0,4.0,4,22.9,2001.0,True,True,True,True,False,False
9669f8a63e4e6a79a5d5c0378902b8ce766145d38206906c5e9d4c1aad5a959b,금의빌라B동,충청북도,청주시,흥덕구,충청북도_연립다세대_매매_2024.csv|1123,urban_rural,11,3,6,2,0,4.0,4,62.03,2018.0,True,True,True,False,False,False
96e0bf8d2016dcdaecaf182721841cbb8ab13a238114932dcc453f9ea518afae,광동주택,서울특별시,송파구,방이동,서울특별시_연립다세대_매매_2024.csv|20878,metro_gu,19,4,8,4,3,4.0,5,53.6,1992.0,True,True,True,False,False,False
96f67a5a31ccbe1cc4b40e4aa80927b3847f472dbbcdd75375fde98bea764e98,거성빌리지,경기도,시흥시,신천동,경기도_연립다세대_매매_2022.csv|34515,cap_city,11,4,3,1,3,4.0,5,59.4,1995.0,True,True,True,False,False,False
970e761ca2e8b27c6ca9a13220129987a66d67e7210187bbb1d2e8c90f4d1bd2,만수마을(109-146)1동,인천광역시,남동구,만수동,,metro_gu,10,5,3,2,0,4.0,4,49.56,1995.0,True,True,True,False,False,False
971ee10adb11ad6bf9d5cb87878abbf9c352ab2f7ab5bbe54b493e993e0cf204,시영,부산광역시,서구,남부민동,부산광역시_연립다세대_매매_2025.csv|3470,metro_gu,26,7,15,4,0,4.0,4,37.02,1971.0,True,True,True,True,False,False
974df79e0c82b1b6381aa6da12f8354ed5142fe4aa6edd19ff6a7da9490fc188,제일풍경채(1단지),경기도,하남시,덕풍동,경기도_연립다세대_매매_2025.csv|16784,cap_city,23,9,8,6,0,4.0,4,118.6455,2008.0,True,True,True,True,False,False
9793146dbfff8895e44ba13eb1eefb0e46fd022c753d24caca7db14c1f70a033,더태양빌,서울특별시,동작구,상도동,서울특별시_연립다세대_매매_2025.csv|33597,metro_gu,14,3,10,1,0,5.0,5,29.43,2024.0,True,True,True,False,False,False
97c286f44724fd95624dbf425869e11fd42baa131b4e46c28c4eafa0ff119b4b,(591-9),경기도,안산시,상록구,경기도_연립다세대_매매_2025.csv|13296,cap_city,11,3,6,2,0,4.0,4,51.36,2002.0,True,True,True,False,False,False
98d16ae3cc4afae91af833812235ddb799989ca21c60aae50ed28e9b96984ad8,(492-3),경상북도,안동시,이천동,경상북도_연립다세대_매매_2025.csv|1776,urban_rural,12,3,6,3,0,4.0,4,71.78,2016.0,True,True,True,False,False,False
98e2dc84ceddca07db4a7f3419b601f00034ae76ed2c34c6c6137b74e1a4fb49,"명가세내마을101동,102동",전북특별자치도,전주시,완산구,전북특별자치도_연립다세대_매매_2025.csv|696,urban_rural,16,5,9,2,0,4.0,4,58.3428,2013.0,True,True,True,False,False,False
99274a71eb538ded10ce5f591abc957802f7db5b65479b7ee9da75e74ab2cafa,한마루숲타운,경상북도,울진군,울진읍,경상북도_연립다세대_매매_2025.csv|2387,gun,42,17,18,7,0,4.0,4,59.65,2016.0,True,True,True,True,True,False
9962f3baf45c834357ff8f31f94b45528e5060e057e52d92be70a2ba625b6be4,"하늘빌리지(1,2동)",인천광역시,계양구,계산동,,metro_gu,11,3,3,5,0,4.0,4,54.02,2000.0,True,True,True,False,False,False
99a75133da9882af732a5a6e9244846ae242ccd0e6b4cf12387e2d28e24f39f1,전원에코씨티C동,충청북도,음성군,금왕읍,충청북도_연립다세대_매매_2022.csv|749,gun,24,6,12,6,0,4.0,4,20.73,2016.0,True,True,True,True,False,False
99aa8f0f4c891539936fcc038fb0bbf3afb63fa26687c445cbe4ab1a19a2890d,아람빌라,경기도,시흥시,대야동,경기도_연립다세대_매매_2024.csv|12517,cap_city,10,3,3,4,0,4.0,4,30.37,1994.0,True,True,True,False,False,False
99b5b286de0701f7268030f4e0707d33596203318d744eb06d5ae25052da2bd4,일동홍익그린빌,경기도,포천시,일동면,경기도_연립다세대_매매_2025.csv|23847,cap_city,24,4,12,8,0,4.0,4,80.7986,2010.0,True,True,True,True,False,False
99ebcb16a36fa3a9cc20736aabd4a6ff27e8e0476e76bd2a232355389895d91e,신창타운A동,충청남도,서산시,동문동,충청남도_연립다세대_매매_2025.csv|1236,urban_rural,12,3,8,1,0,4.0,4,36.15,2002.0,True,True,True,False,False,False
9a6b683da1c68ab634d326274d22aff23a0598418752837e5eb6449cbe3976d5,oss원룸,부산광역시,부산진구,가야동,,metro_gu,13,4,8,1,0,4.0,4,18.83,2002.0,True,True,True,False,False,False
9a7547a70f4a83685b002d9730642ccd7d2b9a79d5bc8b99235a91774b5c2b1b,하이디울산바위(별동),강원특별자치도,속초시,노학동,강원특별자치도_연립다세대_매매_2025.csv|824,prov_city,13,7,4,2,0,4.0,4,38.893,2017.0,True,True,True,False,False,False
9aaccbab57d037db9cc49d050913e6f530bbc18605667f8e8a584d42481e5579,아이다빌,경기도,동두천시,지행동,경기도_연립다세대_매매_2025.csv|19286,cap_city,29,7,9,13,0,4.0,4,19.118,2013.0,True,True,True,True,False,False
9ad74a9a79a5b74005d2320087d001648ccd709d914621e35c48c8766c915d18,마이빌리지,전북특별자치도,진안군,진안읍,전북특별자치도_연립다세대_매매_2025.csv|604,gun,14,4,5,5,0,4.0,4,59.852,2019.0,True,True,True,False,False,False
9ad928f7dc6bc96ea1cdd6830e4461d4777f13d3f69da7c58caffd2b8034f2f6,호명산빌리지,경기도,의정부시,녹양동,경기도_연립다세대_매매_2025.csv|19235,cap_city,33,8,18,7,0,4.0,4,59.99,2005.0,True,True,True,True,True,False
9ae59b4611be15c2ac354f8f03d74064f46ed78d09e328952f5a84078e70491f,드림빌(10차),경기도,의정부시,의정부동,경기도_연립다세대_매매_2024.csv|15445,cap_city,19,4,11,4,0,4.0,4,22.18,2017.0,True,True,True,False,False,False
9b449f2845517310fef7efcf305b7b139370d88a8cd4f1bb92375cdefd2dda38,송천빌라,경기도,용인시,처인구,경기도_연립다세대_매매_2025.csv|20646,cap_city,15,3,9,2,1,4.0,5,36.3,1990.0,True,True,True,False,False,False
9b46c10192f08174228a851af2b4819e99e78ff35d066ef383bbb3d21691f433,선샤인빌,울산광역시,남구,달동,울산광역시_연립다세대_매매_2022.csv|540,metro_gu,15,4,8,3,0,4.0,4,34.68,2001.0,True,True,True,False,False,False
9b56d2d07369389bf4298ea62dbb5e3cf27f812774df482c0a52b7f5c1d15a4f,에이스빌라,울산광역시,울주군,언양읍,울산광역시_연립다세대_매매_2025.csv|727,gun,28,9,13,6,0,4.0,4,31.29,1999.0,True,True,True,True,False,False
9b67e3990c04342c4dd8338044bc3e77758ce914979d01df42c1fa2560748634,"제일빌리지(E,F,G동)",제주특별자치도,제주시,애월읍,제주특별자치도_연립다세대_매매_2025.csv|1306,urban_rural,23,3,9,11,0,4.0,4,49.4603,2002.0,True,True,True,True,False,False
9b78b995ad577df0b99b19062b592179b219a519599c09d7a9372c801496c230,탑마을동아,경기도,성남시,분당구,경기도_연립다세대_매매_2025.csv|17006,cap_city,19,4,9,6,0,4.0,4,59.85,1994.0,True,True,True,False,False,False
9be9ab3f533c44129859a07fbe991a13a4ad63cde5c1a4c8a2601315487d9739,탑건빌리지,경기도,평택시,서정동,경기도_연립다세대_매매_2025.csv|17152,cap_city,16,7,4,5,0,4.0,4,72.6381,2002.0,True,True,True,False,False,False
9c671ddfa9c381177bb4cabeb394fa4313df923dfeadbd86f7e1bde0805f706e,강남효성해링턴코트,서울특별시,강남구,세곡동,서울특별시_연립다세대_매매_2025.csv|26324,metro_gu,27,8,12,7,0,4.0,4,108.3435,2016.0,True,True,True,True,False,False
9d42174b039bb0410e9ce0b6f3c73a00cd1077854ecfdfc9a85b050cd4de1aa8,삼화리오팰리스,제주특별자치도,제주시,도련일동,제주특별자치도_연립다세대_매매_2025.csv|1462,urban_rural,44,12,19,13,0,4.0,4,83.9354,2019.0,True,True,True,True,True,False
9d9c7bbcf9aeae51f1d63f7690e87bf86a3cf7141d34db37da86f29cf6f089ae,아라펠리체,제주특별자치도,제주시,아라일동,제주특별자치도_연립다세대_매매_2025.csv|1187,urban_rural,18,5,9,4,0,4.0,4,60.7114,2013.0,True,True,True,False,False,False
9db445208a8e0b2fa6c120669b5a77d41074840f14c084c00978b27c4ccad14a,남선마을,전북특별자치도,장수군,장수읍,전북특별자치도_연립다세대_매매_2024.csv|400,gun,11,3,4,4,0,4.0,3,44.81,1996.0,True,True,True,False,False,False
9db5a74bf4aa3e18edea596db3d55762e2b1840bcc4857bae7ef8af92d5c1805,마메종,경기도,평택시,용이동,경기도_연립다세대_매매_2024.csv|14513,cap_city,27,3,16,8,0,4.0,4,19.95,2012.0,True,True,True,True,False,False
9deb01c3c04ad7bfc1a4b2d6517811954cd70276f4425919310e31552bd39bdc,"직유마을(A,B동)",충청북도,음성군,금왕읍,충청북도_연립다세대_매매_2024.csv|795,gun,10,3,5,2,0,4.0,4,73.34,2008.0,True,True,True,False,False,False
9e25ec454ef936859591c527fdc9edd4210585cd51ace36cba6082047edbb969,광령캐슬,제주특별자치도,제주시,애월읍,제주특별자치도_연립다세대_매매_2024.csv|1389,urban_rural,11,4,5,2,0,4.0,4,67.5574,2018.0,True,True,True,False,False,False
9e8d0fa3bac85c2478929b1cd104ebf152e0eb9150f4a1188c9919b318bfa4e4,"더모아(205동,206동)",경기도,광주시,문형동,경기도_연립다세대_매매_2025.csv|23851,cap_city,12,3,6,2,1,4.0,5,62.665000000000006,2023.0,True,True,True,False,False,False
9ea0dae4f2a125cf5cb968d9501c3944e8af306c976cd7df28b4ff1d21352eff,휘겔,강원특별자치도,평창군,대관령면,강원특별자치도_연립다세대_매매_2025.csv|1152,gun,10,3,4,3,0,4.0,4,83.78,2007.0,True,True,True,False,False,False
9efad1a00066e7aa0fb55f44346170b973b9edb55755b0159667693723efe2ab,해인빌,전북특별자치도,전주시,덕진구,전북특별자치도_연립다세대_매매_2022.csv|438,urban_rural,19,4,10,5,0,4.0,4,15.85,2003.0,True,True,True,False,False,False
9f04211cfb20dd38b98eba2390e1fd1d42863961bc1d4f90b0057c3555f65b6a,더에이팩스,서울특별시,동작구,사당동,서울특별시_연립다세대_매매_2025.csv|21070,metro_gu,20,5,12,3,0,4.0,4,51.644999999999996,2025.0,True,True,True,True,False,False
9f44e390faab3d87f042e59206f404baa0471ff7bf92285c17beaf2af5d5c7d9,오엔씨블루힐9,경기도,고양시,덕양구,경기도_연립다세대_매매_2025.csv|25488,cap_city,10,3,6,1,0,4.0,4,32.76,2002.0,True,True,True,False,False,False
9f538da2d42d785e0fe87282882f5c793d1cd82bbc8b7f8f3cf4b22470da4d78,더숲(원룸),전남광주통합특별시,여수시,미평동,,urban_rural,22,6,14,2,0,4.0,4,15.225,2013.0,True,True,True,True,False,False
9f7b6ff09b119d9fd72f6a94ce7c310a8a43c8661483a4d198b8694562689d07,수완2차골드클래스,전남광주통합특별시,광산구,장덕동,,metro_gu,50,12,24,14,0,4.0,4,68.8945,2015.0,True,True,True,True,True,True
9f80bdbe98ef2a378a8ec1a909cebbd83c12757628ce59c2bc320b909c0b280b,이매포스파크,경기도,성남시,분당구,경기도_연립다세대_매매_2025.csv|22529,cap_city,30,3,19,8,0,4.0,4,84.99,2003.0,True,True,True,True,True,False
9f9dbce7d1a5091d3ff2e81e6fe269669b3cb81aae823491ead109f97853ea1c,해오름원룸,전북특별자치도,군산시,미룡동,전북특별자치도_연립다세대_매매_2021.csv|501,urban_rural,19,6,12,1,0,4.0,4,17.85,2002.0,True,True,True,False,False,False
9ffe6d9dbadd67fc120f3103f3513947ae56c4619f4486e42e083d558d3af08a,삼익빌라,인천광역시,남동구,만수동,,metro_gu,13,7,4,2,0,4.0,4,37.18,1995.0,True,True,True,False,False,False
a027a33857c27894cabbdf2de27ad593e3722bc5737f5975d0cb1f8a63f25804,하이트맨션,서울특별시,강서구,화곡동,서울특별시_연립다세대_매매_2025.csv|26442,metro_gu,15,4,6,4,1,4.0,5,59.31,2000.0,True,True,True,False,False,False
a040d7bd95ff3e94a98d39c1314f5440db11b249f8efd686042d2f412d34747a,강정코아루더테라스블루아도시포럼,제주특별자치도,서귀포시,강정동,제주특별자치도_연립다세대_매매_2025.csv|1797,urban_rural,29,10,15,4,0,4.0,4,84.3407,2017.0,True,True,True,True,False,False
a0a2dd176eb7caacd0fda1867aac46ec84ed4abd51516408fce23aca2fef0ca1,꽃모시,충청남도,공주시,금학동,충청남도_연립다세대_매매_2025.csv|1436,urban_rural,24,4,19,1,0,4.0,4,33.63,2002.0,True,True,True,True,False,False
a0b1c50ca8d58835f15fc25d74e375cd8dca7bc5c6576502e9c0ac57197a3042,한신더휴테라스9(901-910동),경기도,김포시,운양동,경기도_연립다세대_매매_2025.csv|25383,cap_city,41,10,27,4,0,4.0,4,59.8149,2017.0,True,True,True,True,True,False
a0e34d3f23bca40f342c7e52a6669c8aca1aafed9da1a6c84be6045d6625df90,모던하우스(332-32),서울특별시,구로구,개봉동,서울특별시_연립다세대_매매_2021.csv|12660,metro_gu,18,5,9,4,0,4.0,4,29.52,2021.0,True,True,True,False,False,False
a110c35bbe2cf10122aae29a835797608c0bcf80737b3e40d7e099494977980e,메이힐스,강원특별자치도,평창군,대관령면,강원특별자치도_연립다세대_매매_2025.csv|753,gun,56,16,30,10,0,4.0,4,84.963,2007.0,True,True,True,True,True,True
a143b37dcd6689a187056f95a548c5d9bc2f81a4b37afe55766d9fa23fdbf715,신원빌라,경기도,안산시,상록구,,cap_city,57,15,30,12,0,4.0,4,25.92,2001.0,True,True,True,True,True,True
a156f6c6c323902afa7c7b880e931e0e118eefc826ed2921786357c61fd11220,용평밸리빌라,강원특별자치도,평창군,대관령면,강원특별자치도_연립다세대_매매_2025.csv|683,gun,15,3,8,4,0,4.0,4,83.17,2003.0,True,True,True,False,False,False
a1d7c84e01707618ffb89df96b251308e71db96590273a5790eab70587c1abc5,리비뉴포레,충청남도,천안시,동남구,,urban_rural,23,5,12,6,0,4.0,4,59.9763,2020.0,True,True,True,True,False,False
a1f02b5d5f700a0a8a4c3ecfa5bbb727ed58097378b4e84324a09481fa1ca39e,동영빌,서울특별시,관악구,신림동,서울특별시_연립다세대_매매_2023.csv|853,metro_gu,17,4,11,2,0,5.0,5,29.8,2023.0,True,True,True,False,False,False
a2209f80d23f4b3f88fcb1fac87fac150a533b19b07555af12fe2f4abea9a62b,(426-11),충청남도,당진시,송악읍,충청남도_연립다세대_매매_2025.csv|1546,urban_rural,12,3,6,3,0,4.0,4,70.69,2016.0,True,True,True,False,False,False
a255736dc7acd587aaacf9b346e01a825d9e2da4307bd9717b16a122a2f46316,정암에코빌,제주특별자치도,제주시,애월읍,제주특별자치도_연립다세대_매매_2025.csv|2340,urban_rural,13,4,8,1,0,4.0,4,66.5431,2018.0,True,True,True,False,False,False
a2fc520bce29891069ff247ea0b2a8d900536c6b107f2bea88ebea3920553d54,(15-17),전남광주통합특별시,강진군,강진읍,,gun,18,5,9,4,0,4.0,4,62.56,2016.0,True,True,True,False,False,False
a33a8d702d056b9d6a8989cf105e675734f9b7438cb5c3842c0dea132d605962,"칠성가,나동",경기도,김포시,사우동,경기도_연립다세대_매매_2025.csv|25004,cap_city,15,4,8,3,0,4.0,4,85.65,1985.0,True,True,True,False,False,False
a35703bec20ba1dad09225ff32ec2e8776706028e10934e8a1e57f3c263e717a,더라움,충청북도,청주시,흥덕구,충청북도_연립다세대_매매_2025.csv|940,urban_rural,18,5,9,4,0,4.0,4,72.1,2013.0,True,True,True,False,False,False
a3964982ca34c7d437fa6b63bfb22b3e7dd4c7433930df05e2872c130c8fb189,(451-6),경기도,파주시,파주읍,경기도_연립다세대_매매_2025.csv|20093,cap_city,14,3,9,2,0,4.0,3,15.428,2013.0,True,True,True,False,False,False
a3e08b94a3e774733c66ce759faec7e9371612f602317195a19914e520d75ff0,다드림13차,서울특별시,강북구,미아동,서울특별시_연립다세대_매매_2024.csv|4962,metro_gu,44,8,27,9,0,5.0,5,53.965,2024.0,True,True,True,True,True,False
a4a62c20839891b0f4ff9989fd7f5cd8cf026b7630aa6dd85a2dc814e7b3f0a6,정원파인즈16차,제주특별자치도,제주시,아라이동,제주특별자치도_연립다세대_매매_2025.csv|1905,urban_rural,13,4,6,3,0,4.0,4,84.41,2019.0,True,True,True,False,False,False
a4b8b377457debc46cb9391904036dfb1f0609b56d9732876b754ecec11e3af2,죽헌솔향타운,강원특별자치도,강릉시,죽헌동,강원특별자치도_연립다세대_매매_2024.csv|185,urban_rural,15,3,8,4,0,4.0,4,70.7869,2018.0,True,True,True,False,False,False
a51feb555282b930f7d95d41c618d49bed4c493aa58ebac1aeef65bdc5ed2527,아진하이츠빌라(B),부산광역시,수영구,광안동,부산광역시_연립다세대_매매_2025.csv|2500,metro_gu,14,3,6,5,0,4.0,4,28.810000000000002,1998.0,True,True,True,False,False,False
a54b61abdcfc75c2c5e336e9c12b862888b397523738374ca022a76991f9cb1d,삼일하이츠빌라,인천광역시,부평구,부평동,,metro_gu,10,3,6,1,0,4.0,4,26.35,2001.0,True,True,True,False,False,False
a56a19b720979013b3757a1aceb4a57fa6965a2734560802a15a55419205e2eb,한영타운,서울특별시,관악구,봉천동,서울특별시_연립다세대_매매_2022.csv|11414,metro_gu,10,3,4,2,1,4.0,5,54.75,1991.0,True,True,True,False,False,False
a5f28143144ae7d5bfd820ba2666dc310071ceeadbe2edc4824f7ca1493f98c9,그린힐102동,경기도,파주시,파주읍,경기도_연립다세대_매매_2025.csv|25461,cap_city,12,5,5,2,0,4.0,4,18.24,2013.0,True,True,True,False,False,False
a687c2a680d4f5224a903e4699d1b33d21145c546c8e1c164eb68f7602d178e4,(49-2),서울특별시,종로구,명륜4가,서울특별시_연립다세대_매매_2025.csv|34415,metro_gu,13,3,9,1,0,4.0,4,15.2,2009.0,True,True,True,False,False,False
a6b822568f2ed965e2283472992471b9e679d7c9391edcce56ee251c9eb70c34,해안회성푸르니,제주특별자치도,제주시,해안동,제주특별자치도_연립다세대_매매_2024.csv|769,urban_rural,11,4,6,1,0,4.0,4,72.5856,2016.0,True,True,True,False,False,False
a789ee0f2a7878d22db82df15a2429616201a3d3c76b01aa34cebfa3ea1b7272,구좌반석타운,제주특별자치도,제주시,구좌읍,제주특별자치도_연립다세대_매매_2025.csv|2085,urban_rural,28,12,10,6,0,4.0,4,39.6752,2000.0,True,True,True,True,False,False
a79ebe77030ac00e1ffb1e47d5ead52083dd7e72d93f8b217a59096dd876d05f,e편한세상TERRACE광교Easthill,경기도,수원시,영통구,경기도_연립다세대_매매_2025.csv|21670,cap_city,37,14,18,5,0,4.0,4,126.1863,2017.0,True,True,True,True,True,False
a7b55b2ea2530beb0c3331595674d34bfc9cd4e5918f765b951da98cd6315d3d,더힐펠리스301동,경기도,파주시,파주읍,경기도_연립다세대_매매_2025.csv|13009,cap_city,13,4,7,2,0,4.0,4,67.6264,2019.0,True,True,True,False,False,False
a7f1a4ad4fa8abdf9aa15951d374f1e188f2c4683f36ee4735fde0136a8d559c,신유성그린빌라(가동),인천광역시,미추홀구,용현동,,metro_gu,10,5,4,1,0,4.0,3,38.17,1994.0,True,True,True,False,False,False
a823014262c5225ea6a87f20ef91a8e16f9823f635f0960969f9682d1e2493d9,더테라스휴,경상북도,김천시,어모면,경상북도_연립다세대_매매_2025.csv|2062,urban_rural,22,4,17,1,0,4.0,4,84.9328,2021.0,True,True,True,True,False,False
a85ddf85d6984dbdf558ca88d07109d0d41047121bfc74e2bdeab59f3bb97f87,해동그린앤골드,제주특별자치도,서귀포시,대정읍,제주특별자치도_연립다세대_매매_2025.csv|2015,urban_rural,67,9,52,6,0,5.0,5,84.9355,2016.0,True,True,True,True,True,True
a86b29585376222e19c7ad3b20fba0011a82a53d18f54147749140e13ab45ffd,새실원룸하우스,서울특별시,관악구,봉천동,,metro_gu,28,8,16,4,0,4.0,4,14.37,1996.0,True,True,True,True,False,False
a8a86deb508cdaa0c6891602298760e808653748c5bb43a0bb69e2ccfceb17f4,성저마을(건영11),경기도,고양시,일산서구,경기도_연립다세대_매매_2025.csv|22787,cap_city,23,8,9,6,0,4.0,4,59.99,1996.0,True,True,True,True,False,False
a8b2476e43db354255dd5a57c46e9fd0d34987304f262af04331cdd803febd43,등촌동654-26공동주택,서울특별시,강서구,등촌동,서울특별시_연립다세대_매매_2025.csv|34089,metro_gu,36,4,30,2,0,6.0,6,29.99,2022.0,True,False,True,True,True,False
a93c4e6b96ac40e2e754cdb73a2add95b05549fab91c9ad7631b0cd111fdd0d1,일우테라스,경기도,포천시,신읍동,경기도_연립다세대_매매_2024.csv|3643,cap_city,14,4,7,3,0,4.0,4,84.541,2000.0,True,True,True,False,False,False
a991594ce336e6f20e1d7d1537a600df05c7544d704631b707793064f170dd1e,공덕그린빌라,경기도,오산시,수청동,경기도_연립다세대_매매_2025.csv|25430,cap_city,20,5,9,6,0,4.0,4,59.46,1997.0,True,True,True,True,False,False
aa41d2168d99277efb0593ad0350c1f6096f553451f436ccb0362c75407f8ea7,대건,부산광역시,사하구,다대동,부산광역시_연립다세대_매매_2025.csv|3729,metro_gu,48,14,33,1,0,4.0,4,42.75,1991.0,True,True,True,True,True,False
aae36f4bbd6733e8666667e63e3ab19d2fdc13c2b60ad8c8c3ab2876522a6a70,효성해링턴코트,경상남도,창원시,성산구,경상남도_연립다세대_매매_2025.csv|878,urban_rural,76,18,37,21,0,4.0,4,84.88,2013.0,True,True,True,True,True,True
ab13ec90641e90a100e054403ee23e15299504d273297cf0a36205b22b974f4d,동경빌리지(101~103동),충청북도,진천군,덕산읍,충청북도_연립다세대_매매_2024.csv|964,gun,24,9,10,5,0,4.0,4,72.425,2018.0,True,True,True,True,False,False
ab23e3ebc2045eec9aa599f5776f84e74a91f8116b11f3530b51f2508c0300d3,어웰휴빌리지2차,충청북도,청주시,청원구,충청북도_연립다세대_매매_2025.csv|1217,urban_rural,16,5,6,5,0,4.0,4,84.9875,2016.0,True,True,True,False,False,False
ab2659aa265fb3fda2ddc98c5d307d3f6217757c824f9576fe17df15421b951d,에이스빌,경상북도,구미시,상모동,경상북도_연립다세대_매매_2024.csv|1400,urban_rural,19,5,10,4,0,4.0,4,24.52,2002.0,True,True,True,False,False,False
ab38aea6e71bc3d5be6c80701ee34a2441f998eb0b462542cb017082e71c91e2,화인퍼스트빌7차,제주특별자치도,제주시,아라이동,제주특별자치도_연립다세대_매매_2025.csv|1708,urban_rural,10,3,6,1,0,4.0,4,70.12,2017.0,True,True,True,False,False,False
abd81bd5c50acac8aa8b9f301a8ebb4602da5ab36d306a40210bdf672fe15534,흰돌마을6(라이프),경기도,고양시,일산동구,경기도_연립다세대_매매_2025.csv|24118,cap_city,23,6,14,3,0,4.0,4,75.57,1994.0,True,True,True,True,False,False
abf70d4d2ff41ec78792622032c0dc1aac1a0664772a471ecbd2ec151563eec3,(2448-0),충청북도,청주시,흥덕구,충청북도_연립다세대_매매_2025.csv|1290,urban_rural,13,5,5,3,0,4.0,4,84.3,1992.0,True,True,True,False,False,False
ac2c04563e3106355703b92b546d5f599a42c9a98adf12d2c2b7cdf1a08b8733,(1319-25),경기도,안산시,상록구,,cap_city,10,5,4,1,0,4.0,4,47.129999999999995,2006.0,True,True,True,False,False,False
acd26188e96ff0f0a1b47cb197eb87402957f0152babb8fd20ce7f97fd1ce429,소산,충청남도,논산시,취암동,충청남도_연립다세대_매매_2025.csv|1559,urban_rural,13,3,6,4,0,4.0,4,62.34,1983.0,True,True,True,False,False,False
ace02560b30a18402e8305e7d3f7eb2ffe46e8287a39d8d0842e1ca665c7c6fc,(693-25),경기도,이천시,부발읍,경기도_연립다세대_매매_2022.csv|2063,cap_city,19,5,10,4,0,4.0,4,19.215,2018.0,True,True,True,False,False,False
ad393a97b6bec12e0063c7fcfc030721d46b1d40ecb7f6643d2717d1586e9268,그랜드하우스,경기도,이천시,대월면,경기도_연립다세대_매매_2022.csv|3485,cap_city,16,4,8,4,0,4.0,4,19.44,2020.0,True,True,True,False,False,False
ad57bbd0ed4a60a610ce7842d2ea80c05819b2c3f71b0dc2db2307c25d781838,경일,경기도,수원시,팔달구,경기도_연립다세대_매매_2024.csv|8594,cap_city,10,3,5,2,0,4.0,4,54.57,1983.0,True,True,True,False,False,False
ad8aec18fa594de058235f363c061a8c655c5cb5ac4828d45b75f626e6b203f7,웅천골드클래스테라스힐,전남광주통합특별시,여수시,웅천동,,urban_rural,21,6,11,4,0,4.0,4,84.9181,2021.0,True,True,True,True,False,False
ada0be4fbdaeb6da7ad2952fd4cbed098186403cc68c633a6eae277c5a7981c4,아산빌라3동,경기도,가평군,청평면,경기도_연립다세대_매매_2025.csv|25774,gun,13,5,7,1,0,4.0,4,38.97,1998.0,True,True,True,False,False,False
adc00afa0bb2cd2098b98c28ce97a7a42342515afefb55c5ca5bd9acf0cb7991,정도,경기도,성남시,분당구,경기도_연립다세대_매매_2025.csv|16499,cap_city,18,4,10,4,0,4.0,4,53.82,1995.0,True,True,True,False,False,False
ae4360638d944f1b632e845355600f2d5a0c6f6c15f275beea5170859c87c0c1,금빛마을,충청북도,충주시,지현동,충청북도_연립다세대_매매_2025.csv|715,urban_rural,16,7,7,2,0,5.0,5,66.0287,2012.0,True,True,True,False,False,False
ae5495e41dae2de6455946f99aaa4b6bf1cedfe76eedd5e86437a0b7b737fade,오엔씨블루힐1,경기도,고양시,덕양구,경기도_연립다세대_매매_2024.csv|16176,cap_city,16,4,8,4,0,4.0,4,34.26,2002.0,True,True,True,False,False,False
ae6170fe8b5bf6e9dd7a9e195d7090d84e5db16310c8941a8dcc819a44a85a2d,인텔리언,충청남도,논산시,연무읍,충청남도_연립다세대_매매_2023.csv|565,urban_rural,10,4,5,1,0,4.0,4,50.285,2017.0,True,True,True,False,False,False
aeeb1bffa8893dba25d7868bdc8cf45568ace51171a193d3cc86727b4f87f753,이룸렉스힐,경기도,의왕시,청계동,경기도_연립다세대_매매_2025.csv|19464,cap_city,11,3,7,1,0,4.0,4,72.62,2019.0,True,True,True,False,False,False
af18f46b87613a034eebe43334ddb36b7a2aad8fdf23ec2f6ffe88e4448778c8,대현빌라,경기도,시흥시,신천동,경기도_연립다세대_매매_2024.csv|5284,cap_city,10,4,3,2,1,4.0,5,39.64,1996.0,True,True,True,False,False,False
af4aa7758b97ac092f4d850e4fd33ccb4df6328e34970e4c77d9f7fab4e158db,고흥라포레에클라,전남광주통합특별시,고흥군,고흥읍,,gun,15,4,9,2,0,4.0,4,110.8956,2022.0,True,True,True,False,False,False
af5ab92448a3a5551397be4874034d680714b48afb27cff90204c94135c3c9f0,민하우스,서울특별시,중구,신당동,서울특별시_연립다세대_매매_2024.csv|22466,metro_gu,10,3,4,3,0,4.0,3,29.695,2015.0,True,True,True,False,False,False
afd8250047a4c3e53f0cdfd51d86ffd57f81bd7e1b77e1df76f5824e316b19d3,VILLAT율,경기도,이천시,부발읍,경기도_연립다세대_매매_2024.csv|5846,cap_city,19,6,9,4,0,4.0,4,25.84,2014.0,True,True,True,False,False,False
b06f8c6e9048901bf655bec52165835cc0157dc017112bf31bb96d589098ca0d,노블빌리지,경기도,평택시,진위면,경기도_연립다세대_매매_2025.csv|25706,cap_city,13,3,9,1,0,4.0,4,49.68,2019.0,True,True,True,False,False,False
b13c35d0d11819781a9aa3274a0f3d89f8abe1e29616b19abff264711b1614ba,평화빌라,경기도,안산시,상록구,경기도_연립다세대_매매_2024.csv|19164,cap_city,16,5,10,1,0,4.0,4,23.36,2001.0,True,True,True,False,False,False
b18ebeb631a0d13265fb27083dca52d049113108053caae5852d7d5ca6f0e7a8,르메종101동102동,경기도,파주시,야당동,경기도_연립다세대_매매_2025.csv|15170,cap_city,10,3,4,3,0,4.0,4,57.456,2017.0,True,True,True,False,False,False
b1ad97d8f10ab91e6365c8204bf27cdf765ffe0dd3550f8beac4bb9ae1759aa5,한마음,인천광역시,서해구,가좌동,,metro_gu,42,8,21,13,0,4.0,4,49.66,1986.0,True,True,True,True,True,False
b1c7c395a1256a9d120623be635c9ab0049c4f92baa40f5b6d1364ef3024a572,운중동푸르지오하임,경기도,성남시,분당구,경기도_연립다세대_매매_2024.csv|23605,cap_city,16,4,8,4,0,4.0,4,84.745,2012.0,True,True,True,False,False,False
b1d54f4624ff67a71bab62f8ded79f061df37c3be0b0f9fe26e9f5642ec964dd,우남퍼스트빌리젠트,경기도,용인시,기흥구,경기도_연립다세대_매매_2025.csv|24145,cap_city,21,4,6,11,0,4.0,4,230.0058,2009.0,True,True,True,True,False,False
b1ed883167390557e9b9a3531ce9dda2d7d0295197a8dd0d9f6b6c38f17d97b3,파스텔빌리지,제주특별자치도,제주시,애월읍,제주특별자치도_연립다세대_매매_2025.csv|1781,urban_rural,20,3,11,6,0,4.0,4,52.295,2018.0,True,True,True,True,False,False
b22f073c917f28eeae0795b13df9cd70c76d38ac0367d70d1785964e40d60b5f,현대빌라14차,경기도,광명시,광명동,경기도_연립다세대_매매_2025.csv|19495,cap_city,10,4,3,2,1,4.0,5,42.48,1995.0,True,True,True,False,False,False
b249b31766d57276865fa4aa7436ff249418d0c5af05d72d77475e274d8d4b8b,삼익빌라,전남광주통합특별시,북구,오치동,,metro_gu,27,4,15,8,0,4.0,4,22.43,2002.0,True,True,True,True,False,False
b252d5c90986c9231e0ab9864588dc6dfbe512c5829850e5b956a1603d7938a7,(652-1),경기도,안산시,단원구,경기도_연립다세대_매매_2024.csv|3583,cap_city,11,3,6,2,0,4.0,4,50.31,2001.0,True,True,True,False,False,False
b299e34fb8167d7de36bf2457381a6cc6a28b744b6e68c59574842ae281f3a79,헤르만하우스남양,경기도,화성시,만세구,경기도_연립다세대_매매_2025.csv|18248,cap_city,29,11,10,8,0,4.0,4,66.9737,2020.0,True,True,True,True,False,False
b31f61de830cea20b4f42d86e0f8427e31b0c0083bc5def2e4edd0c461e8e653,노형청목더웰,제주특별자치도,제주시,노형동,제주특별자치도_연립다세대_매매_2025.csv|1873,urban_rural,32,9,17,6,0,4.0,4,68.35,2018.0,True,True,True,True,True,False
b33b79aae979c8ae002a4a3e4f6ae35db9007323ce5e2f31b4eec7bbfe286592,렉스빌,충청남도,태안군,안면읍,충청남도_연립다세대_매매_2025.csv|2203,gun,33,10,16,7,0,4.0,4,42.9474,2016.0,True,True,True,True,True,False
b3405d14cec4dec1d6bc1ffb63d392b41971b3eedfb59d832fdf6ef4d90ceae0,장수주택,경기도,안산시,상록구,경기도_연립다세대_매매_2022.csv|35273,cap_city,16,4,10,2,0,4.0,4,24.735,2004.0,True,True,True,False,False,False
b3bcb74e93e2516c3417e11ae693570be5240780b9a845d55c0c4126de42bc72,정발마을4,경기도,고양시,일산동구,경기도_연립다세대_매매_2025.csv|25491,cap_city,18,3,11,4,0,4.0,4,72.41,1996.0,True,True,True,False,False,False
b3d3861c463b5350310af26d11e67ce274734457303ff4671eef80f6236a0c49,청라파크자이더테라스1단지,인천광역시,서해구,청라동,,metro_gu,49,16,29,4,0,4.0,4,84.9945,2016.0,True,True,True,True,True,False
b3d6dbacb8208ee4403629df5fdcb1f37a38c28d80c25e9af67ac5f9f6cb9682,매화마을청구빌라,경기도,성남시,분당구,경기도_연립다세대_매매_2025.csv|24845,cap_city,11,3,4,4,0,4.0,4,84.93,1995.0,True,True,True,False,False,False
b43a285ca26fb98fb7762db17aab89b7048172465f6976975e675e5afb337ae5,세인트포레,제주특별자치도,서귀포시,색달동,제주특별자치도_연립다세대_매매_2025.csv|1522,urban_rural,22,9,11,2,0,4.0,4,81.081,2017.0,True,True,True,True,False,False
b4b0d08098683cfb935f7caa7b81cb087b5c508f711d3d0dbf2dfecbea013cac,복음타운,대전광역시,동구,용운동,대전광역시_연립다세대_매매_2024.csv|837,metro_gu,10,4,4,2,0,4.0,4,59.81,1995.0,True,True,True,False,False,False
b4dc45f4cc12169a2b3f9f4f91ff6ff4bb3ef0038e3ef54b8393af3b06dfbfff,중앙파크타운(101~105동),경기도,여주시,천송동,경기도_연립다세대_매매_2025.csv|25761,cap_city,27,5,18,4,0,4.0,4,77.2719,2014.0,True,True,True,True,False,False
b4f82f81fe1c396f56c30fcc3855abb5c1f47301951883c62a0e6458f7b08c6f,현엔수빌리지,제주특별자치도,제주시,봉개동,제주특별자치도_연립다세대_매매_2025.csv|1709,urban_rural,31,7,17,7,0,4.0,4,67.85,2017.0,True,True,True,True,True,False
b54843776d184e8c533348163d2fccd4f03e531daf6880399010154def3bb58b,여주성일우리미파크,경기도,여주시,점봉동,경기도_연립다세대_매매_2024.csv|7617,cap_city,22,6,11,5,0,4.0,4,84.523,2015.0,True,True,True,True,False,False
b56d5d493e6fcabb0797fb89187d29df71a2ba6a66f489bf3e30ec706265a0d0,부경주택,충청남도,천안시,동남구,충청남도_연립다세대_매매_2025.csv|1342,urban_rural,17,6,8,3,0,4.0,4,33.81,1997.0,True,True,True,False,False,False
b57db4d2e6cd229718afe9f2fa683573d9e6fd1d831296d502d64f3177ffd351,백조,전남광주통합특별시,나주시,이창동,,urban_rural,12,3,6,3,0,4.0,4,49.94,1983.0,True,True,True,False,False,False
b64503730a05b71f8adafa0d6c3d91502095a771494f7b0c1866b4130024ed17,G.A빌리지,경상남도,진주시,호탄동,경상남도_연립다세대_매매_2023.csv|81,urban_rural,19,6,12,1,0,4.0,4,20.89,2002.0,True,True,True,False,False,False
b6a44023243d0c8cdfc4d3848672a5114eaf4e0a3fa0d704f4dd1c760e2ae266,리하우스,인천광역시,계양구,임학동,,metro_gu,14,3,4,4,3,4.0,5,37.23,1993.0,True,True,True,False,False,False
b6d1a763f988b004096a17b2040c201486d9eb19c621a9f81337d88856e81d0f,루온토빌리지,제주특별자치도,제주시,오라이동,제주특별자치도_연립다세대_매매_2024.csv|690,urban_rural,13,3,6,4,0,4.0,4,84.6351,2015.0,True,True,True,False,False,False
b70627de03ee49984fba8ed2310dbe819a60a71d19b00ade95767b58a88a8808,두양엔린빌101동-105동,경기도,파주시,파주읍,경기도_연립다세대_매매_2025.csv|19769,cap_city,29,10,15,4,0,4.0,4,75.354,2013.0,True,True,True,True,False,False
b7352ab6f7e1bfef8e31f0d22a11bd3bb85cc572c5bbfbcca5b23d2b7ee6b4fa,리더스타운102동,경기도,남양주시,호평동,경기도_연립다세대_매매_2024.csv|23009,cap_city,10,3,5,1,1,4.0,5,63.56,2017.0,True,True,True,False,False,False
b773dda7e2a16217cf16ffe7bf1ae03ea8ba503f76ea8923208f834242d116f6,용창원룸,울산광역시,울주군,온산읍,울산광역시_연립다세대_매매_2025.csv|578,gun,29,10,13,6,0,4.0,4,32.19,2000.0,True,True,True,True,False,False
b8017ff9b263da9b4bfc3c30f4de4e62d41023ed9e9f146865297dd43e9f2170,초원빌,경상남도,통영시,북신동,경상남도_연립다세대_매매_2024.csv|1798,urban_rural,16,4,8,4,0,4.0,4,29.945,2008.0,True,True,True,False,False,False
b80b3519efd962ea96a3efbb4d7e5a159232692372c5ca5defd020f7a5c28503,대명,경기도,구리시,교문동,경기도_연립다세대_매매_2025.csv|19868,cap_city,14,6,4,4,0,4.0,4,94.27,1993.0,True,True,True,False,False,False
b812e0fc2d468643a59e8f5009ae0b84f3030b76e1f53276f843a941daf03665,대동정원빌라(609-0),경기도,안산시,단원구,경기도_연립다세대_매매_2025.csv|21723,cap_city,11,3,5,3,0,4.0,4,56.61,1994.0,True,True,True,False,False,False
b8629de6d214fd3e1d242be47883cd193b57374aa9496acba8d81a161cec2cca,남원월락해뜨레베스티움,전북특별자치도,남원시,월락동,전북특별자치도_연립다세대_매매_2025.csv|922,urban_rural,22,8,11,3,0,4.0,4,84.906,2020.0,True,True,True,True,False,False
b8999057c418c4b80fde59ecb466c05c69d276dfd42a7c6b26b703aadf20d5d3,황룡리버파크,전남광주통합특별시,장성군,황룡면,,gun,13,4,8,1,0,4.0,4,60.58,2016.0,True,True,True,False,False,False
b8bb7832423b7adbca04cb929c5a65899b732f0617a55dd760fc5af1a312667f,기원맨션,경기도,시흥시,신천동,경기도_연립다세대_매매_2025.csv|20684,cap_city,11,3,5,3,0,4.0,4,33.33,2001.0,True,True,True,False,False,False
b8e86b476db8c5cc6e21aab29294a938de00dcf7fdab6b18282f80b67009df99,조천주암썬빌리지,제주특별자치도,제주시,조천읍,제주특별자치도_연립다세대_매매_2024.csv|66,urban_rural,18,3,10,5,0,4.0,4,47.2563,2002.0,True,True,True,False,False,False
b90e7c1de3f380fe5646e01f78847a56a1209c0a4694afb811d9519eb5e9bec3,간석빌라(617-64),인천광역시,남동구,간석동,,metro_gu,11,4,4,3,0,4.0,4,42.56,1993.0,True,True,True,False,False,False
b91ee1011134089d3a44ddb2dccac9d4e62aa338ab4a1724efc0b08b6264066c,삼영토평노블리안,제주특별자치도,서귀포시,토평동,제주특별자치도_연립다세대_매매_2024.csv|298,urban_rural,13,3,6,4,0,4.0,4,80.755,2017.0,True,True,True,False,False,False
b9216b158b0d9e557f7a58e92544204396eb3d7fb2519c4299df630d415dc0c8,(1427-11),경기도,안산시,상록구,경기도_연립다세대_매매_2023.csv|21155,cap_city,15,4,8,3,0,4.0,4,25.08,2002.0,True,True,True,False,False,False
b939699420cf94ec9a72e87c32c4388b7dcafc39c8f2abcccd23db48e5790fcb,"소슬빌리지(101,102동)",경기도,하남시,감북동,경기도_연립다세대_매매_2025.csv|22812,cap_city,30,8,16,6,0,4.0,4,58.17,2022.0,True,True,True,True,True,False
b96f2c45df7aba67c807930edc941f698032601d55b05082f296cef363428bb4,제이드힐,서울특별시,용산구,이태원동,서울특별시_연립다세대_매매_2025.csv|23941,metro_gu,13,4,7,2,0,4.0,4,16.79,2011.0,True,True,True,False,False,False
b98c145376e7ce5c69146c39442e4097eea3b2612d523efc8572ac1cca871c94,(547-12),경기도,안산시,상록구,경기도_연립다세대_매매_2022.csv|24989,cap_city,14,3,8,3,0,4.0,4,36.34,2002.0,True,True,True,False,False,False
b98d6d6b75ef252c5172cf8f3d57a76fb5102c311f8f636bca3743029a4588d1,드림캐슬(105동),경기도,평택시,신장동,경기도_연립다세대_매매_2025.csv|20904,cap_city,12,3,5,2,2,4.0,5,67.17,2016.0,True,True,True,False,False,False
b9d74688b505aec9869e3c1a8692cdf368c13aa3343ed54005f98a3927f2a590,스카이원룸,울산광역시,남구,달동,울산광역시_연립다세대_매매_2022.csv|290,metro_gu,18,5,10,3,0,4.0,4,28.3435,2001.0,True,True,True,False,False,False
ba3eec6575eeeafb6f3a553c820de1fc206c8b339db408d092a3970d58e0377d,비슬휴림,제주특별자치도,제주시,한림읍,제주특별자치도_연립다세대_매매_2025.csv|2311,urban_rural,22,10,9,3,0,4.0,4,67.02,2020.0,True,True,True,True,False,False
ba3f9704a4eeb325837a6971cc3bcf9ece03944ac957d9aed4c84a37c2c77fcf,다올캐슬타운,강원특별자치도,강릉시,대전동,강원특별자치도_연립다세대_매매_2024.csv|45,urban_rural,10,4,3,3,0,4.0,3,93.52,2019.0,True,True,True,False,False,False
ba6db6507eb3517bd31ee1d231abb01e1020f43e035318bd4e1f4be6ea7d1fb5,성은빌라,인천광역시,계양구,계산동,,metro_gu,11,3,6,2,0,4.0,4,44.6,1995.0,True,True,True,False,False,False
ba6e0c7fd0f06df4b73a7a7c4ca6f2ca6d447bf561a71970a645425f11c438e4,(266-452),서울특별시,성북구,정릉동,서울특별시_연립다세대_매매_2023.csv|436,metro_gu,18,4,11,3,0,4.0,4,16.29,2012.0,True,True,True,False,False,False
bad4b0c5e8f69061dd1db8d19f4a907899e84a4c1f87a4e8e813ac48462607ad,엔알누리3차,제주특별자치도,제주시,회천동,제주특별자치도_연립다세대_매매_2025.csv|2048,urban_rural,19,3,14,2,0,4.0,4,60.0392,2017.0,True,True,True,False,False,False
bb2289f5bd1fe0714b043e77773fab37ea487b1fed2e128035ea3e3f7955eb31,홍익인간,경기도,용인시,처인구,경기도_연립다세대_매매_2024.csv|25181,cap_city,29,8,16,5,0,4.0,4,13.26,2013.0,True,True,True,True,False,False
bb35afcd5b2a0170a35b6dedf9fd8c2848e8286c375b592239bfa2562566132d,영평휴먼빌,제주특별자치도,제주시,영평동,제주특별자치도_연립다세대_매매_2025.csv|1435,urban_rural,10,3,6,1,0,4.0,4,84.6875,2019.0,True,True,True,False,False,False
bb4edfd1dd565c44904d81f4ea81496ae944fb20c6b90bca815a4986357b10f5,중앙,경기도,안성시,석정동,경기도_연립다세대_매매_2025.csv|19298,cap_city,11,6,4,1,0,4.0,4,59.25,1993.0,True,True,True,False,False,False
bb8496b37fa3205f94e11f1e502d57773f76f4f524e809fc737a4d86ba2e8927,에스포아A,제주특별자치도,제주시,오라삼동,제주특별자치도_연립다세대_매매_2024.csv|1157,urban_rural,20,5,10,5,0,4.0,4,23.76,2013.0,True,True,True,True,False,False
bb88a80372641ebfe1222c28d817be2092401d1ba07b1819df85400a51c8ce30,골드빌2차,제주특별자치도,서귀포시,하원동,제주특별자치도_연립다세대_매매_2024.csv|944,urban_rural,14,5,7,2,0,4.0,4,67.05,2017.0,True,True,True,False,False,False
bbf8412c26472123e4561454f361a64cb5aec7f68988f1a8694ad688145e1dad,(781-2),경기도,안산시,단원구,경기도_연립다세대_매매_2024.csv|999,cap_city,19,5,10,4,0,4.0,4,18.04,2002.0,True,True,True,False,False,False
bbfa9238872dd49adfb8ddf22fb411e6de37637e4f9f94dc956122f5b1bc7819,세유빌리지(2동),충청남도,천안시,서북구,충청남도_연립다세대_매매_2025.csv|1205,urban_rural,12,3,6,3,0,4.0,4,27.9025,1993.0,True,True,True,False,False,False
bc16028f42de311d9d85a876ff187332dfb94e33fe4db7705e7da90d4b4d02a7,스위트빌B,경기도,오산시,오산동,경기도_연립다세대_매매_2024.csv|3847,cap_city,10,4,4,2,0,4.0,4,13.02,2012.0,True,True,True,False,False,False
bc50dcdabeb43f4bc7050154f22f305c29347cda59cd14ea9e04743348905333,석정연립,경기도,안성시,당왕동,경기도_연립다세대_매매_2025.csv|18261,cap_city,30,10,12,8,0,4.0,4,29.52,1999.0,True,True,True,True,True,False
bcf5feee50c6592690f624e38e2f3ac30d3d8682748014f6bbb2149f805e03a4,제주더오름카운티1,제주특별자치도,제주시,조천읍,제주특별자치도_연립다세대_매매_2025.csv|2249,urban_rural,41,10,19,12,0,4.0,4,84.95,2019.0,True,True,True,True,True,False
bd2fce8f2c413e3cc82abd6ec62a5935caac94cfe935269320c8f19d9c371769,"힐사이드(101,102동)",경기도,오산시,세교동,경기도_연립다세대_매매_2021.csv|10241,cap_city,16,4,8,4,0,4.0,4,62.61,2015.0,True,True,True,False,False,False
bd312710b0061b18e6e453b329929388e752d2721544c5d9e45e35a8303f9796,지에스건설(주)직원사택,경상북도,울진군,죽변면,경상북도_연립다세대_매매_2025.csv|2395,gun,54,10,32,12,0,4.0,4,73.1536,2012.0,True,True,True,True,True,True
bd5719e00cf22f3cf1a84db9fd649d1a4e117e994161df754bd4c49fc988d9de,(1005-0),경기도,수원시,팔달구,,cap_city,19,4,8,3,4,4.0,5,27.31,2001.0,True,True,True,False,False,False
bd9cb1cfceaf2225709d6491b6d0133e24238868b05a3a2e96bfdb59fb30f6dd,우신그린맨션(나동),경기도,화성시,효행구,경기도_연립다세대_매매_2024.csv|5663,cap_city,19,6,12,1,0,4.0,4,19.74,2003.0,True,True,True,False,False,False
bdd6dd6384d3aa0172b984231f15c2c18658359179b29ed4bd962f058a88e93a,삼화코아루헤리티지2차,제주특별자치도,제주시,도련일동,제주특별자치도_연립다세대_매매_2025.csv|1738,urban_rural,18,3,14,1,0,4.0,4,81.6447,2018.0,True,True,True,False,False,False
bded89e2edaed42ed4417414f5d96603676177ab1ea2983a31cf045b042bb9ac,칠곡한라,대구광역시,북구,관음동,대구광역시_연립다세대_매매_2025.csv|986,metro_gu,18,6,11,1,0,4.0,4,59.985,1992.0,True,True,True,False,False,False
be593e5af4bfde5feed19b435bc91e4177357cccb2e0202e7ea6a8a89d6641b2,정원빌,전남광주통합특별시,강진군,강진읍,,gun,16,5,10,1,0,4.0,4,23.22,2010.0,True,True,True,False,False,False
bf41b03bc6e3fccfecca4a026d1656111e54e28c9ba4e2a0a11df67fa181596d,파우제인제주마운틴블록,제주특별자치도,서귀포시,토평동,제주특별자치도_연립다세대_매매_2025.csv|1987,urban_rural,67,15,35,17,0,4.0,4,19.96,2015.0,True,True,True,True,True,True
bff920e6a1fcf7d6c65e012fa9a9dfcb770d537043cf8cb4682ad503a1b92091,부경빌,부산광역시,금정구,장전동,부산광역시_연립다세대_매매_2022.csv|293,metro_gu,13,4,8,1,0,4.0,4,21.06,2002.0,True,True,True,False,False,False
c017d31f2a06a11a278fb42ea445d60c23f7393fa479adce6c955b70183a5e93,(660-19),서울특별시,광진구,자양동,,metro_gu,13,3,9,1,0,4.0,4,15.18,2012.0,True,True,True,False,False,False
c051d37f8874d13edcce8817889a6e2f93d169527d9755fa22073183999ff4a7,미래를여는사람들(1567-3),경상북도,포항시,북구,경상북도_연립다세대_매매_2022.csv|1158,urban_rural,19,4,10,5,0,4.0,4,21.6,2003.0,True,True,True,False,False,False
c0788d8d820d33348741cf9b82bfabcaceb2b4679467170768ea3926e4e2c937,압해팰리스파크,전남광주통합특별시,신안군,압해읍,,gun,27,7,13,7,0,4.0,4,59.9399,2019.0,True,True,True,True,False,False
c080e69dad21aeb7a013d9f2d09ab0ce0dfaeec92b982a5fd33c8fddc18bba23,(884-11),경기도,안산시,상록구,경기도_연립다세대_매매_2023.csv|2839,cap_city,14,5,8,1,0,4.0,4,25.23,2001.0,True,True,True,False,False,False
c0bad4ff528a72f9f034d6749ba0858f516ccce7f50292e36b9cb4ee564b05cc,이페리온(116동),경기도,이천시,백사면,경기도_연립다세대_매매_2024.csv|17973,cap_city,11,3,6,2,0,4.0,4,58.57,2018.0,True,True,True,False,False,False
c17cb70773afa09b2c3feb26f68c2f590dfdf34a1b1b59345abcb8d83f96d611,레이크하우스,강원특별자치도,속초시,장사동,강원특별자치도_연립다세대_매매_2024.csv|44,prov_city,14,4,8,2,0,4.0,4,75.97,2022.0,True,True,True,False,False,False
c1864821cb58f508adc4441dcf08532c4bedde619b7076a019a5a6a8c0cc317e,투윈빌-비,부산광역시,수영구,남천동,부산광역시_연립다세대_매매_2025.csv|4001,metro_gu,15,3,8,4,0,4.0,4,17.195,2002.0,True,True,True,False,False,False
c1c429e4c1bd782295419afb91efce46547da572210ca8ef586ef679e5ec1628,벚꽃그린빌2단지,경상남도,창원시,진해구,경상남도_연립다세대_매매_2025.csv|1643,urban_rural,54,14,26,14,0,4.0,4,59.83,2003.0,True,True,True,True,True,True
c20697763a002cab44639e7f85eaa257c694ee26f3497c1d8f59756ae210f70a,제일주택,대구광역시,북구,읍내동,대구광역시_연립다세대_매매_2025.csv|866,metro_gu,10,3,5,2,0,4.0,4,84.91,1992.0,True,True,True,False,False,False
c282e24368d85fce48cd2870a6ee57e5ef56c34e2b0d36947c762b9633d5de95,(587-13),경기도,안산시,상록구,,cap_city,19,5,10,4,0,4.0,4,25.89,2001.0,True,True,True,False,False,False
c2cf38945777db903187999811bc40b841d077195d6def4c66124856fcd686ba,밤가시마을4,경기도,고양시,일산동구,경기도_연립다세대_매매_2025.csv|19019,cap_city,21,5,13,3,0,4.0,4,84.84,1996.0,True,True,True,True,False,False
c2ec07a63aeb1da272964e02cf9e709851714bff45b17d848bc68a330ae620be,성산마을카운티스,경기도,용인시,기흥구,경기도_연립다세대_매매_2024.csv|9639,cap_city,13,3,5,5,0,4.0,4,149.245,2006.0,True,True,True,False,False,False
c31400bf382937185aef89dd1e83514a2d6699941c563eb1f4243344935de7c6,복지아파트,충청북도,진천군,광혜원면,충청북도_연립다세대_매매_2025.csv|991,gun,26,8,10,8,0,4.0,4,48.77,1992.0,True,True,True,True,False,False
c374663c7858c4089674955cde502153a1dbaf01a410c344832b86d37465620c,한탄강푸른레져,강원특별자치도,철원군,갈말읍,강원특별자치도_연립다세대_매매_2022.csv|1397,gun,19,4,10,5,0,4.0,4,43.62,2008.0,True,True,True,False,False,False
c3cecf26058c09638c1f3c07ffdbcabf50645f3a12f8e27122a5ec1f4604a571,성저마을(건영5),경기도,고양시,일산서구,경기도_연립다세대_매매_2025.csv|22048,cap_city,20,8,10,2,0,4.0,4,59.905,1996.0,True,True,True,True,False,False
c417e1f7a9796b0f4095305a6e69f0bc5a37b028a26ea5174da18ee9736e2474,위드필1,경상남도,창원시,마산회원구,경상남도_연립다세대_매매_2025.csv|1290,urban_rural,11,3,6,2,0,4.0,4,59.801,2013.0,True,True,True,False,False,False
c4229d875f137abf312336da9d7eb3690e3fc1432bfa35078cfcf515c71faa0a,진안군상주공,전북특별자치도,진안군,진안읍,전북특별자치도_연립다세대_매매_2025.csv|859,gun,58,19,20,19,0,4.0,4,49.84,1998.0,True,True,True,True,True,True
c443788f090c31f5b3a3632536c480f43379026cb70da602b757a3affa918845,한림서해파스텔,제주특별자치도,제주시,한림읍,제주특별자치도_연립다세대_매매_2024.csv|1943,urban_rural,17,3,10,4,0,4.0,4,54.7836,2019.0,True,True,True,False,False,False
c47d3c124e35bd8630f53ac8e2a27df3744759d493e58189792026c7358cabbb,그린빌II,전북특별자치도,전주시,덕진구,전북특별자치도_연립다세대_매매_2025.csv|556,urban_rural,16,4,8,4,0,4.0,4,25.4525,2003.0,True,True,True,False,False,False
c48079c12ba47b0ada835ff4a3e64f3821cfd952e9501b1b4b508484f6c6a675,월드주택,강원특별자치도,홍천군,홍천읍,강원특별자치도_연립다세대_매매_2025.csv|848,gun,24,6,11,7,0,4.0,4,36.997,2000.0,True,True,True,True,False,False
c4e0ebde2be0598f31d1c4078eceb069414bb819c75be16f067bc2ea38e75aea,신웅주택,경상북도,영덕군,영덕읍,경상북도_연립다세대_매매_2025.csv|2338,gun,21,3,12,6,0,4.0,4,29.22,2003.0,True,True,True,True,False,False
c56350670d748a835e31c89b04c49f45884004f69250f5e7fa5da2181835e084,삼성하이츠빌라,경상남도,거제시,고현동,경상남도_연립다세대_매매_2025.csv|866,urban_rural,28,4,19,5,0,4.0,4,68.245,2000.0,True,True,True,True,False,False
c58e63433a283a90687f7a9d46db09c2864867613a052928e046ae5e57983343,삼정(가나),강원특별자치도,동해시,부곡동,강원특별자치도_연립다세대_매매_2025.csv|941,prov_city,11,4,6,1,0,4.0,4,43.47,1986.0,True,True,True,False,False,False
c59f2da03302a76ee64d2a653bc133eba3a644cc2cc40269ae7ea642d3ff0ae3,정발마을2,경기도,고양시,일산동구,경기도_연립다세대_매매_2025.csv|24263,cap_city,13,3,7,3,0,4.0,4,84.73,1996.0,True,True,True,False,False,False
c5ac4a1c16a93f7230f057deb3161df9a58df924106282bce5d8f5b41221586f,요진와이하우스101동-108동,경기도,고양시,일산동구,경기도_연립다세대_매매_2025.csv|24770,cap_city,111,39,43,29,0,4.0,4,39.95,2013.0,True,True,True,True,True,True
c630d658dac6413dd6c4e727da458daf54948fdcabde08f6aa5bc7865472482d,(274-35),서울특별시,동대문구,제기동,서울특별시_연립다세대_매매_2023.csv|10943,metro_gu,16,5,9,2,0,4.0,4,16.79,2013.0,True,True,True,False,False,False
c64c2aaaf0b9c0a3cc3eef130b77a4b88c2253a1b690c509d4abc4c68df69242,힐링2차,경기도,오산시,청학동,경기도_연립다세대_매매_2021.csv|99,cap_city,20,4,12,4,0,4.0,4,22.37,2015.0,True,True,True,True,False,False
c67388f43612fce8de9834d1415578d5bbac8674b81c7a84e19603ccef4f121a,마이다스타운하우스,경기도,여주시,가남읍,경기도_연립다세대_매매_2025.csv|24678,cap_city,24,3,15,6,0,4.0,4,59.6453,2008.0,True,True,True,True,False,False
c69a8b2b1a92d4526da443254bccf44e8c6c87f80e787752e5f3cb5946524f52,혜성에델도프,충청남도,천안시,동남구,충청남도_연립다세대_매매_2025.csv|1968,urban_rural,18,5,10,3,0,4.0,4,69.3489,2016.0,True,True,True,False,False,False
c81259c64fe1f92d3dd1336877e7e6a6cd7b5fccc73db5c0d3daff81034156d2,태경,서울특별시,동작구,노량진동,,metro_gu,30,9,14,7,0,4.0,4,12.835,2013.0,True,True,True,True,True,False
c8933a70982dadf7b9dabfabeb7b7de082326339b777dc11bb6c1d274675da29,늘푸른원룸,울산광역시,북구,호계동,울산광역시_연립다세대_매매_2021.csv|252,metro_gu,15,3,8,4,0,4.0,4,36.855,2002.0,True,True,True,False,False,False
c89662294a9a19876aa0eacc6cba69260d19b41264365eb1a387c8b2265c6779,삼양하이빌,제주특별자치도,제주시,삼양일동,제주특별자치도_연립다세대_매매_2025.csv|1556,urban_rural,17,3,8,6,0,4.0,4,62.69,2018.0,True,True,True,False,False,False
c8c80ea567f75b47a2da33771d0f521000e258766e2a600f600689b08b0c7515,선경,강원특별자치도,강릉시,사천면,강원특별자치도_연립다세대_매매_2025.csv|835,urban_rural,11,3,6,2,0,4.0,4,56.58,1995.0,True,True,True,False,False,False
c902b2faf20add68b1be1dbb5bf2957cd560706cd4d99df40050cb3a692891c8,향기나라창빌딩,경상남도,창원시,마산회원구,,urban_rural,14,3,8,3,0,4.0,4,20.96,2012.0,True,True,True,False,False,False
c918b83cef0f79c0e9d45dc30446ee43e91482199f108c39e98618b09be4debb,(46-21),경기도,화성시,만세구,경기도_연립다세대_매매_2025.csv|20784,cap_city,29,7,17,5,0,4.0,4,59.465,2020.0,True,True,True,True,False,False
c92e28792ecc5a98918e87d91e8519906ff2c0c0c591ed6b01afe35df1c7b27d,밤가시마을8,경기도,고양시,일산동구,경기도_연립다세대_매매_2025.csv|24819,cap_city,18,3,9,6,0,4.0,4,84.775,1996.0,True,True,True,False,False,False
c978e7c9b579cc23d2da739fcc93ed6df23a6e9702ec4ef3eee0a2d4abf272c7,오태명당풀리비에2단지,경상북도,구미시,오태동,경상북도_연립다세대_매매_2025.csv|1475,urban_rural,21,3,12,6,0,4.0,4,38.5771,2015.0,True,True,True,True,False,False
c992207d63430f5d318a4caea3728d88fb7d6a02ce3caa634925d406f78e8045,21스타캐슬,서울특별시,종로구,숭인동,서울특별시_연립다세대_매매_2025.csv|34150,metro_gu,29,3,22,4,0,5.0,5,55.98,2021.0,True,True,True,True,False,False
c9b9ecc46a11dc32f22656be9ff56a24667ce6ca17dda7fab27ee1f4ec6a3ee1,자성대,부산광역시,동구,범일동,부산광역시_연립다세대_매매_2024.csv|2869,metro_gu,18,5,8,5,0,4.0,4,40.4,1977.0,True,True,True,False,False,False
ca20d1f91c13abaa72cfc6bdebd235aebe595c6be58bfc43bc22599ffc0b6ed3,에비뉴빌,제주특별자치도,제주시,영평동,제주특별자치도_연립다세대_매매_2024.csv|251,urban_rural,21,6,12,3,0,4.0,4,67.27,2018.0,True,True,True,True,False,False
ca4a22f0b7c8df2d923f3e55411d52ab07a446235b7ca64fa4a17f290a55e3cb,제주영어교육도시꿈에그린,제주특별자치도,서귀포시,대정읍,제주특별자치도_연립다세대_매매_2025.csv|1421,urban_rural,45,7,34,4,0,5.0,5,130.8519,2019.0,True,True,True,True,True,False
ca855fd0738e3d036815d6d747320da2068464f8667250e3d8afefc28dab266b,골든빌,서울특별시,동대문구,전농동,서울특별시_연립다세대_매매_2025.csv|29389,metro_gu,28,9,14,5,0,4.0,4,12.27,2013.0,True,True,True,True,False,False
caa5aa543c458faf17f694d93f8d57fbec7f569b82cb0ddbe61f309ca3413ee7,산성오토(468-2),대전광역시,중구,사정동,대전광역시_연립다세대_매매_2024.csv|682,metro_gu,10,3,4,3,0,4.0,3,57.6,1991.0,True,True,True,False,False,False
cb0c5f50d5b4d5114cf12d8f680dac9173c54a87922dddfc844ddfe733cc4196,스위트캐슬4차,경상남도,남해군,남해읍,경상남도_연립다세대_매매_2025.csv|1774,gun,24,4,18,2,0,5.0,5,59.83,2022.0,True,True,True,True,False,False
cb1cd6ba7c00e4dbd41b740a3433fc733c39b205bccace9d88656ff00cfe0f48,상록주택,서울특별시,강남구,역삼동,서울특별시_연립다세대_매매_2023.csv|21719,metro_gu,12,4,6,1,1,4.0,5,34.755,2002.0,True,True,True,False,False,False
cb21c76d42c08d0242102294c3fff711fc77e2a4d178ba25585140e304337f34,삼성쉐르빌2,경기도,용인시,수지구,경기도_연립다세대_매매_2025.csv|14524,cap_city,13,6,5,2,0,4.0,4,147.69,2001.0,True,True,True,False,False,False
cb2eeb2589defceb1df18c84cd5e41c175705720b9fb5a31de74bc66160b5a77,(999-1),전북특별자치도,전주시,완산구,전북특별자치도_연립다세대_매매_2024.csv|900,urban_rural,14,3,7,4,0,4.0,4,84.29,2017.0,True,True,True,False,False,False
cb2f623ce90fb52c0afd52262f01252d36070ccdda870ae06ccddc109802a879,청운빌리지,경상북도,문경시,문경읍,경상북도_연립다세대_매매_2025.csv|1286,urban_rural,11,3,4,4,0,4.0,4,84.98,2011.0,True,True,True,False,False,False
cb5e9a32521668ef87e5d18332c3d028bde1922d3c4e74c546f274025b75af70,서충주신도시코아루더테라스,충청북도,충주시,중앙탑면,충청북도_연립다세대_매매_2025.csv|1113,urban_rural,28,3,20,5,0,5.0,5,84.31275,2019.0,True,True,True,True,False,False
cbf3f71977dad8bdc05469304d85b93dfab213442534031c5a5ce59d6ee7aeaf,백송아트빌,서울특별시,마포구,성산동,서울특별시_연립다세대_매매_2025.csv|27405,metro_gu,13,3,8,2,0,5.0,5,53.81,2008.0,True,True,True,False,False,False
cbfc3d7db9d821028afa8f2dfe5feeb44a4a3ad769d5155c5887f86b510403dd,해솔마을8단지운정아이파크더테라스,경기도,파주시,와동동,경기도_연립다세대_매매_2025.csv|23952,cap_city,21,4,10,7,0,4.0,4,101.6315,2022.0,True,True,True,True,False,False
cca3327df0bb272fe8af34b82395099269786e6799ff3cba0fa9fb9a4443cca3,부강경남빌라,세종특별자치시,,부강면,세종특별자치시_연립다세대_매매_2025.csv|46,urban_rural,11,3,6,2,0,5.0,4,63.33,1994.0,True,True,True,False,False,False
cca8893d52af7e0e30a031ed48b05d6a598994f1cb1aef85844a52adec8baeb9,칼리지빌2호동(572-14),부산광역시,남구,대연동,,metro_gu,19,5,12,2,0,4.0,4,17.68,2002.0,True,True,True,False,False,False
cd207b0cbe33b5eb7e6f46ebf1cbc9b9634eaab933cc9572f363f0c9ea288492,승원빌라,경기도,안산시,상록구,,cap_city,19,6,10,3,0,4.0,4,24.57,2001.0,True,True,True,False,False,False
cd4633c828020553e85512daa7e1c321eb6a769a1a75afe4c50a07816bacebe5,더존시티타운,제주특별자치도,서귀포시,서홍동,제주특별자치도_연립다세대_매매_2024.csv|654,urban_rural,15,6,8,1,0,5.0,5,67.592,2017.0,True,True,True,False,False,False
cdba62899eded2b8c8b1e225c9bccc7d2535535a51ebceabdc1a3e5e2f594220,성저마을(건영7),경기도,고양시,일산서구,경기도_연립다세대_매매_2025.csv|18118,cap_city,13,7,4,2,0,4.0,4,84.33,1996.0,True,True,True,False,False,False
cdda45f3c05dc2f5f801b2e38ae37bc1266589872dc0d44835c39f50def45068,(538-4),경기도,안산시,상록구,,cap_city,17,5,10,2,0,4.0,4,27.81,2000.0,True,True,True,False,False,False
cdf3de83d7b1ca928eff619b7a784806e8775c8238d07894520c428db32286ff,세진에벤에빌,경기도,양평군,강상면,경기도_연립다세대_매매_2024.csv|23364,gun,10,3,6,1,0,4.0,4,72.45,2017.0,True,True,True,False,False,False
ce37ba7887d20e788b634e15f94c4677b78100b058edcce2ffb3d46487e4ca63,버트레스Ⅰ,경기도,의왕시,이동,,cap_city,19,3,12,4,0,4.0,4,14.69,2012.0,True,True,True,False,False,False
ce57e4fdcb06f6ac4f2f77cc80151c9e4cb7e78b435626e12b60564d8327acec,모닝힐주택,충청북도,진천군,진천읍,충청북도_연립다세대_매매_2025.csv|1057,gun,21,6,9,6,0,4.0,4,84.85,2003.0,True,True,True,True,False,False
cf110bc4a608f090020261022443a77b01aad07bdb487979f10f5a2db54bac23,용정G하우스A동B동,인천광역시,강화군,강화읍,,gun,10,3,4,3,0,4.0,4,57.04,2019.0,True,True,True,False,False,False
cf1f1a799cc8f2c6df29500308574bd944918cbbd3cbfb38ebd1c3dd70cb1559,아원아트빌(A동),경기도,광주시,양벌동,경기도_연립다세대_매매_2023.csv|16041,cap_city,10,3,5,2,0,4.0,4,59.34,2012.0,True,True,True,False,False,False
cf39f0abfdd722bfbb7a68905b039d6240b28338f766a19dfe329607ea5b6fde,내덕,충청북도,청주시,청원구,충청북도_연립다세대_매매_2025.csv|1054,urban_rural,16,6,7,3,0,4.0,4,57.78,1984.0,True,True,True,False,False,False
cf3a4d3cf5c7232fd0644c6659a6a9ff63eb5754e117c98f90448cdd7e99fa19,모던아이빌,전북특별자치도,부안군,부안읍,전북특별자치도_연립다세대_매매_2025.csv|943,gun,16,3,10,3,0,4.0,4,77.7588,2011.0,True,True,True,False,False,False
cf40e763ffaf12a5e850f4d1cf471b22e6e8c4fff25a2830929c9e155f43b697,매화마을현대,경기도,성남시,분당구,경기도_연립다세대_매매_2025.csv|23127,cap_city,16,3,11,2,0,4.0,4,51.16,1994.0,True,True,True,False,False,False
cf644f7f63b2b33ba612e84f7629f38ac1eff43c7b4274f957c2e20616236333,오라2차미듬아뜨리에,제주특별자치도,제주시,오라이동,제주특별자치도_연립다세대_매매_2025.csv|2343,urban_rural,11,3,7,1,0,4.0,4,78.93,2018.0,True,True,True,False,False,False
cf65ad346690d9846d37fab9c7c0d0afdde17ce7fe012aaaa1affc165ff0c76b,조공2차,경기도,부천시,소사구,경기도_연립다세대_매매_2024.csv|7481,cap_city,23,3,13,7,0,4.0,4,78.156,1985.0,True,True,True,True,False,False
cfd8be925a38263133aa35466f96246fb355890a23c034558aa27ad21e5b765b,"탐라빌리지(101,102,103동)",제주특별자치도,제주시,오라이동,제주특별자치도_연립다세대_매매_2025.csv|2310,urban_rural,10,3,4,3,0,4.0,4,43.9175,2014.0,True,True,True,False,False,False
d07b8ee775867584bfb620e93fc5d6450afc03cdb6d6a78ff85ef341e950bd59,삼화코아루헤리티지1차,제주특별자치도,제주시,도련일동,제주특별자치도_연립다세대_매매_2025.csv|2081,urban_rural,16,7,7,2,0,4.0,4,80.2038,2018.0,True,True,True,False,False,False
d1039ea953540585097c781e10a5495bdae06d328e50d6988e9bd093e81af947,리하우스,서울특별시,강남구,논현동,서울특별시_연립다세대_매매_2022.csv|19356,metro_gu,13,4,7,1,1,4.0,5,47.97,2001.0,True,True,True,False,False,False
d116c009b884775b38bd372c268207dbe867ac71a550d2c616fb993a4db14d72,강정코아루더테라스블루아조은파트너스,제주특별자치도,서귀포시,강정동,제주특별자치도_연립다세대_매매_2025.csv|1569,urban_rural,15,6,5,4,0,4.0,4,84.3407,2017.0,True,True,True,False,False,False
d12ae4a5ee6a866624d7cc48f7b4bf45110d4915aa48224ae6023c62426d4920,롯데원룸,부산광역시,금정구,장전동,부산광역시_연립다세대_매매_2023.csv|1693,metro_gu,19,5,10,4,0,4.0,4,21.07,2001.0,True,True,True,False,False,False
d1660db1d1f3aaadfe639a1681ce05987b1ba26c95e9b2fea02248367fa9e832,주월동목화캐슬3차,전남광주통합특별시,남구,주월동,,metro_gu,39,10,20,9,0,4.0,4,56.5,2024.0,True,True,True,True,True,False
d1fbea955bc15da3b40c2352fd75b796c44884bc4a74c90a5be2397b53ddd2c4,청명화이트,경상남도,거제시,양정동,경상남도_연립다세대_매매_2024.csv|1699,urban_rural,15,7,5,3,0,4.0,4,69.255,2003.0,True,True,True,False,False,False
d246ddad7a01db8d5d6b4c9f7b06182c1d8562acbff188b3228fbb6a41cf04e1,진안테라스휴,전북특별자치도,진안군,진안읍,전북특별자치도_연립다세대_매매_2025.csv|908,gun,12,4,4,4,0,4.0,3,84.8184,2023.0,True,True,True,False,False,False
d24ef9cc9e7c02b09d13d0ef5b273a0a6883725ba141e20bdee82209b763f56a,진흥연립,경기도,광주시,삼동,경기도_연립다세대_매매_2025.csv|19585,cap_city,10,3,4,3,0,4.0,4,49.91,1994.0,True,True,True,False,False,False
d270b600569e9c6f9e03b93b3807b44360516bd5a01174b7ec1d945c8fe995c7,인트라움,강원특별자치도,속초시,장사동,강원특별자치도_연립다세대_매매_2024.csv|520,prov_city,11,5,5,1,0,4.0,4,163.37,2018.0,True,True,True,False,False,False
d317c2f40a6d139ad446bfdb4a3d1893bf060ca44fbb26f7f2db805c97dfd0b8,이안더테라스,인천광역시,남동구,논현동,,metro_gu,37,8,24,5,0,4.0,4,115.2076,2017.0,True,True,True,True,True,False
d322665209dcb7e98a7bad702bd6830c81cc4fbcb1777cd04b91a30cd6171341,두한그린빌라,인천광역시,미추홀구,학익동,,metro_gu,22,5,10,3,4,4.0,5,41.89,1997.0,True,True,True,True,False,False
d3551418386b144f62bdf429d3ddb10d4777864cca72c5ff9c99c09aba776366,은하맨션,경상북도,포항시,북구,경상북도_연립다세대_매매_2025.csv|1959,urban_rural,10,4,5,1,0,4.0,4,74.18,1979.0,True,True,True,False,False,False
d369029058fe0eb91156bb9c322350dc7edbd6b81d46aebd89e2d441e738971c,우성빌라,서울특별시,강서구,화곡동,서울특별시_연립다세대_매매_2024.csv|8882,metro_gu,31,9,9,11,2,4.0,5,50.4,1997.0,True,True,True,True,True,False
d36cb2161bad6341c4f34863ea1cb1195185d9604c5c5ba04a273b7d75f7ae76,태양랜드(8-248),인천광역시,옹진군,영흥면,,gun,16,4,8,4,0,4.0,4,36.42,2015.0,True,True,True,False,False,False
d38861453e8a4c6c6f04d96ef0b99f8c967a7fb8e86e7a6dd572c79b7315056a,명성원룸,부산광역시,영도구,봉래동2가,부산광역시_연립다세대_매매_2022.csv|5627,metro_gu,23,7,13,3,0,4.0,4,13.2,1990.0,True,True,True,True,False,False
d3b6039372e6490f47e011ec37a2f0cfe88d382272106eb46ef386e5ce721416,주원스카이,부산광역시,부산진구,전포동,부산광역시_연립다세대_매매_2023.csv|2923,metro_gu,33,8,17,8,0,4.0,4,21.84,2003.0,True,True,True,True,True,False
d40869819f70a0ead4d3aa3632a063d687c29a5c1311a5d8f96afbb8b0a3200e,다이알로그191,서울특별시,은평구,구산동,서울특별시_연립다세대_매매_2022.csv|31363,metro_gu,69,11,46,12,0,5.0,5,26.26,2021.0,True,True,True,True,True,True
d4bc036d9fb47c50494d8d480840ef90d7ad51e80ad6ffa9c12fa15046130270,하모니움,경상남도,통영시,용남면,,urban_rural,29,8,14,7,0,4.0,4,30.2116,2025.0,True,True,True,True,False,False
d4c630e3521ccad9c5e679311c9bc16565373a8fb37b181fa57b6f25b1b24726,에일린의뜰,경기도,수원시,영통구,경기도_연립다세대_매매_2025.csv|22260,cap_city,26,11,10,5,0,4.0,4,134.5081,2012.0,True,True,True,True,False,False
d5015c5d81b42885e826144ccd5a7bba0a60921eb78b5263e1a5f55828055b5c,희망주택다라동,경기도,오산시,오산동,경기도_연립다세대_매매_2025.csv|17487,cap_city,11,3,6,2,0,4.0,3,61.38,1986.0,True,True,True,False,False,False
d650d87637ce2ff6592ab66312a082f2bef9d4a72024833299b9428325b0f27f,"삼성맨션(1,2동)",강원특별자치도,철원군,갈말읍,강원특별자치도_연립다세대_매매_2025.csv|856,gun,32,9,16,7,0,4.0,4,36.32,1993.0,True,True,True,True,True,False
d6d9c86abd4c391df7f4dd6348bc39c9f4160de30eb362b29f07146340f7743e,"신남파크빌1동,2동",강원특별자치도,인제군,남면,강원특별자치도_연립다세대_매매_2024.csv|661,gun,21,7,9,5,0,4.0,4,64.8,2020.0,True,True,True,True,False,False
d6f5edbd8e5c4b9ede31bfb7f790528413385cc2e1837ef5821c51c88ed7773a,대림르첸시아(106동),경기도,용인시,처인구,경기도_연립다세대_매매_2025.csv|22604,cap_city,10,3,4,3,0,4.0,4,46.47,2019.0,True,True,True,False,False,False
d70467886aa31dc76bb3876486be30c937cd3a038be3c41d70fb1f42cc6a3159,석정아트빌라C,충청남도,아산시,염치읍,충청남도_연립다세대_매매_2022.csv|1331,urban_rural,11,3,5,3,0,4.0,4,51.16,1993.0,True,True,True,False,False,False
d72fd2a1f9d7942ed934dfb96f35de79bf191c0464879b788600649401ecc39c,삼진동산빌리지,충청북도,청주시,상당구,충청북도_연립다세대_매매_2025.csv|1198,urban_rural,19,7,8,4,0,4.0,4,121.59,1998.0,True,True,True,False,False,False
d76ccae45e88b502965e3c5b36c60b211ec24ab100d80f39b388b2b6cc641f1e,도두골든빌리지,제주특별자치도,제주시,도두일동,제주특별자치도_연립다세대_매매_2025.csv|2091,urban_rural,12,6,3,3,0,4.0,4,76.2296,2016.0,True,True,True,False,False,False
d78ebad402ea6662175092ab3d2206aa2c2e8a7a938bbd1c5b20a8e940f24524,오르비제빌리지1캐슬2동,경기도,동두천시,보산동,경기도_연립다세대_매매_2024.csv|19149,cap_city,10,3,5,2,0,4.0,4,69.79249999999999,2022.0,True,True,True,False,False,False
d7b00ea7a716b2723bfbe908e9fd88b572cca341763af05b458f88bfa4d95000,에코그린빌7차,제주특별자치도,제주시,오라삼동,제주특별자치도_연립다세대_매매_2023.csv|955,urban_rural,10,4,3,3,0,4.0,4,67.17,2016.0,True,True,True,False,False,False
d7d01b0a768c51b6e8fb20a2d90e5958e259dc6d01e71c4a83dc6abaeff68fad,공단,경기도,안성시,신건지동,경기도_연립다세대_매매_2025.csv|24332,cap_city,32,11,9,12,0,4.0,4,33.88,1993.0,True,True,True,True,True,False
d820419278a6965f02f30e23df7d31c7751d88f6734263dbcf07417cfcb09401,SH뷰,울산광역시,울주군,삼남읍,울산광역시_연립다세대_매매_2024.csv|154,gun,11,3,4,4,0,4.0,4,68.61,2016.0,True,True,True,False,False,False
d84457a9852ddabec51f824cbf010a179a3691408f472d0832d98cdbce7dc697,동경빌리지(104~106동),충청북도,진천군,덕산읍,충청북도_연립다세대_매매_2024.csv|954,gun,12,3,5,4,0,4.0,4,72.425,2018.0,True,True,True,False,False,False
d8a11492bd40082e2ea27ce6cbb30ef5d25233cd1de81abac2b8a5a1f5cf8d8c,엘반,서울특별시,광진구,중곡동,,metro_gu,18,5,10,3,0,4.0,4,29.91,2026.0,True,True,True,False,False,False
d990e17ee72cdc9e80f30ea5aef5b804ed6ffab4452d4c3a17cfd92825f9f491,더힐스,경기도,구리시,수택동,경기도_연립다세대_매매_2024.csv|2807,cap_city,10,3,6,1,0,4.0,4,39.36,2018.0,True,True,True,False,False,False
d9bd1619bb183efc703bc85d5e294e3fe5ee1205f9967d1e3fa93b519d1329ef,희성맨션,경기도,평택시,합정동,경기도_연립다세대_매매_2024.csv|20303,cap_city,10,4,4,2,0,4.0,4,44.644999999999996,2003.0,True,True,True,False,False,False
d9ee243f9254c6849f1917523993e3b13562ade3a9df8d55c1d6b0556151bdcf,함덕천마에버하임1차,제주특별자치도,제주시,조천읍,제주특별자치도_연립다세대_매매_2025.csv|2100,urban_rural,12,3,8,1,0,4.0,4,50.04,2019.0,True,True,True,False,False,False
da27024fd840bbffdd0c96b81200d712556b1090f419893ae2541a6876c0f89d,"제일빌리지(A,B,C,D동)",제주특별자치도,제주시,애월읍,제주특별자치도_연립다세대_매매_2025.csv|2213,urban_rural,34,7,17,10,0,4.0,4,35.321,2001.0,True,True,True,True,True,False
da6b12f5d406937c1a9b5d5a2c378cef8e4c0f263f634ae0958599fc84e19744,라피아노스위첸양주옥정1단지,경기도,양주시,옥정동,,cap_city,68,31,29,8,0,4.0,3,84.4207,2024.0,True,True,True,True,True,True
daa9aae883b148177c831bdbcfe9fcdeb1c70a9d3df54a590110100c5b3b2e1c,평택소사벌해링턴코트,경기도,평택시,죽백동,경기도_연립다세대_매매_2025.csv|25253,cap_city,76,22,36,18,0,4.0,4,84.97,2019.0,True,True,True,True,True,True
dab0c9447eba0b89fc4b5bc08890d6f529163ee10193e6b46cb7b391fed59d1e,사비하우스,충청남도,부여군,부여읍,충청남도_연립다세대_매매_2022.csv|1540,gun,18,3,10,5,0,4.0,4,25.945,2012.0,True,True,True,False,False,False
daed0e73c4109ebd900d8602e7c4c88f698a4396d02279eb2a54a7c87bfcba7e,에셀파크빌Ⅱ,서울특별시,관악구,신림동,서울특별시_연립다세대_매매_2022.csv|9570,metro_gu,23,6,14,3,0,5.0,5,27.98,2018.0,True,True,True,True,False,False
daf0983531c5d34d07298667f00ea73a4e76a27c1e53f5a1d8a4bfc54fbbccb3,성저마을(건영13),경기도,고양시,일산서구,경기도_연립다세대_매매_2025.csv|23596,cap_city,20,6,8,6,0,4.0,4,84.84,1996.0,True,True,True,True,False,False
daf494e78a208596001dad910b830a2ad45c5e895155d4db9184c8b478c587e3,우림필유타운하우스,경기도,화성시,동탄구,경기도_연립다세대_매매_2025.csv|25381,cap_city,65,3,55,7,0,5.0,5,84.9379,2008.0,True,True,True,True,True,True
db0fa541c591ae7ef55098a59fed6df94f9824db4d6969c55c075bc66dd779a8,영평휴스토리,제주특별자치도,제주시,영평동,제주특별자치도_연립다세대_매매_2024.csv|63,urban_rural,10,3,6,1,0,4.0,4,48.654,2017.0,True,True,True,False,False,False
db33073a08ab69d7e05e410a6e30bdc531e1611371e5e3da02d81f15ace2f65a,신동아백합주택,전북특별자치도,전주시,완산구,전북특별자치도_연립다세대_매매_2024.csv|511,urban_rural,19,6,9,4,0,4.0,4,28.08,1997.0,True,True,True,False,False,False
db52178cbb00408415457f7e7d713817069b0e25db76f1109cb42b772d3b4bd4,화이트주택,인천광역시,서해구,신현동,,metro_gu,19,5,10,4,0,4.0,4,24.38,2001.0,True,True,True,False,False,False
db5f1f0a3a3068f58a7dae27172c1a7c8ba01a8f84e1084542a4cf5c05ecd19f,방선문6차빌리지,제주특별자치도,제주시,아라일동,제주특별자치도_연립다세대_매매_2023.csv|1965,urban_rural,10,4,5,1,0,4.0,4,84.3,2017.0,True,True,True,False,False,False
db94e05c35f6ef9f024199e9976aeb64e4538696de1962c22bb70f5329b71ff4,명동,부산광역시,수영구,남천동,부산광역시_연립다세대_매매_2021.csv|2317,metro_gu,19,5,10,4,0,4.0,4,62.28,1982.0,True,True,True,False,False,False
dc5f15cc5b8cc13bede1f1456e4513095136f582ae4f745f2da9b06d88d44f92,광교파크자이더테라스,경기도,수원시,영통구,경기도_연립다세대_매매_2025.csv|26159,cap_city,37,14,13,10,0,4.0,4,84.9949,2017.0,True,True,True,True,True,False
dcb4bcf9204170101777b5231b15bebe072cc7ebd26c0754a540ec45cf20f27d,대산,충청남도,예산군,예산읍,충청남도_연립다세대_매매_2025.csv|1430,gun,25,7,13,5,0,4.0,4,54.55,1992.0,True,True,True,True,False,False
dccafb4d8443edb9da8a3c7b0409c73707074ab81a881da51c7565987c6f067f,(486-6),경기도,안산시,상록구,경기도_연립다세대_매매_2023.csv|1082,cap_city,14,3,10,1,0,4.0,4,15.15,2011.0,True,True,True,False,False,False
dceddbe2ded6297a2685fea3e00a0d9356e3f329cb8e836e7fcabffc06ae460d,더팰리스스위트(A동),경기도,평택시,신장동,경기도_연립다세대_매매_2025.csv|20644,cap_city,10,4,4,2,0,4.0,3,54.94,2011.0,True,True,True,False,False,False
dd0ae383c5993bfb6adee5e7f6978eeb81d6d4f624c0275068e0697073c8b172,(816-4),경기도,안산시,단원구,경기도_연립다세대_매매_2023.csv|2602,cap_city,25,4,16,5,0,4.0,4,14.55,2013.0,True,True,True,True,False,False
dd2ed5bd3f051ccb23ab59cd9e7e6870d4b07a93ac134bb707d34c2b70deb324,더몽베르,서울특별시,송파구,송파동,,metro_gu,10,4,5,1,0,4.0,4,28.35,2018.0,True,True,True,False,False,False
dd675f55d524610d2228fa7be26c639f5aa9f6b7ce3eae132867173cc9f8de52,오하임타운하우스,제주특별자치도,제주시,오라이동,제주특별자치도_연립다세대_매매_2024.csv|1183,urban_rural,12,5,4,3,0,4.0,4,84.6075,2016.0,True,True,True,False,False,False
dd9a7fd18d8eb06d652f323b252554d97792740818e6cebe5023dd0e016f2af6,아이비캐슬,서울특별시,양천구,목동,서울특별시_연립다세대_매매_2025.csv|25543,metro_gu,12,3,7,2,0,4.0,4,25.48,2016.0,True,True,True,False,False,False
dda0d36a79909da4174fd85ebfb7da4a29afb850394ab54619b4052b1dd54b99,우정빌라(128-28),대전광역시,대덕구,비래동,대전광역시_연립다세대_매매_2025.csv|1299,metro_gu,11,5,5,1,0,4.0,4,39.21,1993.0,True,True,True,False,False,False
ddb068686bdc22b0ac3c0fa6c09ce2533ef162efaddcc6ef25925de157bb6dcf,산호주택101동,전남광주통합특별시,영암군,삼호읍,,gun,17,5,8,4,0,4.0,4,28.47,1997.0,True,True,True,False,False,False
ddec2297ffd8ec065487fb53a740302ea33a0ed53fa65b7c33d9226c1a8891e1,우성에비뉴,경기도,용인시,기흥구,경기도_연립다세대_매매_2025.csv|25838,cap_city,29,3,16,10,0,4.0,4,59.99,2007.0,True,True,True,True,False,False
de3c6e39e39223433cb45c007644b97f8d4e0194dd28297555e3186dbb4c3287,대보주택,전남광주통합특별시,해남군,해남읍,,gun,18,4,8,6,0,4.0,4,36.0,1995.0,True,True,True,False,False,False
de5c59a5e622924311198677c1c3f7788595c4b31dd43f519e2b0b266e28f990,금강빌리지,전남광주통합특별시,해남군,해남읍,,gun,19,5,9,5,0,4.0,4,84.2906,2020.0,True,True,True,False,False,False
de78489e7a3d6e2598abf1426b2d6229844ab53507cedc43ab469930cb70041f,이레빌,경기도,오산시,양산동,,cap_city,18,4,10,4,0,4.0,4,14.22,2013.0,True,True,True,False,False,False
dea9f16ddcb140ee820b9fe8995e286cc019140608e45b8fa31961408858663d,서리풀화서빌리지,경기도,수원시,팔달구,경기도_연립다세대_매매_2022.csv|3009,cap_city,28,7,14,7,0,4.0,4,68.49,2022.0,True,True,True,True,False,False
deef252cf50e49835c86a17ce75067569f2503afbe9eb54a358969990c1b8f86,리버데일,경기도,남양주시,화도읍,경기도_연립다세대_매매_2024.csv|20743,cap_city,10,3,6,1,0,4.0,4,199.06,2007.0,True,True,True,False,False,False
df3119fdfc0d1f6c24f13fd071934ced79705c1627bfdd61322e2255d8964c2d,성도빌라,인천광역시,제물포구,도원동,,metro_gu,11,4,4,3,0,4.0,4,36.7,1997.0,True,True,True,False,False,False
df31e6d2eee225598f293e1c61a185b2ca906f26705b4582a329ee5f822bfe1f,속초테르바움,강원특별자치도,속초시,노학동,강원특별자치도_연립다세대_매매_2025.csv|796,prov_city,23,3,11,5,4,4.0,5,74.9363,2020.0,True,True,True,True,False,False
df57ff6799c4392042e30a68eb374b70939affb5ec8d498d82f2211be09c2415,오성스위트빌,제주특별자치도,제주시,도남동,제주특별자치도_연립다세대_매매_2025.csv|2013,urban_rural,15,5,7,1,2,4.0,5,47.82,2016.0,True,True,True,False,False,False
df5b65ec8771b0ff2892708680fb2ff37ac0c7e619e02a3c3cc783659aba65c9,양지마을5,경기도,고양시,일산동구,경기도_연립다세대_매매_2025.csv|24427,cap_city,22,8,6,8,0,4.0,4,84.41499999999999,1996.0,True,True,True,True,False,False
dfc2b0fc2c5a026a7ed0bdca5aca67b55fb7e072613bcb51063466a48de371f5,가나안,경기도,안성시,대덕면,경기도_연립다세대_매매_2025.csv|24569,cap_city,72,22,35,15,0,4.0,4,24.9,2001.0,True,True,True,True,True,True
e039d1279c79041307d651131bdbea41207d262b22c41e562616d1e70a65f1b4,넝쿨,울산광역시,남구,신정동,울산광역시_연립다세대_매매_2024.csv|477,metro_gu,13,4,6,3,0,4.0,4,62.31,1979.0,True,True,True,False,False,False
e0babddd9895bdc9af0f2bf0e6c962e6e3c47f7f1f380d2b4da3006abbc0fc1a,벧엘타운,경기도,안산시,상록구,경기도_연립다세대_매매_2025.csv|23434,cap_city,17,5,10,2,0,4.0,4,21.08,2002.0,True,True,True,False,False,False
e0c6e6515e2347ea9a00bbf61ea25a2ba24c910ea75c7c57abde012f8882cbad,동성아트빌2차,경기도,양주시,광적면,경기도_연립다세대_매매_2023.csv|10724,cap_city,16,4,8,4,0,4.0,4,33.99,2013.0,True,True,True,False,False,False
e18a1f0387b7a142982a1a582b11654e833b83db94ad7c0f51d27405165011d7,(526-8),경기도,안산시,상록구,경기도_연립다세대_매매_2025.csv|25950,cap_city,11,3,6,2,0,4.0,4,50.91,2001.0,True,True,True,False,False,False
e19a7c14548c8a135674dd080f1de2cce69163691672ca4bd5c34811763ba122,그린원룸B동,경상남도,양산시,북정동,경상남도_연립다세대_매매_2023.csv|817,urban_rural,14,4,8,2,0,4.0,4,20.65,2002.0,True,True,True,False,False,False
e1c74e6a5ba0ff8a89f883b6d8fb15f00dc0bee5e617211e59bf4711422a4a33,연동타운,제주특별자치도,제주시,연동,제주특별자치도_연립다세대_매매_2025.csv|1347,urban_rural,13,4,8,1,0,4.0,4,17.12,2011.0,True,True,True,False,False,False
e215f37fbe122d02cdd53b0a125c674bd33cc644e712a616d47292bfff4e1a70,금빛마을(109동),경기도,이천시,대월면,경기도_연립다세대_매매_2024.csv|6206,cap_city,15,4,6,5,0,4.0,4,45.83,2016.0,True,True,True,False,False,False
e22894d0ca5d93fbd557e835070489a9f5babffcc39585821ec3ed8d7bf9a696,해오름주택,경기도,안산시,상록구,경기도_연립다세대_매매_2024.csv|15517,cap_city,24,5,16,3,0,4.0,4,31.195,2013.5,True,True,True,True,False,False
e2328914b98aac53a26e7c62f3a766d320d6255e7f647649c80018447d724913,동원스위트신당,서울특별시,중구,신당동,서울특별시_연립다세대_매매_2025.csv|33448,metro_gu,13,3,6,4,0,5.0,5,27.68,2019.0,True,True,True,False,False,False
e25f2bb4be71ace7840fa8d5e8bc2cece6150c87eac3556e75eaeca9f40cde74,그린오피스빌,전북특별자치도,전주시,완산구,전북특별자치도_연립다세대_매매_2024.csv|892,urban_rural,19,5,10,4,0,4.0,4,29.68,2002.0,True,True,True,False,False,False
e2854932dffd26060c7da39ddb0e3a5c5108586cd1b81cfa8edfaef0eade525c,남광하우스토리,경기도,용인시,기흥구,경기도_연립다세대_매매_2025.csv|21207,cap_city,23,4,16,3,0,4.0,4,172.51,2007.0,True,True,True,True,False,False
e2e6207917d8c534f8b2db033fc57c560ada0cc0000595ffc1fdc0249ca6315a,한양수자인아르디에,인천광역시,남동구,논현동,,metro_gu,49,12,27,10,0,4.0,4,65.0016,2017.0,True,True,True,True,True,False
e30868e741626b3773555a751c4da1a5397d77e8170e893cd40a23514c9b597f,로얄포레,제주특별자치도,서귀포시,대정읍,제주특별자치도_연립다세대_매매_2025.csv|1197,urban_rural,21,5,12,4,0,4.0,4,62.7639,2020.0,True,True,True,True,False,False
e38f0f1f63c5560709350a35137010c9334c7e6c67cebec8e9050cec2f677c5c,초석씨엘하우징(36-19),서울특별시,강남구,삼성동,서울특별시_연립다세대_매매_2023.csv|15069,metro_gu,12,4,6,1,1,4.0,5,34.32,2002.0,True,True,True,False,False,False
e4294fa83b46f49564bf01e2aeab5bff3dd4d76ace82c936838a5934df4fe1a8,레인보우,전북특별자치도,전주시,덕진구,전북특별자치도_연립다세대_매매_2024.csv|814,urban_rural,19,4,8,3,4,4.0,5,30.55,2001.0,True,True,True,False,False,False
e4960bd7a449c9f833d5dc17e2d15b60d5d1d509309469325629a512c0ec113e,목련연립,전남광주통합특별시,광양시,금호동,,urban_rural,174,52,112,10,0,4.0,4,55.71,1988.0,True,True,True,True,True,True
e4b173693420fd505450b9778006d65573c2a12b6148ed7df73d83b376b69fcf,대정반석타운,제주특별자치도,서귀포시,대정읍,제주특별자치도_연립다세대_매매_2025.csv|2290,urban_rural,19,5,8,6,0,4.0,4,39.9825,1999.0,True,True,True,False,False,False
e4f222956c4bc5d9029037000f1a2d0cd3b22a2495e13b785517267db197d54d,영풍빌라,경기도,광명시,철산동,경기도_연립다세대_매매_2025.csv|25743,cap_city,25,8,11,6,0,4.0,4,76.92,1993.0,True,True,True,True,False,False
e54f43359b1467eb04d27e29bd42b759245624c86bca9bbeef39ad8e35728009,"스마트빌A,B동",경기도,파주시,파주읍,경기도_연립다세대_매매_2024.csv|24960,cap_city,13,3,9,1,0,4.0,4,62.01,2021.0,True,True,True,False,False,False
e5ff9d338fb5dc6df6e59d6b7c1d7182a4cdc6797bc8583acca9407fc419459a,남원반석타운,제주특별자치도,서귀포시,남원읍,제주특별자치도_연립다세대_매매_2025.csv|2309,urban_rural,16,3,9,4,0,4.0,4,59.5454,2001.0,True,True,True,False,False,False
e64487f504d3470cf1c975b35c60cd74c0a47312547b9572f056b2aec71e5217,명성,경기도,포천시,소흘읍,경기도_연립다세대_매매_2025.csv|15992,cap_city,17,5,10,2,0,4.0,4,59.37,1986.0,True,True,True,False,False,False
e6d5a12ce1dc66aa96d35593e98f5d354d54b6b92b6250f8af6f2f9f3cb6b858,리치타운,경기도,남양주시,진접읍,경기도_연립다세대_매매_2025.csv|25105,cap_city,17,11,5,1,0,4.0,3,58.74,2014.0,True,True,True,False,False,False
e6f911d60f6080f5d0efb81385c2d4904dbb2bc17ac131d9755f85205f58e1eb,하이디울산바위(하늘동),강원특별자치도,속초시,노학동,강원특별자치도_연립다세대_매매_2025.csv|984,prov_city,13,3,8,2,0,4.0,4,46.873,2017.0,True,True,True,False,False,False
e71f34876d492a30336635bf1cae04074e4f3262abca383cede28af5da53f125,설용빌라,경기도,화성시,효행구,경기도_연립다세대_매매_2021.csv|15033,cap_city,13,3,4,3,3,4.0,5,59.82,1994.0,True,True,True,False,False,False
e734f3349244f989e1ae2bed5052ab74eedc8f53409fad7893bea40a13d0718b,목련마을자영빌라,경기도,성남시,분당구,경기도_연립다세대_매매_2025.csv|26016,cap_city,27,5,14,8,0,4.0,4,57.975,1994.0,True,True,True,True,False,False
e7394c1fc4eb73d872f1e35e083fccb0169ce5a159d2a06527005d47fbb96ff7,혜성무지개타운,제주특별자치도,제주시,이도이동,제주특별자치도_연립다세대_매매_2025.csv|2328,urban_rural,29,12,12,5,0,4.0,4,49.53,1995.0,True,True,True,True,False,False
e750294e5c75a2122aa7ff52b87f36d4b782ff1886b03d0b550e7184c3b26a13,에이스,경상북도,포항시,북구,경상북도_연립다세대_매매_2025.csv|1499,urban_rural,52,12,38,2,0,5.0,5,44.2,1978.0,True,True,True,True,True,True
e77a138b4f36b01ac104f086d61b63660c65db6d97ac76c8775bae2e11912902,장안타운(건영)951,경기도,성남시,분당구,경기도_연립다세대_매매_2025.csv|25334,cap_city,18,7,6,5,0,4.0,4,84.82,1995.0,True,True,True,False,False,False
e77beb05eb1a93113ab1a7a6d05da94e98f126aae5108ac621c56fd9dee338e5,목련빌라,경상북도,상주시,무양동,경상북도_연립다세대_매매_2024.csv|564,urban_rural,17,4,10,3,0,4.0,4,24.75,1994.0,True,True,True,False,False,False
e7b441de6d9f1711341b5279e2188b158ff33806910afb6ec14489867ffc2e9d,지석빌라트,충청남도,당진시,채운동,충청남도_연립다세대_매매_2024.csv|828,urban_rural,13,5,5,3,0,4.0,4,59.93,2000.0,True,True,True,False,False,False
e7dc204eace628e1d4a4d5d4d8625c6d72c04e827b8d4848ee370265f88ca845,YM프라젠하우스,경기도,평택시,비전동,경기도_연립다세대_매매_2025.csv|26134,cap_city,12,3,7,2,0,4.0,4,84.979,2009.0,True,True,True,False,False,False
e7e65819ece6378aebaf0591c8d9639a3d78c8e5196f86c4ca94051ec70503f5,휴스토리애월,제주특별자치도,제주시,애월읍,제주특별자치도_연립다세대_매매_2024.csv|1370,urban_rural,12,4,6,2,0,4.0,4,61.46,2018.0,True,True,True,False,False,False
e8037ce39cfed2ae165b48fafe553e9c12b7aec226d6fdda04120128b3d875e4,"대삼주택1,2,3,5동",경기도,연천군,전곡읍,경기도_연립다세대_매매_2025.csv|24673,gun,29,4,21,4,0,5.0,5,59.89,1990.0,True,True,True,True,False,False
e81783c64b2e2c4d6761da15687c9a49ffa42bfa1eed777c93fd5c7c48804ca1,파크빌라,제주특별자치도,제주시,삼도일동,제주특별자치도_연립다세대_매매_2025.csv|1442,urban_rural,15,3,8,4,0,4.0,4,30.4,2003.0,True,True,True,False,False,False
e8d35326f5ed8d3a90c952cf240e3e6d5c39f5f307586546e8539d8377dec39e,(474-8),부산광역시,동래구,온천동,부산광역시_연립다세대_매매_2022.csv|4520,metro_gu,17,3,10,4,0,4.0,4,24.12,2001.0,True,True,True,False,False,False
e8e252e9b0855a8d8b5d52910e90b35415b6e7e911c62dfd28023a52929ab04f,공단,충청북도,단양군,대강면,충청북도_연립다세대_매매_2022.csv|1876,gun,17,4,9,4,0,4.0,4,44.33,1994.0,True,True,True,False,False,False
e94617804cbef46544cf39cae6d7196d44d13cb52d5e8603f2e172bf2d8ea97e,"라피네101동,102동",경기도,고양시,덕양구,경기도_연립다세대_매매_2025.csv|24823,cap_city,12,5,3,4,0,4.0,4,53.75,2022.0,True,True,True,False,False,False
e9570a9b17b546c94d714ac6748caf5c4ba69399ddd52878bcef3ce06aa0912c,"신화빌라(13,14동)",인천광역시,계양구,효성동,,metro_gu,11,3,4,3,1,4.0,4,36.48,1991.0,True,True,True,False,False,False
e9786a140bb818d0d6c285c0e60fdbde02dba7196b67bceab4d1df67d44209c0,수지빌라,경기도,용인시,수지구,경기도_연립다세대_매매_2025.csv|16859,cap_city,10,4,4,2,0,4.0,4,53.2,2013.0,True,True,True,False,False,False
e9c56a3d070504516d6b27021e4fc3c0da05aff2b75780d2903b3e7aafde4712,태광101동,전남광주통합특별시,동구,계림동,,metro_gu,19,4,10,5,0,4.0,4,15.81,2002.0,True,True,True,False,False,False
e9e3edf37b4d1ec97b66c52715de767e5b846eaf1e901447274b278f18e03856,라메르뷰,제주특별자치도,서귀포시,남원읍,제주특별자치도_연립다세대_매매_2024.csv|482,urban_rural,11,5,5,1,0,4.0,4,80.84,2018.0,True,True,True,False,False,False
e9e4e86a70bde1a0b438c4a90b0dd510dc4e78fa908a126cb794a1a6dab9ef48,동산마을화성파크드림PATIO(2401동-2416동),경기도,고양시,덕양구,경기도_연립다세대_매매_2025.csv|26133,cap_city,82,18,43,21,0,4.0,4,59.9978,2016.0,True,True,True,True,True,True
ea0e4908ba797614a752d53c92cf3e1e6d76a761bf2e3f9485e829780990e18e,삼보빌라,경기도,성남시,중원구,경기도_연립다세대_매매_2023.csv|9440,cap_city,10,3,4,3,0,4.0,4,45.24,1995.0,True,True,True,False,False,False
ea701632d0dc7204580360b385254d5280e51f5902b65140b59aecfaba3f60b2,월평휴스토리,제주특별자치도,제주시,월평동,제주특별자치도_연립다세대_매매_2023.csv|2139,urban_rural,12,3,7,2,0,4.0,4,80.54,2022.0,True,True,True,False,False,False
eae96f4814a17a855b318b6a4f82dbd7e124afcb96c605df04bed5e344421e5f,코스모스,서울특별시,구로구,고척동,서울특별시_연립다세대_매매_2023.csv|3605,metro_gu,13,3,7,3,0,4.0,4,26.61,2018.0,True,True,True,False,False,False
eafabc9e2ba3cd744afe499c1b0eb85163313b3f21179f974e0b6c9c69d28402,로즈웰,충청북도,청주시,상당구,충청북도_연립다세대_매매_2025.csv|968,urban_rural,27,5,14,8,0,4.0,4,59.2093,2012.0,True,True,True,True,False,False
eb052daf5e412c93fa8f20cd9f5ffcaac50c10d3ba598f7d3198d208d460dfdb,광명빌라학익4차,인천광역시,미추홀구,학익동,,metro_gu,12,4,6,2,0,4.0,4,34.45,1996.0,True,True,True,False,False,False
eb123f41d7aaf8efd357c67be0ca8bf76b81d7a6645bca4c42e12b3db85d4cbb,(2308-0),충청북도,청주시,흥덕구,충청북도_연립다세대_매매_2025.csv|1263,urban_rural,15,4,9,2,0,4.0,4,66.27,2015.0,True,True,True,False,False,False
eb1f81ecb447f20b8da56533660e09e510fb90f224bcd6357bad5d89cd02470b,해마루빌,경상북도,영덕군,강구면,경상북도_연립다세대_매매_2025.csv|1896,gun,12,3,7,2,0,4.0,4,84.682,2017.0,True,True,True,False,False,False
ebce6219c73cb4dc1db08fa60d8aca557809920b18f2820c84f3cf9f30d607d0,나로도스카이캐슬,전남광주통합특별시,고흥군,봉래면,,gun,10,5,3,2,0,4.0,3,68.265,2022.0,True,True,True,False,False,False
ec01e54c118a107077a66cde42c99d4db40713c896a05689d23f73b52729ac04,청화빌리지(192-1),서울특별시,구로구,궁동,서울특별시_연립다세대_매매_2021.csv|15828,metro_gu,18,6,8,2,2,4.0,5,47.97,1996.0,True,True,True,False,False,False
ec121c06f520f63f590400b575bd5f4fa73689a399bdf705cd89b798c9355739,영성빌,경기도,안산시,단원구,경기도_연립다세대_매매_2024.csv|11481,cap_city,10,3,6,1,0,4.0,4,33.625,2014.0,True,True,True,False,False,False
ec1c438c0e482f6c235123f9846e1e45c807a87a8d998db8e8ac1ec164c63943,대호타운7차,경기도,오산시,갈곶동,경기도_연립다세대_매매_2025.csv|23045,cap_city,25,3,15,7,0,4.0,4,47.66,2023.0,True,True,True,True,False,False
ec745dc41a9ce0cdee00bcc929334318ae43c70567cff584842fb0d4dc2d5543,수정(1170-1),부산광역시,동구,수정동,부산광역시_연립다세대_매매_2025.csv|2850,metro_gu,15,7,5,3,0,4.0,4,36.36,1962.0,True,True,True,False,False,False
ecbdd9c4de6a074020eb79ccd5b08736c76cb93ec97199be34cf73db7988c9db,청암타운,대구광역시,북구,읍내동,대구광역시_연립다세대_매매_2025.csv|812,metro_gu,17,7,6,4,0,4.0,4,84.91,1992.0,True,True,True,False,False,False
ed14b154ce2c0e266967921fdc23ba0a07b78151f48f36d446eb04d572f5c278,(544-8),경기도,용인시,처인구,경기도_연립다세대_매매_2023.csv|11720,cap_city,16,4,8,4,0,4.0,4,27.68,2023.0,True,True,True,False,False,False
ed14bbd993842baff9e978e7689a2fb6b726b13b01648c170224ee36e6cc060a,(1193-8),경기도,시흥시,정왕동,경기도_연립다세대_매매_2022.csv|6296,cap_city,19,3,12,4,0,4.0,4,14.244,2012.0,True,True,True,False,False,False
ed446e567e4c105d5de1cd12c9185fcf336a91be3248a90701c30416b37123f8,수정(1187-2),부산광역시,동구,수정동,부산광역시_연립다세대_매매_2025.csv|3989,metro_gu,13,4,7,2,0,4.0,4,36.36,1969.0,True,True,True,False,False,False
ed9443cdc1f831538b4c616de7cfbcaf0d0fa0e9f85ab011a67d9ef330fe0e42,덕정힐하우스,경기도,양주시,고암동,경기도_연립다세대_매매_2023.csv|19644,cap_city,10,4,5,1,0,4.0,4,25.044,2017.0,True,True,True,False,False,False
ee60980c57af0634b8e881fb9fcd20f2cf75cf45d42920cbec4edb16172e8bf4,신화주택,인천광역시,남동구,만수동,,metro_gu,12,3,4,3,2,4.0,5,36.61,2000.0,True,True,True,False,False,False
eebb972054850961e29c20433ff02055cc7e790676d1aba10088b7048642fa4c,리버힐,제주특별자치도,제주시,화북이동,제주특별자치도_연립다세대_매매_2023.csv|600,urban_rural,10,3,4,3,0,4.0,4,78.99,2017.0,True,True,True,False,False,False
ef948a1b746c29efcf8830589cd1792d4c7f5fe147a49109d36fdb615f1b70b0,"한신타운(가,나)",경상북도,포항시,남구,경상북도_연립다세대_매매_2025.csv|1225,urban_rural,14,3,7,4,0,4.0,4,62.37,1984.0,True,True,True,False,False,False
efa489972a2e028252dcbb88735a52ae3a68097b72919ac430b134c0ebddf8e3,영일빌리지,제주특별자치도,제주시,우도면,제주특별자치도_연립다세대_매매_2024.csv|7,urban_rural,11,3,6,2,0,4.0,4,45.4941,2023.0,True,True,True,False,False,False
efac78ac068851ee8f453e17e723519d12cf964c549423e75374eb0955af4da9,럭스포레타운빌,경기도,포천시,가산면,경기도_연립다세대_매매_2025.csv|25374,cap_city,20,11,6,3,0,4.0,4,68.57,2024.0,True,True,True,True,False,False
efe0f851cf1dfba99665629fb14be79effc26f2397acc7b328704f0889bbd714,에코빌1동2동3동,경기도,파주시,문발동,경기도_연립다세대_매매_2024.csv|22601,cap_city,14,3,8,3,0,4.0,4,52.529,2018.0,True,True,True,False,False,False
f02d23d3d2c8c4e4c3053c5274447f207ff5a7fdb041ce19d5126a0fb22a5903,삼성,인천광역시,미추홀구,주안동,,metro_gu,21,5,13,3,0,5.0,4,41.665,1991.0,True,True,True,True,False,False
f088b372afdabedcd9d6ede7d42b55941bd10341546d08b3276546acb1828e2d,녹원빌라,경기도,안산시,상록구,경기도_연립다세대_매매_2025.csv|22786,cap_city,19,6,11,2,0,4.0,4,18.88,2003.0,True,True,True,False,False,False
f0bb491d9962d221bb6780bfeabb7b940f8d5c5675e0d60c00b424f84032128b,에스케이,부산광역시,남구,대연동,부산광역시_연립다세대_매매_2023.csv|73,metro_gu,12,4,5,3,0,4.0,4,39.55,2003.0,True,True,True,False,False,False
f0f3c27e60369768685f0045eb72f505cee1da6af39690aa02a99d2396a8ccc8,대우주택2동,대전광역시,대덕구,비래동,대전광역시_연립다세대_매매_2025.csv|933,metro_gu,10,3,3,4,0,4.0,4,59.95,1997.0,True,True,True,False,False,False
f14529661a6f75e108bd19c240180b5e4c46e4227029b813ea23ce874ee491a5,대상다려마을,제주특별자치도,제주시,조천읍,제주특별자치도_연립다세대_매매_2025.csv|1794,urban_rural,22,6,12,4,0,4.0,4,34.8,1999.0,True,True,True,True,False,False
f1c3b78030fe6cd8baaf5d8260072c86ea945289f786c7dde9a0ef7e18b35236,태양랜드(8-198),인천광역시,옹진군,영흥면,,gun,20,5,10,5,0,4.0,4,36.42,2015.0,True,True,True,True,False,False
f207a483e0c2b02509bc3b07bf70573cb57baccf0c3672d334c70df99199318e,더팰리스스위트103동,경기도,평택시,지산동,경기도_연립다세대_매매_2025.csv|20527,cap_city,10,4,3,1,2,4.0,5,84.4475,2015.0,True,True,True,False,False,False
f25d1283447e5f1a94ae367bff92dc39413f272fb37a34f91b5d995b7fd26903,강구여미지타운,경상북도,영덕군,강구면,경상북도_연립다세대_매매_2025.csv|1730,gun,19,4,8,7,0,4.0,4,84.5499,2004.0,True,True,True,False,False,False
f27324e0a44642e8b3f50ad8697655b3687cc19b9a63965e88eae170d9a132a2,(286-208),서울특별시,동대문구,휘경동,,metro_gu,10,4,5,1,0,4.0,4,14.774999999999999,2012.0,True,True,True,False,False,False
f2f7ce355eda0f069fc2b949cab985a968cd168350325e74d42e80826cf52923,(549-13),경기도,안산시,상록구,경기도_연립다세대_매매_2024.csv|16702,cap_city,15,4,8,3,0,4.0,4,26.74,2001.0,True,True,True,False,False,False
f30c674eac9b772c1f5ad95ec0e7b55a435575272a8c8c9785c61ff0f80946b7,(789-22),서울특별시,서초구,방배동,서울특별시_연립다세대_매매_2025.csv|33808,metro_gu,12,3,7,2,0,4.0,4,20.425,2012.0,True,True,True,False,False,False
f33aad7aa96bf69166f64c96cd34ef7130194b5a12d0049773eac580447234a5,청산빌라,경기도,부천시,소사구,경기도_연립다세대_매매_2025.csv|19905,cap_city,12,3,5,4,0,4.0,4,36.36,1994.0,True,True,True,False,False,False
f33b8ccd58d1caa638a04d711f382589a2eb190b6279a143269dd209755cd81b,한웅빌라,경기도,김포시,사우동,경기도_연립다세대_매매_2025.csv|21924,cap_city,10,4,5,1,0,4.0,4,26.125,2002.0,True,True,True,False,False,False
f3ec09ecbd1e29930834ab7a2dfc3f18e0d6fae164f152692e9b2e0fc5568d0f,로뎀하우스,충청남도,아산시,온천동,충청남도_연립다세대_매매_2021.csv|962,urban_rural,21,4,12,5,0,4.0,4,16.72,2011.0,True,True,True,True,False,False
f4271b99e24ca687c440e7b7d70e8f902a67c5ca75c0b010263d33296ef138ec,부원,경기도,안산시,상록구,경기도_연립다세대_매매_2025.csv|22442,cap_city,12,3,7,2,0,4.0,4,45.57,1990.0,True,True,True,False,False,False
f438b26dd59c7d86e750a44b618f649f409edea71258209916966bf7e0601362,신부일빌라,경기도,이천시,백사면,경기도_연립다세대_매매_2025.csv|25772,cap_city,10,4,5,1,0,4.0,3,51.32,1994.0,True,True,True,False,False,False
f440c15a71611dd4451208939ad91ba22618a23214e7a17b5d68bea5c87177a9,삼환,경기도,안산시,상록구,경기도_연립다세대_매매_2025.csv|24670,cap_city,14,5,6,3,0,4.0,4,59.79,1994.0,True,True,True,False,False,False
f464933f98adeedb6a7a43bb963b14ca2ac44ef57b8442532723bab3f27cae52,드메르힐스,부산광역시,사하구,다대동,부산광역시_연립다세대_매매_2023.csv|3651,metro_gu,19,3,13,3,0,4.0,4,23.28,1991.0,True,True,True,False,False,False
f4704b6755980624169bd02c225848d27dbb4c47b5b2d0fa00fbc88f58f1303a,"태화빌라가,나동",경기도,고양시,덕양구,경기도_연립다세대_매매_2024.csv|395,cap_city,13,5,4,3,1,4.0,5,47.43,1991.0,True,True,True,False,False,False
f4ec3b6493aa86931035e8e7fe616a504861ef44f43a66f1bcfd1b771f994d3d,(781-3),서울특별시,강남구,역삼동,서울특별시_연립다세대_매매_2022.csv|26238,metro_gu,10,3,4,1,2,4.0,5,59.465,2001.0,True,True,True,False,False,False
f5176af58b77237d85a1544ed0dde22c45c8b472f33a5615f8872e5e7a47d54b,제주조천코아루더테라스,제주특별자치도,제주시,조천읍,제주특별자치도_연립다세대_매매_2025.csv|1978,urban_rural,16,3,6,7,0,4.0,4,84.0772,2018.0,True,True,True,False,False,False
f54679bbabf7dbbc9095367f21d2b19155ce1099fa6b09846a73e892c3167c4a,아트힐타운하우스,울산광역시,북구,천곡동,울산광역시_연립다세대_매매_2023.csv|209,metro_gu,20,7,8,4,1,4.0,5,46.39,2018.0,True,True,True,True,False,False
f54be08273c238624e119bcc2f1b2adfd850c4064e133f34572c71b836e45abf,비발디캐슬(957-2),경상남도,거제시,연초면,경상남도_연립다세대_매매_2022.csv|1767,urban_rural,19,5,10,4,0,4.0,4,17.36,2009.0,True,True,True,False,False,False
f54d62d21002c57debde2f107b7d7028a12d335cb0c6c475fb58210a4fae4419,영남아트빌라(나동),인천광역시,미추홀구,학익동,,metro_gu,11,3,4,3,1,4.0,5,21.56,1995.0,True,True,True,False,False,False
f558dda61491d0c1bf208a492b4a28d3ed5fe5b92138fecabdaaa610755b241a,코너스톤,서울특별시,동작구,상도동,서울특별시_연립다세대_매매_2024.csv|8244,metro_gu,17,4,10,3,0,4.0,4,29.92,2019.0,True,True,True,False,False,False
f5b93a3484caf5f795fb081923958f52df0a932a4fb1cab31269565d76666d2d,(617-2),강원특별자치도,삼척시,원덕읍,강원특별자치도_연립다세대_매매_2025.csv|1161,urban_rural,37,5,23,9,0,4.0,4,38.69,2018.0,True,True,True,True,True,False
f5fd4d9679f40b8d132bfc9384a67426b713fb02aa268c273742f480e92e2b4b,더우리빌1차,경기도,남양주시,화도읍,경기도_연립다세대_매매_2025.csv|18007,cap_city,22,6,10,6,0,4.0,4,51.06,2018.0,True,True,True,True,False,False
f601bbaf2566ada1720afec28bccb15421ed728a0b2977ed75bee9b758a4ed3c,(507-6),경기도,안산시,상록구,경기도_연립다세대_매매_2021.csv|9557,cap_city,17,5,10,2,0,4.0,4,24.12,2002.0,True,True,True,False,False,False
f649a30326c54c72aad5e4b458a082964248a29f552e553ba49d877bf0e61fea,(578-3),경기도,안산시,상록구,경기도_연립다세대_매매_2023.csv|13387,cap_city,16,5,10,1,0,4.0,4,21.6,2001.0,True,True,True,False,False,False
f65ec74fcf0055f625594d1adf834e65b3715fa151bae9c61346fbf41d0bd629,성저마을(건영9),경기도,고양시,일산서구,경기도_연립다세대_매매_2025.csv|25326,cap_city,23,7,11,5,0,4.0,4,84.84,1996.0,True,True,True,True,False,False
f70c1e866a6272cb05162a7fe45af08297670bc5fbcf671247547098851c2f45,JD빌리지1~3동,경기도,화성시,효행구,경기도_연립다세대_매매_2024.csv|8691,cap_city,15,5,8,2,0,4.0,4,51.97,2016.0,True,True,True,False,False,False
f77f1d8d94d56fbe05b591418ba69c939f24de3d875f99afc5df1cfb587c4f36,(409-96),서울특별시,관악구,신림동,서울특별시_연립다세대_매매_2022.csv|27060,metro_gu,17,5,9,3,0,4.0,4,15.18,2013.0,True,True,True,False,False,False
f78668e097f805266e6d76acb0945bb62e5dcf34f72b5f99b95d2c6bace4f7e5,노형펠리체,제주특별자치도,제주시,노형동,제주특별자치도_연립다세대_매매_2025.csv|1465,urban_rural,12,4,5,3,0,4.0,4,58.660700000000006,2013.0,True,True,True,False,False,False
f7b7700f869263a46f86cf94e8a34d52d344357249a70ab9c5116c2dddfb763c,내도매일조아라주택,제주특별자치도,제주시,내도동,제주특별자치도_연립다세대_매매_2025.csv|2188,urban_rural,13,3,4,6,0,4.0,4,77.6739,2004.0,True,True,True,False,False,False
f80d1b892947a2fde9711e13e9a3393497860886c0185f58e5778c298f7a9de8,홍성빌라,경상북도,포항시,남구,경상북도_연립다세대_매매_2025.csv|2128,urban_rural,18,5,8,5,0,4.0,4,59.74,1997.0,True,True,True,False,False,False
f81d8f8ca37283532648da8459e4a80fbd6d8a7a9f82ab20539561e9f073b8fe,펜텀센트로빌,충청남도,예산군,고덕면,충청남도_연립다세대_매매_2023.csv|923,gun,15,4,8,3,0,4.0,4,47.56,2014.0,True,True,True,False,False,False
f89c61a7b81d3efea1560de759118e5feb3c677abbcaec88501c0a0567cd76f3,탑동국민주택,경기도,오산시,탑동,경기도_연립다세대_매매_2024.csv|17096,cap_city,35,5,19,11,0,4.0,4,44.64,1987.0,True,True,True,True,True,False
f951e9036c76c102235532076bef5312092c6abf2cb628b718e346a1452dcd47,상록아트빌라6동,경기도,용인시,기흥구,경기도_연립다세대_매매_2023.csv|18626,cap_city,18,4,8,4,2,4.0,5,57.78,1993.0,True,True,True,False,False,False
f9c66cb703812da559883b3a5320fff56fcd61eb510acf866786d8b852d10bd9,"영남그린맨션(다,라)동",경상북도,포항시,남구,경상북도_연립다세대_매매_2025.csv|1666,urban_rural,20,5,10,5,0,4.0,4,47.46,1987.0,True,True,True,True,False,False
fa01be3b1471a05cd09c8f8954b0c3aa75a99cd2ee2d0ee5ab40ba1977b37184,상대빌,경상북도,포항시,남구,경상북도_연립다세대_매매_2022.csv|935,urban_rural,16,5,10,1,0,4.0,4,25.458,2003.0,True,True,True,False,False,False
fa099463ddbd9556a770eab2e20d70dfe3eb490bd30b3b993792819bedc1b598,밤가시마을7,경기도,고양시,일산동구,경기도_연립다세대_매매_2025.csv|26130,cap_city,33,8,16,9,0,4.0,4,84.84,1996.0,True,True,True,True,True,False
fa2149de022efe1f873e1d510852500e434b40440926d5e952df4dbdd60fff50,로하스빌16차,서울특별시,종로구,혜화동,서울특별시_연립다세대_매매_2025.csv|27161,metro_gu,20,5,8,7,0,4.0,4,50.25,2021.0,True,True,True,True,False,False
fadc214db4980ee57cacb02d80bc44627084bad1839cdc31fdba247f3031124f,(711-14),충청남도,홍성군,홍동면,충청남도_연립다세대_매매_2024.csv|148,gun,10,3,4,3,0,4.0,4,73.21,2022.0,True,True,True,False,False,False
fb112d1563c16a85d3bd864aca175944b286a5fcae7330763993143dae8ba72c,매산,경기도,수원시,팔달구,경기도_연립다세대_매매_2025.csv|24365,cap_city,16,6,7,3,0,4.0,4,50.05,1977.0,True,True,True,False,False,False
fb2ee397ffb5d044fa683f14b48ab7a0269885d17ecb25530d9d10094b070614,영원룸,강원특별자치도,동해시,천곡동,강원특별자치도_연립다세대_매매_2025.csv|792,prov_city,18,3,10,5,0,4.0,4,22.32,2006.0,True,True,True,False,False,False
fb61891490bcd9de5b917958355549a882285a4f53c81b26cf400400618b72e9,라온빌,경상남도,사천시,죽림동,경상남도_연립다세대_매매_2024.csv|699,urban_rural,14,4,8,2,0,5.0,5,62.14,2016.0,True,True,True,False,False,False
fbbd2d34cd1d8f03ae9f2e162733d240b1b48c40a6b7a0b8228efa054152507a,대진빌라,경기도,성남시,분당구,경기도_연립다세대_매매_2025.csv|21015,cap_city,13,4,7,2,0,4.0,4,53.82,1994.0,True,True,True,False,False,False
fbcdef21153c57c5f8d4823b175e4e56b958f3d14deaa1b87856c4856942b128,중인마이빌,전북특별자치도,전주시,완산구,전북특별자치도_연립다세대_매매_2025.csv|854,urban_rural,20,6,10,4,0,4.0,4,68.04,2016.0,True,True,True,True,False,False
fbf065ca8e64ba2b14be7e96377b9ce6308239fb2d56b4b26f7baadcdc270223,지엠전원빌라,제주특별자치도,제주시,오등동,제주특별자치도_연립다세대_매매_2024.csv|2108,urban_rural,15,4,7,4,0,4.0,4,56.956,2001.0,True,True,True,False,False,False
fc033b73beaa6d1420d791baee1a3d78d10d8225b2bbae29e4a184031a723f40,KIS빌리지102,제주특별자치도,서귀포시,대정읍,,urban_rural,19,4,10,5,0,4.0,4,70.13,2013.0,True,True,True,False,False,False
fc1cce627b8553fe8059a23f72c741f78d5159837f85fe6f22e8894b5d653159,연립주택,경기도,여주시,현암동,경기도_연립다세대_매매_2025.csv|20306,cap_city,14,3,10,1,0,4.0,4,38.010999999999996,1991.0,True,True,True,False,False,False
fc85e523e9a1767112a525c703153f512fc9ca4d7bcf770b8a24cf3c931849a8,숲이든빌리지,전북특별자치도,군산시,나운동,전북특별자치도_연립다세대_매매_2025.csv|876,urban_rural,18,4,10,4,0,4.0,4,105.8106,2005.0,True,True,True,False,False,False
fc92058a85db250b80be6042734be6acfe6cbbdd5148a67f317850a3ea36c041,천호빌라타운,충청북도,진천군,진천읍,충청북도_연립다세대_매매_2025.csv|874,gun,31,10,13,8,0,4.0,4,59.67,1994.0,True,True,True,True,True,False
fcc103a6082dbde902637f05295cf5af3d2d00859682187cda9def72980efb07,예그린,서울특별시,동작구,상도동,서울특별시_연립다세대_매매_2024.csv|17032,metro_gu,11,3,7,1,0,5.0,5,29.72,2020.0,True,True,True,False,False,False
fcd9bbcd9446f11fb0b2be66f5f06ee5c63710f62a0959db0ad2a0eb229e7259,그린빌B동,울산광역시,울주군,삼남읍,울산광역시_연립다세대_매매_2022.csv|1025,gun,15,3,8,4,0,4.0,4,33.56,2003.0,True,True,True,False,False,False
fcf02d6d0407b4f466f3aa04f76f9897d351eea0ca70dda0119e191c0a9efc79,(88-12),경기도,안산시,상록구,경기도_연립다세대_매매_2024.csv|17935,cap_city,14,4,8,2,0,4.0,4,33.6,2002.0,True,True,True,False,False,False
fcf1b493f0692e9251fd6d9e646707ebed70e25e1b71c0d5a09d8ead9be1f8f3,강정코아루더테라스블루아,제주특별자치도,서귀포시,강정동,제주특별자치도_연립다세대_매매_2025.csv|1719,urban_rural,19,5,10,4,0,4.0,4,84.3407,2017.0,True,True,True,False,False,False
fd1982868e7d9b476e2621ce3082584cae8e36e44747055186e319a26b2333c8,반석블루빌,제주특별자치도,제주시,한림읍,제주특별자치도_연립다세대_매매_2025.csv|1864,urban_rural,34,8,18,8,0,4.0,4,37.1963,2000.0,True,True,True,True,True,False
fd43bfbf86cd8bfafa15d3aad1bed2b27a46137980aa24ed97f9b64480ab76e8,상림아파트,경상북도,영덕군,영덕읍,경상북도_연립다세대_매매_2024.csv|927,gun,10,3,6,1,0,4.0,4,59.9252,2001.0,True,True,True,False,False,False
fda472adf5a8026916adbf1e19e08af4515efb7e4fefb8c875c9d1f49fd027fb,서원하우스,경기도,의왕시,이동,,cap_city,22,3,14,5,0,4.0,4,12.76,2011.0,True,True,True,True,False,False
fe026da059147775c24d3dee2cd1f645428319773b0e207af9f13c3e67c8402d,매화마을건영빌라2,경기도,성남시,분당구,경기도_연립다세대_매매_2025.csv|16052,cap_city,17,3,8,6,0,4.0,4,59.88,1995.0,True,True,True,False,False,False
fe28f0938d184aaab256f04c6eb52e0fc454838b99e3a056f1d5afe3ad176d01,서홍빌리지,제주특별자치도,서귀포시,서홍동,제주특별자치도_연립다세대_매매_2025.csv|1475,urban_rural,19,5,8,6,0,4.0,4,58.82,2023.0,True,True,True,False,False,False
fe425f5e41467b481d49a4b5698440ea24514a65dac0f9633f4e903d0ba7fa11,(809-2),경기도,안산시,단원구,경기도_연립다세대_매매_2023.csv|23554,cap_city,14,4,8,2,0,4.0,4,33.095,2004.0,True,True,True,False,False,False
fe7c8316356c5d42072bc1df06cc9091d238da8c5ceb1354b38e789ed04b626b,모닝포유,서울특별시,강남구,역삼동,서울특별시_연립다세대_매매_2024.csv|6105,metro_gu,11,3,6,2,0,4.0,4,28.5,2002.0,True,True,True,False,False,False
fece1466f991fa60a75909d51f2d89b3056d0c690c6d473eafea3bc60ee1ef1a,KIS빌리지101,제주특별자치도,서귀포시,대정읍,제주특별자치도_연립다세대_매매_2025.csv|1510,urban_rural,19,4,10,5,0,4.0,4,71.64,2012.0,True,True,True,False,False,False
ff331db47836f22b3e8c4361f473aabf7091900f7d2d3344f0e1c0e0c4856ba1,비원빌라,경기도,평택시,현덕면,경기도_연립다세대_매매_2024.csv|9071,cap_city,18,4,6,3,5,4.0,5,39.24,1999.0,True,True,True,False,False,False
ff4881c0a66cfed5914de346fae595f52ffe49a261defddd2a7a054f39a5966e,동성더유2차,제주특별자치도,서귀포시,대정읍,제주특별자치도_연립다세대_매매_2025.csv|2143,urban_rural,17,6,6,5,0,4.0,4,72.945,2016.0,True,True,True,False,False,False
ff7f0643c9fc44f85c3c33f9ef8a7ff209639f04705ce20a6f2c38d8c9b8e4a3,갈마빌라,대전광역시,서구,갈마동,대전광역시_연립다세대_매매_2025.csv|989,metro_gu,14,6,7,1,0,4.0,4,76.38,1987.0,True,True,True,False,False,False
ffbdf3ae0c7fd8dd18e79c0214e2c43b42a4dc6e1c50dc153805c635fe0fa751,"지산타운힐(201동,202동)",경기도,남양주시,화도읍,경기도_연립다세대_매매_2025.csv|24962,cap_city,21,6,12,1,2,4.0,5,66.64,2017.0,True,True,True,True,False,False
